u,v,u_adcode,v_adcode,u_reach,v_reach,u_prov,v_prov,cross_reach,cross_province
0,10,310101,310115,downstream,downstream,Shanghai,Shanghai,False,False
0,1,310101,310104,downstream,downstream,Shanghai,Shanghai,False,False
0,3,310101,310106,downstream,downstream,Shanghai,Shanghai,False,False
0,5,310101,310109,downstream,downstream,Shanghai,Shanghai,False,False
1,7,310104,310112,downstream,downstream,Shanghai,Shanghai,False,False
1,10,310104,310115,downstream,downstream,Shanghai,Shanghai,False,False
1,2,310104,310105,downstream,downstream,Shanghai,Shanghai,False,False
1,3,310104,310106,downstream,downstream,Shanghai,Shanghai,False,False
2,7,310105,310112,downstream,downstream,Shanghai,Shanghai,False,False
2,4,310105,310107,downstream,downstream,Shanghai,Shanghai,False,False
2,3,310105,310106,downstream,downstream,Shanghai,Shanghai,False,False
2,9,310105,310114,downstream,downstream,Shanghai,Shanghai,False,False
3,4,310106,310107,downstream,downstream,Shanghai,Shanghai,False,False
3,5,310106,310109,downstream,downstream,Shanghai,Shanghai,False,False
3,8,310106,310113,downstream,downstream,Shanghai,Shanghai,False,False
4,9,310107,310114,downstream,downstream,Shanghai,Shanghai,False,False
4,8,310107,310113,downstream,downstream,Shanghai,Shanghai,False,False
5,10,310109,310115,downstream,downstream,Shanghai,Shanghai,False,False
5,6,310109,310110,downstream,downstream,Shanghai,Shanghai,False,False
5,8,310109,310113,downstream,downstream,Shanghai,Shanghai,False,False
6,10,310110,310115,downstream,downstream,Shanghai,Shanghai,False,False
6,8,310110,310113,downstream,downstream,Shanghai,Shanghai,False,False
7,14,310112,310120,downstream,downstream,Shanghai,Shanghai,False,False
7,12,310112,310117,downstream,downstream,Shanghai,Shanghai,False,False
7,13,310112,310118,downstream,downstream,Shanghai,Shanghai,False,False
7,10,310112,310115,downstream,downstream,Shanghai,Shanghai,False,False
7,9,310112,310114,downstream,downstream,Shanghai,Shanghai,False,False
8,10,310113,310115,downstream,downstream,Shanghai,Shanghai,False,False
8,9,310113,310114,downstream,downstream,Shanghai,Shanghai,False,False
8,58,310113,320585,downstream,downstream,Shanghai,Jiangsu,False,True
9,13,310114,310118,downstream,downstream,Shanghai,Shanghai,False,False
9,57,310114,320583,downstream,downstream,Shanghai,Jiangsu,False,True
9,58,310114,320585,downstream,downstream,Shanghai,Jiangsu,False,True
10,182,310115,330922,downstream,downstream,Shanghai,Zhejiang,False,True
10,14,310115,310120,downstream,downstream,Shanghai,Shanghai,False,False
11,151,310116,330482,downstream,downstream,Shanghai,Zhejiang,False,True
11,148,310116,330421,downstream,downstream,Shanghai,Zhejiang,False,True
11,14,310116,310120,downstream,downstream,Shanghai,Shanghai,False,False
11,12,310116,310117,downstream,downstream,Shanghai,Shanghai,False,False
11,13,310116,310118,downstream,downstream,Shanghai,Shanghai,False,False
12,14,310117,310120,downstream,downstream,Shanghai,Shanghai,False,False
12,13,310117,310118,downstream,downstream,Shanghai,Shanghai,False,False
13,148,310118,330421,downstream,downstream,Shanghai,Zhejiang,False,True
13,54,310118,320509,downstream,downstream,Shanghai,Jiangsu,False,True
13,57,310118,320583,downstream,downstream,Shanghai,Jiangsu,False,True
15,58,310151,320585,downstream,downstream,Shanghai,Jiangsu,False,True
15,62,310151,320681,downstream,downstream,Shanghai,Jiangsu,False,True
15,64,310151,320684,downstream,downstream,Shanghai,Jiangsu,False,True
16,19,320102,320106,downstream,downstream,Jiangsu,Jiangsu,False,False
16,23,320102,320115,downstream,downstream,Jiangsu,Jiangsu,False,False
16,17,320102,320104,downstream,downstream,Jiangsu,Jiangsu,False,False
16,21,320102,320113,downstream,downstream,Jiangsu,Jiangsu,False,False
17,22,320104,320114,downstream,downstream,Jiangsu,Jiangsu,False,False
17,18,320104,320105,downstream,downstream,Jiangsu,Jiangsu,False,False
17,19,320104,320106,downstream,downstream,Jiangsu,Jiangsu,False,False
17,23,320104,320115,downstream,downstream,Jiangsu,Jiangsu,False,False
18,22,320105,320114,downstream,downstream,Jiangsu,Jiangsu,False,False
18,20,320105,320111,downstream,downstream,Jiangsu,Jiangsu,False,False
18,19,320105,320106,downstream,downstream,Jiangsu,Jiangsu,False,False
19,20,320106,320111,downstream,downstream,Jiangsu,Jiangsu,False,False
19,21,320106,320113,downstream,downstream,Jiangsu,Jiangsu,False,False
20,22,320111,320114,downstream,downstream,Jiangsu,Jiangsu,False,False
20,265,320111,341124,downstream,downstream,Jiangsu,Anhui,False,True
20,23,320111,320115,downstream,downstream,Jiangsu,Jiangsu,False,False
20,21,320111,320113,downstream,downstream,Jiangsu,Jiangsu,False,False
20,24,320111,320116,downstream,downstream,Jiangsu,Jiangsu,False,False
20,236,320111,340523,downstream,downstream,Jiangsu,Anhui,False,True
20,263,320111,341103,downstream,downstream,Jiangsu,Anhui,False,True
20,264,320111,341122,downstream,downstream,Jiangsu,Anhui,False,True
21,23,320113,320115,downstream,downstream,Jiangsu,Jiangsu,False,False
21,99,320113,321183,downstream,downstream,Jiangsu,Jiangsu,False,False
21,96,320113,321112,downstream,downstream,Jiangsu,Jiangsu,False,False
21,24,320113,320116,downstream,downstream,Jiangsu,Jiangsu,False,False
21,92,320113,321081,downstream,downstream,Jiangsu,Jiangsu,False,False
22,23,320114,320115,downstream,downstream,Jiangsu,Jiangsu,False,False
23,233,320115,340506,downstream,downstream,Jiangsu,Anhui,False,True
23,25,320115,320117,downstream,downstream,Jiangsu,Jiangsu,False,False
23,99,320115,321183,downstream,downstream,Jiangsu,Jiangsu,False,False
23,232,320115,340504,downstream,downstream,Jiangsu,Anhui,False,True
23,231,320115,340503,downstream,downstream,Jiangsu,Anhui,False,True
23,236,320115,340523,downstream,downstream,Jiangsu,Anhui,False,True
24,264,320116,341122,downstream,downstream,Jiangsu,Anhui,False,True
24,92,320116,321081,downstream,downstream,Jiangsu,Jiangsu,False,False
24,268,320116,341181,downstream,downstream,Jiangsu,Anhui,False,True
25,26,320117,320118,downstream,downstream,Jiangsu,Jiangsu,False,False
25,49,320117,320481,downstream,downstream,Jiangsu,Jiangsu,False,False
25,233,320117,340506,downstream,downstream,Jiangsu,Anhui,False,True
25,99,320117,321183,downstream,downstream,Jiangsu,Jiangsu,False,False
26,298,320118,341802,downstream,downstream,Jiangsu,Anhui,False,True
26,299,320118,341821,downstream,downstream,Jiangsu,Anhui,False,True
26,49,320118,320481,downstream,downstream,Jiangsu,Jiangsu,False,False
26,233,320118,340506,downstream,downstream,Jiangsu,Anhui,False,True
26,234,320118,340521,downstream,downstream,Jiangsu,Anhui,False,True
27,31,320205,320214,downstream,downstream,Jiangsu,Jiangsu,False,False
27,30,320205,320213,downstream,downstream,Jiangsu,Jiangsu,False,False
27,52,320205,320507,downstream,downstream,Jiangsu,Jiangsu,False,False
27,28,320205,320206,downstream,downstream,Jiangsu,Jiangsu,False,False
27,32,320205,320281,downstream,downstream,Jiangsu,Jiangsu,False,False
27,55,320205,320581,downstream,downstream,Jiangsu,Jiangsu,False,False
28,29,320206,320211,downstream,downstream,Jiangsu,Jiangsu,False,False
28,47,320206,320412,downstream,downstream,Jiangsu,Jiangsu,False,False
28,30,320206,320213,downstream,downstream,Jiangsu,Jiangsu,False,False
28,32,320206,320281,downstream,downstream,Jiangsu,Jiangsu,False,False
29,33,320211,320282,downstream,downstream,Jiangsu,Jiangsu,False,False
29,31,320211,320214,downstream,downstream,Jiangsu,Jiangsu,False,False
29,47,320211,320412,downstream,downstream,Jiangsu,Jiangsu,False,False
29,30,320211,320213,downstream,downstream,Jiangsu,Jiangsu,False,False
29,51,320211,320506,downstream,downstream,Jiangsu,Jiangsu,False,False
29,50,320211,320505,downstream,downstream,Jiangsu,Jiangsu,False,False
29,52,320211,320507,downstream,downstream,Jiangsu,Jiangsu,False,False
30,31,320213,320214,downstream,downstream,Jiangsu,Jiangsu,False,False
31,52,320214,320507,downstream,downstream,Jiangsu,Jiangsu,False,False
32,47,320281,320412,downstream,downstream,Jiangsu,Jiangsu,False,False
32,44,320281,320402,downstream,downstream,Jiangsu,Jiangsu,False,False
32,46,320281,320411,downstream,downstream,Jiangsu,Jiangsu,False,False
32,104,320281,321282,downstream,downstream,Jiangsu,Jiangsu,False,False
32,105,320281,321283,downstream,downstream,Jiangsu,Jiangsu,False,False
32,55,320281,320581,downstream,downstream,Jiangsu,Jiangsu,False,False
32,56,320281,320582,downstream,downstream,Jiangsu,Jiangsu,False,False
33,304,320282,341882,downstream,downstream,Jiangsu,Anhui,False,True
33,156,320282,330522,downstream,downstream,Jiangsu,Zhejiang,False,True
33,49,320282,320481,downstream,downstream,Jiangsu,Jiangsu,False,False
33,47,320282,320412,downstream,downstream,Jiangsu,Jiangsu,False,False
33,51,320282,320506,downstream,downstream,Jiangsu,Jiangsu,False,False
33,48,320282,320413,downstream,downstream,Jiangsu,Jiangsu,False,False
34,35,320302,320303,downstream,downstream,Jiangsu,Jiangsu,False,False
34,37,320302,320311,downstream,downstream,Jiangsu,Jiangsu,False,False
34,38,320302,320312,downstream,downstream,Jiangsu,Jiangsu,False,False
34,36,320302,320305,downstream,downstream,Jiangsu,Jiangsu,False,False
35,37,320303,320311,downstream,downstream,Jiangsu,Jiangsu,False,False
35,38,320303,320312,downstream,downstream,Jiangsu,Jiangsu,False,False
35,36,320303,320305,downstream,downstream,Jiangsu,Jiangsu,False,False
36,38,320305,320312,downstream,downstream,Jiangsu,Jiangsu,False,False
36,43,320305,320382,downstream,downstream,Jiangsu,Jiangsu,False,False
37,38,320311,320312,downstream,downstream,Jiangsu,Jiangsu,False,False
38,278,320312,341302,downstream,downstream,Jiangsu,Anhui,False,True
38,237,320312,340602,downstream,downstream,Jiangsu,Anhui,False,True
38,280,320312,341322,downstream,downstream,Jiangsu,Anhui,False,True
38,39,320312,320321,downstream,downstream,Jiangsu,Jiangsu,False,False
38,40,320312,320322,downstream,downstream,Jiangsu,Jiangsu,False,False
38,281,320312,341323,downstream,downstream,Jiangsu,Anhui,False,True
38,41,320312,320324,downstream,downstream,Jiangsu,Jiangsu,False,False
38,43,320312,320382,downstream,downstream,Jiangsu,Jiangsu,False,False
39,280,320321,341322,downstream,downstream,Jiangsu,Anhui,False,True
39,279,320321,341321,downstream,downstream,Jiangsu,Anhui,False,True
39,40,320321,320322,downstream,downstream,Jiangsu,Jiangsu,False,False
41,282,320324,341324,downstream,downstream,Jiangsu,Anhui,False,True
41,281,320324,341323,downstream,downstream,Jiangsu,Anhui,False,True
41,106,320324,321302,downstream,downstream,Jiangsu,Jiangsu,False,False
41,107,320324,321311,downstream,downstream,Jiangsu,Jiangsu,False,False
41,43,320324,320382,downstream,downstream,Jiangsu,Jiangsu,False,False
42,107,320381,321311,downstream,downstream,Jiangsu,Jiangsu,False,False
42,108,320381,321322,downstream,downstream,Jiangsu,Jiangsu,False,False
42,43,320381,320382,downstream,downstream,Jiangsu,Jiangsu,False,False
42,69,320381,320722,downstream,downstream,Jiangsu,Jiangsu,False,False
43,107,320382,321311,downstream,downstream,Jiangsu,Jiangsu,False,False
44,47,320402,320412,downstream,downstream,Jiangsu,Jiangsu,False,False
44,45,320402,320404,downstream,downstream,Jiangsu,Jiangsu,False,False
44,46,320402,320411,downstream,downstream,Jiangsu,Jiangsu,False,False
45,47,320404,320412,downstream,downstream,Jiangsu,Jiangsu,False,False
45,97,320404,321181,downstream,downstream,Jiangsu,Jiangsu,False,False
45,46,320404,320411,downstream,downstream,Jiangsu,Jiangsu,False,False
46,97,320411,321181,downstream,downstream,Jiangsu,Jiangsu,False,False
46,104,320411,321282,downstream,downstream,Jiangsu,Jiangsu,False,False
46,98,320411,321182,downstream,downstream,Jiangsu,Jiangsu,False,False
46,105,320411,321283,downstream,downstream,Jiangsu,Jiangsu,False,False
47,48,320412,320413,downstream,downstream,Jiangsu,Jiangsu,False,False
47,97,320412,321181,downstream,downstream,Jiangsu,Jiangsu,False,False
48,49,320413,320481,downstream,downstream,Jiangsu,Jiangsu,False,False
48,99,320413,321183,downstream,downstream,Jiangsu,Jiangsu,False,False
48,97,320413,321181,downstream,downstream,Jiangsu,Jiangsu,False,False
48,96,320413,321112,downstream,downstream,Jiangsu,Jiangsu,False,False
49,304,320481,341882,downstream,downstream,Jiangsu,Anhui,False,True
49,299,320481,341821,downstream,downstream,Jiangsu,Anhui,False,True
49,99,320481,321183,downstream,downstream,Jiangsu,Jiangsu,False,False
50,51,320505,320506,downstream,downstream,Jiangsu,Jiangsu,False,False
50,53,320505,320508,downstream,downstream,Jiangsu,Jiangsu,False,False
50,52,320505,320507,downstream,downstream,Jiangsu,Jiangsu,False,False
51,153,320506,330502,downstream,downstream,Jiangsu,Zhejiang,False,True
51,156,320506,330522,downstream,downstream,Jiangsu,Zhejiang,False,True
51,54,320506,320509,downstream,downstream,Jiangsu,Jiangsu,False,False
51,53,320506,320508,downstream,downstream,Jiangsu,Jiangsu,False,False
51,57,320506,320583,downstream,downstream,Jiangsu,Jiangsu,False,False
51,52,320506,320507,downstream,downstream,Jiangsu,Jiangsu,False,False
52,53,320507,320508,downstream,downstream,Jiangsu,Jiangsu,False,False
52,57,320507,320583,downstream,downstream,Jiangsu,Jiangsu,False,False
52,55,320507,320581,downstream,downstream,Jiangsu,Jiangsu,False,False
54,153,320509,330502,downstream,downstream,Jiangsu,Zhejiang,False,True
54,154,320509,330503,downstream,downstream,Jiangsu,Zhejiang,False,True
54,152,320509,330483,downstream,downstream,Jiangsu,Zhejiang,False,True
54,147,320509,330411,downstream,downstream,Jiangsu,Zhejiang,False,True
54,148,320509,330421,downstream,downstream,Jiangsu,Zhejiang,False,True
54,57,320509,320583,downstream,downstream,Jiangsu,Jiangsu,False,False
55,57,320581,320583,downstream,downstream,Jiangsu,Jiangsu,False,False
55,58,320581,320585,downstream,downstream,Jiangsu,Jiangsu,False,False
55,56,320581,320582,downstream,downstream,Jiangsu,Jiangsu,False,False
55,59,320581,320602,downstream,downstream,Jiangsu,Jiangsu,False,False
55,64,320581,320684,downstream,downstream,Jiangsu,Jiangsu,False,False
56,104,320582,321282,downstream,downstream,Jiangsu,Jiangsu,False,False
56,59,320582,320602,downstream,downstream,Jiangsu,Jiangsu,False,False
56,60,320582,320612,downstream,downstream,Jiangsu,Jiangsu,False,False
56,63,320582,320682,downstream,downstream,Jiangsu,Jiangsu,False,False
57,58,320583,320585,downstream,downstream,Jiangsu,Jiangsu,False,False
58,64,320585,320684,downstream,downstream,Jiangsu,Jiangsu,False,False
59,64,320602,320684,downstream,downstream,Jiangsu,Jiangsu,False,False
59,60,320602,320612,downstream,downstream,Jiangsu,Jiangsu,False,False
60,64,320612,320684,downstream,downstream,Jiangsu,Jiangsu,False,False
60,61,320612,320623,downstream,downstream,Jiangsu,Jiangsu,False,False
60,63,320612,320682,downstream,downstream,Jiangsu,Jiangsu,False,False
61,63,320623,320682,downstream,downstream,Jiangsu,Jiangsu,False,False
61,65,320623,320685,downstream,downstream,Jiangsu,Jiangsu,False,False
62,64,320681,320684,downstream,downstream,Jiangsu,Jiangsu,False,False
63,104,320682,321282,downstream,downstream,Jiangsu,Jiangsu,False,False
63,105,320682,321283,downstream,downstream,Jiangsu,Jiangsu,False,False
63,65,320682,320685,downstream,downstream,Jiangsu,Jiangsu,False,False
65,105,320685,321283,downstream,downstream,Jiangsu,Jiangsu,False,False
65,102,320685,321204,downstream,downstream,Jiangsu,Jiangsu,False,False
65,87,320685,320981,downstream,downstream,Jiangsu,Jiangsu,False,False
66,70,320703,320723,downstream,downstream,Jiangsu,Jiangsu,False,False
66,67,320703,320706,downstream,downstream,Jiangsu,Jiangsu,False,False
67,70,320706,320723,downstream,downstream,Jiangsu,Jiangsu,False,False
67,69,320706,320722,downstream,downstream,Jiangsu,Jiangsu,False,False
67,68,320706,320707,downstream,downstream,Jiangsu,Jiangsu,False,False
68,69,320707,320722,downstream,downstream,Jiangsu,Jiangsu,False,False
69,70,320722,320723,downstream,downstream,Jiangsu,Jiangsu,False,False
69,108,320722,321322,downstream,downstream,Jiangsu,Jiangsu,False,False
70,71,320723,320724,downstream,downstream,Jiangsu,Jiangsu,False,False
70,82,320723,320921,downstream,downstream,Jiangsu,Jiangsu,False,False
70,108,320723,321322,downstream,downstream,Jiangsu,Jiangsu,False,False
71,76,320724,320826,downstream,downstream,Jiangsu,Jiangsu,False,False
71,82,320724,320921,downstream,downstream,Jiangsu,Jiangsu,False,False
71,108,320724,321322,downstream,downstream,Jiangsu,Jiangsu,False,False
72,91,320803,321023,downstream,downstream,Jiangsu,Jiangsu,False,False
72,74,320803,320812,downstream,downstream,Jiangsu,Jiangsu,False,False
72,86,320803,320925,downstream,downstream,Jiangsu,Jiangsu,False,False
72,75,320803,320813,downstream,downstream,Jiangsu,Jiangsu,False,False
72,84,320803,320923,downstream,downstream,Jiangsu,Jiangsu,False,False
72,76,320803,320826,downstream,downstream,Jiangsu,Jiangsu,False,False
73,74,320804,320812,downstream,downstream,Jiangsu,Jiangsu,False,False
73,75,320804,320813,downstream,downstream,Jiangsu,Jiangsu,False,False
73,110,320804,321324,downstream,downstream,Jiangsu,Jiangsu,False,False
73,109,320804,321323,downstream,downstream,Jiangsu,Jiangsu,False,False
73,76,320804,320826,downstream,downstream,Jiangsu,Jiangsu,False,False
73,108,320804,321322,downstream,downstream,Jiangsu,Jiangsu,False,False
74,75,320812,320813,downstream,downstream,Jiangsu,Jiangsu,False,False
74,76,320812,320826,downstream,downstream,Jiangsu,Jiangsu,False,False
75,77,320813,320830,downstream,downstream,Jiangsu,Jiangsu,False,False
75,78,320813,320831,downstream,downstream,Jiangsu,Jiangsu,False,False
75,91,320813,321023,downstream,downstream,Jiangsu,Jiangsu,False,False
75,110,320813,321324,downstream,downstream,Jiangsu,Jiangsu,False,False
76,84,320826,320923,downstream,downstream,Jiangsu,Jiangsu,False,False
76,83,320826,320922,downstream,downstream,Jiangsu,Jiangsu,False,False
76,82,320826,320921,downstream,downstream,Jiangsu,Jiangsu,False,False
76,108,320826,321322,downstream,downstream,Jiangsu,Jiangsu,False,False
77,264,320830,341122,downstream,downstream,Jiangsu,Anhui,False,True
77,269,320830,341182,downstream,downstream,Jiangsu,Anhui,False,True
77,268,320830,341181,downstream,downstream,Jiangsu,Anhui,False,True
77,78,320830,320831,downstream,downstream,Jiangsu,Jiangsu,False,False
77,110,320830,321324,downstream,downstream,Jiangsu,Jiangsu,False,False
78,268,320831,341181,downstream,downstream,Jiangsu,Anhui,False,True
78,93,320831,321084,downstream,downstream,Jiangsu,Jiangsu,False,False
78,91,320831,321023,downstream,downstream,Jiangsu,Jiangsu,False,False
79,80,320902,320903,downstream,downstream,Jiangsu,Jiangsu,False,False
79,81,320902,320904,downstream,downstream,Jiangsu,Jiangsu,False,False
79,86,320902,320925,downstream,downstream,Jiangsu,Jiangsu,False,False
79,85,320902,320924,downstream,downstream,Jiangsu,Jiangsu,False,False
80,103,320903,321281,downstream,downstream,Jiangsu,Jiangsu,False,False
80,91,320903,321023,downstream,downstream,Jiangsu,Jiangsu,False,False
80,81,320903,320904,downstream,downstream,Jiangsu,Jiangsu,False,False
80,86,320903,320925,downstream,downstream,Jiangsu,Jiangsu,False,False
81,87,320904,320981,downstream,downstream,Jiangsu,Jiangsu,False,False
81,103,320904,321281,downstream,downstream,Jiangsu,Jiangsu,False,False
82,83,320921,320922,downstream,downstream,Jiangsu,Jiangsu,False,False
83,84,320922,320923,downstream,downstream,Jiangsu,Jiangsu,False,False
83,85,320922,320924,downstream,downstream,Jiangsu,Jiangsu,False,False
84,86,320923,320925,downstream,downstream,Jiangsu,Jiangsu,False,False
84,85,320923,320924,downstream,downstream,Jiangsu,Jiangsu,False,False
85,86,320924,320925,downstream,downstream,Jiangsu,Jiangsu,False,False
86,91,320925,321023,downstream,downstream,Jiangsu,Jiangsu,False,False
87,102,320981,321204,downstream,downstream,Jiangsu,Jiangsu,False,False
87,103,320981,321281,downstream,downstream,Jiangsu,Jiangsu,False,False
88,96,321002,321112,downstream,downstream,Jiangsu,Jiangsu,False,False
88,98,321002,321182,downstream,downstream,Jiangsu,Jiangsu,False,False
88,94,321002,321102,downstream,downstream,Jiangsu,Jiangsu,False,False
88,89,321002,321003,downstream,downstream,Jiangsu,Jiangsu,False,False
88,90,321002,321012,downstream,downstream,Jiangsu,Jiangsu,False,False
89,96,321003,321112,downstream,downstream,Jiangsu,Jiangsu,False,False
89,95,321003,321111,downstream,downstream,Jiangsu,Jiangsu,False,False
89,94,321003,321102,downstream,downstream,Jiangsu,Jiangsu,False,False
89,92,321003,321081,downstream,downstream,Jiangsu,Jiangsu,False,False
89,90,321003,321012,downstream,downstream,Jiangsu,Jiangsu,False,False
89,93,321003,321084,downstream,downstream,Jiangsu,Jiangsu,False,False
90,98,321012,321182,downstream,downstream,Jiangsu,Jiangsu,False,False
90,101,321012,321203,downstream,downstream,Jiangsu,Jiangsu,False,False
90,100,321012,321202,downstream,downstream,Jiangsu,Jiangsu,False,False
90,102,321012,321204,downstream,downstream,Jiangsu,Jiangsu,False,False
90,93,321012,321084,downstream,downstream,Jiangsu,Jiangsu,False,False
90,103,321012,321281,downstream,downstream,Jiangsu,Jiangsu,False,False
91,93,321023,321084,downstream,downstream,Jiangsu,Jiangsu,False,False
91,103,321023,321281,downstream,downstream,Jiangsu,Jiangsu,False,False
92,96,321081,321112,downstream,downstream,Jiangsu,Jiangsu,False,False
92,268,321081,341181,downstream,downstream,Jiangsu,Anhui,False,True
92,93,321081,321084,downstream,downstream,Jiangsu,Jiangsu,False,False
93,268,321084,341181,downstream,downstream,Jiangsu,Anhui,False,True
93,103,321084,321281,downstream,downstream,Jiangsu,Jiangsu,False,False
94,97,321102,321181,downstream,downstream,Jiangsu,Jiangsu,False,False
94,96,321102,321112,downstream,downstream,Jiangsu,Jiangsu,False,False
94,95,321102,321111,downstream,downstream,Jiangsu,Jiangsu,False,False
94,98,321102,321182,downstream,downstream,Jiangsu,Jiangsu,False,False
95,99,321111,321183,downstream,downstream,Jiangsu,Jiangsu,False,False
95,96,321111,321112,downstream,downstream,Jiangsu,Jiangsu,False,False
96,99,321112,321183,downstream,downstream,Jiangsu,Jiangsu,False,False
96,97,321112,321181,downstream,downstream,Jiangsu,Jiangsu,False,False
96,98,321112,321182,downstream,downstream,Jiangsu,Jiangsu,False,False
97,98,321181,321182,downstream,downstream,Jiangsu,Jiangsu,False,False
98,105,321182,321283,downstream,downstream,Jiangsu,Jiangsu,False,False
98,101,321182,321203,downstream,downstream,Jiangsu,Jiangsu,False,False
100,101,321202,321203,downstream,downstream,Jiangsu,Jiangsu,False,False
100,102,321202,321204,downstream,downstream,Jiangsu,Jiangsu,False,False
101,105,321203,321283,downstream,downstream,Jiangsu,Jiangsu,False,False
101,102,321203,321204,downstream,downstream,Jiangsu,Jiangsu,False,False
102,105,321204,321283,downstream,downstream,Jiangsu,Jiangsu,False,False
102,103,321204,321281,downstream,downstream,Jiangsu,Jiangsu,False,False
104,105,321282,321283,downstream,downstream,Jiangsu,Jiangsu,False,False
106,110,321302,321324,downstream,downstream,Jiangsu,Jiangsu,False,False
106,282,321302,341324,downstream,downstream,Jiangsu,Anhui,False,True
106,109,321302,321323,downstream,downstream,Jiangsu,Jiangsu,False,False
106,107,321302,321311,downstream,downstream,Jiangsu,Jiangsu,False,False
107,109,321311,321323,downstream,downstream,Jiangsu,Jiangsu,False,False
107,108,321311,321322,downstream,downstream,Jiangsu,Jiangsu,False,False
108,109,321322,321323,downstream,downstream,Jiangsu,Jiangsu,False,False
109,110,321323,321324,downstream,downstream,Jiangsu,Jiangsu,False,False
110,269,321324,341182,downstream,downstream,Jiangsu,Anhui,False,True
110,222,321324,340322,downstream,downstream,Jiangsu,Anhui,False,True
110,282,321324,341324,downstream,downstream,Jiangsu,Anhui,False,True
111,114,330102,330108,downstream,downstream,Zhejiang,Zhejiang,False,False
111,113,330102,330106,downstream,downstream,Zhejiang,Zhejiang,False,False
111,115,330102,330109,downstream,downstream,Zhejiang,Zhejiang,False,False
111,119,330102,330114,downstream,downstream,Zhejiang,Zhejiang,False,False
111,120,330102,330113,downstream,downstream,Zhejiang,Zhejiang,False,False
111,112,330102,330105,downstream,downstream,Zhejiang,Zhejiang,False,False
112,113,330105,330106,downstream,downstream,Zhejiang,Zhejiang,False,False
112,120,330105,330113,downstream,downstream,Zhejiang,Zhejiang,False,False
112,116,330105,330110,downstream,downstream,Zhejiang,Zhejiang,False,False
113,117,330106,330111,downstream,downstream,Zhejiang,Zhejiang,False,False
113,114,330106,330108,downstream,downstream,Zhejiang,Zhejiang,False,False
113,115,330106,330109,downstream,downstream,Zhejiang,Zhejiang,False,False
113,116,330106,330110,downstream,downstream,Zhejiang,Zhejiang,False,False
114,115,330108,330109,downstream,downstream,Zhejiang,Zhejiang,False,False
115,117,330109,330111,downstream,downstream,Zhejiang,Zhejiang,False,False
115,162,330109,330681,downstream,downstream,Zhejiang,Zhejiang,False,False
115,159,330109,330603,downstream,downstream,Zhejiang,Zhejiang,False,False
115,119,330109,330114,downstream,downstream,Zhejiang,Zhejiang,False,False
116,117,330110,330111,downstream,downstream,Zhejiang,Zhejiang,False,False
116,118,330110,330112,downstream,downstream,Zhejiang,Zhejiang,False,False
116,120,330110,330113,downstream,downstream,Zhejiang,Zhejiang,False,False
116,157,330110,330523,downstream,downstream,Zhejiang,Zhejiang,False,False
116,155,330110,330521,downstream,downstream,Zhejiang,Zhejiang,False,False
117,121,330111,330122,downstream,downstream,Zhejiang,Zhejiang,False,False
117,118,330111,330112,downstream,downstream,Zhejiang,Zhejiang,False,False
117,162,330111,330681,downstream,downstream,Zhejiang,Zhejiang,False,False
118,122,330112,330127,downstream,downstream,Zhejiang,Zhejiang,False,False
118,258,330112,341021,downstream,downstream,Zhejiang,Anhui,False,True
118,121,330112,330122,downstream,downstream,Zhejiang,Zhejiang,False,False
118,301,330112,341824,downstream,downstream,Zhejiang,Anhui,False,True
118,303,330112,341881,downstream,downstream,Zhejiang,Anhui,False,True
118,157,330112,330523,downstream,downstream,Zhejiang,Zhejiang,False,False
119,159,330114,330603,downstream,downstream,Zhejiang,Zhejiang,False,False
119,120,330114,330113,downstream,downstream,Zhejiang,Zhejiang,False,False
119,150,330114,330481,downstream,downstream,Zhejiang,Zhejiang,False,False
120,150,330113,330481,downstream,downstream,Zhejiang,Zhejiang,False,False
120,155,330113,330521,downstream,downstream,Zhejiang,Zhejiang,False,False
120,152,330113,330483,downstream,downstream,Zhejiang,Zhejiang,False,False
121,123,330122,330182,downstream,downstream,Zhejiang,Zhejiang,False,False
121,122,330122,330127,downstream,downstream,Zhejiang,Zhejiang,False,False
121,167,330122,330726,downstream,downstream,Zhejiang,Zhejiang,False,False
121,162,330122,330681,downstream,downstream,Zhejiang,Zhejiang,False,False
122,174,330127,330803,downstream,downstream,Zhejiang,Zhejiang,False,False
122,175,330127,330822,downstream,downstream,Zhejiang,Zhejiang,False,False
122,176,330127,330824,downstream,downstream,Zhejiang,Zhejiang,False,False
122,123,330127,330182,downstream,downstream,Zhejiang,Zhejiang,False,False
122,259,330127,341022,downstream,downstream,Zhejiang,Anhui,False,True
122,258,330127,341021,downstream,downstream,Zhejiang,Anhui,False,True
123,174,330182,330803,downstream,downstream,Zhejiang,Zhejiang,False,False
123,177,330182,330825,downstream,downstream,Zhejiang,Zhejiang,False,False
123,169,330182,330781,downstream,downstream,Zhejiang,Zhejiang,False,False
123,167,330182,330726,downstream,downstream,Zhejiang,Zhejiang,False,False
124,129,330203,330213,downstream,downstream,Zhejiang,Zhejiang,False,False
124,128,330203,330212,downstream,downstream,Zhejiang,Zhejiang,False,False
124,132,330203,330281,downstream,downstream,Zhejiang,Zhejiang,False,False
124,125,330203,330205,downstream,downstream,Zhejiang,Zhejiang,False,False
125,128,330205,330212,downstream,downstream,Zhejiang,Zhejiang,False,False
125,132,330205,330281,downstream,downstream,Zhejiang,Zhejiang,False,False
125,127,330205,330211,downstream,downstream,Zhejiang,Zhejiang,False,False
125,133,330205,330282,downstream,downstream,Zhejiang,Zhejiang,False,False
126,128,330206,330212,downstream,downstream,Zhejiang,Zhejiang,False,False
126,127,330206,330211,downstream,downstream,Zhejiang,Zhejiang,False,False
127,128,330211,330212,downstream,downstream,Zhejiang,Zhejiang,False,False
127,133,330211,330282,downstream,downstream,Zhejiang,Zhejiang,False,False
128,130,330212,330225,downstream,downstream,Zhejiang,Zhejiang,False,False
128,129,330212,330213,downstream,downstream,Zhejiang,Zhejiang,False,False
129,131,330213,330226,downstream,downstream,Zhejiang,Zhejiang,False,False
129,161,330213,330624,downstream,downstream,Zhejiang,Zhejiang,False,False
129,130,330213,330225,downstream,downstream,Zhejiang,Zhejiang,False,False
129,163,330213,330683,downstream,downstream,Zhejiang,Zhejiang,False,False
129,132,330213,330281,downstream,downstream,Zhejiang,Zhejiang,False,False
130,131,330225,330226,downstream,downstream,Zhejiang,Zhejiang,False,False
131,186,330226,331022,downstream,downstream,Zhejiang,Zhejiang,False,False
131,187,330226,331023,downstream,downstream,Zhejiang,Zhejiang,False,False
131,161,330226,330624,downstream,downstream,Zhejiang,Zhejiang,False,False
132,163,330281,330683,downstream,downstream,Zhejiang,Zhejiang,False,False
132,160,330281,330604,downstream,downstream,Zhejiang,Zhejiang,False,False
132,133,330281,330282,downstream,downstream,Zhejiang,Zhejiang,False,False
132,150,330281,330481,downstream,downstream,Zhejiang,Zhejiang,False,False
132,149,330281,330424,downstream,downstream,Zhejiang,Zhejiang,False,False
133,149,330282,330424,downstream,downstream,Zhejiang,Zhejiang,False,False
134,135,330302,330303,downstream,downstream,Zhejiang,Zhejiang,False,False
134,136,330302,330304,downstream,downstream,Zhejiang,Zhejiang,False,False
134,193,330302,331121,downstream,downstream,Zhejiang,Zhejiang,False,False
134,144,330302,330382,downstream,downstream,Zhejiang,Zhejiang,False,False
134,138,330302,330324,downstream,downstream,Zhejiang,Zhejiang,False,False
135,143,330303,330381,downstream,downstream,Zhejiang,Zhejiang,False,False
135,137,330303,330305,downstream,downstream,Zhejiang,Zhejiang,False,False
135,136,330303,330304,downstream,downstream,Zhejiang,Zhejiang,False,False
135,144,330303,330382,downstream,downstream,Zhejiang,Zhejiang,False,False
136,143,330304,330381,downstream,downstream,Zhejiang,Zhejiang,False,False
136,193,330304,331121,downstream,downstream,Zhejiang,Zhejiang,False,False
137,144,330305,330382,downstream,downstream,Zhejiang,Zhejiang,False,False
138,193,330324,331121,downstream,downstream,Zhejiang,Zhejiang,False,False
138,144,330324,330382,downstream,downstream,Zhejiang,Zhejiang,False,False
138,194,330324,331122,downstream,downstream,Zhejiang,Zhejiang,False,False
138,184,330324,331003,downstream,downstream,Zhejiang,Zhejiang,False,False
138,188,330324,331024,downstream,downstream,Zhejiang,Zhejiang,False,False
139,140,330326,330327,downstream,downstream,Zhejiang,Zhejiang,False,False
139,145,330326,330383,downstream,downstream,Zhejiang,Zhejiang,False,False
139,141,330326,330328,downstream,downstream,Zhejiang,Zhejiang,False,False
139,143,330326,330381,downstream,downstream,Zhejiang,Zhejiang,False,False
140,142,330327,330329,downstream,downstream,Zhejiang,Zhejiang,False,False
140,145,330327,330383,downstream,downstream,Zhejiang,Zhejiang,False,False
140,141,330327,330328,downstream,downstream,Zhejiang,Zhejiang,False,False
141,142,330328,330329,downstream,downstream,Zhejiang,Zhejiang,False,False
141,143,330328,330381,downstream,downstream,Zhejiang,Zhejiang,False,False
141,199,330328,331127,downstream,downstream,Zhejiang,Zhejiang,False,False
141,193,330328,331121,downstream,downstream,Zhejiang,Zhejiang,False,False
142,199,330329,331127,downstream,downstream,Zhejiang,Zhejiang,False,False
143,193,330381,331121,downstream,downstream,Zhejiang,Zhejiang,False,False
144,191,330382,331083,downstream,downstream,Zhejiang,Zhejiang,False,False
144,189,330382,331081,downstream,downstream,Zhejiang,Zhejiang,False,False
144,184,330382,331003,downstream,downstream,Zhejiang,Zhejiang,False,False
146,149,330402,330424,downstream,downstream,Zhejiang,Zhejiang,False,False
146,151,330402,330482,downstream,downstream,Zhejiang,Zhejiang,False,False
146,147,330402,330411,downstream,downstream,Zhejiang,Zhejiang,False,False
146,148,330402,330421,downstream,downstream,Zhejiang,Zhejiang,False,False
147,150,330411,330481,downstream,downstream,Zhejiang,Zhejiang,False,False
147,149,330411,330424,downstream,downstream,Zhejiang,Zhejiang,False,False
147,152,330411,330483,downstream,downstream,Zhejiang,Zhejiang,False,False
147,148,330411,330421,downstream,downstream,Zhejiang,Zhejiang,False,False
148,151,330421,330482,downstream,downstream,Zhejiang,Zhejiang,False,False
149,160,330424,330604,downstream,downstream,Zhejiang,Zhejiang,False,False
149,150,330424,330481,downstream,downstream,Zhejiang,Zhejiang,False,False
149,151,330424,330482,downstream,downstream,Zhejiang,Zhejiang,False,False
150,159,330481,330603,downstream,downstream,Zhejiang,Zhejiang,False,False
150,160,330481,330604,downstream,downstream,Zhejiang,Zhejiang,False,False
150,152,330481,330483,downstream,downstream,Zhejiang,Zhejiang,False,False
152,155,330483,330521,downstream,downstream,Zhejiang,Zhejiang,False,False
152,154,330483,330503,downstream,downstream,Zhejiang,Zhejiang,False,False
153,157,330502,330523,downstream,downstream,Zhejiang,Zhejiang,False,False
153,155,330502,330521,downstream,downstream,Zhejiang,Zhejiang,False,False
153,154,330502,330503,downstream,downstream,Zhejiang,Zhejiang,False,False
153,156,330502,330522,downstream,downstream,Zhejiang,Zhejiang,False,False
154,155,330503,330521,downstream,downstream,Zhejiang,Zhejiang,False,False
155,157,330521,330523,downstream,downstream,Zhejiang,Zhejiang,False,False
156,157,330522,330523,downstream,downstream,Zhejiang,Zhejiang,False,False
156,304,330522,341882,downstream,downstream,Zhejiang,Anhui,False,True
157,303,330523,341881,downstream,downstream,Zhejiang,Anhui,False,True
157,304,330523,341882,downstream,downstream,Zhejiang,Anhui,False,True
158,159,330602,330603,downstream,downstream,Zhejiang,Zhejiang,False,False
158,160,330602,330604,downstream,downstream,Zhejiang,Zhejiang,False,False
159,163,330603,330683,downstream,downstream,Zhejiang,Zhejiang,False,False
159,162,330603,330681,downstream,downstream,Zhejiang,Zhejiang,False,False
159,160,330603,330604,downstream,downstream,Zhejiang,Zhejiang,False,False
160,163,330604,330683,downstream,downstream,Zhejiang,Zhejiang,False,False
161,168,330624,330727,downstream,downstream,Zhejiang,Zhejiang,False,False
161,187,330624,331023,downstream,downstream,Zhejiang,Zhejiang,False,False
161,171,330624,330783,downstream,downstream,Zhejiang,Zhejiang,False,False
161,163,330624,330683,downstream,downstream,Zhejiang,Zhejiang,False,False
162,170,330681,330782,downstream,downstream,Zhejiang,Zhejiang,False,False
162,171,330681,330783,downstream,downstream,Zhejiang,Zhejiang,False,False
162,163,330681,330683,downstream,downstream,Zhejiang,Zhejiang,False,False
162,167,330681,330726,downstream,downstream,Zhejiang,Zhejiang,False,False
163,171,330683,330783,downstream,downstream,Zhejiang,Zhejiang,False,False
164,195,330702,331123,downstream,downstream,Zhejiang,Zhejiang,False,False
164,166,330702,330723,downstream,downstream,Zhejiang,Zhejiang,False,False
164,177,330702,330825,downstream,downstream,Zhejiang,Zhejiang,False,False
164,165,330702,330703,downstream,downstream,Zhejiang,Zhejiang,False,False
164,169,330702,330781,downstream,downstream,Zhejiang,Zhejiang,False,False
165,166,330703,330723,downstream,downstream,Zhejiang,Zhejiang,False,False
165,169,330703,330781,downstream,downstream,Zhejiang,Zhejiang,False,False
165,170,330703,330782,downstream,downstream,Zhejiang,Zhejiang,False,False
166,196,330723,331124,downstream,downstream,Zhejiang,Zhejiang,False,False
166,192,330723,331102,downstream,downstream,Zhejiang,Zhejiang,False,False
166,195,330723,331123,downstream,downstream,Zhejiang,Zhejiang,False,False
166,194,330723,331122,downstream,downstream,Zhejiang,Zhejiang,False,False
166,170,330723,330782,downstream,downstream,Zhejiang,Zhejiang,False,False
166,172,330723,330784,downstream,downstream,Zhejiang,Zhejiang,False,False
167,169,330726,330781,downstream,downstream,Zhejiang,Zhejiang,False,False
167,170,330726,330782,downstream,downstream,Zhejiang,Zhejiang,False,False
168,194,330727,331122,downstream,downstream,Zhejiang,Zhejiang,False,False
168,188,330727,331024,downstream,downstream,Zhejiang,Zhejiang,False,False
168,172,330727,330784,downstream,downstream,Zhejiang,Zhejiang,False,False
168,187,330727,331023,downstream,downstream,Zhejiang,Zhejiang,False,False
168,171,330727,330783,downstream,downstream,Zhejiang,Zhejiang,False,False
169,177,330781,330825,downstream,downstream,Zhejiang,Zhejiang,False,False
169,170,330781,330782,downstream,downstream,Zhejiang,Zhejiang,False,False
170,172,330782,330784,downstream,downstream,Zhejiang,Zhejiang,False,False
170,171,330782,330783,downstream,downstream,Zhejiang,Zhejiang,False,False
171,172,330783,330784,downstream,downstream,Zhejiang,Zhejiang,False,False
172,194,330784,331122,downstream,downstream,Zhejiang,Zhejiang,False,False
173,178,330802,330881,downstream,downstream,Zhejiang,Zhejiang,False,False
173,174,330802,330803,downstream,downstream,Zhejiang,Zhejiang,False,False
173,175,330802,330822,downstream,downstream,Zhejiang,Zhejiang,False,False
174,178,330803,330881,downstream,downstream,Zhejiang,Zhejiang,False,False
174,195,330803,331123,downstream,downstream,Zhejiang,Zhejiang,False,False
174,175,330803,330822,downstream,downstream,Zhejiang,Zhejiang,False,False
174,177,330803,330825,downstream,downstream,Zhejiang,Zhejiang,False,False
175,178,330822,330881,downstream,downstream,Zhejiang,Zhejiang,False,False
175,396,330822,361123,downstream,midstream,Zhejiang,Jiangxi,True,True
175,176,330822,330824,downstream,downstream,Zhejiang,Zhejiang,False,False
176,396,330824,361123,downstream,midstream,Zhejiang,Jiangxi,True,True
176,404,330824,361181,downstream,midstream,Zhejiang,Jiangxi,True,True
176,403,330824,361130,downstream,midstream,Zhejiang,Jiangxi,True,True
176,259,330824,341022,downstream,downstream,Zhejiang,Anhui,False,True
177,195,330825,331123,downstream,downstream,Zhejiang,Zhejiang,False,False
178,394,330881,361103,downstream,midstream,Zhejiang,Jiangxi,True,True
178,195,330881,331123,downstream,downstream,Zhejiang,Zhejiang,False,False
178,396,330881,361123,downstream,midstream,Zhejiang,Jiangxi,True,True
179,180,330902,330903,downstream,downstream,Zhejiang,Zhejiang,False,False
183,185,331002,331004,downstream,downstream,Zhejiang,Zhejiang,False,False
183,184,331002,331003,downstream,downstream,Zhejiang,Zhejiang,False,False
183,190,331002,331082,downstream,downstream,Zhejiang,Zhejiang,False,False
184,189,331003,331081,downstream,downstream,Zhejiang,Zhejiang,False,False
184,185,331003,331004,downstream,downstream,Zhejiang,Zhejiang,False,False
184,188,331003,331024,downstream,downstream,Zhejiang,Zhejiang,False,False
184,190,331003,331082,downstream,downstream,Zhejiang,Zhejiang,False,False
185,189,331004,331081,downstream,downstream,Zhejiang,Zhejiang,False,False
186,190,331022,331082,downstream,downstream,Zhejiang,Zhejiang,False,False
186,187,331022,331023,downstream,downstream,Zhejiang,Zhejiang,False,False
187,188,331023,331024,downstream,downstream,Zhejiang,Zhejiang,False,False
187,190,331023,331082,downstream,downstream,Zhejiang,Zhejiang,False,False
188,194,331024,331122,downstream,downstream,Zhejiang,Zhejiang,False,False
188,190,331024,331082,downstream,downstream,Zhejiang,Zhejiang,False,False
189,191,331081,331083,downstream,downstream,Zhejiang,Zhejiang,False,False
192,199,331102,331127,downstream,downstream,Zhejiang,Zhejiang,False,False
192,197,331102,331125,downstream,downstream,Zhejiang,Zhejiang,False,False
192,196,331102,331124,downstream,downstream,Zhejiang,Zhejiang,False,False
192,193,331102,331121,downstream,downstream,Zhejiang,Zhejiang,False,False
192,194,331102,331122,downstream,downstream,Zhejiang,Zhejiang,False,False
193,199,331121,331127,downstream,downstream,Zhejiang,Zhejiang,False,False
193,194,331121,331122,downstream,downstream,Zhejiang,Zhejiang,False,False
195,200,331123,331181,downstream,downstream,Zhejiang,Zhejiang,False,False
195,196,331123,331124,downstream,downstream,Zhejiang,Zhejiang,False,False
196,200,331124,331181,downstream,downstream,Zhejiang,Zhejiang,False,False
196,197,331124,331125,downstream,downstream,Zhejiang,Zhejiang,False,False
197,199,331125,331127,downstream,downstream,Zhejiang,Zhejiang,False,False
197,200,331125,331181,downstream,downstream,Zhejiang,Zhejiang,False,False
198,199,331126,331127,downstream,downstream,Zhejiang,Zhejiang,False,False
198,200,331126,331181,downstream,downstream,Zhejiang,Zhejiang,False,False
199,200,331127,331181,downstream,downstream,Zhejiang,Zhejiang,False,False
201,202,340102,340103,downstream,downstream,Anhui,Anhui,False,False
201,206,340102,340122,downstream,downstream,Anhui,Anhui,False,False
201,205,340102,340121,downstream,downstream,Anhui,Anhui,False,False
201,204,340102,340111,downstream,downstream,Anhui,Anhui,False,False
202,205,340103,340121,downstream,downstream,Anhui,Anhui,False,False
202,204,340103,340111,downstream,downstream,Anhui,Anhui,False,False
202,203,340103,340104,downstream,downstream,Anhui,Anhui,False,False
203,205,340104,340121,downstream,downstream,Anhui,Anhui,False,False
203,230,340104,340422,downstream,downstream,Anhui,Anhui,False,False
203,207,340104,340123,downstream,downstream,Anhui,Anhui,False,False
203,204,340104,340111,downstream,downstream,Anhui,Anhui,False,False
204,206,340111,340122,downstream,downstream,Anhui,Anhui,False,False
204,207,340111,340123,downstream,downstream,Anhui,Anhui,False,False
205,206,340121,340122,downstream,downstream,Anhui,Anhui,False,False
205,230,340121,340422,downstream,downstream,Anhui,Anhui,False,False
205,225,340121,340403,downstream,downstream,Anhui,Anhui,False,False
205,224,340121,340402,downstream,downstream,Anhui,Anhui,False,False
205,266,340121,341125,downstream,downstream,Anhui,Anhui,False,False
206,208,340122,340124,downstream,downstream,Anhui,Anhui,False,False
206,265,340122,341124,downstream,downstream,Anhui,Anhui,False,False
206,209,340122,340181,downstream,downstream,Anhui,Anhui,False,False
206,207,340122,340123,downstream,downstream,Anhui,Anhui,False,False
206,263,340122,341103,downstream,downstream,Anhui,Anhui,False,False
206,266,340122,341125,downstream,downstream,Anhui,Anhui,False,False
207,208,340123,340124,downstream,downstream,Anhui,Anhui,False,False
207,287,340123,341523,downstream,downstream,Anhui,Anhui,False,False
207,283,340123,341502,downstream,downstream,Anhui,Anhui,False,False
207,230,340123,340422,downstream,downstream,Anhui,Anhui,False,False
208,244,340124,340722,downstream,downstream,Anhui,Anhui,False,False
208,253,340124,340881,downstream,downstream,Anhui,Anhui,False,False
208,216,340124,340281,downstream,downstream,Anhui,Anhui,False,False
208,287,340124,341523,downstream,downstream,Anhui,Anhui,False,False
208,209,340124,340181,downstream,downstream,Anhui,Anhui,False,False
209,216,340181,340281,downstream,downstream,Anhui,Anhui,False,False
209,265,340181,341124,downstream,downstream,Anhui,Anhui,False,False
209,235,340181,340522,downstream,downstream,Anhui,Anhui,False,False
210,215,340202,340223,downstream,downstream,Anhui,Anhui,False,False
210,213,340202,340210,downstream,downstream,Anhui,Anhui,False,False
210,216,340202,340281,downstream,downstream,Anhui,Anhui,False,False
210,212,340202,340209,downstream,downstream,Anhui,Anhui,False,False
210,211,340202,340207,downstream,downstream,Anhui,Anhui,False,False
211,214,340207,340211,downstream,downstream,Anhui,Anhui,False,False
211,213,340207,340210,downstream,downstream,Anhui,Anhui,False,False
211,216,340207,340281,downstream,downstream,Anhui,Anhui,False,False
211,212,340207,340209,downstream,downstream,Anhui,Anhui,False,False
211,234,340207,340521,downstream,downstream,Anhui,Anhui,False,False
211,235,340207,340522,downstream,downstream,Anhui,Anhui,False,False
211,236,340207,340523,downstream,downstream,Anhui,Anhui,False,False
212,215,340209,340223,downstream,downstream,Anhui,Anhui,False,False
212,214,340209,340211,downstream,downstream,Anhui,Anhui,False,False
213,215,340210,340223,downstream,downstream,Anhui,Anhui,False,False
213,298,340210,341802,downstream,downstream,Anhui,Anhui,False,False
213,234,340210,340521,downstream,downstream,Anhui,Anhui,False,False
214,242,340211,340706,downstream,downstream,Anhui,Anhui,False,False
214,215,340211,340223,downstream,downstream,Anhui,Anhui,False,False
214,216,340211,340281,downstream,downstream,Anhui,Anhui,False,False
215,297,340223,341723,downstream,downstream,Anhui,Anhui,False,False
215,300,340223,341823,downstream,downstream,Anhui,Anhui,False,False
215,242,340223,340706,downstream,downstream,Anhui,Anhui,False,False
215,298,340223,341802,downstream,downstream,Anhui,Anhui,False,False
216,243,340281,340711,downstream,downstream,Anhui,Anhui,False,False
216,244,340281,340722,downstream,downstream,Anhui,Anhui,False,False
216,242,340281,340706,downstream,downstream,Anhui,Anhui,False,False
216,235,340281,340522,downstream,downstream,Anhui,Anhui,False,False
217,267,340302,341126,downstream,downstream,Anhui,Anhui,False,False
217,218,340302,340303,downstream,downstream,Anhui,Anhui,False,False
217,220,340302,340311,downstream,downstream,Anhui,Anhui,False,False
218,219,340303,340304,downstream,downstream,Anhui,Anhui,False,False
218,267,340303,341126,downstream,downstream,Anhui,Anhui,False,False
218,220,340303,340311,downstream,downstream,Anhui,Anhui,False,False
219,224,340304,340402,downstream,downstream,Anhui,Anhui,False,False
219,267,340304,341126,downstream,downstream,Anhui,Anhui,False,False
219,220,340304,340311,downstream,downstream,Anhui,Anhui,False,False
219,221,340304,340321,downstream,downstream,Anhui,Anhui,False,False
220,267,340311,341126,downstream,downstream,Anhui,Anhui,False,False
220,221,340311,340321,downstream,downstream,Anhui,Anhui,False,False
220,222,340311,340322,downstream,downstream,Anhui,Anhui,False,False
220,223,340311,340323,downstream,downstream,Anhui,Anhui,False,False
221,224,340321,340402,downstream,downstream,Anhui,Anhui,False,False
221,228,340321,340406,downstream,downstream,Anhui,Anhui,False,False
221,292,340321,341622,downstream,downstream,Anhui,Anhui,False,False
221,240,340321,340621,downstream,downstream,Anhui,Anhui,False,False
221,278,340321,341302,downstream,downstream,Anhui,Anhui,False,False
221,223,340321,340323,downstream,downstream,Anhui,Anhui,False,False
222,267,340322,341126,downstream,downstream,Anhui,Anhui,False,False
222,269,340322,341182,downstream,downstream,Anhui,Anhui,False,False
222,223,340322,340323,downstream,downstream,Anhui,Anhui,False,False
222,282,340322,341324,downstream,downstream,Anhui,Anhui,False,False
222,281,340322,341323,downstream,downstream,Anhui,Anhui,False,False
223,278,340323,341302,downstream,downstream,Anhui,Anhui,False,False
223,281,340323,341323,downstream,downstream,Anhui,Anhui,False,False
224,225,340402,340403,downstream,downstream,Anhui,Anhui,False,False
224,228,340402,340406,downstream,downstream,Anhui,Anhui,False,False
224,266,340402,341125,downstream,downstream,Anhui,Anhui,False,False
224,267,340402,341126,downstream,downstream,Anhui,Anhui,False,False
225,230,340403,340422,downstream,downstream,Anhui,Anhui,False,False
225,226,340403,340404,downstream,downstream,Anhui,Anhui,False,False
225,228,340403,340406,downstream,downstream,Anhui,Anhui,False,False
226,230,340404,340422,downstream,downstream,Anhui,Anhui,False,False
226,227,340404,340405,downstream,downstream,Anhui,Anhui,False,False
226,228,340404,340406,downstream,downstream,Anhui,Anhui,False,False
227,230,340405,340422,downstream,downstream,Anhui,Anhui,False,False
227,229,340405,340421,downstream,downstream,Anhui,Anhui,False,False
227,228,340405,340406,downstream,downstream,Anhui,Anhui,False,False
228,229,340406,340421,downstream,downstream,Anhui,Anhui,False,False
228,292,340406,341622,downstream,downstream,Anhui,Anhui,False,False
229,230,340421,340422,downstream,downstream,Anhui,Anhui,False,False
229,276,340421,341226,downstream,downstream,Anhui,Anhui,False,False
229,293,340421,341623,downstream,downstream,Anhui,Anhui,False,False
229,292,340421,341622,downstream,downstream,Anhui,Anhui,False,False
230,283,340422,341502,downstream,downstream,Anhui,Anhui,False,False
230,284,340422,341503,downstream,downstream,Anhui,Anhui,False,False
230,286,340422,341522,downstream,downstream,Anhui,Anhui,False,False
230,276,340422,341226,downstream,downstream,Anhui,Anhui,False,False
231,234,340503,340521,downstream,downstream,Anhui,Anhui,False,False
231,232,340503,340504,downstream,downstream,Anhui,Anhui,False,False
231,236,340503,340523,downstream,downstream,Anhui,Anhui,False,False
232,233,340504,340506,downstream,downstream,Anhui,Anhui,False,False
232,234,340504,340521,downstream,downstream,Anhui,Anhui,False,False
233,234,340506,340521,downstream,downstream,Anhui,Anhui,False,False
234,298,340521,341802,downstream,downstream,Anhui,Anhui,False,False
234,236,340521,340523,downstream,downstream,Anhui,Anhui,False,False
235,265,340522,341124,downstream,downstream,Anhui,Anhui,False,False
235,236,340522,340523,downstream,downstream,Anhui,Anhui,False,False
236,265,340523,341124,downstream,downstream,Anhui,Anhui,False,False
237,239,340602,340604,downstream,downstream,Anhui,Anhui,False,False
237,238,340602,340603,downstream,downstream,Anhui,Anhui,False,False
237,280,340602,341322,downstream,downstream,Anhui,Anhui,False,False
238,240,340603,340621,downstream,downstream,Anhui,Anhui,False,False
238,239,340603,340604,downstream,downstream,Anhui,Anhui,False,False
238,280,340603,341322,downstream,downstream,Anhui,Anhui,False,False
239,240,340604,340621,downstream,downstream,Anhui,Anhui,False,False
239,278,340604,341302,downstream,downstream,Anhui,Anhui,False,False
239,280,340604,341322,downstream,downstream,Anhui,Anhui,False,False
240,292,340621,341622,downstream,downstream,Anhui,Anhui,False,False
240,291,340621,341621,downstream,downstream,Anhui,Anhui,False,False
240,278,340621,341302,downstream,downstream,Anhui,Anhui,False,False
241,243,340705,340711,downstream,downstream,Anhui,Anhui,False,False
241,242,340705,340706,downstream,downstream,Anhui,Anhui,False,False
242,294,340706,341702,downstream,downstream,Anhui,Anhui,False,False
242,297,340706,341723,downstream,downstream,Anhui,Anhui,False,False
242,243,340706,340711,downstream,downstream,Anhui,Anhui,False,False
243,294,340711,341702,downstream,downstream,Anhui,Anhui,False,False
243,247,340711,340811,downstream,downstream,Anhui,Anhui,False,False
243,244,340711,340722,downstream,downstream,Anhui,Anhui,False,False
243,248,340711,340822,downstream,downstream,Anhui,Anhui,False,False
244,294,340722,341702,downstream,downstream,Anhui,Anhui,False,False
244,245,340722,340802,downstream,downstream,Anhui,Anhui,False,False
244,247,340722,340811,downstream,downstream,Anhui,Anhui,False,False
244,253,340722,340881,downstream,downstream,Anhui,Anhui,False,False
245,295,340802,341721,downstream,downstream,Anhui,Anhui,False,False
245,246,340802,340803,downstream,downstream,Anhui,Anhui,False,False
245,294,340802,341702,downstream,downstream,Anhui,Anhui,False,False
245,247,340802,340811,downstream,downstream,Anhui,Anhui,False,False
245,253,340802,340881,downstream,downstream,Anhui,Anhui,False,False
246,295,340803,341721,downstream,downstream,Anhui,Anhui,False,False
246,247,340803,340811,downstream,downstream,Anhui,Anhui,False,False
246,251,340803,340827,downstream,downstream,Anhui,Anhui,False,False
246,248,340803,340822,downstream,downstream,Anhui,Anhui,False,False
247,248,340811,340822,downstream,downstream,Anhui,Anhui,False,False
247,253,340811,340881,downstream,downstream,Anhui,Anhui,False,False
248,251,340822,340827,downstream,downstream,Anhui,Anhui,False,False
248,249,340822,340825,downstream,downstream,Anhui,Anhui,False,False
248,254,340822,340882,downstream,downstream,Anhui,Anhui,False,False
248,253,340822,340881,downstream,downstream,Anhui,Anhui,False,False
249,250,340825,340826,downstream,downstream,Anhui,Anhui,False,False
249,483,340825,421126,downstream,midstream,Anhui,Hubei,True,True
249,251,340825,340827,downstream,downstream,Anhui,Anhui,False,False
249,481,340825,421124,downstream,midstream,Anhui,Hubei,True,True
249,254,340825,340882,downstream,downstream,Anhui,Anhui,False,False
249,252,340825,340828,downstream,downstream,Anhui,Anhui,False,False
250,325,340826,360404,downstream,midstream,Anhui,Jiangxi,True,True
250,331,340826,360429,downstream,midstream,Anhui,Jiangxi,True,True
250,332,340826,360430,downstream,midstream,Anhui,Jiangxi,True,True
250,484,340826,421127,downstream,midstream,Anhui,Hubei,True,True
250,483,340826,421126,downstream,midstream,Anhui,Hubei,True,True
250,251,340826,340827,downstream,downstream,Anhui,Anhui,False,False
251,295,340827,341721,downstream,downstream,Anhui,Anhui,False,False
251,332,340827,360430,downstream,midstream,Anhui,Jiangxi,True,True
252,481,340828,421124,downstream,midstream,Anhui,Hubei,True,True
252,254,340828,340882,downstream,downstream,Anhui,Anhui,False,False
252,289,340828,341525,downstream,downstream,Anhui,Anhui,False,False
252,287,340828,341523,downstream,downstream,Anhui,Anhui,False,False
253,254,340881,340882,downstream,downstream,Anhui,Anhui,False,False
253,287,340881,341523,downstream,downstream,Anhui,Anhui,False,False
254,287,340882,341523,downstream,downstream,Anhui,Anhui,False,False
255,259,341002,341022,downstream,downstream,Anhui,Anhui,False,False
255,257,341002,341004,downstream,downstream,Anhui,Anhui,False,False
255,258,341002,341021,downstream,downstream,Anhui,Anhui,False,False
256,259,341003,341022,downstream,downstream,Anhui,Anhui,False,False
256,257,341003,341004,downstream,downstream,Anhui,Anhui,False,False
256,260,341003,341023,downstream,downstream,Anhui,Anhui,False,False
256,258,341003,341021,downstream,downstream,Anhui,Anhui,False,False
256,301,341003,341824,downstream,downstream,Anhui,Anhui,False,False
256,302,341003,341825,downstream,downstream,Anhui,Anhui,False,False
256,296,341003,341722,downstream,downstream,Anhui,Anhui,False,False
256,297,341003,341723,downstream,downstream,Anhui,Anhui,False,False
256,300,341003,341823,downstream,downstream,Anhui,Anhui,False,False
257,259,341004,341022,downstream,downstream,Anhui,Anhui,False,False
257,258,341004,341021,downstream,downstream,Anhui,Anhui,False,False
258,259,341021,341022,downstream,downstream,Anhui,Anhui,False,False
258,301,341021,341824,downstream,downstream,Anhui,Anhui,False,False
259,403,341022,361130,downstream,midstream,Anhui,Jiangxi,True,True
259,316,341022,360222,downstream,midstream,Anhui,Jiangxi,True,True
259,261,341022,341024,downstream,downstream,Anhui,Anhui,False,False
259,260,341022,341023,downstream,downstream,Anhui,Anhui,False,False
260,261,341023,341024,downstream,downstream,Anhui,Anhui,False,False
260,296,341023,341722,downstream,downstream,Anhui,Anhui,False,False
261,316,341024,360222,downstream,midstream,Anhui,Jiangxi,True,True
261,295,341024,341721,downstream,downstream,Anhui,Anhui,False,False
261,296,341024,341722,downstream,downstream,Anhui,Anhui,False,False
262,263,341102,341103,downstream,downstream,Anhui,Anhui,False,False
262,264,341102,341122,downstream,downstream,Anhui,Anhui,False,False
263,265,341103,341124,downstream,downstream,Anhui,Anhui,False,False
263,266,341103,341125,downstream,downstream,Anhui,Anhui,False,False
263,264,341103,341122,downstream,downstream,Anhui,Anhui,False,False
263,269,341103,341182,downstream,downstream,Anhui,Anhui,False,False
264,269,341122,341182,downstream,downstream,Anhui,Anhui,False,False
264,268,341122,341181,downstream,downstream,Anhui,Anhui,False,False
266,267,341125,341126,downstream,downstream,Anhui,Anhui,False,False
266,269,341125,341182,downstream,downstream,Anhui,Anhui,False,False
267,269,341126,341182,downstream,downstream,Anhui,Anhui,False,False
270,273,341202,341221,downstream,downstream,Anhui,Anhui,False,False
270,275,341202,341225,downstream,downstream,Anhui,Anhui,False,False
270,276,341202,341226,downstream,downstream,Anhui,Anhui,False,False
270,271,341202,341203,downstream,downstream,Anhui,Anhui,False,False
270,272,341202,341204,downstream,downstream,Anhui,Anhui,False,False
271,276,341203,341226,downstream,downstream,Anhui,Anhui,False,False
271,272,341203,341204,downstream,downstream,Anhui,Anhui,False,False
271,293,341203,341623,downstream,downstream,Anhui,Anhui,False,False
272,273,341204,341221,downstream,downstream,Anhui,Anhui,False,False
272,277,341204,341282,downstream,downstream,Anhui,Anhui,False,False
272,274,341204,341222,downstream,downstream,Anhui,Anhui,False,False
272,293,341204,341623,downstream,downstream,Anhui,Anhui,False,False
273,277,341221,341282,downstream,downstream,Anhui,Anhui,False,False
273,275,341221,341225,downstream,downstream,Anhui,Anhui,False,False
274,277,341222,341282,downstream,downstream,Anhui,Anhui,False,False
274,293,341222,341623,downstream,downstream,Anhui,Anhui,False,False
274,291,341222,341621,downstream,downstream,Anhui,Anhui,False,False
274,290,341222,341602,downstream,downstream,Anhui,Anhui,False,False
275,286,341225,341522,downstream,downstream,Anhui,Anhui,False,False
275,276,341225,341226,downstream,downstream,Anhui,Anhui,False,False
276,286,341226,341522,downstream,downstream,Anhui,Anhui,False,False
276,293,341226,341623,downstream,downstream,Anhui,Anhui,False,False
278,280,341302,341322,downstream,downstream,Anhui,Anhui,False,False
278,281,341302,341323,downstream,downstream,Anhui,Anhui,False,False
279,280,341321,341322,downstream,downstream,Anhui,Anhui,False,False
281,282,341323,341324,downstream,downstream,Anhui,Anhui,False,False
283,289,341502,341525,downstream,downstream,Anhui,Anhui,False,False
283,287,341502,341523,downstream,downstream,Anhui,Anhui,False,False
283,284,341502,341503,downstream,downstream,Anhui,Anhui,False,False
284,289,341503,341525,downstream,downstream,Anhui,Anhui,False,False
284,288,341503,341524,downstream,downstream,Anhui,Anhui,False,False
284,285,341503,341504,downstream,downstream,Anhui,Anhui,False,False
284,286,341503,341522,downstream,downstream,Anhui,Anhui,False,False
285,288,341504,341524,downstream,downstream,Anhui,Anhui,False,False
285,286,341504,341522,downstream,downstream,Anhui,Anhui,False,False
287,289,341523,341525,downstream,downstream,Anhui,Anhui,False,False
288,481,341524,421124,downstream,midstream,Anhui,Hubei,True,True
288,480,341524,421123,downstream,midstream,Anhui,Hubei,True,True
288,289,341524,341525,downstream,downstream,Anhui,Anhui,False,False
288,485,341524,421181,downstream,midstream,Anhui,Hubei,True,True
289,481,341525,421124,downstream,midstream,Anhui,Hubei,True,True
290,291,341602,341621,downstream,downstream,Anhui,Anhui,False,False
291,293,341621,341623,downstream,downstream,Anhui,Anhui,False,False
291,292,341621,341622,downstream,downstream,Anhui,Anhui,False,False
292,293,341622,341623,downstream,downstream,Anhui,Anhui,False,False
294,295,341702,341721,downstream,downstream,Anhui,Anhui,False,False
294,296,341702,341722,downstream,downstream,Anhui,Anhui,False,False
294,297,341702,341723,downstream,downstream,Anhui,Anhui,False,False
295,401,341721,361128,downstream,midstream,Anhui,Jiangxi,True,True
295,316,341721,360222,downstream,midstream,Anhui,Jiangxi,True,True
295,296,341721,341722,downstream,downstream,Anhui,Anhui,False,False
295,332,341721,360430,downstream,midstream,Anhui,Jiangxi,True,True
296,297,341722,341723,downstream,downstream,Anhui,Anhui,False,False
297,300,341723,341823,downstream,downstream,Anhui,Anhui,False,False
298,300,341802,341823,downstream,downstream,Anhui,Anhui,False,False
298,303,341802,341881,downstream,downstream,Anhui,Anhui,False,False
298,304,341802,341882,downstream,downstream,Anhui,Anhui,False,False
298,299,341802,341821,downstream,downstream,Anhui,Anhui,False,False
299,304,341821,341882,downstream,downstream,Anhui,Anhui,False,False
300,302,341823,341825,downstream,downstream,Anhui,Anhui,False,False
300,303,341823,341881,downstream,downstream,Anhui,Anhui,False,False
301,302,341824,341825,downstream,downstream,Anhui,Anhui,False,False
301,303,341824,341881,downstream,downstream,Anhui,Anhui,False,False
302,303,341825,341881,downstream,downstream,Anhui,Anhui,False,False
303,304,341881,341882,downstream,downstream,Anhui,Anhui,False,False
305,310,360102,360113,midstream,midstream,Jiangxi,Jiangxi,False,False
305,311,360102,360121,midstream,midstream,Jiangxi,Jiangxi,False,False
305,306,360102,360103,midstream,midstream,Jiangxi,Jiangxi,False,False
305,308,360102,360111,midstream,midstream,Jiangxi,Jiangxi,False,False
305,309,360102,360112,midstream,midstream,Jiangxi,Jiangxi,False,False
306,310,360103,360113,midstream,midstream,Jiangxi,Jiangxi,False,False
306,307,360103,360104,midstream,midstream,Jiangxi,Jiangxi,False,False
306,311,360103,360121,midstream,midstream,Jiangxi,Jiangxi,False,False
306,308,360103,360111,midstream,midstream,Jiangxi,Jiangxi,False,False
307,311,360104,360121,midstream,midstream,Jiangxi,Jiangxi,False,False
307,308,360104,360111,midstream,midstream,Jiangxi,Jiangxi,False,False
308,310,360111,360113,midstream,midstream,Jiangxi,Jiangxi,False,False
308,311,360111,360121,midstream,midstream,Jiangxi,Jiangxi,False,False
308,309,360111,360112,midstream,midstream,Jiangxi,Jiangxi,False,False
309,379,360112,360981,midstream,midstream,Jiangxi,Jiangxi,False,False
309,381,360112,360983,midstream,midstream,Jiangxi,Jiangxi,False,False
309,310,360112,360113,midstream,midstream,Jiangxi,Jiangxi,False,False
309,401,360112,361128,midstream,midstream,Jiangxi,Jiangxi,False,False
309,311,360112,360121,midstream,midstream,Jiangxi,Jiangxi,False,False
309,312,360112,360123,midstream,midstream,Jiangxi,Jiangxi,False,False
309,400,360112,361127,midstream,midstream,Jiangxi,Jiangxi,False,False
309,328,360112,360425,midstream,midstream,Jiangxi,Jiangxi,False,False
309,330,360112,360428,midstream,midstream,Jiangxi,Jiangxi,False,False
310,311,360113,360121,midstream,midstream,Jiangxi,Jiangxi,False,False
311,379,360121,360981,midstream,midstream,Jiangxi,Jiangxi,False,False
311,313,360121,360124,midstream,midstream,Jiangxi,Jiangxi,False,False
311,400,360121,361127,midstream,midstream,Jiangxi,Jiangxi,False,False
312,381,360123,360983,midstream,midstream,Jiangxi,Jiangxi,False,False
312,373,360123,360921,midstream,midstream,Jiangxi,Jiangxi,False,False
312,377,360123,360925,midstream,midstream,Jiangxi,Jiangxi,False,False
312,328,360123,360425,midstream,midstream,Jiangxi,Jiangxi,False,False
313,383,360124,361003,midstream,midstream,Jiangxi,Jiangxi,False,False
313,382,360124,361002,midstream,midstream,Jiangxi,Jiangxi,False,False
313,379,360124,360981,midstream,midstream,Jiangxi,Jiangxi,False,False
313,400,360124,361127,midstream,midstream,Jiangxi,Jiangxi,False,False
314,317,360202,360281,midstream,midstream,Jiangxi,Jiangxi,False,False
314,401,360202,361128,midstream,midstream,Jiangxi,Jiangxi,False,False
314,315,360202,360203,midstream,midstream,Jiangxi,Jiangxi,False,False
314,316,360202,360222,midstream,midstream,Jiangxi,Jiangxi,False,False
315,316,360203,360222,midstream,midstream,Jiangxi,Jiangxi,False,False
316,317,360222,360281,midstream,midstream,Jiangxi,Jiangxi,False,False
316,401,360222,361128,midstream,midstream,Jiangxi,Jiangxi,False,False
316,403,360222,361130,midstream,midstream,Jiangxi,Jiangxi,False,False
317,399,360281,361126,midstream,midstream,Jiangxi,Jiangxi,False,False
317,402,360281,361129,midstream,midstream,Jiangxi,Jiangxi,False,False
317,404,360281,361181,midstream,midstream,Jiangxi,Jiangxi,False,False
317,401,360281,361128,midstream,midstream,Jiangxi,Jiangxi,False,False
317,403,360281,361130,midstream,midstream,Jiangxi,Jiangxi,False,False
318,319,360302,360313,midstream,midstream,Jiangxi,Jiangxi,False,False
318,322,360302,360323,midstream,midstream,Jiangxi,Jiangxi,False,False
318,321,360302,360322,midstream,midstream,Jiangxi,Jiangxi,False,False
319,522,360313,430223,midstream,midstream,Jiangxi,Hunan,False,True
319,320,360313,360321,midstream,midstream,Jiangxi,Jiangxi,False,False
319,322,360313,360323,midstream,midstream,Jiangxi,Jiangxi,False,False
319,525,360313,430281,midstream,midstream,Jiangxi,Hunan,False,True
319,321,360313,360322,midstream,midstream,Jiangxi,Jiangxi,False,False
320,523,360321,430224,midstream,midstream,Jiangxi,Hunan,False,True
320,370,360321,360830,midstream,midstream,Jiangxi,Jiangxi,False,False
320,522,360321,430223,midstream,midstream,Jiangxi,Hunan,False,True
320,369,360321,360829,midstream,midstream,Jiangxi,Jiangxi,False,False
320,322,360321,360323,midstream,midstream,Jiangxi,Jiangxi,False,False
321,322,360322,360323,midstream,midstream,Jiangxi,Jiangxi,False,False
321,525,360322,430281,midstream,midstream,Jiangxi,Hunan,False,True
321,372,360322,360902,midstream,midstream,Jiangxi,Jiangxi,False,False
321,515,360322,430181,midstream,midstream,Jiangxi,Hunan,False,True
322,369,360323,360829,midstream,midstream,Jiangxi,Jiangxi,False,False
322,372,360323,360902,midstream,midstream,Jiangxi,Jiangxi,False,False
323,335,360402,360483,midstream,midstream,Jiangxi,Jiangxi,False,False
323,325,360402,360404,midstream,midstream,Jiangxi,Jiangxi,False,False
323,331,360402,360429,midstream,midstream,Jiangxi,Jiangxi,False,False
323,324,360402,360403,midstream,midstream,Jiangxi,Jiangxi,False,False
323,484,360402,421127,midstream,midstream,Jiangxi,Hubei,False,True
324,325,360403,360404,midstream,midstream,Jiangxi,Jiangxi,False,False
324,484,360403,421127,midstream,midstream,Jiangxi,Hubei,False,True
325,334,360404,360482,midstream,midstream,Jiangxi,Jiangxi,False,False
325,329,360404,360426,midstream,midstream,Jiangxi,Jiangxi,False,False
325,335,360404,360483,midstream,midstream,Jiangxi,Jiangxi,False,False
325,333,360404,360481,midstream,midstream,Jiangxi,Jiangxi,False,False
325,331,360404,360429,midstream,midstream,Jiangxi,Jiangxi,False,False
325,486,360404,421182,midstream,midstream,Jiangxi,Hubei,False,True
325,484,360404,421127,midstream,midstream,Jiangxi,Hubei,False,True
326,327,360423,360424,midstream,midstream,Jiangxi,Jiangxi,False,False
326,377,360423,360925,midstream,midstream,Jiangxi,Jiangxi,False,False
326,328,360423,360425,midstream,midstream,Jiangxi,Jiangxi,False,False
326,329,360423,360426,midstream,midstream,Jiangxi,Jiangxi,False,False
326,333,360423,360481,midstream,midstream,Jiangxi,Jiangxi,False,False
326,491,360423,421224,midstream,midstream,Jiangxi,Hubei,False,True
326,422,360423,420222,midstream,midstream,Jiangxi,Hubei,False,True
327,376,360424,360924,midstream,midstream,Jiangxi,Jiangxi,False,False
327,378,360424,360926,midstream,midstream,Jiangxi,Jiangxi,False,False
327,561,360424,430626,midstream,midstream,Jiangxi,Hunan,False,True
327,489,360424,421222,midstream,midstream,Jiangxi,Hubei,False,True
327,373,360424,360921,midstream,midstream,Jiangxi,Jiangxi,False,False
327,377,360424,360925,midstream,midstream,Jiangxi,Jiangxi,False,False
327,490,360424,421223,midstream,midstream,Jiangxi,Hubei,False,True
327,491,360424,421224,midstream,midstream,Jiangxi,Hubei,False,True
328,377,360425,360925,midstream,midstream,Jiangxi,Jiangxi,False,False
328,334,360425,360482,midstream,midstream,Jiangxi,Jiangxi,False,False
328,330,360425,360428,midstream,midstream,Jiangxi,Jiangxi,False,False
328,329,360425,360426,midstream,midstream,Jiangxi,Jiangxi,False,False
328,335,360425,360483,midstream,midstream,Jiangxi,Jiangxi,False,False
329,334,360426,360482,midstream,midstream,Jiangxi,Jiangxi,False,False
329,333,360426,360481,midstream,midstream,Jiangxi,Jiangxi,False,False
330,401,360428,361128,midstream,midstream,Jiangxi,Jiangxi,False,False
330,400,360428,361127,midstream,midstream,Jiangxi,Jiangxi,False,False
330,335,360428,360483,midstream,midstream,Jiangxi,Jiangxi,False,False
330,331,360428,360429,midstream,midstream,Jiangxi,Jiangxi,False,False
330,332,360428,360430,midstream,midstream,Jiangxi,Jiangxi,False,False
331,335,360429,360483,midstream,midstream,Jiangxi,Jiangxi,False,False
331,332,360429,360430,midstream,midstream,Jiangxi,Jiangxi,False,False
332,401,360430,361128,midstream,midstream,Jiangxi,Jiangxi,False,False
333,422,360481,420222,midstream,midstream,Jiangxi,Hubei,False,True
333,486,360481,421182,midstream,midstream,Jiangxi,Hubei,False,True
334,335,360482,360483,midstream,midstream,Jiangxi,Jiangxi,False,False
336,363,360502,360823,midstream,midstream,Jiangxi,Jiangxi,False,False
336,361,360502,360821,midstream,midstream,Jiangxi,Jiangxi,False,False
336,337,360502,360521,midstream,midstream,Jiangxi,Jiangxi,False,False
336,364,360502,360824,midstream,midstream,Jiangxi,Jiangxi,False,False
336,380,360502,360982,midstream,midstream,Jiangxi,Jiangxi,False,False
336,381,360502,360983,midstream,midstream,Jiangxi,Jiangxi,False,False
336,375,360502,360923,midstream,midstream,Jiangxi,Jiangxi,False,False
337,361,360521,360821,midstream,midstream,Jiangxi,Jiangxi,False,False
337,369,360521,360829,midstream,midstream,Jiangxi,Jiangxi,False,False
337,372,360521,360902,midstream,midstream,Jiangxi,Jiangxi,False,False
337,375,360521,360923,midstream,midstream,Jiangxi,Jiangxi,False,False
338,340,360602,360681,midstream,midstream,Jiangxi,Jiangxi,False,False
338,339,360602,360603,midstream,midstream,Jiangxi,Jiangxi,False,False
339,390,360603,361027,midstream,midstream,Jiangxi,Jiangxi,False,False
339,383,360603,361003,midstream,midstream,Jiangxi,Jiangxi,False,False
339,340,360603,360681,midstream,midstream,Jiangxi,Jiangxi,False,False
339,402,360603,361129,midstream,midstream,Jiangxi,Jiangxi,False,False
339,400,360603,361127,midstream,midstream,Jiangxi,Jiangxi,False,False
340,391,360681,361028,midstream,midstream,Jiangxi,Jiangxi,False,False
340,390,360681,361027,midstream,midstream,Jiangxi,Jiangxi,False,False
340,397,360681,361124,midstream,midstream,Jiangxi,Jiangxi,False,False
340,399,360681,361126,midstream,midstream,Jiangxi,Jiangxi,False,False
340,402,360681,361129,midstream,midstream,Jiangxi,Jiangxi,False,False
341,342,360702,360703,midstream,midstream,Jiangxi,Jiangxi,False,False
341,343,360702,360704,midstream,midstream,Jiangxi,Jiangxi,False,False
342,345,360703,360723,midstream,midstream,Jiangxi,Jiangxi,False,False
342,347,360703,360725,midstream,midstream,Jiangxi,Jiangxi,False,False
342,346,360703,360724,midstream,midstream,Jiangxi,Jiangxi,False,False
342,344,360703,360722,midstream,midstream,Jiangxi,Jiangxi,False,False
342,343,360703,360704,midstream,midstream,Jiangxi,Jiangxi,False,False
342,367,360703,360827,midstream,midstream,Jiangxi,Jiangxi,False,False
342,368,360703,360828,midstream,midstream,Jiangxi,Jiangxi,False,False
343,344,360704,360722,midstream,midstream,Jiangxi,Jiangxi,False,False
343,348,360704,360726,midstream,midstream,Jiangxi,Jiangxi,False,False
343,352,360704,360731,midstream,midstream,Jiangxi,Jiangxi,False,False
343,368,360704,360828,midstream,midstream,Jiangxi,Jiangxi,False,False
343,353,360704,360732,midstream,midstream,Jiangxi,Jiangxi,False,False
344,350,360722,360729,midstream,midstream,Jiangxi,Jiangxi,False,False
344,345,360722,360723,midstream,midstream,Jiangxi,Jiangxi,False,False
344,358,360722,360783,midstream,midstream,Jiangxi,Jiangxi,False,False
344,349,360722,360728,midstream,midstream,Jiangxi,Jiangxi,False,False
344,348,360722,360726,midstream,midstream,Jiangxi,Jiangxi,False,False
345,347,360723,360725,midstream,midstream,Jiangxi,Jiangxi,False,False
346,347,360724,360725,midstream,midstream,Jiangxi,Jiangxi,False,False
346,591,360724,431027,midstream,midstream,Jiangxi,Hunan,False,True
346,367,360724,360827,midstream,midstream,Jiangxi,Jiangxi,False,False
347,590,360725,431026,midstream,midstream,Jiangxi,Hunan,False,True
347,591,360725,431027,midstream,midstream,Jiangxi,Hunan,False,True
348,349,360726,360728,midstream,midstream,Jiangxi,Jiangxi,False,False
348,355,360726,360734,midstream,midstream,Jiangxi,Jiangxi,False,False
348,354,360726,360733,midstream,midstream,Jiangxi,Jiangxi,False,False
348,352,360726,360731,midstream,midstream,Jiangxi,Jiangxi,False,False
349,358,360728,360783,midstream,midstream,Jiangxi,Jiangxi,False,False
349,355,360728,360734,midstream,midstream,Jiangxi,Jiangxi,False,False
350,358,360729,360783,midstream,midstream,Jiangxi,Jiangxi,False,False
351,352,360730,360731,midstream,midstream,Jiangxi,Jiangxi,False,False
351,357,360730,360781,midstream,midstream,Jiangxi,Jiangxi,False,False
351,353,360730,360732,midstream,midstream,Jiangxi,Jiangxi,False,False
351,392,360730,361030,midstream,midstream,Jiangxi,Jiangxi,False,False
351,365,360730,360825,midstream,midstream,Jiangxi,Jiangxi,False,False
351,388,360730,361025,midstream,midstream,Jiangxi,Jiangxi,False,False
351,389,360730,361026,midstream,midstream,Jiangxi,Jiangxi,False,False
351,356,360730,360735,midstream,midstream,Jiangxi,Jiangxi,False,False
351,386,360730,361023,midstream,midstream,Jiangxi,Jiangxi,False,False
352,354,360731,360733,midstream,midstream,Jiangxi,Jiangxi,False,False
352,357,360731,360781,midstream,midstream,Jiangxi,Jiangxi,False,False
352,353,360731,360732,midstream,midstream,Jiangxi,Jiangxi,False,False
353,368,360732,360828,midstream,midstream,Jiangxi,Jiangxi,False,False
353,366,360732,360826,midstream,midstream,Jiangxi,Jiangxi,False,False
353,360,360732,360803,midstream,midstream,Jiangxi,Jiangxi,False,False
353,365,360732,360825,midstream,midstream,Jiangxi,Jiangxi,False,False
354,355,360733,360734,midstream,midstream,Jiangxi,Jiangxi,False,False
354,357,360733,360781,midstream,midstream,Jiangxi,Jiangxi,False,False
356,357,360735,360781,midstream,midstream,Jiangxi,Jiangxi,False,False
356,392,360735,361030,midstream,midstream,Jiangxi,Jiangxi,False,False
359,360,360802,360803,midstream,midstream,Jiangxi,Jiangxi,False,False
359,362,360802,360822,midstream,midstream,Jiangxi,Jiangxi,False,False
359,361,360802,360821,midstream,midstream,Jiangxi,Jiangxi,False,False
360,366,360803,360826,midstream,midstream,Jiangxi,Jiangxi,False,False
360,365,360803,360825,midstream,midstream,Jiangxi,Jiangxi,False,False
360,362,360803,360822,midstream,midstream,Jiangxi,Jiangxi,False,False
360,361,360803,360821,midstream,midstream,Jiangxi,Jiangxi,False,False
361,366,360821,360826,midstream,midstream,Jiangxi,Jiangxi,False,False
361,370,360821,360830,midstream,midstream,Jiangxi,Jiangxi,False,False
361,362,360821,360822,midstream,midstream,Jiangxi,Jiangxi,False,False
361,363,360821,360823,midstream,midstream,Jiangxi,Jiangxi,False,False
361,369,360821,360829,midstream,midstream,Jiangxi,Jiangxi,False,False
362,365,360822,360825,midstream,midstream,Jiangxi,Jiangxi,False,False
362,363,360822,360823,midstream,midstream,Jiangxi,Jiangxi,False,False
363,365,360823,360825,midstream,midstream,Jiangxi,Jiangxi,False,False
363,364,360823,360824,midstream,midstream,Jiangxi,Jiangxi,False,False
364,365,360824,360825,midstream,midstream,Jiangxi,Jiangxi,False,False
364,388,360824,361025,midstream,midstream,Jiangxi,Jiangxi,False,False
364,380,360824,360982,midstream,midstream,Jiangxi,Jiangxi,False,False
364,379,360824,360981,midstream,midstream,Jiangxi,Jiangxi,False,False
365,388,360825,361025,midstream,midstream,Jiangxi,Jiangxi,False,False
366,367,360826,360827,midstream,midstream,Jiangxi,Jiangxi,False,False
366,368,360826,360828,midstream,midstream,Jiangxi,Jiangxi,False,False
366,371,360826,360881,midstream,midstream,Jiangxi,Jiangxi,False,False
366,370,360826,360830,midstream,midstream,Jiangxi,Jiangxi,False,False
367,591,360827,431027,midstream,midstream,Jiangxi,Hunan,False,True
367,524,360827,430225,midstream,midstream,Jiangxi,Hunan,False,True
367,368,360827,360828,midstream,midstream,Jiangxi,Jiangxi,False,False
367,371,360827,360881,midstream,midstream,Jiangxi,Jiangxi,False,False
369,370,360829,360830,midstream,midstream,Jiangxi,Jiangxi,False,False
369,372,360829,360902,midstream,midstream,Jiangxi,Jiangxi,False,False
370,371,360830,360881,midstream,midstream,Jiangxi,Jiangxi,False,False
370,523,360830,430224,midstream,midstream,Jiangxi,Hunan,False,True
371,524,360881,430225,midstream,midstream,Jiangxi,Hunan,False,True
371,523,360881,430224,midstream,midstream,Jiangxi,Hunan,False,True
372,515,360902,430181,midstream,midstream,Jiangxi,Hunan,False,True
372,374,360902,360922,midstream,midstream,Jiangxi,Jiangxi,False,False
372,375,360902,360923,midstream,midstream,Jiangxi,Jiangxi,False,False
373,381,360921,360983,midstream,midstream,Jiangxi,Jiangxi,False,False
373,376,360921,360924,midstream,midstream,Jiangxi,Jiangxi,False,False
373,377,360921,360925,midstream,midstream,Jiangxi,Jiangxi,False,False
374,515,360922,430181,midstream,midstream,Jiangxi,Hunan,False,True
374,375,360922,360923,midstream,midstream,Jiangxi,Jiangxi,False,False
374,376,360922,360924,midstream,midstream,Jiangxi,Jiangxi,False,False
374,378,360922,360926,midstream,midstream,Jiangxi,Jiangxi,False,False
375,381,360923,360983,midstream,midstream,Jiangxi,Jiangxi,False,False
375,376,360923,360924,midstream,midstream,Jiangxi,Jiangxi,False,False
376,381,360924,360983,midstream,midstream,Jiangxi,Jiangxi,False,False
376,378,360924,360926,midstream,midstream,Jiangxi,Jiangxi,False,False
378,515,360926,430181,midstream,midstream,Jiangxi,Hunan,False,True
378,561,360926,430626,midstream,midstream,Jiangxi,Hunan,False,True
379,388,360981,361025,midstream,midstream,Jiangxi,Jiangxi,False,False
379,387,360981,361024,midstream,midstream,Jiangxi,Jiangxi,False,False
379,382,360981,361002,midstream,midstream,Jiangxi,Jiangxi,False,False
379,380,360981,360982,midstream,midstream,Jiangxi,Jiangxi,False,False
379,381,360981,360983,midstream,midstream,Jiangxi,Jiangxi,False,False
380,381,360982,360983,midstream,midstream,Jiangxi,Jiangxi,False,False
382,389,361002,361026,midstream,midstream,Jiangxi,Jiangxi,False,False
382,384,361002,361021,midstream,midstream,Jiangxi,Jiangxi,False,False
382,390,361002,361027,midstream,midstream,Jiangxi,Jiangxi,False,False
382,383,361002,361003,midstream,midstream,Jiangxi,Jiangxi,False,False
382,387,361002,361024,midstream,midstream,Jiangxi,Jiangxi,False,False
383,390,361003,361027,midstream,midstream,Jiangxi,Jiangxi,False,False
383,400,361003,361127,midstream,midstream,Jiangxi,Jiangxi,False,False
384,389,361021,361026,midstream,midstream,Jiangxi,Jiangxi,False,False
384,386,361021,361023,midstream,midstream,Jiangxi,Jiangxi,False,False
384,385,361021,361022,midstream,midstream,Jiangxi,Jiangxi,False,False
384,391,361021,361028,midstream,midstream,Jiangxi,Jiangxi,False,False
384,390,361021,361027,midstream,midstream,Jiangxi,Jiangxi,False,False
385,386,361022,361023,midstream,midstream,Jiangxi,Jiangxi,False,False
385,391,361022,361028,midstream,midstream,Jiangxi,Jiangxi,False,False
386,392,361023,361030,midstream,midstream,Jiangxi,Jiangxi,False,False
386,389,361023,361026,midstream,midstream,Jiangxi,Jiangxi,False,False
387,388,361024,361025,midstream,midstream,Jiangxi,Jiangxi,False,False
387,389,361024,361026,midstream,midstream,Jiangxi,Jiangxi,False,False
388,389,361025,361026,midstream,midstream,Jiangxi,Jiangxi,False,False
390,391,361027,361028,midstream,midstream,Jiangxi,Jiangxi,False,False
393,394,361102,361103,midstream,midstream,Jiangxi,Jiangxi,False,False
393,395,361102,361104,midstream,midstream,Jiangxi,Jiangxi,False,False
393,396,361102,361123,midstream,midstream,Jiangxi,Jiangxi,False,False
394,395,361103,361104,midstream,midstream,Jiangxi,Jiangxi,False,False
394,396,361103,361123,midstream,midstream,Jiangxi,Jiangxi,False,False
395,397,361104,361124,midstream,midstream,Jiangxi,Jiangxi,False,False
395,398,361104,361125,midstream,midstream,Jiangxi,Jiangxi,False,False
395,396,361104,361123,midstream,midstream,Jiangxi,Jiangxi,False,False
395,404,361104,361181,midstream,midstream,Jiangxi,Jiangxi,False,False
396,404,361123,361181,midstream,midstream,Jiangxi,Jiangxi,False,False
397,399,361124,361126,midstream,midstream,Jiangxi,Jiangxi,False,False
397,398,361124,361125,midstream,midstream,Jiangxi,Jiangxi,False,False
398,399,361125,361126,midstream,midstream,Jiangxi,Jiangxi,False,False
398,404,361125,361181,midstream,midstream,Jiangxi,Jiangxi,False,False
399,402,361126,361129,midstream,midstream,Jiangxi,Jiangxi,False,False
399,404,361126,361181,midstream,midstream,Jiangxi,Jiangxi,False,False
400,402,361127,361129,midstream,midstream,Jiangxi,Jiangxi,False,False
400,401,361127,361128,midstream,midstream,Jiangxi,Jiangxi,False,False
401,402,361128,361129,midstream,midstream,Jiangxi,Jiangxi,False,False
403,404,361130,361181,midstream,midstream,Jiangxi,Jiangxi,False,False
405,409,420102,420106,midstream,midstream,Hubei,Hubei,False,False
405,411,420102,420111,midstream,midstream,Hubei,Hubei,False,False
405,406,420102,420103,midstream,midstream,Hubei,Hubei,False,False
405,410,420102,420107,midstream,midstream,Hubei,Hubei,False,False
405,412,420102,420112,midstream,midstream,Hubei,Hubei,False,False
405,416,420102,420116,midstream,midstream,Hubei,Hubei,False,False
406,409,420103,420106,midstream,midstream,Hubei,Hubei,False,False
406,408,420103,420105,midstream,midstream,Hubei,Hubei,False,False
406,407,420103,420104,midstream,midstream,Hubei,Hubei,False,False
406,412,420103,420112,midstream,midstream,Hubei,Hubei,False,False
407,408,420104,420105,midstream,midstream,Hubei,Hubei,False,False
407,412,420104,420112,midstream,midstream,Hubei,Hubei,False,False
408,414,420105,420114,midstream,midstream,Hubei,Hubei,False,False
408,409,420105,420106,midstream,midstream,Hubei,Hubei,False,False
408,411,420105,420111,midstream,midstream,Hubei,Hubei,False,False
408,412,420105,420112,midstream,midstream,Hubei,Hubei,False,False
409,415,420106,420115,midstream,midstream,Hubei,Hubei,False,False
409,411,420106,420111,midstream,midstream,Hubei,Hubei,False,False
409,410,420106,420107,midstream,midstream,Hubei,Hubei,False,False
410,411,420107,420111,midstream,midstream,Hubei,Hubei,False,False
411,415,420111,420115,midstream,midstream,Hubei,Hubei,False,False
411,414,420111,420114,midstream,midstream,Hubei,Hubei,False,False
411,455,420111,420703,midstream,midstream,Hubei,Hubei,False,False
411,417,420111,420117,midstream,midstream,Hubei,Hubei,False,False
411,416,420111,420116,midstream,midstream,Hubei,Hubei,False,False
412,414,420112,420114,midstream,midstream,Hubei,Hubei,False,False
412,468,420112,420984,midstream,midstream,Hubei,Hubei,False,False
412,462,420112,420902,midstream,midstream,Hubei,Hubei,False,False
412,416,420112,420116,midstream,midstream,Hubei,Hubei,False,False
413,475,420113,421083,midstream,midstream,Hubei,Hubei,False,False
413,488,420113,421221,midstream,midstream,Hubei,Hubei,False,False
413,504,420113,429004,midstream,midstream,Hubei,Hubei,False,False
413,415,420113,420115,midstream,midstream,Hubei,Hubei,False,False
413,414,420113,420114,midstream,midstream,Hubei,Hubei,False,False
414,504,420114,429004,midstream,midstream,Hubei,Hubei,False,False
414,415,420114,420115,midstream,midstream,Hubei,Hubei,False,False
414,468,420114,420984,midstream,midstream,Hubei,Hubei,False,False
415,487,420115,421202,midstream,midstream,Hubei,Hubei,False,False
415,488,420115,421221,midstream,midstream,Hubei,Hubei,False,False
415,423,420115,420281,midstream,midstream,Hubei,Hubei,False,False
415,454,420115,420702,midstream,midstream,Hubei,Hubei,False,False
415,455,420115,420703,midstream,midstream,Hubei,Hubei,False,False
416,417,420116,420117,midstream,midstream,Hubei,Hubei,False,False
416,462,420116,420902,midstream,midstream,Hubei,Hubei,False,False
416,463,420116,420921,midstream,midstream,Hubei,Hubei,False,False
416,479,420116,421122,midstream,midstream,Hubei,Hubei,False,False
416,464,420116,420922,midstream,midstream,Hubei,Hubei,False,False
417,455,420117,420703,midstream,midstream,Hubei,Hubei,False,False
417,478,420117,421121,midstream,midstream,Hubei,Hubei,False,False
417,479,420117,421122,midstream,midstream,Hubei,Hubei,False,False
417,485,420117,421181,midstream,midstream,Hubei,Hubei,False,False
418,419,420202,420203,midstream,midstream,Hubei,Hubei,False,False
418,420,420202,420204,midstream,midstream,Hubei,Hubei,False,False
418,456,420202,420704,midstream,midstream,Hubei,Hubei,False,False
418,482,420202,421125,midstream,midstream,Hubei,Hubei,False,False
419,422,420203,420222,midstream,midstream,Hubei,Hubei,False,False
419,423,420203,420281,midstream,midstream,Hubei,Hubei,False,False
419,420,420203,420204,midstream,midstream,Hubei,Hubei,False,False
419,482,420203,421125,midstream,midstream,Hubei,Hubei,False,False
419,483,420203,421126,midstream,midstream,Hubei,Hubei,False,False
420,423,420204,420281,midstream,midstream,Hubei,Hubei,False,False
420,421,420204,420205,midstream,midstream,Hubei,Hubei,False,False
420,456,420204,420704,midstream,midstream,Hubei,Hubei,False,False
421,423,420205,420281,midstream,midstream,Hubei,Hubei,False,False
421,456,420205,420704,midstream,midstream,Hubei,Hubei,False,False
422,491,420222,421224,midstream,midstream,Hubei,Hubei,False,False
422,487,420222,421202,midstream,midstream,Hubei,Hubei,False,False
422,423,420222,420281,midstream,midstream,Hubei,Hubei,False,False
422,486,420222,421182,midstream,midstream,Hubei,Hubei,False,False
422,483,420222,421126,midstream,midstream,Hubei,Hubei,False,False
423,487,420281,421202,midstream,midstream,Hubei,Hubei,False,False
423,454,420281,420702,midstream,midstream,Hubei,Hubei,False,False
423,456,420281,420704,midstream,midstream,Hubei,Hubei,False,False
424,430,420302,420325,midstream,midstream,Hubei,Hubei,False,False
424,425,420302,420303,midstream,midstream,Hubei,Hubei,False,False
424,431,420302,420381,midstream,midstream,Hubei,Hubei,False,False
424,426,420302,420304,midstream,midstream,Hubei,Hubei,False,False
425,430,420303,420325,midstream,midstream,Hubei,Hubei,False,False
425,426,420303,420304,midstream,midstream,Hubei,Hubei,False,False
426,430,420304,420325,midstream,midstream,Hubei,Hubei,False,False
426,428,420304,420323,midstream,midstream,Hubei,Hubei,False,False
426,431,420304,420381,midstream,midstream,Hubei,Hubei,False,False
426,427,420304,420322,midstream,midstream,Hubei,Hubei,False,False
428,663,420323,500238,midstream,upstream,Hubei,Chongqing,True,True
428,507,420323,429021,midstream,midstream,Hubei,Hubei,False,False
428,429,420323,420324,midstream,midstream,Hubei,Hubei,False,False
428,430,420323,420325,midstream,midstream,Hubei,Hubei,False,False
429,663,420324,500238,midstream,upstream,Hubei,Chongqing,True,True
430,507,420325,429021,midstream,midstream,Hubei,Hubei,False,False
430,450,420325,420626,midstream,midstream,Hubei,Hubei,False,False
430,431,420325,420381,midstream,midstream,Hubei,Hubei,False,False
430,449,420325,420625,midstream,midstream,Hubei,Hubei,False,False
431,449,420381,420625,midstream,midstream,Hubei,Hubei,False,False
431,451,420381,420682,midstream,midstream,Hubei,Hubei,False,False
432,433,420502,420503,midstream,midstream,Hubei,Hubei,False,False
432,434,420502,420504,midstream,midstream,Hubei,Hubei,False,False
432,436,420502,420506,midstream,midstream,Hubei,Hubei,False,False
433,435,420503,420505,midstream,midstream,Hubei,Hubei,False,False
433,434,420503,420504,midstream,midstream,Hubei,Hubei,False,False
433,436,420503,420506,midstream,midstream,Hubei,Hubei,False,False
434,442,420504,420581,midstream,midstream,Hubei,Hubei,False,False
434,435,420504,420505,midstream,midstream,Hubei,Hubei,False,False
434,440,420504,420528,midstream,midstream,Hubei,Hubei,False,False
434,436,420504,420506,midstream,midstream,Hubei,Hubei,False,False
435,442,420505,420581,midstream,midstream,Hubei,Hubei,False,False
435,444,420505,420583,midstream,midstream,Hubei,Hubei,False,False
435,436,420505,420506,midstream,midstream,Hubei,Hubei,False,False
436,444,420506,420583,midstream,midstream,Hubei,Hubei,False,False
436,440,420506,420528,midstream,midstream,Hubei,Hubei,False,False
436,439,420506,420527,midstream,midstream,Hubei,Hubei,False,False
436,443,420506,420582,midstream,midstream,Hubei,Hubei,False,False
436,437,420506,420525,midstream,midstream,Hubei,Hubei,False,False
436,438,420506,420526,midstream,midstream,Hubei,Hubei,False,False
436,450,420506,420626,midstream,midstream,Hubei,Hubei,False,False
437,443,420525,420582,midstream,midstream,Hubei,Hubei,False,False
437,457,420525,420802,midstream,midstream,Hubei,Hubei,False,False
437,448,420525,420624,midstream,midstream,Hubei,Hubei,False,False
437,450,420525,420626,midstream,midstream,Hubei,Hubei,False,False
438,499,420526,422823,midstream,midstream,Hubei,Hubei,False,False
438,439,420526,420527,midstream,midstream,Hubei,Hubei,False,False
438,507,420526,429021,midstream,midstream,Hubei,Hubei,False,False
438,450,420526,420626,midstream,midstream,Hubei,Hubei,False,False
439,440,420527,420528,midstream,midstream,Hubei,Hubei,False,False
439,499,420527,422823,midstream,midstream,Hubei,Hubei,False,False
440,442,420528,420581,midstream,midstream,Hubei,Hubei,False,False
440,441,420528,420529,midstream,midstream,Hubei,Hubei,False,False
440,499,420528,422823,midstream,midstream,Hubei,Hubei,False,False
441,571,420529,430726,midstream,midstream,Hubei,Hunan,False,True
441,503,420529,422828,midstream,midstream,Hubei,Hubei,False,False
441,442,420529,420581,midstream,midstream,Hubei,Hubei,False,False
441,499,420529,422823,midstream,midstream,Hubei,Hubei,False,False
441,476,420529,421087,midstream,midstream,Hubei,Hubei,False,False
442,444,420581,420583,midstream,midstream,Hubei,Hubei,False,False
442,476,420581,421087,midstream,midstream,Hubei,Hubei,False,False
443,470,420582,421003,midstream,midstream,Hubei,Hubei,False,False
443,444,420582,420583,midstream,midstream,Hubei,Hubei,False,False
443,459,420582,420822,midstream,midstream,Hubei,Hubei,False,False
443,458,420582,420804,midstream,midstream,Hubei,Hubei,False,False
443,457,420582,420802,midstream,midstream,Hubei,Hubei,False,False
444,470,420583,421003,midstream,midstream,Hubei,Hubei,False,False
444,476,420583,421087,midstream,midstream,Hubei,Hubei,False,False
445,448,420602,420624,midstream,midstream,Hubei,Hubei,False,False
445,453,420602,420684,midstream,midstream,Hubei,Hubei,False,False
445,446,420602,420606,midstream,midstream,Hubei,Hubei,False,False
445,449,420602,420625,midstream,midstream,Hubei,Hubei,False,False
445,447,420602,420607,midstream,midstream,Hubei,Hubei,False,False
446,449,420606,420625,midstream,midstream,Hubei,Hubei,False,False
446,447,420606,420607,midstream,midstream,Hubei,Hubei,False,False
446,451,420606,420682,midstream,midstream,Hubei,Hubei,False,False
447,453,420607,420684,midstream,midstream,Hubei,Hubei,False,False
447,452,420607,420683,midstream,midstream,Hubei,Hubei,False,False
447,451,420607,420682,midstream,midstream,Hubei,Hubei,False,False
448,457,420624,420802,midstream,midstream,Hubei,Hubei,False,False
448,450,420624,420626,midstream,midstream,Hubei,Hubei,False,False
448,453,420624,420684,midstream,midstream,Hubei,Hubei,False,False
448,449,420624,420625,midstream,midstream,Hubei,Hubei,False,False
449,450,420625,420626,midstream,midstream,Hubei,Hubei,False,False
449,451,420625,420682,midstream,midstream,Hubei,Hubei,False,False
450,507,420626,429021,midstream,midstream,Hubei,Hubei,False,False
452,453,420683,420684,midstream,midstream,Hubei,Hubei,False,False
452,494,420683,421321,midstream,midstream,Hubei,Hubei,False,False
453,457,420684,420802,midstream,midstream,Hubei,Hubei,False,False
453,460,420684,420881,midstream,midstream,Hubei,Hubei,False,False
453,494,420684,421321,midstream,midstream,Hubei,Hubei,False,False
454,456,420702,420704,midstream,midstream,Hubei,Hubei,False,False
454,455,420702,420703,midstream,midstream,Hubei,Hubei,False,False
455,456,420703,420704,midstream,midstream,Hubei,Hubei,False,False
455,477,420703,421102,midstream,midstream,Hubei,Hubei,False,False
455,478,420703,421121,midstream,midstream,Hubei,Hubei,False,False
456,477,420704,421102,midstream,midstream,Hubei,Hubei,False,False
456,482,420704,421125,midstream,midstream,Hubei,Hubei,False,False
457,458,420802,420804,midstream,midstream,Hubei,Hubei,False,False
457,460,420802,420881,midstream,midstream,Hubei,Hubei,False,False
458,459,420804,420822,midstream,midstream,Hubei,Hubei,False,False
458,460,420804,420881,midstream,midstream,Hubei,Hubei,False,False
459,469,420822,421002,midstream,midstream,Hubei,Hubei,False,False
459,470,420822,421003,midstream,midstream,Hubei,Hubei,False,False
459,505,420822,429005,midstream,midstream,Hubei,Hubei,False,False
459,506,420822,429006,midstream,midstream,Hubei,Hubei,False,False
459,460,420822,420881,midstream,midstream,Hubei,Hubei,False,False
460,506,420881,429006,midstream,midstream,Hubei,Hubei,False,False
460,461,420881,420882,midstream,midstream,Hubei,Hubei,False,False
460,494,420881,421321,midstream,midstream,Hubei,Hubei,False,False
461,506,420882,429006,midstream,midstream,Hubei,Hubei,False,False
461,466,420882,420981,midstream,midstream,Hubei,Hubei,False,False
461,467,420882,420982,midstream,midstream,Hubei,Hubei,False,False
461,494,420882,421321,midstream,midstream,Hubei,Hubei,False,False
461,493,420882,421303,midstream,midstream,Hubei,Hubei,False,False
462,468,420902,420984,midstream,midstream,Hubei,Hubei,False,False
462,465,420902,420923,midstream,midstream,Hubei,Hubei,False,False
462,463,420902,420921,midstream,midstream,Hubei,Hubei,False,False
463,465,420921,420923,midstream,midstream,Hubei,Hubei,False,False
463,467,420921,420982,midstream,midstream,Hubei,Hubei,False,False
463,464,420921,420922,midstream,midstream,Hubei,Hubei,False,False
463,495,420921,421381,midstream,midstream,Hubei,Hubei,False,False
464,479,420922,421122,midstream,midstream,Hubei,Hubei,False,False
464,495,420922,421381,midstream,midstream,Hubei,Hubei,False,False
465,468,420923,420984,midstream,midstream,Hubei,Hubei,False,False
465,466,420923,420981,midstream,midstream,Hubei,Hubei,False,False
465,467,420923,420982,midstream,midstream,Hubei,Hubei,False,False
466,506,420981,429006,midstream,midstream,Hubei,Hubei,False,False
466,468,420981,420984,midstream,midstream,Hubei,Hubei,False,False
466,467,420981,420982,midstream,midstream,Hubei,Hubei,False,False
467,493,420982,421303,midstream,midstream,Hubei,Hubei,False,False
467,495,420982,421381,midstream,midstream,Hubei,Hubei,False,False
468,506,420984,429006,midstream,midstream,Hubei,Hubei,False,False
468,504,420984,429004,midstream,midstream,Hubei,Hubei,False,False
469,473,421002,421024,midstream,midstream,Hubei,Hubei,False,False
469,470,421002,421003,midstream,midstream,Hubei,Hubei,False,False
469,505,421002,429005,midstream,midstream,Hubei,Hubei,False,False
469,471,421002,421022,midstream,midstream,Hubei,Hubei,False,False
470,471,421003,421022,midstream,midstream,Hubei,Hubei,False,False
470,476,421003,421087,midstream,midstream,Hubei,Hubei,False,False
471,473,421022,421024,midstream,midstream,Hubei,Hubei,False,False
471,566,421022,430721,midstream,midstream,Hubei,Hunan,False,True
471,568,421022,430723,midstream,midstream,Hubei,Hunan,False,True
471,474,421022,421081,midstream,midstream,Hubei,Hubei,False,False
471,476,421022,421087,midstream,midstream,Hubei,Hubei,False,False
472,473,421023,421024,midstream,midstream,Hubei,Hubei,False,False
472,505,421023,429005,midstream,midstream,Hubei,Hubei,False,False
472,558,421023,430621,midstream,midstream,Hubei,Hunan,False,True
472,555,421023,430602,midstream,midstream,Hubei,Hunan,False,True
472,557,421023,430611,midstream,midstream,Hubei,Hunan,False,True
472,559,421023,430623,midstream,midstream,Hubei,Hunan,False,True
472,474,421023,421081,midstream,midstream,Hubei,Hubei,False,False
472,556,421023,430603,midstream,midstream,Hubei,Hunan,False,True
472,563,421023,430682,midstream,midstream,Hubei,Hunan,False,True
472,475,421023,421083,midstream,midstream,Hubei,Hubei,False,False
472,504,421023,429004,midstream,midstream,Hubei,Hubei,False,False
473,505,421024,429005,midstream,midstream,Hubei,Hubei,False,False
473,474,421024,421081,midstream,midstream,Hubei,Hubei,False,False
474,579,421081,430921,midstream,midstream,Hubei,Hunan,False,True
474,566,421081,430721,midstream,midstream,Hubei,Hunan,False,True
474,559,421081,430623,midstream,midstream,Hubei,Hunan,False,True
475,563,421083,430682,midstream,midstream,Hubei,Hunan,False,True
475,492,421083,421281,midstream,midstream,Hubei,Hubei,False,False
475,488,421083,421221,midstream,midstream,Hubei,Hubei,False,False
475,504,421083,429004,midstream,midstream,Hubei,Hubei,False,False
476,571,421087,430726,midstream,midstream,Hubei,Hunan,False,True
476,568,421087,430723,midstream,midstream,Hubei,Hunan,False,True
477,482,421102,421125,midstream,midstream,Hubei,Hubei,False,False
477,478,421102,421121,midstream,midstream,Hubei,Hubei,False,False
478,482,421121,421125,midstream,midstream,Hubei,Hubei,False,False
478,480,421121,421123,midstream,midstream,Hubei,Hubei,False,False
478,485,421121,421181,midstream,midstream,Hubei,Hubei,False,False
479,485,421122,421181,midstream,midstream,Hubei,Hubei,False,False
480,482,421123,421125,midstream,midstream,Hubei,Hubei,False,False
480,481,421123,421124,midstream,midstream,Hubei,Hubei,False,False
480,485,421123,421181,midstream,midstream,Hubei,Hubei,False,False
481,482,421124,421125,midstream,midstream,Hubei,Hubei,False,False
481,483,421124,421126,midstream,midstream,Hubei,Hubei,False,False
482,483,421125,421126,midstream,midstream,Hubei,Hubei,False,False
483,486,421126,421182,midstream,midstream,Hubei,Hubei,False,False
483,484,421126,421127,midstream,midstream,Hubei,Hubei,False,False
484,486,421127,421182,midstream,midstream,Hubei,Hubei,False,False
487,490,421202,421223,midstream,midstream,Hubei,Hubei,False,False
487,491,421202,421224,midstream,midstream,Hubei,Hubei,False,False
487,492,421202,421281,midstream,midstream,Hubei,Hubei,False,False
487,488,421202,421221,midstream,midstream,Hubei,Hubei,False,False
488,492,421221,421281,midstream,midstream,Hubei,Hubei,False,False
489,561,421222,430626,midstream,midstream,Hubei,Hunan,False,True
489,558,421222,430621,midstream,midstream,Hubei,Hunan,False,True
489,490,421222,421223,midstream,midstream,Hubei,Hubei,False,False
489,563,421222,430682,midstream,midstream,Hubei,Hunan,False,True
490,563,421223,430682,midstream,midstream,Hubei,Hunan,False,True
490,491,421223,421224,midstream,midstream,Hubei,Hubei,False,False
490,492,421223,421281,midstream,midstream,Hubei,Hubei,False,False
492,563,421281,430682,midstream,midstream,Hubei,Hunan,False,True
493,494,421303,421321,midstream,midstream,Hubei,Hubei,False,False
493,495,421303,421381,midstream,midstream,Hubei,Hubei,False,False
494,495,421321,421381,midstream,midstream,Hubei,Hubei,False,False
496,501,422801,422826,midstream,midstream,Hubei,Hubei,False,False
496,500,422801,422825,midstream,midstream,Hubei,Hubei,False,False
496,503,422801,422828,midstream,midstream,Hubei,Hubei,False,False
496,497,422801,422802,midstream,midstream,Hubei,Hubei,False,False
496,498,422801,422822,midstream,midstream,Hubei,Hubei,False,False
496,661,422801,500236,midstream,upstream,Hubei,Chongqing,True,True
497,667,422802,500243,midstream,upstream,Hubei,Chongqing,True,True
497,643,422802,500114,midstream,upstream,Hubei,Chongqing,True,True
497,501,422802,422826,midstream,midstream,Hubei,Hubei,False,False
497,664,422802,500240,midstream,upstream,Hubei,Chongqing,True,True
497,630,422802,500101,midstream,upstream,Hubei,Chongqing,True,True
497,661,422802,500236,midstream,upstream,Hubei,Chongqing,True,True
497,660,422802,500235,midstream,upstream,Hubei,Chongqing,True,True
498,503,422822,422828,midstream,midstream,Hubei,Hubei,False,False
498,499,422822,422823,midstream,midstream,Hubei,Hubei,False,False
498,661,422822,500236,midstream,upstream,Hubei,Chongqing,True,True
498,662,422822,500237,midstream,upstream,Hubei,Chongqing,True,True
499,503,422823,422828,midstream,midstream,Hubei,Hubei,False,False
499,662,422823,500237,midstream,upstream,Hubei,Chongqing,True,True
499,507,422823,429021,midstream,midstream,Hubei,Hubei,False,False
500,629,422825,433130,midstream,midstream,Hubei,Hunan,False,True
500,502,422825,422827,midstream,midstream,Hubei,Hubei,False,False
500,576,422825,430822,midstream,midstream,Hubei,Hunan,False,True
500,501,422825,422826,midstream,midstream,Hubei,Hubei,False,False
500,503,422825,422828,midstream,midstream,Hubei,Hubei,False,False
501,666,422826,500242,midstream,upstream,Hubei,Chongqing,True,True
501,502,422826,422827,midstream,midstream,Hubei,Hubei,False,False
501,643,422826,500114,midstream,upstream,Hubei,Chongqing,True,True
502,666,422827,500242,midstream,upstream,Hubei,Chongqing,True,True
502,629,422827,433130,midstream,midstream,Hubei,Hunan,False,True
503,576,422828,430822,midstream,midstream,Hubei,Hunan,False,True
503,571,422828,430726,midstream,midstream,Hubei,Hunan,False,True
504,505,429004,429005,midstream,midstream,Hubei,Hubei,False,False
504,506,429004,429006,midstream,midstream,Hubei,Hubei,False,False
505,506,429005,429006,midstream,midstream,Hubei,Hubei,False,False
507,662,429021,500237,midstream,upstream,Hubei,Chongqing,True,True
507,663,429021,500238,midstream,upstream,Hubei,Chongqing,True,True
508,509,430102,430103,midstream,midstream,Hunan,Hunan,False,False
508,511,430102,430105,midstream,midstream,Hunan,Hunan,False,False
508,512,430102,430111,midstream,midstream,Hunan,Hunan,False,False
508,514,430102,430121,midstream,midstream,Hunan,Hunan,False,False
509,527,430103,430304,midstream,midstream,Hunan,Hunan,False,False
509,526,430103,430302,midstream,midstream,Hunan,Hunan,False,False
509,510,430103,430104,midstream,midstream,Hunan,Hunan,False,False
509,511,430103,430105,midstream,midstream,Hunan,Hunan,False,False
509,512,430103,430111,midstream,midstream,Hunan,Hunan,False,False
510,526,430104,430302,midstream,midstream,Hunan,Hunan,False,False
510,516,430104,430182,midstream,midstream,Hunan,Hunan,False,False
510,511,430104,430105,midstream,midstream,Hunan,Hunan,False,False
510,513,430104,430112,midstream,midstream,Hunan,Hunan,False,False
511,513,430105,430112,midstream,midstream,Hunan,Hunan,False,False
511,514,430105,430121,midstream,midstream,Hunan,Hunan,False,False
512,527,430111,430304,midstream,midstream,Hunan,Hunan,False,False
512,519,430111,430204,midstream,midstream,Hunan,Hunan,False,False
512,515,430111,430181,midstream,midstream,Hunan,Hunan,False,False
512,514,430111,430121,midstream,midstream,Hunan,Hunan,False,False
513,516,430112,430182,midstream,midstream,Hunan,Hunan,False,False
513,578,430112,430903,midstream,midstream,Hunan,Hunan,False,False
513,560,430112,430624,midstream,midstream,Hunan,Hunan,False,False
513,562,430112,430681,midstream,midstream,Hunan,Hunan,False,False
513,514,430112,430121,midstream,midstream,Hunan,Hunan,False,False
514,515,430121,430181,midstream,midstream,Hunan,Hunan,False,False
514,562,430121,430681,midstream,midstream,Hunan,Hunan,False,False
514,561,430121,430626,midstream,midstream,Hunan,Hunan,False,False
515,525,430181,430281,midstream,midstream,Hunan,Hunan,False,False
515,518,430181,430203,midstream,midstream,Hunan,Hunan,False,False
515,517,430181,430202,midstream,midstream,Hunan,Hunan,False,False
515,519,430181,430204,midstream,midstream,Hunan,Hunan,False,False
515,561,430181,430626,midstream,midstream,Hunan,Hunan,False,False
516,528,430182,430321,midstream,midstream,Hunan,Hunan,False,False
516,621,430182,431382,midstream,midstream,Hunan,Hunan,False,False
516,617,430182,431302,midstream,midstream,Hunan,Hunan,False,False
516,529,430182,430381,midstream,midstream,Hunan,Hunan,False,False
516,530,430182,430382,midstream,midstream,Hunan,Hunan,False,False
516,526,430182,430302,midstream,midstream,Hunan,Hunan,False,False
516,581,430182,430923,midstream,midstream,Hunan,Hunan,False,False
516,580,430182,430922,midstream,midstream,Hunan,Hunan,False,False
516,578,430182,430903,midstream,midstream,Hunan,Hunan,False,False
517,518,430202,430203,midstream,midstream,Hunan,Hunan,False,False
517,519,430202,430204,midstream,midstream,Hunan,Hunan,False,False
518,521,430203,430212,midstream,midstream,Hunan,Hunan,False,False
518,520,430203,430211,midstream,midstream,Hunan,Hunan,False,False
518,525,430203,430281,midstream,midstream,Hunan,Hunan,False,False
518,519,430203,430204,midstream,midstream,Hunan,Hunan,False,False
519,527,430204,430304,midstream,midstream,Hunan,Hunan,False,False
519,520,430204,430211,midstream,midstream,Hunan,Hunan,False,False
520,528,430211,430321,midstream,midstream,Hunan,Hunan,False,False
520,527,430211,430304,midstream,midstream,Hunan,Hunan,False,False
520,521,430211,430212,midstream,midstream,Hunan,Hunan,False,False
521,528,430212,430321,midstream,midstream,Hunan,Hunan,False,False
521,539,430212,430424,midstream,midstream,Hunan,Hunan,False,False
521,522,430212,430223,midstream,midstream,Hunan,Hunan,False,False
521,525,430212,430281,midstream,midstream,Hunan,Hunan,False,False
522,592,430223,431028,midstream,midstream,Hunan,Hunan,False,False
522,523,430223,430224,midstream,midstream,Hunan,Hunan,False,False
522,539,430223,430424,midstream,midstream,Hunan,Hunan,False,False
522,525,430223,430281,midstream,midstream,Hunan,Hunan,False,False
523,524,430224,430225,midstream,midstream,Hunan,Hunan,False,False
523,592,430224,431028,midstream,midstream,Hunan,Hunan,False,False
524,593,430225,431081,midstream,midstream,Hunan,Hunan,False,False
524,591,430225,431027,midstream,midstream,Hunan,Hunan,False,False
524,592,430225,431028,midstream,midstream,Hunan,Hunan,False,False
526,528,430302,430321,midstream,midstream,Hunan,Hunan,False,False
526,527,430302,430304,midstream,midstream,Hunan,Hunan,False,False
527,528,430304,430321,midstream,midstream,Hunan,Hunan,False,False
528,538,430321,430423,midstream,midstream,Hunan,Hunan,False,False
528,618,430321,431321,midstream,midstream,Hunan,Hunan,False,False
528,529,430321,430381,midstream,midstream,Hunan,Hunan,False,False
528,530,430321,430382,midstream,midstream,Hunan,Hunan,False,False
528,539,430321,430424,midstream,midstream,Hunan,Hunan,False,False
529,618,430381,431321,midstream,midstream,Hunan,Hunan,False,False
529,617,430381,431302,midstream,midstream,Hunan,Hunan,False,False
529,530,430381,430382,midstream,midstream,Hunan,Hunan,False,False
531,537,430405,430422,midstream,midstream,Hunan,Hunan,False,False
531,532,430405,430406,midstream,midstream,Hunan,Hunan,False,False
531,533,430405,430407,midstream,midstream,Hunan,Hunan,False,False
531,536,430405,430421,midstream,midstream,Hunan,Hunan,False,False
531,538,430405,430423,midstream,midstream,Hunan,Hunan,False,False
532,537,430406,430422,midstream,midstream,Hunan,Hunan,False,False
532,534,430406,430408,midstream,midstream,Hunan,Hunan,False,False
532,533,430406,430407,midstream,midstream,Hunan,Hunan,False,False
533,534,430407,430408,midstream,midstream,Hunan,Hunan,False,False
533,536,430407,430421,midstream,midstream,Hunan,Hunan,False,False
534,537,430408,430422,midstream,midstream,Hunan,Hunan,False,False
534,536,430408,430421,midstream,midstream,Hunan,Hunan,False,False
535,536,430412,430421,midstream,midstream,Hunan,Hunan,False,False
535,538,430412,430423,midstream,midstream,Hunan,Hunan,False,False
536,540,430421,430426,midstream,midstream,Hunan,Hunan,False,False
536,537,430421,430422,midstream,midstream,Hunan,Hunan,False,False
536,554,430421,430582,midstream,midstream,Hunan,Hunan,False,False
536,538,430421,430423,midstream,midstream,Hunan,Hunan,False,False
536,618,430421,431321,midstream,midstream,Hunan,Hunan,False,False
537,542,430422,430482,midstream,midstream,Hunan,Hunan,False,False
537,541,430422,430481,midstream,midstream,Hunan,Hunan,False,False
537,540,430422,430426,midstream,midstream,Hunan,Hunan,False,False
537,538,430422,430423,midstream,midstream,Hunan,Hunan,False,False
537,592,430422,431028,midstream,midstream,Hunan,Hunan,False,False
537,539,430422,430424,midstream,midstream,Hunan,Hunan,False,False
538,618,430423,431321,midstream,midstream,Hunan,Hunan,False,False
538,539,430423,430424,midstream,midstream,Hunan,Hunan,False,False
539,592,430424,431028,midstream,midstream,Hunan,Hunan,False,False
540,542,430426,430482,midstream,midstream,Hunan,Hunan,False,False
540,596,430426,431121,midstream,midstream,Hunan,Hunan,False,False
540,597,430426,431122,midstream,midstream,Hunan,Hunan,False,False
540,595,430426,431103,midstream,midstream,Hunan,Hunan,False,False
540,547,430426,430523,midstream,midstream,Hunan,Hunan,False,False
540,554,430426,430582,midstream,midstream,Hunan,Hunan,False,False
541,542,430481,430482,midstream,midstream,Hunan,Hunan,False,False
541,585,430481,431021,midstream,midstream,Hunan,Hunan,False,False
541,587,430481,431023,midstream,midstream,Hunan,Hunan,False,False
541,592,430481,431028,midstream,midstream,Hunan,Hunan,False,False
542,596,430482,431121,midstream,midstream,Hunan,Hunan,False,False
542,585,430482,431021,midstream,midstream,Hunan,Hunan,False,False
543,544,430502,430503,midstream,midstream,Hunan,Hunan,False,False
543,554,430502,430582,midstream,midstream,Hunan,Hunan,False,False
543,545,430502,430511,midstream,midstream,Hunan,Hunan,False,False
543,546,430502,430522,midstream,midstream,Hunan,Hunan,False,False
544,547,430503,430523,midstream,midstream,Hunan,Hunan,False,False
544,554,430503,430582,midstream,midstream,Hunan,Hunan,False,False
544,545,430503,430511,midstream,midstream,Hunan,Hunan,False,False
545,547,430511,430523,midstream,midstream,Hunan,Hunan,False,False
545,546,430511,430522,midstream,midstream,Hunan,Hunan,False,False
546,547,430522,430523,midstream,midstream,Hunan,Hunan,False,False
546,554,430522,430582,midstream,midstream,Hunan,Hunan,False,False
546,548,430522,430524,midstream,midstream,Hunan,Hunan,False,False
546,620,430522,431381,midstream,midstream,Hunan,Hunan,False,False
546,621,430522,431382,midstream,midstream,Hunan,Hunan,False,False
546,619,430522,431322,midstream,midstream,Hunan,Hunan,False,False
547,597,430523,431122,midstream,midstream,Hunan,Hunan,False,False
547,551,430523,430528,midstream,midstream,Hunan,Hunan,False,False
547,553,430523,430581,midstream,midstream,Hunan,Hunan,False,False
547,554,430523,430582,midstream,midstream,Hunan,Hunan,False,False
547,548,430523,430524,midstream,midstream,Hunan,Hunan,False,False
548,553,430524,430581,midstream,midstream,Hunan,Hunan,False,False
548,549,430524,430525,midstream,midstream,Hunan,Hunan,False,False
548,609,430524,431224,midstream,midstream,Hunan,Hunan,False,False
548,619,430524,431322,midstream,midstream,Hunan,Hunan,False,False
549,550,430525,430527,midstream,midstream,Hunan,Hunan,False,False
549,553,430525,430581,midstream,midstream,Hunan,Hunan,False,False
549,610,430525,431225,midstream,midstream,Hunan,Hunan,False,False
549,616,430525,431281,midstream,midstream,Hunan,Hunan,False,False
549,609,430525,431224,midstream,midstream,Hunan,Hunan,False,False
550,615,430527,431230,midstream,midstream,Hunan,Hunan,False,False
550,552,430527,430529,midstream,midstream,Hunan,Hunan,False,False
550,614,430527,431229,midstream,midstream,Hunan,Hunan,False,False
550,553,430527,430581,midstream,midstream,Hunan,Hunan,False,False
550,610,430527,431225,midstream,midstream,Hunan,Hunan,False,False
550,616,430527,431281,midstream,midstream,Hunan,Hunan,False,False
551,552,430528,430529,midstream,midstream,Hunan,Hunan,False,False
551,597,430528,431122,midstream,midstream,Hunan,Hunan,False,False
551,553,430528,430581,midstream,midstream,Hunan,Hunan,False,False
552,615,430529,431230,midstream,midstream,Hunan,Hunan,False,False
552,553,430529,430581,midstream,midstream,Hunan,Hunan,False,False
554,618,430582,431321,midstream,midstream,Hunan,Hunan,False,False
554,621,430582,431382,midstream,midstream,Hunan,Hunan,False,False
555,558,430602,430621,midstream,midstream,Hunan,Hunan,False,False
555,556,430602,430603,midstream,midstream,Hunan,Hunan,False,False
555,563,430602,430682,midstream,midstream,Hunan,Hunan,False,False
556,563,430603,430682,midstream,midstream,Hunan,Hunan,False,False
557,558,430611,430621,midstream,midstream,Hunan,Hunan,False,False
557,559,430611,430623,midstream,midstream,Hunan,Hunan,False,False
558,562,430621,430681,midstream,midstream,Hunan,Hunan,False,False
558,582,430621,430981,midstream,midstream,Hunan,Hunan,False,False
558,579,430621,430921,midstream,midstream,Hunan,Hunan,False,False
558,561,430621,430626,midstream,midstream,Hunan,Hunan,False,False
558,559,430621,430623,midstream,midstream,Hunan,Hunan,False,False
558,563,430621,430682,midstream,midstream,Hunan,Hunan,False,False
559,579,430623,430921,midstream,midstream,Hunan,Hunan,False,False
560,578,430624,430903,midstream,midstream,Hunan,Hunan,False,False
560,577,430624,430902,midstream,midstream,Hunan,Hunan,False,False
560,562,430624,430681,midstream,midstream,Hunan,Hunan,False,False
560,582,430624,430981,midstream,midstream,Hunan,Hunan,False,False
561,562,430626,430681,midstream,midstream,Hunan,Hunan,False,False
562,582,430681,430981,midstream,midstream,Hunan,Hunan,False,False
564,570,430702,430725,midstream,midstream,Hunan,Hunan,False,False
564,567,430702,430722,midstream,midstream,Hunan,Hunan,False,False
564,565,430702,430703,midstream,midstream,Hunan,Hunan,False,False
565,581,430703,430923,midstream,midstream,Hunan,Hunan,False,False
565,580,430703,430922,midstream,midstream,Hunan,Hunan,False,False
565,570,430703,430725,midstream,midstream,Hunan,Hunan,False,False
565,567,430703,430722,midstream,midstream,Hunan,Hunan,False,False
565,566,430703,430721,midstream,midstream,Hunan,Hunan,False,False
565,569,430703,430724,midstream,midstream,Hunan,Hunan,False,False
565,572,430703,430781,midstream,midstream,Hunan,Hunan,False,False
566,567,430721,430722,midstream,midstream,Hunan,Hunan,False,False
566,579,430721,430921,midstream,midstream,Hunan,Hunan,False,False
566,572,430721,430781,midstream,midstream,Hunan,Hunan,False,False
566,568,430721,430723,midstream,midstream,Hunan,Hunan,False,False
567,580,430722,430922,midstream,midstream,Hunan,Hunan,False,False
567,577,430722,430902,midstream,midstream,Hunan,Hunan,False,False
567,582,430722,430981,midstream,midstream,Hunan,Hunan,False,False
567,579,430722,430921,midstream,midstream,Hunan,Hunan,False,False
568,571,430723,430726,midstream,midstream,Hunan,Hunan,False,False
568,569,430723,430724,midstream,midstream,Hunan,Hunan,False,False
568,572,430723,430781,midstream,midstream,Hunan,Hunan,False,False
569,571,430724,430726,midstream,midstream,Hunan,Hunan,False,False
569,570,430724,430725,midstream,midstream,Hunan,Hunan,False,False
569,572,430724,430781,midstream,midstream,Hunan,Hunan,False,False
570,581,430725,430923,midstream,midstream,Hunan,Hunan,False,False
570,607,430725,431222,midstream,midstream,Hunan,Hunan,False,False
570,573,430725,430802,midstream,midstream,Hunan,Hunan,False,False
570,575,430725,430821,midstream,midstream,Hunan,Hunan,False,False
570,571,430725,430726,midstream,midstream,Hunan,Hunan,False,False
571,575,430726,430821,midstream,midstream,Hunan,Hunan,False,False
571,576,430726,430822,midstream,midstream,Hunan,Hunan,False,False
573,607,430802,431222,midstream,midstream,Hunan,Hunan,False,False
573,628,430802,433127,midstream,midstream,Hunan,Hunan,False,False
573,574,430802,430811,midstream,midstream,Hunan,Hunan,False,False
573,575,430802,430821,midstream,midstream,Hunan,Hunan,False,False
573,576,430802,430822,midstream,midstream,Hunan,Hunan,False,False
574,575,430811,430821,midstream,midstream,Hunan,Hunan,False,False
574,576,430811,430822,midstream,midstream,Hunan,Hunan,False,False
575,576,430821,430822,midstream,midstream,Hunan,Hunan,False,False
576,628,430822,433127,midstream,midstream,Hunan,Hunan,False,False
576,629,430822,433130,midstream,midstream,Hunan,Hunan,False,False
577,580,430902,430922,midstream,midstream,Hunan,Hunan,False,False
577,578,430902,430903,midstream,midstream,Hunan,Hunan,False,False
577,582,430902,430981,midstream,midstream,Hunan,Hunan,False,False
578,580,430903,430922,midstream,midstream,Hunan,Hunan,False,False
579,582,430921,430981,midstream,midstream,Hunan,Hunan,False,False
580,581,430922,430923,midstream,midstream,Hunan,Hunan,False,False
581,609,430923,431224,midstream,midstream,Hunan,Hunan,False,False
581,621,430923,431382,midstream,midstream,Hunan,Hunan,False,False
581,619,430923,431322,midstream,midstream,Hunan,Hunan,False,False
581,607,430923,431222,midstream,midstream,Hunan,Hunan,False,False
583,589,431002,431025,midstream,midstream,Hunan,Hunan,False,False
583,585,431002,431021,midstream,midstream,Hunan,Hunan,False,False
583,586,431002,431022,midstream,midstream,Hunan,Hunan,False,False
583,584,431002,431003,midstream,midstream,Hunan,Hunan,False,False
584,585,431003,431021,midstream,midstream,Hunan,Hunan,False,False
584,586,431003,431022,midstream,midstream,Hunan,Hunan,False,False
584,593,431003,431081,midstream,midstream,Hunan,Hunan,False,False
584,587,431003,431023,midstream,midstream,Hunan,Hunan,False,False
585,596,431021,431121,midstream,midstream,Hunan,Hunan,False,False
585,589,431021,431025,midstream,midstream,Hunan,Hunan,False,False
585,588,431021,431024,midstream,midstream,Hunan,Hunan,False,False
585,603,431021,431128,midstream,midstream,Hunan,Hunan,False,False
585,587,431021,431023,midstream,midstream,Hunan,Hunan,False,False
586,589,431022,431025,midstream,midstream,Hunan,Hunan,False,False
586,590,431022,431026,midstream,midstream,Hunan,Hunan,False,False
586,593,431022,431081,midstream,midstream,Hunan,Hunan,False,False
587,593,431023,431081,midstream,midstream,Hunan,Hunan,False,False
587,592,431023,431028,midstream,midstream,Hunan,Hunan,False,False
588,602,431024,431127,midstream,midstream,Hunan,Hunan,False,False
588,589,431024,431025,midstream,midstream,Hunan,Hunan,False,False
588,601,431024,431126,midstream,midstream,Hunan,Hunan,False,False
588,603,431024,431128,midstream,midstream,Hunan,Hunan,False,False
589,602,431025,431127,midstream,midstream,Hunan,Hunan,False,False
590,593,431026,431081,midstream,midstream,Hunan,Hunan,False,False
590,591,431026,431027,midstream,midstream,Hunan,Hunan,False,False
591,593,431027,431081,midstream,midstream,Hunan,Hunan,False,False
592,593,431028,431081,midstream,midstream,Hunan,Hunan,False,False
594,596,431102,431121,midstream,midstream,Hunan,Hunan,False,False
594,597,431102,431122,midstream,midstream,Hunan,Hunan,False,False
594,595,431102,431103,midstream,midstream,Hunan,Hunan,False,False
594,598,431102,431123,midstream,midstream,Hunan,Hunan,False,False
595,596,431103,431121,midstream,midstream,Hunan,Hunan,False,False
595,597,431103,431122,midstream,midstream,Hunan,Hunan,False,False
596,601,431121,431126,midstream,midstream,Hunan,Hunan,False,False
596,598,431121,431123,midstream,midstream,Hunan,Hunan,False,False
596,603,431121,431128,midstream,midstream,Hunan,Hunan,False,False
598,599,431123,431124,midstream,midstream,Hunan,Hunan,False,False
598,601,431123,431126,midstream,midstream,Hunan,Hunan,False,False
599,604,431124,431129,midstream,midstream,Hunan,Hunan,False,False
599,600,431124,431125,midstream,midstream,Hunan,Hunan,False,False
599,601,431124,431126,midstream,midstream,Hunan,Hunan,False,False
600,604,431125,431129,midstream,midstream,Hunan,Hunan,False,False
601,604,431126,431129,midstream,midstream,Hunan,Hunan,False,False
601,602,431126,431127,midstream,midstream,Hunan,Hunan,False,False
601,603,431126,431128,midstream,midstream,Hunan,Hunan,False,False
602,604,431127,431129,midstream,midstream,Hunan,Hunan,False,False
605,613,431202,431228,midstream,midstream,Hunan,Hunan,False,False
605,606,431202,431221,midstream,midstream,Hunan,Hunan,False,False
605,611,431202,431226,midstream,midstream,Hunan,Hunan,False,False
605,608,431202,431223,midstream,midstream,Hunan,Hunan,False,False
606,616,431221,431281,midstream,midstream,Hunan,Hunan,False,False
606,613,431221,431228,midstream,midstream,Hunan,Hunan,False,False
606,609,431221,431224,midstream,midstream,Hunan,Hunan,False,False
606,608,431221,431223,midstream,midstream,Hunan,Hunan,False,False
607,609,431222,431224,midstream,midstream,Hunan,Hunan,False,False
607,608,431222,431223,midstream,midstream,Hunan,Hunan,False,False
607,623,431222,433122,midstream,midstream,Hunan,Hunan,False,False
607,627,431222,433126,midstream,midstream,Hunan,Hunan,False,False
607,628,431222,433127,midstream,midstream,Hunan,Hunan,False,False
608,611,431223,431226,midstream,midstream,Hunan,Hunan,False,False
608,609,431223,431224,midstream,midstream,Hunan,Hunan,False,False
608,623,431223,433122,midstream,midstream,Hunan,Hunan,False,False
609,616,431224,431281,midstream,midstream,Hunan,Hunan,False,False
609,619,431224,431322,midstream,midstream,Hunan,Hunan,False,False
610,614,431225,431229,midstream,midstream,Hunan,Hunan,False,False
610,917,431225,522627,midstream,upstream,Hunan,Guizhou,True,True
610,616,431225,431281,midstream,midstream,Hunan,Hunan,False,False
610,613,431225,431228,midstream,midstream,Hunan,Hunan,False,False
611,613,431226,431228,midstream,midstream,Hunan,Hunan,False,False
611,893,431226,520602,midstream,upstream,Hunan,Guizhou,True,True
611,624,431226,433123,midstream,midstream,Hunan,Hunan,False,False
611,623,431226,433122,midstream,midstream,Hunan,Hunan,False,False
612,914,431227,522624,midstream,upstream,Hunan,Guizhou,True,True
612,917,431227,522627,midstream,upstream,Hunan,Guizhou,True,True
612,915,431227,522625,midstream,upstream,Hunan,Guizhou,True,True
612,896,431227,520622,midstream,upstream,Hunan,Guizhou,True,True
612,613,431227,431228,midstream,midstream,Hunan,Hunan,False,False
612,894,431227,520603,midstream,upstream,Hunan,Guizhou,True,True
613,917,431228,522627,midstream,upstream,Hunan,Guizhou,True,True
613,616,431228,431281,midstream,midstream,Hunan,Hunan,False,False
613,894,431228,520603,midstream,upstream,Hunan,Guizhou,True,True
613,893,431228,520602,midstream,upstream,Hunan,Guizhou,True,True
614,921,431229,522631,midstream,upstream,Hunan,Guizhou,True,True
614,615,431229,431230,midstream,midstream,Hunan,Hunan,False,False
614,918,431229,522628,midstream,upstream,Hunan,Guizhou,True,True
614,917,431229,522627,midstream,upstream,Hunan,Guizhou,True,True
615,921,431230,522631,midstream,upstream,Hunan,Guizhou,True,True
617,618,431302,431321,midstream,midstream,Hunan,Hunan,False,False
617,621,431302,431382,midstream,midstream,Hunan,Hunan,False,False
618,621,431321,431382,midstream,midstream,Hunan,Hunan,False,False
619,620,431322,431381,midstream,midstream,Hunan,Hunan,False,False
619,621,431322,431382,midstream,midstream,Hunan,Hunan,False,False
620,621,431381,431382,midstream,midstream,Hunan,Hunan,False,False
622,624,433101,433123,midstream,midstream,Hunan,Hunan,False,False
622,623,433101,433122,midstream,midstream,Hunan,Hunan,False,False
622,625,433101,433124,midstream,midstream,Hunan,Hunan,False,False
622,627,433101,433126,midstream,midstream,Hunan,Hunan,False,False
622,626,433101,433125,midstream,midstream,Hunan,Hunan,False,False
623,624,433122,433123,midstream,midstream,Hunan,Hunan,False,False
623,627,433122,433126,midstream,midstream,Hunan,Hunan,False,False
624,893,433123,520602,midstream,upstream,Hunan,Guizhou,True,True
624,902,433123,520628,midstream,upstream,Hunan,Guizhou,True,True
624,625,433123,433124,midstream,midstream,Hunan,Hunan,False,False
625,902,433124,520628,midstream,upstream,Hunan,Guizhou,True,True
625,665,433124,500241,midstream,upstream,Hunan,Chongqing,True,True
625,626,433124,433125,midstream,midstream,Hunan,Hunan,False,False
626,665,433125,500241,midstream,upstream,Hunan,Chongqing,True,True
626,627,433125,433126,midstream,midstream,Hunan,Hunan,False,False
626,628,433125,433127,midstream,midstream,Hunan,Hunan,False,False
626,629,433125,433130,midstream,midstream,Hunan,Hunan,False,False
627,628,433126,433127,midstream,midstream,Hunan,Hunan,False,False
628,629,433127,433130,midstream,midstream,Hunan,Hunan,False,False
629,665,433130,500241,midstream,upstream,Hunan,Chongqing,True,True
629,666,433130,500242,midstream,upstream,Hunan,Chongqing,True,True
630,664,500101,500240,upstream,upstream,Chongqing,Chongqing,False,False
630,659,500101,500233,upstream,upstream,Chongqing,Chongqing,False,False
630,783,500101,511723,upstream,upstream,Chongqing,Sichuan,False,True
630,654,500101,500155,upstream,upstream,Chongqing,Chongqing,False,False
630,660,500101,500235,upstream,upstream,Chongqing,Chongqing,False,False
630,653,500101,500154,upstream,upstream,Chongqing,Chongqing,False,False
631,648,500102,500119,upstream,upstream,Chongqing,Chongqing,False,False
631,655,500102,500156,upstream,upstream,Chongqing,Chongqing,False,False
631,642,500102,500113,upstream,upstream,Chongqing,Chongqing,False,False
631,657,500102,500230,upstream,upstream,Chongqing,Chongqing,False,False
631,644,500102,500115,upstream,upstream,Chongqing,Chongqing,False,False
631,658,500102,500231,upstream,upstream,Chongqing,Chongqing,False,False
632,636,500103,500107,upstream,upstream,Chongqing,Chongqing,False,False
632,637,500103,500108,upstream,upstream,Chongqing,Chongqing,False,False
632,634,500103,500105,upstream,upstream,Chongqing,Chongqing,False,False
632,635,500103,500106,upstream,upstream,Chongqing,Chongqing,False,False
633,645,500104,500116,upstream,upstream,Chongqing,Chongqing,False,False
633,636,500104,500107,upstream,upstream,Chongqing,Chongqing,False,False
633,642,500104,500113,upstream,upstream,Chongqing,Chongqing,False,False
634,642,500105,500113,upstream,upstream,Chongqing,Chongqing,False,False
634,637,500105,500108,upstream,upstream,Chongqing,Chongqing,False,False
634,635,500105,500106,upstream,upstream,Chongqing,Chongqing,False,False
634,641,500105,500112,upstream,upstream,Chongqing,Chongqing,False,False
635,636,500106,500107,upstream,upstream,Chongqing,Chongqing,False,False
635,649,500106,500120,upstream,upstream,Chongqing,Chongqing,False,False
635,641,500106,500112,upstream,upstream,Chongqing,Chongqing,False,False
635,638,500106,500109,upstream,upstream,Chongqing,Chongqing,False,False
636,645,500107,500116,upstream,upstream,Chongqing,Chongqing,False,False
636,642,500107,500113,upstream,upstream,Chongqing,Chongqing,False,False
636,637,500107,500108,upstream,upstream,Chongqing,Chongqing,False,False
636,649,500107,500120,upstream,upstream,Chongqing,Chongqing,False,False
637,642,500108,500113,upstream,upstream,Chongqing,Chongqing,False,False
638,649,500109,500120,upstream,upstream,Chongqing,Chongqing,False,False
638,641,500109,500112,upstream,upstream,Chongqing,Chongqing,False,False
638,646,500109,500117,upstream,upstream,Chongqing,Chongqing,False,False
639,868,500110,520322,upstream,upstream,Chongqing,Guizhou,False,True
639,876,500110,520330,upstream,upstream,Chongqing,Guizhou,False,True
639,645,500110,500116,upstream,upstream,Chongqing,Chongqing,False,False
639,648,500110,500119,upstream,upstream,Chongqing,Chongqing,False,False
639,642,500110,500113,upstream,upstream,Chongqing,Chongqing,False,False
640,652,500111,500153,upstream,upstream,Chongqing,Chongqing,False,False
640,647,500111,500118,upstream,upstream,Chongqing,Chongqing,False,False
640,650,500111,500151,upstream,upstream,Chongqing,Chongqing,False,False
640,651,500111,500152,upstream,upstream,Chongqing,Chongqing,False,False
640,801,500111,512021,upstream,upstream,Chongqing,Sichuan,False,True
641,642,500112,500113,upstream,upstream,Chongqing,Chongqing,False,False
641,644,500112,500115,upstream,upstream,Chongqing,Chongqing,False,False
641,646,500112,500117,upstream,upstream,Chongqing,Chongqing,False,False
641,778,500112,511623,upstream,upstream,Chongqing,Sichuan,False,True
641,779,500112,511681,upstream,upstream,Chongqing,Sichuan,False,True
642,645,500113,500116,upstream,upstream,Chongqing,Chongqing,False,False
642,648,500113,500119,upstream,upstream,Chongqing,Chongqing,False,False
642,644,500113,500115,upstream,upstream,Chongqing,Chongqing,False,False
643,666,500114,500242,upstream,upstream,Chongqing,Chongqing,False,False
643,667,500114,500243,upstream,upstream,Chongqing,Chongqing,False,False
644,658,500115,500231,upstream,upstream,Chongqing,Chongqing,False,False
644,778,500115,511623,upstream,upstream,Chongqing,Sichuan,False,True
645,876,500116,520330,upstream,upstream,Chongqing,Guizhou,False,True
645,703,500116,510522,upstream,upstream,Chongqing,Sichuan,False,True
645,647,500116,500118,upstream,upstream,Chongqing,Chongqing,False,False
645,649,500116,500120,upstream,upstream,Chongqing,Chongqing,False,False
646,649,500117,500120,upstream,upstream,Chongqing,Chongqing,False,False
646,650,500117,500151,upstream,upstream,Chongqing,Chongqing,False,False
646,651,500117,500152,upstream,upstream,Chongqing,Chongqing,False,False
646,779,500117,511681,upstream,upstream,Chongqing,Sichuan,False,True
646,730,500117,510921,upstream,upstream,Chongqing,Sichuan,False,True
646,777,500117,511622,upstream,upstream,Chongqing,Sichuan,False,True
646,776,500117,511621,upstream,upstream,Chongqing,Sichuan,False,True
647,702,500118,510521,upstream,upstream,Chongqing,Sichuan,False,True
647,652,500118,500153,upstream,upstream,Chongqing,Chongqing,False,False
647,703,500118,510522,upstream,upstream,Chongqing,Sichuan,False,True
647,649,500118,500120,upstream,upstream,Chongqing,Chongqing,False,False
647,650,500118,500151,upstream,upstream,Chongqing,Chongqing,False,False
648,868,500119,520322,upstream,upstream,Chongqing,Guizhou,False,True
648,870,500119,520324,upstream,upstream,Chongqing,Guizhou,False,True
648,871,500119,520325,upstream,upstream,Chongqing,Guizhou,False,True
648,655,500119,500156,upstream,upstream,Chongqing,Chongqing,False,False
649,650,500120,500151,upstream,upstream,Chongqing,Chongqing,False,False
650,651,500151,500152,upstream,upstream,Chongqing,Chongqing,False,False
651,801,500152,512021,upstream,upstream,Chongqing,Sichuan,False,True
651,729,500152,510904,upstream,upstream,Chongqing,Sichuan,False,True
651,728,500152,510903,upstream,upstream,Chongqing,Sichuan,False,True
651,730,500152,510921,upstream,upstream,Chongqing,Sichuan,False,True
652,702,500153,510521,upstream,upstream,Chongqing,Sichuan,False,True
652,737,500153,511083,upstream,upstream,Chongqing,Sichuan,False,True
652,734,500153,511011,upstream,upstream,Chongqing,Sichuan,False,True
652,801,500153,512021,upstream,upstream,Chongqing,Sichuan,False,True
653,783,500154,511723,upstream,upstream,Chongqing,Sichuan,False,True
653,660,500154,500235,upstream,upstream,Chongqing,Chongqing,False,False
653,782,500154,511722,upstream,upstream,Chongqing,Sichuan,False,True
653,663,500154,500238,upstream,upstream,Chongqing,Chongqing,False,False
653,656,500154,500229,upstream,upstream,Chongqing,Chongqing,False,False
654,658,500155,500231,upstream,upstream,Chongqing,Chongqing,False,False
654,659,500155,500233,upstream,upstream,Chongqing,Chongqing,False,False
654,783,500155,511723,upstream,upstream,Chongqing,Sichuan,False,True
654,784,500155,511724,upstream,upstream,Chongqing,Sichuan,False,True
654,781,500155,511703,upstream,upstream,Chongqing,Sichuan,False,True
655,871,500156,520325,upstream,upstream,Chongqing,Guizhou,False,True
655,667,500156,500243,upstream,upstream,Chongqing,Chongqing,False,False
655,657,500156,500230,upstream,upstream,Chongqing,Chongqing,False,False
656,782,500229,511722,upstream,upstream,Chongqing,Sichuan,False,True
656,663,500229,500238,upstream,upstream,Chongqing,Chongqing,False,False
656,786,500229,511781,upstream,upstream,Chongqing,Sichuan,False,True
657,667,500230,500243,upstream,upstream,Chongqing,Chongqing,False,False
657,664,500230,500240,upstream,upstream,Chongqing,Chongqing,False,False
657,658,500230,500231,upstream,upstream,Chongqing,Chongqing,False,False
657,659,500230,500233,upstream,upstream,Chongqing,Chongqing,False,False
658,778,500231,511623,upstream,upstream,Chongqing,Sichuan,False,True
658,659,500231,500233,upstream,upstream,Chongqing,Chongqing,False,False
658,784,500231,511724,upstream,upstream,Chongqing,Sichuan,False,True
659,664,500233,500240,upstream,upstream,Chongqing,Chongqing,False,False
660,661,500235,500236,upstream,upstream,Chongqing,Chongqing,False,False
660,663,500235,500238,upstream,upstream,Chongqing,Chongqing,False,False
661,662,500236,500237,upstream,upstream,Chongqing,Chongqing,False,False
661,663,500236,500238,upstream,upstream,Chongqing,Chongqing,False,False
662,663,500237,500238,upstream,upstream,Chongqing,Chongqing,False,False
664,667,500240,500243,upstream,upstream,Chongqing,Chongqing,False,False
665,902,500241,520628,upstream,upstream,Chongqing,Guizhou,False,True
665,666,500241,500242,upstream,upstream,Chongqing,Chongqing,False,False
666,902,500242,520628,upstream,upstream,Chongqing,Guizhou,False,True
666,901,500242,520627,upstream,upstream,Chongqing,Guizhou,False,True
666,667,500242,500243,upstream,upstream,Chongqing,Chongqing,False,False
667,872,500243,520326,upstream,upstream,Chongqing,Guizhou,False,True
667,871,500243,520325,upstream,upstream,Chongqing,Guizhou,False,True
667,901,500243,520627,upstream,upstream,Chongqing,Guizhou,False,True
668,677,510104,510116,upstream,upstream,Sichuan,Sichuan,False,False
668,673,510104,510112,upstream,upstream,Sichuan,Sichuan,False,False
668,671,510104,510107,upstream,upstream,Sichuan,Sichuan,False,False
668,672,510104,510108,upstream,upstream,Sichuan,Sichuan,False,False
668,669,510104,510105,upstream,upstream,Sichuan,Sichuan,False,False
668,670,510104,510106,upstream,upstream,Sichuan,Sichuan,False,False
669,677,510105,510116,upstream,upstream,Sichuan,Sichuan,False,False
669,676,510105,510115,upstream,upstream,Sichuan,Sichuan,False,False
669,678,510105,510117,upstream,upstream,Sichuan,Sichuan,False,False
669,671,510105,510107,upstream,upstream,Sichuan,Sichuan,False,False
669,672,510105,510108,upstream,upstream,Sichuan,Sichuan,False,False
669,670,510105,510106,upstream,upstream,Sichuan,Sichuan,False,False
670,678,510106,510117,upstream,upstream,Sichuan,Sichuan,False,False
670,672,510106,510108,upstream,upstream,Sichuan,Sichuan,False,False
670,675,510106,510114,upstream,upstream,Sichuan,Sichuan,False,False
671,677,510107,510116,upstream,upstream,Sichuan,Sichuan,False,False
672,673,510108,510112,upstream,upstream,Sichuan,Sichuan,False,False
672,675,510108,510114,upstream,upstream,Sichuan,Sichuan,False,False
673,687,510112,510185,upstream,upstream,Sichuan,Sichuan,False,False
673,677,510112,510116,upstream,upstream,Sichuan,Sichuan,False,False
673,680,510112,510121,upstream,upstream,Sichuan,Sichuan,False,False
673,674,510112,510113,upstream,upstream,Sichuan,Sichuan,False,False
673,675,510112,510114,upstream,upstream,Sichuan,Sichuan,False,False
674,709,510113,510681,upstream,upstream,Sichuan,Sichuan,False,False
674,680,510113,510121,upstream,upstream,Sichuan,Sichuan,False,False
674,675,510113,510114,upstream,upstream,Sichuan,Sichuan,False,False
675,678,510114,510117,upstream,upstream,Sichuan,Sichuan,False,False
675,684,510114,510182,upstream,upstream,Sichuan,Sichuan,False,False
675,709,510114,510681,upstream,upstream,Sichuan,Sichuan,False,False
676,677,510115,510116,upstream,upstream,Sichuan,Sichuan,False,False
676,686,510115,510184,upstream,upstream,Sichuan,Sichuan,False,False
676,678,510115,510117,upstream,upstream,Sichuan,Sichuan,False,False
676,683,510115,510181,upstream,upstream,Sichuan,Sichuan,False,False
677,760,510116,511421,upstream,upstream,Sichuan,Sichuan,False,False
677,687,510116,510185,upstream,upstream,Sichuan,Sichuan,False,False
677,759,510116,511403,upstream,upstream,Sichuan,Sichuan,False,False
677,679,510116,510118,upstream,upstream,Sichuan,Sichuan,False,False
677,686,510116,510184,upstream,upstream,Sichuan,Sichuan,False,False
678,683,510117,510181,upstream,upstream,Sichuan,Sichuan,False,False
678,684,510117,510182,upstream,upstream,Sichuan,Sichuan,False,False
679,759,510118,511403,upstream,upstream,Sichuan,Sichuan,False,False
679,685,510118,510183,upstream,upstream,Sichuan,Sichuan,False,False
679,681,510118,510129,upstream,upstream,Sichuan,Sichuan,False,False
679,686,510118,510184,upstream,upstream,Sichuan,Sichuan,False,False
680,802,510121,512022,upstream,upstream,Sichuan,Sichuan,False,False
680,687,510121,510185,upstream,upstream,Sichuan,Sichuan,False,False
680,708,510121,510623,upstream,upstream,Sichuan,Sichuan,False,False
680,709,510121,510681,upstream,upstream,Sichuan,Sichuan,False,False
681,685,510129,510183,upstream,upstream,Sichuan,Sichuan,False,False
681,793,510129,511826,upstream,upstream,Sichuan,Sichuan,False,False
681,686,510129,510184,upstream,upstream,Sichuan,Sichuan,False,False
681,804,510129,513221,upstream,upstream,Sichuan,Sichuan,False,False
682,762,510131,511424,upstream,upstream,Sichuan,Sichuan,False,False
682,758,510131,511402,upstream,upstream,Sichuan,Sichuan,False,False
682,788,510131,511803,upstream,upstream,Sichuan,Sichuan,False,False
682,759,510131,511403,upstream,upstream,Sichuan,Sichuan,False,False
682,685,510131,510183,upstream,upstream,Sichuan,Sichuan,False,False
683,686,510181,510184,upstream,upstream,Sichuan,Sichuan,False,False
683,684,510181,510182,upstream,upstream,Sichuan,Sichuan,False,False
683,804,510181,513221,upstream,upstream,Sichuan,Sichuan,False,False
684,804,510182,513221,upstream,upstream,Sichuan,Sichuan,False,False
684,709,510182,510681,upstream,upstream,Sichuan,Sichuan,False,False
684,710,510182,510682,upstream,upstream,Sichuan,Sichuan,False,False
684,806,510182,513223,upstream,upstream,Sichuan,Sichuan,False,False
685,787,510183,511802,upstream,upstream,Sichuan,Sichuan,False,False
685,758,510183,511402,upstream,upstream,Sichuan,Sichuan,False,False
685,788,510183,511803,upstream,upstream,Sichuan,Sichuan,False,False
685,759,510183,511403,upstream,upstream,Sichuan,Sichuan,False,False
685,793,510183,511826,upstream,upstream,Sichuan,Sichuan,False,False
686,804,510184,513221,upstream,upstream,Sichuan,Sichuan,False,False
687,760,510185,511421,upstream,upstream,Sichuan,Sichuan,False,False
687,800,510185,512002,upstream,upstream,Sichuan,Sichuan,False,False
687,802,510185,512022,upstream,upstream,Sichuan,Sichuan,False,False
688,764,510302,511502,upstream,upstream,Sichuan,Sichuan,False,False
688,691,510302,510311,upstream,upstream,Sichuan,Sichuan,False,False
688,689,510302,510303,upstream,upstream,Sichuan,Sichuan,False,False
688,690,510302,510304,upstream,upstream,Sichuan,Sichuan,False,False
689,766,510303,511504,upstream,upstream,Sichuan,Sichuan,False,False
689,764,510303,511502,upstream,upstream,Sichuan,Sichuan,False,False
689,690,510303,510304,upstream,upstream,Sichuan,Sichuan,False,False
689,692,510303,510321,upstream,upstream,Sichuan,Sichuan,False,False
689,735,510303,511024,upstream,upstream,Sichuan,Sichuan,False,False
690,693,510304,510322,upstream,upstream,Sichuan,Sichuan,False,False
690,691,510304,510311,upstream,upstream,Sichuan,Sichuan,False,False
690,737,510304,511083,upstream,upstream,Sichuan,Sichuan,False,False
690,733,510304,511002,upstream,upstream,Sichuan,Sichuan,False,False
690,735,510304,511024,upstream,upstream,Sichuan,Sichuan,False,False
690,734,510304,511011,upstream,upstream,Sichuan,Sichuan,False,False
691,764,510311,511502,upstream,upstream,Sichuan,Sichuan,False,False
691,693,510311,510322,upstream,upstream,Sichuan,Sichuan,False,False
692,742,510321,511123,upstream,upstream,Sichuan,Sichuan,False,False
692,766,510321,511504,upstream,upstream,Sichuan,Sichuan,False,False
692,735,510321,511024,upstream,upstream,Sichuan,Sichuan,False,False
692,743,510321,511124,upstream,upstream,Sichuan,Sichuan,False,False
692,760,510321,511421,upstream,upstream,Sichuan,Sichuan,False,False
693,767,510322,511523,upstream,upstream,Sichuan,Sichuan,False,False
693,699,510322,510502,upstream,upstream,Sichuan,Sichuan,False,False
693,765,510322,511503,upstream,upstream,Sichuan,Sichuan,False,False
693,764,510322,511502,upstream,upstream,Sichuan,Sichuan,False,False
693,702,510322,510521,upstream,upstream,Sichuan,Sichuan,False,False
693,737,510322,511083,upstream,upstream,Sichuan,Sichuan,False,False
694,696,510402,510411,upstream,upstream,Sichuan,Sichuan,False,False
694,695,510402,510403,upstream,upstream,Sichuan,Sichuan,False,False
694,698,510402,510422,upstream,upstream,Sichuan,Sichuan,False,False
695,696,510403,510411,upstream,upstream,Sichuan,Sichuan,False,False
695,990,510403,530723,upstream,upstream,Sichuan,Yunnan,False,True
696,1016,510411,532327,upstream,upstream,Sichuan,Yunnan,False,True
696,838,510411,513425,upstream,upstream,Sichuan,Sichuan,False,False
696,990,510411,530723,upstream,upstream,Sichuan,Yunnan,False,True
696,698,510411,510422,upstream,upstream,Sichuan,Sichuan,False,False
697,838,510421,513425,upstream,upstream,Sichuan,Sichuan,False,False
697,698,510421,510422,upstream,upstream,Sichuan,Sichuan,False,False
697,837,510421,513424,upstream,upstream,Sichuan,Sichuan,False,False
697,836,510421,513423,upstream,upstream,Sichuan,Sichuan,False,False
698,838,510422,513425,upstream,upstream,Sichuan,Sichuan,False,False
698,990,510422,530723,upstream,upstream,Sichuan,Yunnan,False,True
698,991,510422,530724,upstream,upstream,Sichuan,Yunnan,False,True
698,836,510422,513423,upstream,upstream,Sichuan,Sichuan,False,False
699,700,510502,510503,upstream,upstream,Sichuan,Sichuan,False,False
699,767,510502,511523,upstream,upstream,Sichuan,Sichuan,False,False
699,701,510502,510504,upstream,upstream,Sichuan,Sichuan,False,False
699,702,510502,510521,upstream,upstream,Sichuan,Sichuan,False,False
699,703,510502,510522,upstream,upstream,Sichuan,Sichuan,False,False
700,704,510503,510524,upstream,upstream,Sichuan,Sichuan,False,False
700,772,510503,511528,upstream,upstream,Sichuan,Sichuan,False,False
700,767,510503,511523,upstream,upstream,Sichuan,Sichuan,False,False
700,703,510503,510522,upstream,upstream,Sichuan,Sichuan,False,False
701,702,510504,510521,upstream,upstream,Sichuan,Sichuan,False,False
702,737,510521,511083,upstream,upstream,Sichuan,Sichuan,False,False
702,703,510521,510522,upstream,upstream,Sichuan,Sichuan,False,False
703,704,510522,510524,upstream,upstream,Sichuan,Sichuan,False,False
703,876,510522,520330,upstream,upstream,Sichuan,Guizhou,False,True
703,877,510522,520381,upstream,upstream,Sichuan,Guizhou,False,True
704,885,510524,520502,upstream,upstream,Sichuan,Guizhou,False,True
704,983,510524,530627,upstream,upstream,Sichuan,Yunnan,False,True
704,985,510524,530629,upstream,upstream,Sichuan,Yunnan,False,True
704,705,510524,510525,upstream,upstream,Sichuan,Sichuan,False,False
704,772,510524,511528,upstream,upstream,Sichuan,Sichuan,False,False
704,877,510524,520381,upstream,upstream,Sichuan,Guizhou,False,True
705,885,510525,520502,upstream,upstream,Sichuan,Guizhou,False,True
705,888,510525,520523,upstream,upstream,Sichuan,Guizhou,False,True
705,878,510525,520382,upstream,upstream,Sichuan,Guizhou,False,True
705,876,510525,520330,upstream,upstream,Sichuan,Guizhou,False,True
705,877,510525,520381,upstream,upstream,Sichuan,Guizhou,False,True
706,708,510603,510623,upstream,upstream,Sichuan,Sichuan,False,False
706,709,510603,510681,upstream,upstream,Sichuan,Sichuan,False,False
706,710,510603,510682,upstream,upstream,Sichuan,Sichuan,False,False
706,707,510603,510604,upstream,upstream,Sichuan,Sichuan,False,False
706,711,510603,510683,upstream,upstream,Sichuan,Sichuan,False,False
707,708,510604,510623,upstream,upstream,Sichuan,Sichuan,False,False
707,711,510604,510683,upstream,upstream,Sichuan,Sichuan,False,False
707,712,510604,510703,upstream,upstream,Sichuan,Sichuan,False,False
707,714,510604,510705,upstream,upstream,Sichuan,Sichuan,False,False
708,802,510623,512022,upstream,upstream,Sichuan,Sichuan,False,False
708,731,510623,510923,upstream,upstream,Sichuan,Sichuan,False,False
708,709,510623,510681,upstream,upstream,Sichuan,Sichuan,False,False
708,715,510623,510722,upstream,upstream,Sichuan,Sichuan,False,False
708,712,510623,510703,upstream,upstream,Sichuan,Sichuan,False,False
709,710,510681,510682,upstream,upstream,Sichuan,Sichuan,False,False
710,711,510682,510683,upstream,upstream,Sichuan,Sichuan,False,False
710,806,510682,513223,upstream,upstream,Sichuan,Sichuan,False,False
711,714,510683,510705,upstream,upstream,Sichuan,Sichuan,False,False
711,806,510683,513223,upstream,upstream,Sichuan,Sichuan,False,False
712,715,510703,510722,upstream,upstream,Sichuan,Sichuan,False,False
712,713,510703,510704,upstream,upstream,Sichuan,Sichuan,False,False
712,714,510703,510705,upstream,upstream,Sichuan,Sichuan,False,False
712,720,510703,510781,upstream,upstream,Sichuan,Sichuan,False,False
713,715,510704,510722,upstream,upstream,Sichuan,Sichuan,False,False
713,717,510704,510725,upstream,upstream,Sichuan,Sichuan,False,False
713,720,510704,510781,upstream,upstream,Sichuan,Sichuan,False,False
714,718,510705,510726,upstream,upstream,Sichuan,Sichuan,False,False
714,720,510705,510781,upstream,upstream,Sichuan,Sichuan,False,False
714,806,510705,513223,upstream,upstream,Sichuan,Sichuan,False,False
715,731,510722,510923,upstream,upstream,Sichuan,Sichuan,False,False
715,732,510722,510981,upstream,upstream,Sichuan,Sichuan,False,False
715,716,510722,510723,upstream,upstream,Sichuan,Sichuan,False,False
715,717,510722,510725,upstream,upstream,Sichuan,Sichuan,False,False
716,732,510723,510981,upstream,upstream,Sichuan,Sichuan,False,False
716,717,510723,510725,upstream,upstream,Sichuan,Sichuan,False,False
716,756,510723,511325,upstream,upstream,Sichuan,Sichuan,False,False
716,752,510723,511321,upstream,upstream,Sichuan,Sichuan,False,False
717,720,510725,510781,upstream,upstream,Sichuan,Sichuan,False,False
717,726,510725,510823,upstream,upstream,Sichuan,Sichuan,False,False
717,752,510725,511321,upstream,upstream,Sichuan,Sichuan,False,False
718,720,510726,510781,upstream,upstream,Sichuan,Sichuan,False,False
718,719,510726,510727,upstream,upstream,Sichuan,Sichuan,False,False
718,806,510726,513223,upstream,upstream,Sichuan,Sichuan,False,False
718,807,510726,513224,upstream,upstream,Sichuan,Sichuan,False,False
719,720,510727,510781,upstream,upstream,Sichuan,Sichuan,False,False
719,725,510727,510822,upstream,upstream,Sichuan,Sichuan,False,False
719,807,510727,513224,upstream,upstream,Sichuan,Sichuan,False,False
719,808,510727,513225,upstream,upstream,Sichuan,Sichuan,False,False
720,726,510781,510823,upstream,upstream,Sichuan,Sichuan,False,False
720,725,510781,510822,upstream,upstream,Sichuan,Sichuan,False,False
721,726,510802,510823,upstream,upstream,Sichuan,Sichuan,False,False
721,725,510802,510822,upstream,upstream,Sichuan,Sichuan,False,False
721,722,510802,510811,upstream,upstream,Sichuan,Sichuan,False,False
721,724,510802,510821,upstream,upstream,Sichuan,Sichuan,False,False
721,723,510802,510812,upstream,upstream,Sichuan,Sichuan,False,False
722,726,510811,510823,upstream,upstream,Sichuan,Sichuan,False,False
722,727,510811,510824,upstream,upstream,Sichuan,Sichuan,False,False
722,724,510811,510821,upstream,upstream,Sichuan,Sichuan,False,False
723,725,510812,510822,upstream,upstream,Sichuan,Sichuan,False,False
723,724,510812,510821,upstream,upstream,Sichuan,Sichuan,False,False
724,727,510821,510824,upstream,upstream,Sichuan,Sichuan,False,False
724,798,510821,511922,upstream,upstream,Sichuan,Sichuan,False,False
725,726,510822,510823,upstream,upstream,Sichuan,Sichuan,False,False
726,752,510823,511321,upstream,upstream,Sichuan,Sichuan,False,False
726,757,510823,511381,upstream,upstream,Sichuan,Sichuan,False,False
726,727,510823,510824,upstream,upstream,Sichuan,Sichuan,False,False
727,757,510824,511381,upstream,upstream,Sichuan,Sichuan,False,False
727,796,510824,511903,upstream,upstream,Sichuan,Sichuan,False,False
727,795,510824,511902,upstream,upstream,Sichuan,Sichuan,False,False
727,798,510824,511922,upstream,upstream,Sichuan,Sichuan,False,False
728,729,510903,510904,upstream,upstream,Sichuan,Sichuan,False,False
728,731,510903,510923,upstream,upstream,Sichuan,Sichuan,False,False
728,730,510903,510921,upstream,upstream,Sichuan,Sichuan,False,False
729,801,510904,512021,upstream,upstream,Sichuan,Sichuan,False,False
729,802,510904,512022,upstream,upstream,Sichuan,Sichuan,False,False
729,731,510904,510923,upstream,upstream,Sichuan,Sichuan,False,False
730,731,510921,510923,upstream,upstream,Sichuan,Sichuan,False,False
730,732,510921,510981,upstream,upstream,Sichuan,Sichuan,False,False
730,777,510921,511622,upstream,upstream,Sichuan,Sichuan,False,False
730,751,510921,511304,upstream,upstream,Sichuan,Sichuan,False,False
730,756,510921,511325,upstream,upstream,Sichuan,Sichuan,False,False
731,802,510923,512022,upstream,upstream,Sichuan,Sichuan,False,False
731,732,510923,510981,upstream,upstream,Sichuan,Sichuan,False,False
732,756,510981,511325,upstream,upstream,Sichuan,Sichuan,False,False
733,735,511002,511024,upstream,upstream,Sichuan,Sichuan,False,False
733,734,511002,511011,upstream,upstream,Sichuan,Sichuan,False,False
733,736,511002,511025,upstream,upstream,Sichuan,Sichuan,False,False
734,737,511011,511083,upstream,upstream,Sichuan,Sichuan,False,False
734,736,511011,511025,upstream,upstream,Sichuan,Sichuan,False,False
734,801,511011,512021,upstream,upstream,Sichuan,Sichuan,False,False
735,736,511024,511025,upstream,upstream,Sichuan,Sichuan,False,False
735,760,511024,511421,upstream,upstream,Sichuan,Sichuan,False,False
736,760,511025,511421,upstream,upstream,Sichuan,Sichuan,False,False
736,801,511025,512021,upstream,upstream,Sichuan,Sichuan,False,False
736,800,511025,512002,upstream,upstream,Sichuan,Sichuan,False,False
738,743,511102,511124,upstream,upstream,Sichuan,Sichuan,False,False
738,739,511102,511111,upstream,upstream,Sichuan,Sichuan,False,False
738,740,511102,511112,upstream,upstream,Sichuan,Sichuan,False,False
738,748,511102,511181,upstream,upstream,Sichuan,Sichuan,False,False
738,744,511102,511126,upstream,upstream,Sichuan,Sichuan,False,False
738,763,511102,511425,upstream,upstream,Sichuan,Sichuan,False,False
739,746,511111,511132,upstream,upstream,Sichuan,Sichuan,False,False
739,745,511111,511129,upstream,upstream,Sichuan,Sichuan,False,False
739,742,511111,511123,upstream,upstream,Sichuan,Sichuan,False,False
739,740,511111,511112,upstream,upstream,Sichuan,Sichuan,False,False
739,748,511111,511181,upstream,upstream,Sichuan,Sichuan,False,False
740,742,511112,511123,upstream,upstream,Sichuan,Sichuan,False,False
740,743,511112,511124,upstream,upstream,Sichuan,Sichuan,False,False
741,848,511113,513435,upstream,upstream,Sichuan,Sichuan,False,False
741,746,511113,511132,upstream,upstream,Sichuan,Sichuan,False,False
741,790,511113,511823,upstream,upstream,Sichuan,Sichuan,False,False
741,748,511113,511181,upstream,upstream,Sichuan,Sichuan,False,False
741,761,511113,511423,upstream,upstream,Sichuan,Sichuan,False,False
742,745,511123,511129,upstream,upstream,Sichuan,Sichuan,False,False
742,766,511123,511504,upstream,upstream,Sichuan,Sichuan,False,False
742,743,511123,511124,upstream,upstream,Sichuan,Sichuan,False,False
743,760,511124,511421,upstream,upstream,Sichuan,Sichuan,False,False
743,763,511124,511425,upstream,upstream,Sichuan,Sichuan,False,False
744,748,511126,511181,upstream,upstream,Sichuan,Sichuan,False,False
744,761,511126,511423,upstream,upstream,Sichuan,Sichuan,False,False
744,763,511126,511425,upstream,upstream,Sichuan,Sichuan,False,False
744,762,511126,511424,upstream,upstream,Sichuan,Sichuan,False,False
744,758,511126,511402,upstream,upstream,Sichuan,Sichuan,False,False
745,747,511129,511133,upstream,upstream,Sichuan,Sichuan,False,False
745,746,511129,511132,upstream,upstream,Sichuan,Sichuan,False,False
745,773,511129,511529,upstream,upstream,Sichuan,Sichuan,False,False
745,766,511129,511504,upstream,upstream,Sichuan,Sichuan,False,False
746,849,511132,513436,upstream,upstream,Sichuan,Sichuan,False,False
746,747,511132,511133,upstream,upstream,Sichuan,Sichuan,False,False
746,848,511132,513435,upstream,upstream,Sichuan,Sichuan,False,False
746,748,511132,511181,upstream,upstream,Sichuan,Sichuan,False,False
747,850,511133,513437,upstream,upstream,Sichuan,Sichuan,False,False
747,849,511133,513436,upstream,upstream,Sichuan,Sichuan,False,False
747,773,511133,511529,upstream,upstream,Sichuan,Sichuan,False,False
748,761,511181,511423,upstream,upstream,Sichuan,Sichuan,False,False
749,751,511302,511304,upstream,upstream,Sichuan,Sichuan,False,False
749,750,511302,511303,upstream,upstream,Sichuan,Sichuan,False,False
749,754,511302,511323,upstream,upstream,Sichuan,Sichuan,False,False
749,756,511302,511325,upstream,upstream,Sichuan,Sichuan,False,False
749,752,511302,511321,upstream,upstream,Sichuan,Sichuan,False,False
750,776,511303,511621,upstream,upstream,Sichuan,Sichuan,False,False
750,751,511303,511304,upstream,upstream,Sichuan,Sichuan,False,False
750,754,511303,511323,upstream,upstream,Sichuan,Sichuan,False,False
751,777,511304,511622,upstream,upstream,Sichuan,Sichuan,False,False
751,776,511304,511621,upstream,upstream,Sichuan,Sichuan,False,False
751,756,511304,511325,upstream,upstream,Sichuan,Sichuan,False,False
752,754,511321,511323,upstream,upstream,Sichuan,Sichuan,False,False
752,756,511321,511325,upstream,upstream,Sichuan,Sichuan,False,False
752,755,511321,511324,upstream,upstream,Sichuan,Sichuan,False,False
752,757,511321,511381,upstream,upstream,Sichuan,Sichuan,False,False
753,785,511322,511725,upstream,upstream,Sichuan,Sichuan,False,False
753,754,511322,511323,upstream,upstream,Sichuan,Sichuan,False,False
753,755,511322,511324,upstream,upstream,Sichuan,Sichuan,False,False
753,799,511322,511923,upstream,upstream,Sichuan,Sichuan,False,False
754,776,511323,511621,upstream,upstream,Sichuan,Sichuan,False,False
754,774,511323,511602,upstream,upstream,Sichuan,Sichuan,False,False
754,785,511323,511725,upstream,upstream,Sichuan,Sichuan,False,False
754,755,511323,511324,upstream,upstream,Sichuan,Sichuan,False,False
755,799,511324,511923,upstream,upstream,Sichuan,Sichuan,False,False
755,757,511324,511381,upstream,upstream,Sichuan,Sichuan,False,False
755,796,511324,511903,upstream,upstream,Sichuan,Sichuan,False,False
755,795,511324,511902,upstream,upstream,Sichuan,Sichuan,False,False
757,796,511381,511903,upstream,upstream,Sichuan,Sichuan,False,False
758,760,511402,511421,upstream,upstream,Sichuan,Sichuan,False,False
758,763,511402,511425,upstream,upstream,Sichuan,Sichuan,False,False
758,762,511402,511424,upstream,upstream,Sichuan,Sichuan,False,False
758,759,511402,511403,upstream,upstream,Sichuan,Sichuan,False,False
759,760,511403,511421,upstream,upstream,Sichuan,Sichuan,False,False
760,800,511421,512002,upstream,upstream,Sichuan,Sichuan,False,False
760,763,511421,511425,upstream,upstream,Sichuan,Sichuan,False,False
761,790,511423,511823,upstream,upstream,Sichuan,Sichuan,False,False
761,789,511423,511822,upstream,upstream,Sichuan,Sichuan,False,False
761,787,511423,511802,upstream,upstream,Sichuan,Sichuan,False,False
761,762,511423,511424,upstream,upstream,Sichuan,Sichuan,False,False
761,788,511423,511803,upstream,upstream,Sichuan,Sichuan,False,False
762,788,511424,511803,upstream,upstream,Sichuan,Sichuan,False,False
764,769,511502,511525,upstream,upstream,Sichuan,Sichuan,False,False
764,768,511502,511524,upstream,upstream,Sichuan,Sichuan,False,False
764,766,511502,511504,upstream,upstream,Sichuan,Sichuan,False,False
764,765,511502,511503,upstream,upstream,Sichuan,Sichuan,False,False
765,768,511503,511524,upstream,upstream,Sichuan,Sichuan,False,False
765,767,511503,511523,upstream,upstream,Sichuan,Sichuan,False,False
766,979,511504,530623,upstream,upstream,Sichuan,Yunnan,False,True
766,769,511504,511525,upstream,upstream,Sichuan,Sichuan,False,False
766,986,511504,530681,upstream,upstream,Sichuan,Yunnan,False,True
766,773,511504,511529,upstream,upstream,Sichuan,Sichuan,False,False
767,772,511523,511528,upstream,upstream,Sichuan,Sichuan,False,False
767,768,511523,511524,upstream,upstream,Sichuan,Sichuan,False,False
768,770,511524,511526,upstream,upstream,Sichuan,Sichuan,False,False
768,772,511524,511528,upstream,upstream,Sichuan,Sichuan,False,False
768,769,511524,511525,upstream,upstream,Sichuan,Sichuan,False,False
769,771,511525,511527,upstream,upstream,Sichuan,Sichuan,False,False
769,979,511525,530623,upstream,upstream,Sichuan,Yunnan,False,True
769,770,511525,511526,upstream,upstream,Sichuan,Sichuan,False,False
770,985,511526,530629,upstream,upstream,Sichuan,Yunnan,False,True
770,771,511526,511527,upstream,upstream,Sichuan,Sichuan,False,False
770,772,511526,511528,upstream,upstream,Sichuan,Sichuan,False,False
771,984,511527,530628,upstream,upstream,Sichuan,Yunnan,False,True
771,985,511527,530629,upstream,upstream,Sichuan,Yunnan,False,True
771,979,511527,530623,upstream,upstream,Sichuan,Yunnan,False,True
772,985,511528,530629,upstream,upstream,Sichuan,Yunnan,False,True
773,986,511529,530681,upstream,upstream,Sichuan,Yunnan,False,True
773,982,511529,530626,upstream,upstream,Sichuan,Yunnan,False,True
773,850,511529,513437,upstream,upstream,Sichuan,Sichuan,False,False
774,779,511602,511681,upstream,upstream,Sichuan,Sichuan,False,False
774,776,511602,511621,upstream,upstream,Sichuan,Sichuan,False,False
774,775,511602,511603,upstream,upstream,Sichuan,Sichuan,False,False
774,785,511602,511725,upstream,upstream,Sichuan,Sichuan,False,False
775,778,511603,511623,upstream,upstream,Sichuan,Sichuan,False,False
775,779,511603,511681,upstream,upstream,Sichuan,Sichuan,False,False
775,784,511603,511724,upstream,upstream,Sichuan,Sichuan,False,False
775,785,511603,511725,upstream,upstream,Sichuan,Sichuan,False,False
776,779,511621,511681,upstream,upstream,Sichuan,Sichuan,False,False
776,777,511621,511622,upstream,upstream,Sichuan,Sichuan,False,False
778,779,511623,511681,upstream,upstream,Sichuan,Sichuan,False,False
778,784,511623,511724,upstream,upstream,Sichuan,Sichuan,False,False
780,781,511702,511703,upstream,upstream,Sichuan,Sichuan,False,False
780,799,511702,511923,upstream,upstream,Sichuan,Sichuan,False,False
780,782,511702,511722,upstream,upstream,Sichuan,Sichuan,False,False
781,783,511703,511723,upstream,upstream,Sichuan,Sichuan,False,False
781,784,511703,511724,upstream,upstream,Sichuan,Sichuan,False,False
781,785,511703,511725,upstream,upstream,Sichuan,Sichuan,False,False
781,799,511703,511923,upstream,upstream,Sichuan,Sichuan,False,False
781,782,511703,511722,upstream,upstream,Sichuan,Sichuan,False,False
782,783,511722,511723,upstream,upstream,Sichuan,Sichuan,False,False
782,799,511722,511923,upstream,upstream,Sichuan,Sichuan,False,False
782,786,511722,511781,upstream,upstream,Sichuan,Sichuan,False,False
784,785,511724,511725,upstream,upstream,Sichuan,Sichuan,False,False
785,799,511725,511923,upstream,upstream,Sichuan,Sichuan,False,False
786,799,511781,511923,upstream,upstream,Sichuan,Sichuan,False,False
786,797,511781,511921,upstream,upstream,Sichuan,Sichuan,False,False
787,789,511802,511822,upstream,upstream,Sichuan,Sichuan,False,False
787,792,511802,511825,upstream,upstream,Sichuan,Sichuan,False,False
787,788,511802,511803,upstream,upstream,Sichuan,Sichuan,False,False
787,793,511802,511826,upstream,upstream,Sichuan,Sichuan,False,False
789,790,511822,511823,upstream,upstream,Sichuan,Sichuan,False,False
789,817,511822,513322,upstream,upstream,Sichuan,Sichuan,False,False
789,792,511822,511825,upstream,upstream,Sichuan,Sichuan,False,False
790,848,511823,513435,upstream,upstream,Sichuan,Sichuan,False,False
790,791,511823,511824,upstream,upstream,Sichuan,Sichuan,False,False
790,817,511823,513322,upstream,upstream,Sichuan,Sichuan,False,False
791,846,511824,513433,upstream,upstream,Sichuan,Sichuan,False,False
791,819,511824,513324,upstream,upstream,Sichuan,Sichuan,False,False
791,847,511824,513434,upstream,upstream,Sichuan,Sichuan,False,False
791,848,511824,513435,upstream,upstream,Sichuan,Sichuan,False,False
791,817,511824,513322,upstream,upstream,Sichuan,Sichuan,False,False
791,816,511824,513301,upstream,upstream,Sichuan,Sichuan,False,False
792,817,511825,513322,upstream,upstream,Sichuan,Sichuan,False,False
792,816,511825,513301,upstream,upstream,Sichuan,Sichuan,False,False
792,793,511825,511826,upstream,upstream,Sichuan,Sichuan,False,False
792,794,511825,511827,upstream,upstream,Sichuan,Sichuan,False,False
793,794,511826,511827,upstream,upstream,Sichuan,Sichuan,False,False
793,804,511826,513221,upstream,upstream,Sichuan,Sichuan,False,False
794,816,511827,513301,upstream,upstream,Sichuan,Sichuan,False,False
794,810,511827,513227,upstream,upstream,Sichuan,Sichuan,False,False
794,804,511827,513221,upstream,upstream,Sichuan,Sichuan,False,False
795,799,511902,511923,upstream,upstream,Sichuan,Sichuan,False,False
795,796,511902,511903,upstream,upstream,Sichuan,Sichuan,False,False
795,797,511902,511921,upstream,upstream,Sichuan,Sichuan,False,False
795,798,511902,511922,upstream,upstream,Sichuan,Sichuan,False,False
796,798,511903,511922,upstream,upstream,Sichuan,Sichuan,False,False
797,799,511921,511923,upstream,upstream,Sichuan,Sichuan,False,False
797,798,511921,511922,upstream,upstream,Sichuan,Sichuan,False,False
800,801,512002,512021,upstream,upstream,Sichuan,Sichuan,False,False
800,802,512002,512022,upstream,upstream,Sichuan,Sichuan,False,False
801,802,512021,512022,upstream,upstream,Sichuan,Sichuan,False,False
803,810,513201,513227,upstream,upstream,Sichuan,Sichuan,False,False
803,809,513201,513226,upstream,upstream,Sichuan,Sichuan,False,False
803,812,513201,513230,upstream,upstream,Sichuan,Sichuan,False,False
803,813,513201,513231,upstream,upstream,Sichuan,Sichuan,False,False
803,805,513201,513222,upstream,upstream,Sichuan,Sichuan,False,False
803,815,513201,513233,upstream,upstream,Sichuan,Sichuan,False,False
804,810,513221,513227,upstream,upstream,Sichuan,Sichuan,False,False
804,805,513221,513222,upstream,upstream,Sichuan,Sichuan,False,False
804,806,513221,513223,upstream,upstream,Sichuan,Sichuan,False,False
805,810,513222,513227,upstream,upstream,Sichuan,Sichuan,False,False
805,806,513222,513223,upstream,upstream,Sichuan,Sichuan,False,False
805,811,513222,513228,upstream,upstream,Sichuan,Sichuan,False,False
805,815,513222,513233,upstream,upstream,Sichuan,Sichuan,False,False
806,811,513223,513228,upstream,upstream,Sichuan,Sichuan,False,False
806,807,513223,513224,upstream,upstream,Sichuan,Sichuan,False,False
807,811,513224,513228,upstream,upstream,Sichuan,Sichuan,False,False
807,815,513224,513233,upstream,upstream,Sichuan,Sichuan,False,False
807,808,513224,513225,upstream,upstream,Sichuan,Sichuan,False,False
807,814,513224,513232,upstream,upstream,Sichuan,Sichuan,False,False
808,814,513225,513232,upstream,upstream,Sichuan,Sichuan,False,False
809,818,513226,513323,upstream,upstream,Sichuan,Sichuan,False,False
809,821,513226,513326,upstream,upstream,Sichuan,Sichuan,False,False
809,810,513226,513227,upstream,upstream,Sichuan,Sichuan,False,False
809,812,513226,513230,upstream,upstream,Sichuan,Sichuan,False,False
810,816,513227,513301,upstream,upstream,Sichuan,Sichuan,False,False
810,818,513227,513323,upstream,upstream,Sichuan,Sichuan,False,False
811,815,513228,513233,upstream,upstream,Sichuan,Sichuan,False,False
812,821,513230,513326,upstream,upstream,Sichuan,Sichuan,False,False
812,822,513230,513327,upstream,upstream,Sichuan,Sichuan,False,False
812,828,513230,513333,upstream,upstream,Sichuan,Sichuan,False,False
812,813,513230,513231,upstream,upstream,Sichuan,Sichuan,False,False
813,815,513231,513233,upstream,upstream,Sichuan,Sichuan,False,False
813,814,513231,513232,upstream,upstream,Sichuan,Sichuan,False,False
814,815,513232,513233,upstream,upstream,Sichuan,Sichuan,False,False
816,835,513301,513422,upstream,upstream,Sichuan,Sichuan,False,False
816,819,513301,513324,upstream,upstream,Sichuan,Sichuan,False,False
816,817,513301,513322,upstream,upstream,Sichuan,Sichuan,False,False
816,820,513301,513325,upstream,upstream,Sichuan,Sichuan,False,False
816,818,513301,513323,upstream,upstream,Sichuan,Sichuan,False,False
816,821,513301,513326,upstream,upstream,Sichuan,Sichuan,False,False
818,821,513323,513326,upstream,upstream,Sichuan,Sichuan,False,False
819,835,513324,513422,upstream,upstream,Sichuan,Sichuan,False,False
819,846,513324,513433,upstream,upstream,Sichuan,Sichuan,False,False
820,835,513325,513422,upstream,upstream,Sichuan,Sichuan,False,False
820,829,513325,513334,upstream,upstream,Sichuan,Sichuan,False,False
820,821,513325,513326,upstream,upstream,Sichuan,Sichuan,False,False
820,824,513325,513329,upstream,upstream,Sichuan,Sichuan,False,False
821,824,513326,513329,upstream,upstream,Sichuan,Sichuan,False,False
821,822,513326,513327,upstream,upstream,Sichuan,Sichuan,False,False
822,824,513327,513329,upstream,upstream,Sichuan,Sichuan,False,False
822,823,513327,513328,upstream,upstream,Sichuan,Sichuan,False,False
822,828,513327,513333,upstream,upstream,Sichuan,Sichuan,False,False
823,824,513328,513329,upstream,upstream,Sichuan,Sichuan,False,False
823,825,513328,513330,upstream,upstream,Sichuan,Sichuan,False,False
823,828,513328,513333,upstream,upstream,Sichuan,Sichuan,False,False
823,827,513328,513332,upstream,upstream,Sichuan,Sichuan,False,False
824,829,513329,513334,upstream,upstream,Sichuan,Sichuan,False,False
824,826,513329,513331,upstream,upstream,Sichuan,Sichuan,False,False
824,825,513329,513330,upstream,upstream,Sichuan,Sichuan,False,False
825,826,513330,513331,upstream,upstream,Sichuan,Sichuan,False,False
825,827,513330,513332,upstream,upstream,Sichuan,Sichuan,False,False
826,829,513331,513334,upstream,upstream,Sichuan,Sichuan,False,False
826,830,513331,513335,upstream,upstream,Sichuan,Sichuan,False,False
829,835,513334,513422,upstream,upstream,Sichuan,Sichuan,False,False
829,832,513334,513337,upstream,upstream,Sichuan,Sichuan,False,False
829,831,513334,513336,upstream,upstream,Sichuan,Sichuan,False,False
829,830,513334,513335,upstream,upstream,Sichuan,Sichuan,False,False
830,1066,513335,533422,upstream,upstream,Sichuan,Yunnan,False,True
830,833,513335,513338,upstream,upstream,Sichuan,Sichuan,False,False
830,831,513335,513336,upstream,upstream,Sichuan,Sichuan,False,False
831,1065,513336,533401,upstream,upstream,Sichuan,Yunnan,False,True
831,833,513336,513338,upstream,upstream,Sichuan,Sichuan,False,False
831,832,513336,513337,upstream,upstream,Sichuan,Sichuan,False,False
832,1065,513337,533401,upstream,upstream,Sichuan,Yunnan,False,True
832,835,513337,513422,upstream,upstream,Sichuan,Sichuan,False,False
833,1065,513338,533401,upstream,upstream,Sichuan,Yunnan,False,True
833,1066,513338,533422,upstream,upstream,Sichuan,Yunnan,False,True
834,837,513401,513424,upstream,upstream,Sichuan,Sichuan,False,False
834,841,513401,513428,upstream,upstream,Sichuan,Sichuan,False,False
834,844,513401,513431,upstream,upstream,Sichuan,Sichuan,False,False
834,836,513401,513423,upstream,upstream,Sichuan,Sichuan,False,False
834,846,513401,513433,upstream,upstream,Sichuan,Sichuan,False,False
834,845,513401,513432,upstream,upstream,Sichuan,Sichuan,False,False
835,988,513422,530721,upstream,upstream,Sichuan,Yunnan,False,True
835,991,513422,530724,upstream,upstream,Sichuan,Yunnan,False,True
835,836,513422,513423,upstream,upstream,Sichuan,Sichuan,False,False
835,1065,513422,533401,upstream,upstream,Sichuan,Yunnan,False,True
835,846,513422,513433,upstream,upstream,Sichuan,Sichuan,False,False
836,837,513423,513424,upstream,upstream,Sichuan,Sichuan,False,False
836,991,513423,530724,upstream,upstream,Sichuan,Yunnan,False,True
836,846,513423,513433,upstream,upstream,Sichuan,Sichuan,False,False
837,838,513424,513425,upstream,upstream,Sichuan,Sichuan,False,False
837,840,513424,513427,upstream,upstream,Sichuan,Sichuan,False,False
837,841,513424,513428,upstream,upstream,Sichuan,Sichuan,False,False
838,1017,513425,532328,upstream,upstream,Sichuan,Yunnan,False,True
838,1018,513425,532329,upstream,upstream,Sichuan,Yunnan,False,True
838,1016,513425,532327,upstream,upstream,Sichuan,Yunnan,False,True
838,950,513425,530128,upstream,upstream,Sichuan,Yunnan,False,True
838,839,513425,513426,upstream,upstream,Sichuan,Sichuan,False,False
838,840,513425,513427,upstream,upstream,Sichuan,Sichuan,False,False
839,950,513426,530128,upstream,upstream,Sichuan,Yunnan,False,True
839,943,513426,530113,upstream,upstream,Sichuan,Yunnan,False,True
839,978,513426,530622,upstream,upstream,Sichuan,Yunnan,False,True
839,840,513426,513427,upstream,upstream,Sichuan,Sichuan,False,False
840,978,513427,530622,upstream,upstream,Sichuan,Yunnan,False,True
840,841,513427,513428,upstream,upstream,Sichuan,Sichuan,False,False
840,842,513427,513429,upstream,upstream,Sichuan,Sichuan,False,False
841,842,513428,513429,upstream,upstream,Sichuan,Sichuan,False,False
841,844,513428,513431,upstream,upstream,Sichuan,Sichuan,False,False
842,978,513429,530622,upstream,upstream,Sichuan,Yunnan,False,True
842,843,513429,513430,upstream,upstream,Sichuan,Sichuan,False,False
842,844,513429,513431,upstream,upstream,Sichuan,Sichuan,False,False
843,978,513430,530622,upstream,upstream,Sichuan,Yunnan,False,True
843,976,513430,530602,upstream,upstream,Sichuan,Yunnan,False,True
843,981,513430,530625,upstream,upstream,Sichuan,Yunnan,False,True
843,844,513430,513431,upstream,upstream,Sichuan,Sichuan,False,False
843,850,513430,513437,upstream,upstream,Sichuan,Sichuan,False,False
844,850,513431,513437,upstream,upstream,Sichuan,Sichuan,False,False
844,845,513431,513432,upstream,upstream,Sichuan,Sichuan,False,False
844,849,513431,513436,upstream,upstream,Sichuan,Sichuan,False,False
844,847,513431,513434,upstream,upstream,Sichuan,Sichuan,False,False
845,846,513432,513433,upstream,upstream,Sichuan,Sichuan,False,False
845,847,513432,513434,upstream,upstream,Sichuan,Sichuan,False,False
846,847,513433,513434,upstream,upstream,Sichuan,Sichuan,False,False
847,849,513434,513436,upstream,upstream,Sichuan,Sichuan,False,False
847,848,513434,513435,upstream,upstream,Sichuan,Sichuan,False,False
848,849,513435,513436,upstream,upstream,Sichuan,Sichuan,False,False
849,850,513436,513437,upstream,upstream,Sichuan,Sichuan,False,False
850,981,513437,530625,upstream,upstream,Sichuan,Yunnan,False,True
850,982,513437,530626,upstream,upstream,Sichuan,Yunnan,False,True
851,853,520102,520111,upstream,upstream,Guizhou,Guizhou,False,False
851,936,520102,522730,upstream,upstream,Guizhou,Guizhou,False,False
851,852,520102,520103,upstream,upstream,Guizhou,Guizhou,False,False
851,854,520102,520112,upstream,upstream,Guizhou,Guizhou,False,False
852,853,520103,520111,upstream,upstream,Guizhou,Guizhou,False,False
852,856,520103,520115,upstream,upstream,Guizhou,Guizhou,False,False
852,855,520103,520113,upstream,upstream,Guizhou,Guizhou,False,False
852,854,520103,520112,upstream,upstream,Guizhou,Guizhou,False,False
853,935,520111,522729,upstream,upstream,Guizhou,Guizhou,False,False
853,937,520111,522731,upstream,upstream,Guizhou,Guizhou,False,False
853,880,520111,520403,upstream,upstream,Guizhou,Guizhou,False,False
853,936,520111,522730,upstream,upstream,Guizhou,Guizhou,False,False
853,856,520111,520115,upstream,upstream,Guizhou,Guizhou,False,False
853,860,520111,520181,upstream,upstream,Guizhou,Guizhou,False,False
854,936,520112,522730,upstream,upstream,Guizhou,Guizhou,False,False
854,855,520112,520113,upstream,upstream,Guizhou,Guizhou,False,False
854,859,520112,520123,upstream,upstream,Guizhou,Guizhou,False,False
854,857,520112,520121,upstream,upstream,Guizhou,Guizhou,False,False
855,856,520113,520115,upstream,upstream,Guizhou,Guizhou,False,False
855,860,520113,520181,upstream,upstream,Guizhou,Guizhou,False,False
855,859,520113,520123,upstream,upstream,Guizhou,Guizhou,False,False
856,860,520115,520181,upstream,upstream,Guizhou,Guizhou,False,False
857,936,520121,522730,upstream,upstream,Guizhou,Guizhou,False,False
857,928,520121,522702,upstream,upstream,Guizhou,Guizhou,False,False
857,859,520121,520123,upstream,upstream,Guizhou,Guizhou,False,False
857,858,520121,520122,upstream,upstream,Guizhou,Guizhou,False,False
857,931,520121,522725,upstream,upstream,Guizhou,Guizhou,False,False
857,867,520121,520304,upstream,upstream,Guizhou,Guizhou,False,False
858,859,520122,520123,upstream,upstream,Guizhou,Guizhou,False,False
858,888,520122,520523,upstream,upstream,Guizhou,Guizhou,False,False
858,867,520122,520304,upstream,upstream,Guizhou,Guizhou,False,False
859,860,520123,520181,upstream,upstream,Guizhou,Guizhou,False,False
859,887,520123,520522,upstream,upstream,Guizhou,Guizhou,False,False
859,888,520123,520523,upstream,upstream,Guizhou,Guizhou,False,False
860,880,520181,520403,upstream,upstream,Guizhou,Guizhou,False,False
860,889,520181,520524,upstream,upstream,Guizhou,Guizhou,False,False
860,887,520181,520522,upstream,upstream,Guizhou,Guizhou,False,False
861,863,520201,520221,upstream,upstream,Guizhou,Guizhou,False,False
861,890,520201,520525,upstream,upstream,Guizhou,Guizhou,False,False
861,891,520201,520526,upstream,upstream,Guizhou,Guizhou,False,False
861,892,520201,520527,upstream,upstream,Guizhou,Guizhou,False,False
862,905,520203,522323,upstream,upstream,Guizhou,Guizhou,False,False
862,883,520203,520424,upstream,upstream,Guizhou,Guizhou,False,False
862,906,520203,522324,upstream,upstream,Guizhou,Guizhou,False,False
862,882,520203,520423,upstream,upstream,Guizhou,Guizhou,False,False
862,881,520203,520422,upstream,upstream,Guizhou,Guizhou,False,False
862,889,520203,520524,upstream,upstream,Guizhou,Guizhou,False,False
862,863,520203,520221,upstream,upstream,Guizhou,Guizhou,False,False
862,890,520203,520525,upstream,upstream,Guizhou,Guizhou,False,False
863,905,520221,522323,upstream,upstream,Guizhou,Guizhou,False,False
863,864,520221,520281,upstream,upstream,Guizhou,Guizhou,False,False
863,961,520221,530381,upstream,upstream,Guizhou,Yunnan,False,True
863,890,520221,520525,upstream,upstream,Guizhou,Guizhou,False,False
863,891,520221,520526,upstream,upstream,Guizhou,Guizhou,False,False
864,903,520281,522301,upstream,upstream,Guizhou,Guizhou,False,False
864,959,520281,530325,upstream,upstream,Guizhou,Yunnan,False,True
864,905,520281,522323,upstream,upstream,Guizhou,Guizhou,False,False
864,961,520281,530381,upstream,upstream,Guizhou,Yunnan,False,True
865,867,520302,520304,upstream,upstream,Guizhou,Guizhou,False,False
865,874,520302,520328,upstream,upstream,Guizhou,Guizhou,False,False
865,866,520302,520303,upstream,upstream,Guizhou,Guizhou,False,False
865,869,520302,520323,upstream,upstream,Guizhou,Guizhou,False,False
866,867,520303,520304,upstream,upstream,Guizhou,Guizhou,False,False
866,878,520303,520382,upstream,upstream,Guizhou,Guizhou,False,False
866,869,520303,520323,upstream,upstream,Guizhou,Guizhou,False,False
866,868,520303,520322,upstream,upstream,Guizhou,Guizhou,False,False
867,931,520304,522725,upstream,upstream,Guizhou,Guizhou,False,False
867,888,520304,520523,upstream,upstream,Guizhou,Guizhou,False,False
867,874,520304,520328,upstream,upstream,Guizhou,Guizhou,False,False
867,878,520304,520382,upstream,upstream,Guizhou,Guizhou,False,False
868,878,520322,520382,upstream,upstream,Guizhou,Guizhou,False,False
868,869,520322,520323,upstream,upstream,Guizhou,Guizhou,False,False
868,876,520322,520330,upstream,upstream,Guizhou,Guizhou,False,False
868,870,520322,520324,upstream,upstream,Guizhou,Guizhou,False,False
869,874,520323,520328,upstream,upstream,Guizhou,Guizhou,False,False
869,870,520323,520324,upstream,upstream,Guizhou,Guizhou,False,False
870,874,520324,520328,upstream,upstream,Guizhou,Guizhou,False,False
870,873,520324,520327,upstream,upstream,Guizhou,Guizhou,False,False
870,872,520324,520326,upstream,upstream,Guizhou,Guizhou,False,False
870,871,520324,520325,upstream,upstream,Guizhou,Guizhou,False,False
871,872,520325,520326,upstream,upstream,Guizhou,Guizhou,False,False
872,873,520326,520327,upstream,upstream,Guizhou,Guizhou,False,False
872,900,520326,520626,upstream,upstream,Guizhou,Guizhou,False,False
872,901,520326,520627,upstream,upstream,Guizhou,Guizhou,False,False
873,875,520327,520329,upstream,upstream,Guizhou,Guizhou,False,False
873,874,520327,520328,upstream,upstream,Guizhou,Guizhou,False,False
873,897,520327,520623,upstream,upstream,Guizhou,Guizhou,False,False
873,898,520327,520624,upstream,upstream,Guizhou,Guizhou,False,False
873,900,520327,520626,upstream,upstream,Guizhou,Guizhou,False,False
874,875,520328,520329,upstream,upstream,Guizhou,Guizhou,False,False
874,931,520328,522725,upstream,upstream,Guizhou,Guizhou,False,False
875,912,520329,522622,upstream,upstream,Guizhou,Guizhou,False,False
875,913,520329,522623,upstream,upstream,Guizhou,Guizhou,False,False
875,931,520329,522725,upstream,upstream,Guizhou,Guizhou,False,False
875,897,520329,520623,upstream,upstream,Guizhou,Guizhou,False,False
876,878,520330,520382,upstream,upstream,Guizhou,Guizhou,False,False
876,877,520330,520381,upstream,upstream,Guizhou,Guizhou,False,False
878,888,520382,520523,upstream,upstream,Guizhou,Guizhou,False,False
879,884,520402,520425,upstream,upstream,Guizhou,Guizhou,False,False
879,882,520402,520423,upstream,upstream,Guizhou,Guizhou,False,False
879,935,520402,522729,upstream,upstream,Guizhou,Guizhou,False,False
879,881,520402,520422,upstream,upstream,Guizhou,Guizhou,False,False
879,880,520402,520403,upstream,upstream,Guizhou,Guizhou,False,False
880,935,520403,522729,upstream,upstream,Guizhou,Guizhou,False,False
880,881,520403,520422,upstream,upstream,Guizhou,Guizhou,False,False
880,889,520403,520524,upstream,upstream,Guizhou,Guizhou,False,False
881,882,520422,520423,upstream,upstream,Guizhou,Guizhou,False,False
881,889,520422,520524,upstream,upstream,Guizhou,Guizhou,False,False
882,907,520423,522325,upstream,upstream,Guizhou,Guizhou,False,False
882,883,520423,520424,upstream,upstream,Guizhou,Guizhou,False,False
882,908,520423,522326,upstream,upstream,Guizhou,Guizhou,False,False
882,884,520423,520425,upstream,upstream,Guizhou,Guizhou,False,False
883,907,520424,522325,upstream,upstream,Guizhou,Guizhou,False,False
883,904,520424,522302,upstream,upstream,Guizhou,Guizhou,False,False
883,906,520424,522324,upstream,upstream,Guizhou,Guizhou,False,False
884,908,520425,522326,upstream,upstream,Guizhou,Guizhou,False,False
884,934,520425,522728,upstream,upstream,Guizhou,Guizhou,False,False
884,935,520425,522729,upstream,upstream,Guizhou,Guizhou,False,False
885,890,520502,520525,upstream,upstream,Guizhou,Guizhou,False,False
885,892,520502,520527,upstream,upstream,Guizhou,Guizhou,False,False
885,886,520502,520521,upstream,upstream,Guizhou,Guizhou,False,False
885,983,520502,530627,upstream,upstream,Guizhou,Yunnan,False,True
885,888,520502,520523,upstream,upstream,Guizhou,Guizhou,False,False
886,889,520521,520524,upstream,upstream,Guizhou,Guizhou,False,False
886,887,520521,520522,upstream,upstream,Guizhou,Guizhou,False,False
886,890,520521,520525,upstream,upstream,Guizhou,Guizhou,False,False
886,888,520521,520523,upstream,upstream,Guizhou,Guizhou,False,False
887,889,520522,520524,upstream,upstream,Guizhou,Guizhou,False,False
887,888,520522,520523,upstream,upstream,Guizhou,Guizhou,False,False
889,890,520524,520525,upstream,upstream,Guizhou,Guizhou,False,False
890,892,520525,520527,upstream,upstream,Guizhou,Guizhou,False,False
891,961,520526,530381,upstream,upstream,Guizhou,Yunnan,False,True
891,892,520526,520527,upstream,upstream,Guizhou,Guizhou,False,False
891,984,520526,530628,upstream,upstream,Guizhou,Yunnan,False,True
891,960,520526,530326,upstream,upstream,Guizhou,Yunnan,False,True
891,977,520526,530621,upstream,upstream,Guizhou,Yunnan,False,True
891,976,520526,530602,upstream,upstream,Guizhou,Yunnan,False,True
892,983,520527,530627,upstream,upstream,Guizhou,Yunnan,False,True
892,984,520527,530628,upstream,upstream,Guizhou,Yunnan,False,True
893,894,520602,520603,upstream,upstream,Guizhou,Guizhou,False,False
893,895,520602,520621,upstream,upstream,Guizhou,Guizhou,False,False
893,902,520602,520628,upstream,upstream,Guizhou,Guizhou,False,False
894,896,520603,520622,upstream,upstream,Guizhou,Guizhou,False,False
894,916,520603,522626,upstream,upstream,Guizhou,Guizhou,False,False
894,895,520603,520621,upstream,upstream,Guizhou,Guizhou,False,False
895,916,520621,522626,upstream,upstream,Guizhou,Guizhou,False,False
895,897,520621,520623,upstream,upstream,Guizhou,Guizhou,False,False
895,899,520621,520625,upstream,upstream,Guizhou,Guizhou,False,False
895,902,520621,520628,upstream,upstream,Guizhou,Guizhou,False,False
896,915,520622,522625,upstream,upstream,Guizhou,Guizhou,False,False
896,916,520622,522626,upstream,upstream,Guizhou,Guizhou,False,False
897,913,520623,522623,upstream,upstream,Guizhou,Guizhou,False,False
897,915,520623,522625,upstream,upstream,Guizhou,Guizhou,False,False
897,916,520623,522626,upstream,upstream,Guizhou,Guizhou,False,False
897,898,520623,520624,upstream,upstream,Guizhou,Guizhou,False,False
897,899,520623,520625,upstream,upstream,Guizhou,Guizhou,False,False
898,899,520624,520625,upstream,upstream,Guizhou,Guizhou,False,False
898,900,520624,520626,upstream,upstream,Guizhou,Guizhou,False,False
899,902,520625,520628,upstream,upstream,Guizhou,Guizhou,False,False
899,900,520625,520626,upstream,upstream,Guizhou,Guizhou,False,False
899,901,520625,520627,upstream,upstream,Guizhou,Guizhou,False,False
900,901,520626,520627,upstream,upstream,Guizhou,Guizhou,False,False
901,902,520627,520628,upstream,upstream,Guizhou,Guizhou,False,False
903,958,522301,530324,upstream,upstream,Guizhou,Yunnan,False,True
903,910,522301,522328,upstream,upstream,Guizhou,Guizhou,False,False
903,959,522301,530325,upstream,upstream,Guizhou,Yunnan,False,True
903,904,522301,522302,upstream,upstream,Guizhou,Guizhou,False,False
903,905,522301,522323,upstream,upstream,Guizhou,Guizhou,False,False
904,910,522302,522328,upstream,upstream,Guizhou,Guizhou,False,False
904,907,522302,522325,upstream,upstream,Guizhou,Guizhou,False,False
904,905,522302,522323,upstream,upstream,Guizhou,Guizhou,False,False
904,906,522302,522324,upstream,upstream,Guizhou,Guizhou,False,False
905,906,522323,522324,upstream,upstream,Guizhou,Guizhou,False,False
907,910,522325,522328,upstream,upstream,Guizhou,Guizhou,False,False
907,909,522325,522327,upstream,upstream,Guizhou,Guizhou,False,False
907,908,522325,522326,upstream,upstream,Guizhou,Guizhou,False,False
908,909,522326,522327,upstream,upstream,Guizhou,Guizhou,False,False
908,934,522326,522728,upstream,upstream,Guizhou,Guizhou,False,False
909,910,522327,522328,upstream,upstream,Guizhou,Guizhou,False,False
911,926,522601,522636,upstream,upstream,Guizhou,Guizhou,False,False
911,924,522601,522634,upstream,upstream,Guizhou,Guizhou,False,False
911,925,522601,522635,upstream,upstream,Guizhou,Guizhou,False,False
911,920,522601,522630,upstream,upstream,Guizhou,Guizhou,False,False
911,912,522601,522622,upstream,upstream,Guizhou,Guizhou,False,False
911,928,522601,522702,upstream,upstream,Guizhou,Guizhou,False,False
912,920,522622,522630,upstream,upstream,Guizhou,Guizhou,False,False
912,928,522622,522702,upstream,upstream,Guizhou,Guizhou,False,False
912,913,522622,522623,upstream,upstream,Guizhou,Guizhou,False,False
912,931,522622,522725,upstream,upstream,Guizhou,Guizhou,False,False
913,920,522623,522630,upstream,upstream,Guizhou,Guizhou,False,False
913,919,522623,522629,upstream,upstream,Guizhou,Guizhou,False,False
913,915,522623,522625,upstream,upstream,Guizhou,Guizhou,False,False
914,919,522624,522629,upstream,upstream,Guizhou,Guizhou,False,False
914,917,522624,522627,upstream,upstream,Guizhou,Guizhou,False,False
914,915,522624,522625,upstream,upstream,Guizhou,Guizhou,False,False
915,919,522625,522629,upstream,upstream,Guizhou,Guizhou,False,False
915,916,522625,522626,upstream,upstream,Guizhou,Guizhou,False,False
917,918,522627,522628,upstream,upstream,Guizhou,Guizhou,False,False
917,919,522627,522629,upstream,upstream,Guizhou,Guizhou,False,False
918,921,522628,522631,upstream,upstream,Guizhou,Guizhou,False,False
918,919,522628,522629,upstream,upstream,Guizhou,Guizhou,False,False
919,922,522629,522632,upstream,upstream,Guizhou,Guizhou,False,False
919,921,522629,522631,upstream,upstream,Guizhou,Guizhou,False,False
919,924,522629,522634,upstream,upstream,Guizhou,Guizhou,False,False
919,920,522629,522630,upstream,upstream,Guizhou,Guizhou,False,False
920,924,522630,522634,upstream,upstream,Guizhou,Guizhou,False,False
921,923,522631,522633,upstream,upstream,Guizhou,Guizhou,False,False
921,922,522631,522632,upstream,upstream,Guizhou,Guizhou,False,False
922,929,522632,522722,upstream,upstream,Guizhou,Guizhou,False,False
922,923,522632,522633,upstream,upstream,Guizhou,Guizhou,False,False
922,938,522632,522732,upstream,upstream,Guizhou,Guizhou,False,False
922,924,522632,522634,upstream,upstream,Guizhou,Guizhou,False,False
923,929,522633,522722,upstream,upstream,Guizhou,Guizhou,False,False
924,938,522634,522732,upstream,upstream,Guizhou,Guizhou,False,False
924,926,522634,522636,upstream,upstream,Guizhou,Guizhou,False,False
925,926,522635,522636,upstream,upstream,Guizhou,Guizhou,False,False
925,927,522635,522701,upstream,upstream,Guizhou,Guizhou,False,False
925,930,522635,522723,upstream,upstream,Guizhou,Guizhou,False,False
925,928,522635,522702,upstream,upstream,Guizhou,Guizhou,False,False
926,938,522636,522732,upstream,upstream,Guizhou,Guizhou,False,False
926,927,522636,522701,upstream,upstream,Guizhou,Guizhou,False,False
927,932,522701,522726,upstream,upstream,Guizhou,Guizhou,False,False
927,933,522701,522727,upstream,upstream,Guizhou,Guizhou,False,False
927,938,522701,522732,upstream,upstream,Guizhou,Guizhou,False,False
927,930,522701,522723,upstream,upstream,Guizhou,Guizhou,False,False
928,930,522702,522723,upstream,upstream,Guizhou,Guizhou,False,False
928,936,522702,522730,upstream,upstream,Guizhou,Guizhou,False,False
928,931,522702,522725,upstream,upstream,Guizhou,Guizhou,False,False
929,932,522722,522726,upstream,upstream,Guizhou,Guizhou,False,False
929,938,522722,522732,upstream,upstream,Guizhou,Guizhou,False,False
930,933,522723,522727,upstream,upstream,Guizhou,Guizhou,False,False
930,937,522723,522731,upstream,upstream,Guizhou,Guizhou,False,False
930,936,522723,522730,upstream,upstream,Guizhou,Guizhou,False,False
932,933,522726,522727,upstream,upstream,Guizhou,Guizhou,False,False
932,938,522726,522732,upstream,upstream,Guizhou,Guizhou,False,False
933,934,522727,522728,upstream,upstream,Guizhou,Guizhou,False,False
933,937,522727,522731,upstream,upstream,Guizhou,Guizhou,False,False
934,935,522728,522729,upstream,upstream,Guizhou,Guizhou,False,False
934,937,522728,522731,upstream,upstream,Guizhou,Guizhou,False,False
935,937,522729,522731,upstream,upstream,Guizhou,Guizhou,False,False
936,937,522730,522731,upstream,upstream,Guizhou,Guizhou,False,False
939,942,530102,530112,upstream,upstream,Yunnan,Yunnan,False,False
939,941,530102,530111,upstream,upstream,Yunnan,Yunnan,False,False
939,940,530102,530103,upstream,upstream,Yunnan,Yunnan,False,False
939,946,530102,530124,upstream,upstream,Yunnan,Yunnan,False,False
940,942,530103,530112,upstream,upstream,Yunnan,Yunnan,False,False
940,941,530103,530111,upstream,upstream,Yunnan,Yunnan,False,False
940,949,530103,530127,upstream,upstream,Yunnan,Yunnan,False,False
940,946,530103,530124,upstream,upstream,Yunnan,Yunnan,False,False
940,951,530103,530129,upstream,upstream,Yunnan,Yunnan,False,False
941,944,530111,530114,upstream,upstream,Yunnan,Yunnan,False,False
941,947,530111,530125,upstream,upstream,Yunnan,Yunnan,False,False
941,942,530111,530112,upstream,upstream,Yunnan,Yunnan,False,False
941,949,530111,530127,upstream,upstream,Yunnan,Yunnan,False,False
942,945,530112,530115,upstream,upstream,Yunnan,Yunnan,False,False
942,952,530112,530181,upstream,upstream,Yunnan,Yunnan,False,False
942,1019,530112,532331,upstream,upstream,Yunnan,Yunnan,False,False
942,944,530112,530114,upstream,upstream,Yunnan,Yunnan,False,False
942,946,530112,530124,upstream,upstream,Yunnan,Yunnan,False,False
943,951,530113,530129,upstream,upstream,Yunnan,Yunnan,False,False
943,950,530113,530128,upstream,upstream,Yunnan,Yunnan,False,False
943,960,530113,530326,upstream,upstream,Yunnan,Yunnan,False,False
943,978,530113,530622,upstream,upstream,Yunnan,Yunnan,False,False
944,945,530114,530115,upstream,upstream,Yunnan,Yunnan,False,False
944,970,530114,530481,upstream,upstream,Yunnan,Yunnan,False,False
944,947,530114,530125,upstream,upstream,Yunnan,Yunnan,False,False
945,966,530115,530425,upstream,upstream,Yunnan,Yunnan,False,False
945,967,530115,530426,upstream,upstream,Yunnan,Yunnan,False,False
945,962,530115,530402,upstream,upstream,Yunnan,Yunnan,False,False
945,963,530115,530403,upstream,upstream,Yunnan,Yunnan,False,False
945,970,530115,530481,upstream,upstream,Yunnan,Yunnan,False,False
945,952,530115,530181,upstream,upstream,Yunnan,Yunnan,False,False
946,1019,530124,532331,upstream,upstream,Yunnan,Yunnan,False,False
946,1018,530124,532329,upstream,upstream,Yunnan,Yunnan,False,False
946,951,530124,530129,upstream,upstream,Yunnan,Yunnan,False,False
946,950,530124,530128,upstream,upstream,Yunnan,Yunnan,False,False
947,1023,530125,532504,upstream,upstream,Yunnan,Yunnan,False,False
947,965,530125,530424,upstream,upstream,Yunnan,Yunnan,False,False
947,970,530125,530481,upstream,upstream,Yunnan,Yunnan,False,False
947,948,530125,530126,upstream,upstream,Yunnan,Yunnan,False,False
947,956,530125,530322,upstream,upstream,Yunnan,Yunnan,False,False
947,949,530125,530127,upstream,upstream,Yunnan,Yunnan,False,False
947,955,530125,530304,upstream,upstream,Yunnan,Yunnan,False,False
948,1023,530126,532504,upstream,upstream,Yunnan,Yunnan,False,False
948,1027,530126,532527,upstream,upstream,Yunnan,Yunnan,False,False
948,956,530126,530322,upstream,upstream,Yunnan,Yunnan,False,False
949,955,530127,530304,upstream,upstream,Yunnan,Yunnan,False,False
949,951,530127,530129,upstream,upstream,Yunnan,Yunnan,False,False
950,1018,530128,532329,upstream,upstream,Yunnan,Yunnan,False,False
950,951,530128,530129,upstream,upstream,Yunnan,Yunnan,False,False
951,955,530129,530304,upstream,upstream,Yunnan,Yunnan,False,False
951,954,530129,530303,upstream,upstream,Yunnan,Yunnan,False,False
951,960,530129,530326,upstream,upstream,Yunnan,Yunnan,False,False
952,966,530181,530425,upstream,upstream,Yunnan,Yunnan,False,False
952,1019,530181,532331,upstream,upstream,Yunnan,Yunnan,False,False
953,958,530302,530324,upstream,upstream,Yunnan,Yunnan,False,False
953,956,530302,530322,upstream,upstream,Yunnan,Yunnan,False,False
953,955,530302,530304,upstream,upstream,Yunnan,Yunnan,False,False
953,959,530302,530325,upstream,upstream,Yunnan,Yunnan,False,False
953,954,530302,530303,upstream,upstream,Yunnan,Yunnan,False,False
954,955,530303,530304,upstream,upstream,Yunnan,Yunnan,False,False
954,959,530303,530325,upstream,upstream,Yunnan,Yunnan,False,False
954,961,530303,530381,upstream,upstream,Yunnan,Yunnan,False,False
954,960,530303,530326,upstream,upstream,Yunnan,Yunnan,False,False
955,956,530304,530322,upstream,upstream,Yunnan,Yunnan,False,False
956,957,530322,530323,upstream,upstream,Yunnan,Yunnan,False,False
956,958,530322,530324,upstream,upstream,Yunnan,Yunnan,False,False
956,1027,530322,532527,upstream,upstream,Yunnan,Yunnan,False,False
957,1038,530323,532626,upstream,upstream,Yunnan,Yunnan,False,False
957,958,530323,530324,upstream,upstream,Yunnan,Yunnan,False,False
957,1027,530323,532527,upstream,upstream,Yunnan,Yunnan,False,False
958,959,530324,530325,upstream,upstream,Yunnan,Yunnan,False,False
959,961,530325,530381,upstream,upstream,Yunnan,Yunnan,False,False
960,961,530326,530381,upstream,upstream,Yunnan,Yunnan,False,False
960,978,530326,530622,upstream,upstream,Yunnan,Yunnan,False,False
960,977,530326,530621,upstream,upstream,Yunnan,Yunnan,False,False
962,964,530402,530423,upstream,upstream,Yunnan,Yunnan,False,False
962,967,530402,530426,upstream,upstream,Yunnan,Yunnan,False,False
962,963,530402,530403,upstream,upstream,Yunnan,Yunnan,False,False
963,964,530403,530423,upstream,upstream,Yunnan,Yunnan,False,False
963,965,530403,530424,upstream,upstream,Yunnan,Yunnan,False,False
963,970,530403,530481,upstream,upstream,Yunnan,Yunnan,False,False
964,1025,530423,532524,upstream,upstream,Yunnan,Yunnan,False,False
964,1026,530423,532525,upstream,upstream,Yunnan,Yunnan,False,False
964,965,530423,530424,upstream,upstream,Yunnan,Yunnan,False,False
964,967,530423,530426,upstream,upstream,Yunnan,Yunnan,False,False
965,1025,530424,532524,upstream,upstream,Yunnan,Yunnan,False,False
965,1023,530424,532504,upstream,upstream,Yunnan,Yunnan,False,False
965,970,530424,530481,upstream,upstream,Yunnan,Yunnan,False,False
966,1011,530425,532322,upstream,upstream,Yunnan,Yunnan,False,False
966,967,530425,530426,upstream,upstream,Yunnan,Yunnan,False,False
966,1019,530425,532331,upstream,upstream,Yunnan,Yunnan,False,False
967,1026,530426,532525,upstream,upstream,Yunnan,Yunnan,False,False
967,968,530426,530427,upstream,upstream,Yunnan,Yunnan,False,False
967,1011,530426,532322,upstream,upstream,Yunnan,Yunnan,False,False
968,1026,530427,532525,upstream,upstream,Yunnan,Yunnan,False,False
968,994,530427,530822,upstream,upstream,Yunnan,Yunnan,False,False
968,969,530427,530428,upstream,upstream,Yunnan,Yunnan,False,False
968,997,530427,530825,upstream,upstream,Yunnan,Yunnan,False,False
968,1011,530427,532322,upstream,upstream,Yunnan,Yunnan,False,False
969,1026,530428,532525,upstream,upstream,Yunnan,Yunnan,False,False
969,1029,530428,532529,upstream,upstream,Yunnan,Yunnan,False,False
969,994,530428,530822,upstream,upstream,Yunnan,Yunnan,False,False
971,973,530502,530523,upstream,upstream,Yunnan,Yunnan,False,False
971,972,530502,530521,upstream,upstream,Yunnan,Yunnan,False,False
971,974,530502,530524,upstream,upstream,Yunnan,Yunnan,False,False
971,975,530502,530581,upstream,upstream,Yunnan,Yunnan,False,False
971,1051,530502,532928,upstream,upstream,Yunnan,Yunnan,False,False
971,1052,530502,532929,upstream,upstream,Yunnan,Yunnan,False,False
971,1061,530502,533301,upstream,upstream,Yunnan,Yunnan,False,False
972,1005,530521,530923,upstream,upstream,Yunnan,Yunnan,False,False
972,973,530521,530523,upstream,upstream,Yunnan,Yunnan,False,False
972,974,530521,530524,upstream,upstream,Yunnan,Yunnan,False,False
973,1006,530523,530924,upstream,upstream,Yunnan,Yunnan,False,False
973,1005,530523,530923,upstream,upstream,Yunnan,Yunnan,False,False
973,1057,530523,533103,upstream,upstream,Yunnan,Yunnan,False,False
973,1058,530523,533122,upstream,upstream,Yunnan,Yunnan,False,False
973,975,530523,530581,upstream,upstream,Yunnan,Yunnan,False,False
974,1005,530524,530923,upstream,upstream,Yunnan,Yunnan,False,False
974,1003,530524,530921,upstream,upstream,Yunnan,Yunnan,False,False
974,1050,530524,532927,upstream,upstream,Yunnan,Yunnan,False,False
974,1051,530524,532928,upstream,upstream,Yunnan,Yunnan,False,False
974,1045,530524,532922,upstream,upstream,Yunnan,Yunnan,False,False
975,1058,530581,533122,upstream,upstream,Yunnan,Yunnan,False,False
975,1059,530581,533123,upstream,upstream,Yunnan,Yunnan,False,False
975,1061,530581,533301,upstream,upstream,Yunnan,Yunnan,False,False
976,984,530602,530628,upstream,upstream,Yunnan,Yunnan,False,False
976,978,530602,530622,upstream,upstream,Yunnan,Yunnan,False,False
976,977,530602,530621,upstream,upstream,Yunnan,Yunnan,False,False
976,980,530602,530624,upstream,upstream,Yunnan,Yunnan,False,False
976,981,530602,530625,upstream,upstream,Yunnan,Yunnan,False,False
977,978,530621,530622,upstream,upstream,Yunnan,Yunnan,False,False
979,984,530623,530628,upstream,upstream,Yunnan,Yunnan,False,False
979,980,530623,530624,upstream,upstream,Yunnan,Yunnan,False,False
979,981,530623,530625,upstream,upstream,Yunnan,Yunnan,False,False
979,986,530623,530681,upstream,upstream,Yunnan,Yunnan,False,False
979,982,530623,530626,upstream,upstream,Yunnan,Yunnan,False,False
980,984,530624,530628,upstream,upstream,Yunnan,Yunnan,False,False
980,981,530624,530625,upstream,upstream,Yunnan,Yunnan,False,False
981,982,530625,530626,upstream,upstream,Yunnan,Yunnan,False,False
982,986,530626,530681,upstream,upstream,Yunnan,Yunnan,False,False
983,984,530627,530628,upstream,upstream,Yunnan,Yunnan,False,False
983,985,530627,530629,upstream,upstream,Yunnan,Yunnan,False,False
984,985,530628,530629,upstream,upstream,Yunnan,Yunnan,False,False
987,1055,530702,532932,upstream,upstream,Yunnan,Yunnan,False,False
987,989,530702,530722,upstream,upstream,Yunnan,Yunnan,False,False
987,988,530702,530721,upstream,upstream,Yunnan,Yunnan,False,False
987,991,530702,530724,upstream,upstream,Yunnan,Yunnan,False,False
988,1055,530721,532932,upstream,upstream,Yunnan,Yunnan,False,False
988,1054,530721,532931,upstream,upstream,Yunnan,Yunnan,False,False
988,1064,530721,533325,upstream,upstream,Yunnan,Yunnan,False,False
988,991,530721,530724,upstream,upstream,Yunnan,Yunnan,False,False
988,1067,530721,533423,upstream,upstream,Yunnan,Yunnan,False,False
988,1065,530721,533401,upstream,upstream,Yunnan,Yunnan,False,False
989,1047,530722,532924,upstream,upstream,Yunnan,Yunnan,False,False
989,1015,530722,532326,upstream,upstream,Yunnan,Yunnan,False,False
989,1055,530722,532932,upstream,upstream,Yunnan,Yunnan,False,False
989,990,530722,530723,upstream,upstream,Yunnan,Yunnan,False,False
989,991,530722,530724,upstream,upstream,Yunnan,Yunnan,False,False
990,1015,530723,532326,upstream,upstream,Yunnan,Yunnan,False,False
990,1016,530723,532327,upstream,upstream,Yunnan,Yunnan,False,False
990,991,530723,530724,upstream,upstream,Yunnan,Yunnan,False,False
992,1042,530802,532822,upstream,upstream,Yunnan,Yunnan,False,False
992,1041,530802,532801,upstream,upstream,Yunnan,Yunnan,False,False
992,998,530802,530826,upstream,upstream,Yunnan,Yunnan,False,False
992,1000,530802,530828,upstream,upstream,Yunnan,Yunnan,False,False
992,993,530802,530821,upstream,upstream,Yunnan,Yunnan,False,False
992,996,530802,530824,upstream,upstream,Yunnan,Yunnan,False,False
993,998,530821,530826,upstream,upstream,Yunnan,Yunnan,False,False
993,996,530821,530824,upstream,upstream,Yunnan,Yunnan,False,False
993,994,530821,530822,upstream,upstream,Yunnan,Yunnan,False,False
993,997,530821,530825,upstream,upstream,Yunnan,Yunnan,False,False
994,998,530822,530826,upstream,upstream,Yunnan,Yunnan,False,False
994,1031,530822,532531,upstream,upstream,Yunnan,Yunnan,False,False
994,1029,530822,532529,upstream,upstream,Yunnan,Yunnan,False,False
994,997,530822,530825,upstream,upstream,Yunnan,Yunnan,False,False
995,1002,530823,530902,upstream,upstream,Yunnan,Yunnan,False,False
995,997,530823,530825,upstream,upstream,Yunnan,Yunnan,False,False
995,1004,530823,530922,upstream,upstream,Yunnan,Yunnan,False,False
995,1011,530823,532322,upstream,upstream,Yunnan,Yunnan,False,False
995,1010,530823,532301,upstream,upstream,Yunnan,Yunnan,False,False
995,1049,530823,532926,upstream,upstream,Yunnan,Yunnan,False,False
995,1013,530823,532324,upstream,upstream,Yunnan,Yunnan,False,False
995,1048,530823,532925,upstream,upstream,Yunnan,Yunnan,False,False
996,1000,530824,530828,upstream,upstream,Yunnan,Yunnan,False,False
996,1007,530824,530925,upstream,upstream,Yunnan,Yunnan,False,False
996,1002,530824,530902,upstream,upstream,Yunnan,Yunnan,False,False
996,997,530824,530825,upstream,upstream,Yunnan,Yunnan,False,False
997,1002,530825,530902,upstream,upstream,Yunnan,Yunnan,False,False
997,1011,530825,532322,upstream,upstream,Yunnan,Yunnan,False,False
998,1043,530826,532823,upstream,upstream,Yunnan,Yunnan,False,False
998,1041,530826,532801,upstream,upstream,Yunnan,Yunnan,False,False
998,1031,530826,532531,upstream,upstream,Yunnan,Yunnan,False,False
999,1000,530827,530828,upstream,upstream,Yunnan,Yunnan,False,False
999,1001,530827,530829,upstream,upstream,Yunnan,Yunnan,False,False
1000,1042,530828,532822,upstream,upstream,Yunnan,Yunnan,False,False
1000,1001,530828,530829,upstream,upstream,Yunnan,Yunnan,False,False
1000,1009,530828,530927,upstream,upstream,Yunnan,Yunnan,False,False
1000,1007,530828,530925,upstream,upstream,Yunnan,Yunnan,False,False
1002,1007,530902,530925,upstream,upstream,Yunnan,Yunnan,False,False
1002,1008,530902,530926,upstream,upstream,Yunnan,Yunnan,False,False
1002,1004,530902,530922,upstream,upstream,Yunnan,Yunnan,False,False
1003,1005,530921,530923,upstream,upstream,Yunnan,Yunnan,False,False
1003,1004,530921,530922,upstream,upstream,Yunnan,Yunnan,False,False
1003,1049,530921,532926,upstream,upstream,Yunnan,Yunnan,False,False
1003,1050,530921,532927,upstream,upstream,Yunnan,Yunnan,False,False
1004,1008,530922,530926,upstream,upstream,Yunnan,Yunnan,False,False
1004,1005,530922,530923,upstream,upstream,Yunnan,Yunnan,False,False
1004,1049,530922,532926,upstream,upstream,Yunnan,Yunnan,False,False
1005,1008,530923,530926,upstream,upstream,Yunnan,Yunnan,False,False
1005,1006,530923,530924,upstream,upstream,Yunnan,Yunnan,False,False
1006,1008,530924,530926,upstream,upstream,Yunnan,Yunnan,False,False
1007,1009,530925,530927,upstream,upstream,Yunnan,Yunnan,False,False
1007,1008,530925,530926,upstream,upstream,Yunnan,Yunnan,False,False
1008,1009,530926,530927,upstream,upstream,Yunnan,Yunnan,False,False
1010,1011,532301,532322,upstream,upstream,Yunnan,Yunnan,False,False
1010,1013,532301,532324,upstream,upstream,Yunnan,Yunnan,False,False
1010,1019,532301,532331,upstream,upstream,Yunnan,Yunnan,False,False
1010,1012,532301,532323,upstream,upstream,Yunnan,Yunnan,False,False
1011,1019,532322,532331,upstream,upstream,Yunnan,Yunnan,False,False
1012,1013,532323,532324,upstream,upstream,Yunnan,Yunnan,False,False
1012,1019,532323,532331,upstream,upstream,Yunnan,Yunnan,False,False
1012,1014,532323,532325,upstream,upstream,Yunnan,Yunnan,False,False
1012,1017,532323,532328,upstream,upstream,Yunnan,Yunnan,False,False
1012,1015,532323,532326,upstream,upstream,Yunnan,Yunnan,False,False
1013,1048,532324,532925,upstream,upstream,Yunnan,Yunnan,False,False
1013,1014,532324,532325,upstream,upstream,Yunnan,Yunnan,False,False
1013,1046,532324,532923,upstream,upstream,Yunnan,Yunnan,False,False
1014,1046,532325,532923,upstream,upstream,Yunnan,Yunnan,False,False
1014,1015,532325,532326,upstream,upstream,Yunnan,Yunnan,False,False
1015,1046,532326,532923,upstream,upstream,Yunnan,Yunnan,False,False
1015,1017,532326,532328,upstream,upstream,Yunnan,Yunnan,False,False
1015,1047,532326,532924,upstream,upstream,Yunnan,Yunnan,False,False
1015,1016,532326,532327,upstream,upstream,Yunnan,Yunnan,False,False
1016,1017,532327,532328,upstream,upstream,Yunnan,Yunnan,False,False
1017,1019,532328,532331,upstream,upstream,Yunnan,Yunnan,False,False
1017,1018,532328,532329,upstream,upstream,Yunnan,Yunnan,False,False
1018,1019,532329,532331,upstream,upstream,Yunnan,Yunnan,False,False
1020,1030,532501,532530,upstream,upstream,Yunnan,Yunnan,False,False
1020,1032,532501,532532,upstream,upstream,Yunnan,Yunnan,False,False
1020,1028,532501,532528,upstream,upstream,Yunnan,Yunnan,False,False
1020,1024,532501,532523,upstream,upstream,Yunnan,Yunnan,False,False
1020,1022,532501,532503,upstream,upstream,Yunnan,Yunnan,False,False
1020,1025,532501,532524,upstream,upstream,Yunnan,Yunnan,False,False
1020,1021,532501,532502,upstream,upstream,Yunnan,Yunnan,False,False
1021,1022,532502,532503,upstream,upstream,Yunnan,Yunnan,False,False
1021,1025,532502,532524,upstream,upstream,Yunnan,Yunnan,False,False
1021,1034,532502,532622,upstream,upstream,Yunnan,Yunnan,False,False
1021,1038,532502,532626,upstream,upstream,Yunnan,Yunnan,False,False
1021,1023,532502,532504,upstream,upstream,Yunnan,Yunnan,False,False
1022,1030,532503,532530,upstream,upstream,Yunnan,Yunnan,False,False
1022,1028,532503,532528,upstream,upstream,Yunnan,Yunnan,False,False
1022,1024,532503,532523,upstream,upstream,Yunnan,Yunnan,False,False
1022,1033,532503,532601,upstream,upstream,Yunnan,Yunnan,False,False
1022,1034,532503,532622,upstream,upstream,Yunnan,Yunnan,False,False
1023,1025,532504,532524,upstream,upstream,Yunnan,Yunnan,False,False
1023,1038,532504,532626,upstream,upstream,Yunnan,Yunnan,False,False
1023,1027,532504,532527,upstream,upstream,Yunnan,Yunnan,False,False
1024,1032,532523,532532,upstream,upstream,Yunnan,Yunnan,False,False
1024,1037,532523,532625,upstream,upstream,Yunnan,Yunnan,False,False
1024,1033,532523,532601,upstream,upstream,Yunnan,Yunnan,False,False
1025,1028,532524,532528,upstream,upstream,Yunnan,Yunnan,False,False
1025,1026,532524,532525,upstream,upstream,Yunnan,Yunnan,False,False
1025,1029,532524,532529,upstream,upstream,Yunnan,Yunnan,False,False
1026,1029,532525,532529,upstream,upstream,Yunnan,Yunnan,False,False
1027,1038,532527,532626,upstream,upstream,Yunnan,Yunnan,False,False
1028,1031,532528,532531,upstream,upstream,Yunnan,Yunnan,False,False
1028,1030,532528,532530,upstream,upstream,Yunnan,Yunnan,False,False
1028,1029,532528,532529,upstream,upstream,Yunnan,Yunnan,False,False
1029,1031,532529,532531,upstream,upstream,Yunnan,Yunnan,False,False
1030,1031,532530,532531,upstream,upstream,Yunnan,Yunnan,False,False
1030,1032,532530,532532,upstream,upstream,Yunnan,Yunnan,False,False
1032,1037,532532,532625,upstream,upstream,Yunnan,Yunnan,False,False
1033,1037,532601,532625,upstream,upstream,Yunnan,Yunnan,False,False
1033,1035,532601,532623,upstream,upstream,Yunnan,Yunnan,False,False
1033,1034,532601,532622,upstream,upstream,Yunnan,Yunnan,False,False
1034,1035,532622,532623,upstream,upstream,Yunnan,Yunnan,False,False
1034,1039,532622,532627,upstream,upstream,Yunnan,Yunnan,False,False
1034,1038,532622,532626,upstream,upstream,Yunnan,Yunnan,False,False
1035,1037,532623,532625,upstream,upstream,Yunnan,Yunnan,False,False
1035,1036,532623,532624,upstream,upstream,Yunnan,Yunnan,False,False
1035,1039,532623,532627,upstream,upstream,Yunnan,Yunnan,False,False
1036,1037,532624,532625,upstream,upstream,Yunnan,Yunnan,False,False
1036,1039,532624,532627,upstream,upstream,Yunnan,Yunnan,False,False
1036,1040,532624,532628,upstream,upstream,Yunnan,Yunnan,False,False
1038,1039,532626,532627,upstream,upstream,Yunnan,Yunnan,False,False
1039,1040,532627,532628,upstream,upstream,Yunnan,Yunnan,False,False
1041,1043,532801,532823,upstream,upstream,Yunnan,Yunnan,False,False
1041,1042,532801,532822,upstream,upstream,Yunnan,Yunnan,False,False
1044,1048,532901,532925,upstream,upstream,Yunnan,Yunnan,False,False
1044,1050,532901,532927,upstream,upstream,Yunnan,Yunnan,False,False
1044,1046,532901,532923,upstream,upstream,Yunnan,Yunnan,False,False
1044,1045,532901,532922,upstream,upstream,Yunnan,Yunnan,False,False
1044,1047,532901,532924,upstream,upstream,Yunnan,Yunnan,False,False
1044,1053,532901,532930,upstream,upstream,Yunnan,Yunnan,False,False
1044,1055,532901,532932,upstream,upstream,Yunnan,Yunnan,False,False
1045,1050,532922,532927,upstream,upstream,Yunnan,Yunnan,False,False
1045,1051,532922,532928,upstream,upstream,Yunnan,Yunnan,False,False
1045,1052,532922,532929,upstream,upstream,Yunnan,Yunnan,False,False
1045,1053,532922,532930,upstream,upstream,Yunnan,Yunnan,False,False
1046,1048,532923,532925,upstream,upstream,Yunnan,Yunnan,False,False
1046,1047,532923,532924,upstream,upstream,Yunnan,Yunnan,False,False
1047,1055,532924,532932,upstream,upstream,Yunnan,Yunnan,False,False
1048,1049,532925,532926,upstream,upstream,Yunnan,Yunnan,False,False
1048,1050,532925,532927,upstream,upstream,Yunnan,Yunnan,False,False
1049,1050,532926,532927,upstream,upstream,Yunnan,Yunnan,False,False
1051,1052,532928,532929,upstream,upstream,Yunnan,Yunnan,False,False
1052,1053,532929,532930,upstream,upstream,Yunnan,Yunnan,False,False
1052,1061,532929,533301,upstream,upstream,Yunnan,Yunnan,False,False
1052,1054,532929,532931,upstream,upstream,Yunnan,Yunnan,False,False
1052,1064,532929,533325,upstream,upstream,Yunnan,Yunnan,False,False
1053,1055,532930,532932,upstream,upstream,Yunnan,Yunnan,False,False
1053,1054,532930,532931,upstream,upstream,Yunnan,Yunnan,False,False
1054,1055,532931,532932,upstream,upstream,Yunnan,Yunnan,False,False
1054,1064,532931,533325,upstream,upstream,Yunnan,Yunnan,False,False
1056,1057,533102,533103,upstream,upstream,Yunnan,Yunnan,False,False
1056,1060,533102,533124,upstream,upstream,Yunnan,Yunnan,False,False
1057,1060,533103,533124,upstream,upstream,Yunnan,Yunnan,False,False
1057,1058,533103,533122,upstream,upstream,Yunnan,Yunnan,False,False
1058,1060,533122,533124,upstream,upstream,Yunnan,Yunnan,False,False
1058,1059,533122,533123,upstream,upstream,Yunnan,Yunnan,False,False
1059,1060,533123,533124,upstream,upstream,Yunnan,Yunnan,False,False
1061,1064,533301,533325,upstream,upstream,Yunnan,Yunnan,False,False
1061,1062,533301,533323,upstream,upstream,Yunnan,Yunnan,False,False
1062,1064,533323,533325,upstream,upstream,Yunnan,Yunnan,False,False
1062,1067,533323,533423,upstream,upstream,Yunnan,Yunnan,False,False
1062,1063,533323,533324,upstream,upstream,Yunnan,Yunnan,False,False
1063,1067,533324,533423,upstream,upstream,Yunnan,Yunnan,False,False
1063,1066,533324,533422,upstream,upstream,Yunnan,Yunnan,False,False
1064,1067,533325,533423,upstream,upstream,Yunnan,Yunnan,False,False
1065,1067,533401,533423,upstream,upstream,Yunnan,Yunnan,False,False
1065,1066,533401,533422,upstream,upstream,Yunnan,Yunnan,False,False
1066,1067,533422,533423,upstream,upstream,Yunnan,Yunnan,False,False
179,181,330902,330921,downstream,downstream,Zhejiang,Zhejiang,False,False
181,182,330921,330922,downstream,downstream,Zhejiang,Zhejiang,False,False
180,181,330903,330921,downstream,downstream,Zhejiang,Zhejiang,False,False
