src,dst,drop_m,src_elev,dst_elev,cross_reach,cross_province
310101,310115,2.2391749147372164,5.178083061505842,2.9389081467686258,False,False
310104,310101,0.07447849266003459,5.252561554165877,5.178083061505842,False,False
310106,310101,0.7661586564425882,5.94424171794843,5.178083061505842,False,False
310109,310101,0.6874884162211519,5.865571477726994,5.178083061505842,False,False
310104,310112,0.5869638592912647,5.252561554165877,4.665597694874612,False,False
310104,310115,2.313653407397251,5.252561554165877,2.9389081467686258,False,False
310105,310104,0.6466713487399609,5.899232902905838,5.252561554165877,False,False
310106,310104,0.6916801637825536,5.94424171794843,5.252561554165877,False,False
310105,310112,1.2336352080312256,5.899232902905838,4.665597694874612,False,False
310105,310107,0.21217982720420547,5.899232902905838,5.687053075701632,False,False
310106,310105,0.04500881504259269,5.94424171794843,5.899232902905838,False,False
310105,310114,1.8209502139372882,5.899232902905838,4.0782826889685495,False,False
310106,310107,0.25718864224679816,5.94424171794843,5.687053075701632,False,False
310106,310109,0.07867024022143632,5.94424171794843,5.865571477726994,False,False
310106,310113,1.188925765728877,5.94424171794843,4.755315952219553,False,False
310107,310114,1.6087703867330827,5.687053075701632,4.0782826889685495,False,False
310107,310113,0.9317371234820788,5.687053075701632,4.755315952219553,False,False
310109,310115,2.9266633309583683,5.865571477726994,2.9389081467686258,False,False
310109,310110,0.9327139357933181,5.865571477726994,4.932857541933676,False,False
310109,310113,1.1102555255074407,5.865571477726994,4.755315952219553,False,False
310110,310115,1.9939493951650502,4.932857541933676,2.9389081467686258,False,False
310110,310113,0.1775415897141226,4.932857541933676,4.755315952219553,False,False
310112,310120,1.7680354854344742,4.665597694874612,2.897562209440138,False,False
310112,310117,1.290184083477433,4.665597694874612,3.375413611397179,False,False
310112,310118,1.8655863039636675,4.665597694874612,2.8000113909109445,False,False
310112,310115,1.7266895481059863,4.665597694874612,2.9389081467686258,False,False
310112,310114,0.5873150059060626,4.665597694874612,4.0782826889685495,False,False
310113,310115,1.8164078054509276,4.755315952219553,2.9389081467686258,False,False
310113,310114,0.6770332632510039,4.755315952219553,4.0782826889685495,False,False
310113,320585,1.9362258687168943,4.755315952219553,2.819090083502659,False,True
310114,310118,1.278271298057605,4.0782826889685495,2.8000113909109445,False,False
310114,320583,1.0391786833077585,4.0782826889685495,3.039104005660791,False,True
310114,320585,1.2591926054658904,4.0782826889685495,2.819090083502659,False,True
330922,310115,13.401890395260246,16.34079854202887,2.9389081467686258,False,True
310115,310120,0.0413459373284879,2.9389081467686258,2.897562209440138,False,False
330482,310116,0.525296446538968,3.353515082445552,2.828218635906584,False,True
310116,330421,0.22052601176349418,2.828218635906584,2.6076926241430898,False,True
310120,310116,0.06934357353355391,2.897562209440138,2.828218635906584,False,False
310117,310116,0.5471949754905951,3.375413611397179,2.828218635906584,False,False
310116,310118,0.028207244995639424,2.828218635906584,2.8000113909109445,False,False
310117,310120,0.47785140195704123,3.375413611397179,2.897562209440138,False,False
310117,310118,0.5754022204862346,3.375413611397179,2.8000113909109445,False,False
310118,330421,0.19231876676785475,2.8000113909109445,2.6076926241430898,False,True
310118,320509,0.3784829811735726,2.8000113909109445,2.421528409737372,False,True
320583,310118,0.23909261474984644,3.039104005660791,2.8000113909109445,False,True
320585,310151,0.8139795704384993,2.819090083502659,2.0051105130641598,False,True
320681,310151,0.28432430482576443,2.289434817889924,2.0051105130641598,False,True
320684,310151,1.5635505274126893,3.568661040476849,2.0051105130641598,False,True
320102,320106,34.12297866852029,51.49600720254056,17.37302853402027,False,False
320102,320115,19.797081936827425,51.49600720254056,31.698925265713136,False,False
320102,320104,39.56990598691674,51.49600720254056,11.926101215623826,False,False
320102,320113,34.41534160105948,51.49600720254056,17.080665601481083,False,False
320114,320104,10.571674898675452,22.497776114299278,11.926101215623826,False,False
320104,320105,5.190167914476904,11.926101215623826,6.735933301146922,False,False
320106,320104,5.446927318396446,17.37302853402027,11.926101215623826,False,False
320115,320104,19.772824050089312,31.698925265713136,11.926101215623826,False,False
320114,320105,15.761842813152356,22.497776114299278,6.735933301146922,False,False
320111,320105,21.104546073153553,27.840479374300475,6.735933301146922,False,False
320106,320105,10.63709523287335,17.37302853402027,6.735933301146922,False,False
320111,320106,10.467450840280204,27.840479374300475,17.37302853402027,False,False
320106,320113,0.2923629325391879,17.37302853402027,17.080665601481083,False,False
320111,320114,5.342703260001198,27.840479374300475,22.497776114299278,False,False
341124,320111,16.394804399953582,44.23528377425406,27.840479374300475,False,True
320115,320111,3.8584458914126607,31.698925265713136,27.840479374300475,False,False
320111,320113,10.759813772819392,27.840479374300475,17.080665601481083,False,False
320111,320116,4.495458790769558,27.840479374300475,23.345020583530918,False,False
320111,340523,6.995389662890766,27.840479374300475,20.84508971140971,False,True
341103,320111,40.55252815091127,68.39300752521174,27.840479374300475,False,True
341122,320111,14.887907184237601,42.72838655853808,27.840479374300475,False,True
320115,320113,14.618259664232053,31.698925265713136,17.080665601481083,False,False
321183,320113,27.043077671179237,44.12374327266032,17.080665601481083,False,False
321112,320113,4.125511466198098,21.20617706767918,17.080665601481083,False,False
320116,320113,6.264354982049834,23.345020583530918,17.080665601481083,False,False
321081,320113,6.167619862513266,23.24828546399435,17.080665601481083,False,False
320115,320114,9.201149151413858,31.698925265713136,22.497776114299278,False,False
320115,340506,6.991155757602829,31.698925265713136,24.707769508110307,False,True
320115,320117,3.7177663255260462,31.698925265713136,27.98115894018709,False,False
321183,320115,12.424818006947184,44.12374327266032,31.698925265713136,False,False
320115,340504,0.9090541470385851,31.698925265713136,30.78987111867455,False,True
340503,320115,1.8751752688003336,33.57410053451347,31.698925265713136,False,True
320115,340523,10.853835554303426,31.698925265713136,20.84508971140971,False,True
341122,320116,19.38336597500716,42.72838655853808,23.345020583530918,False,True
320116,321081,0.09673511953656799,23.345020583530918,23.24828546399435,False,False
320116,341181,1.907207486367895,23.345020583530918,21.437813097163023,False,True
320117,320118,14.222315042560323,27.98115894018709,13.758843897626766,False,False
320117,320481,1.044315427331103,27.98115894018709,26.936843512855987,False,False
320117,340506,3.273389432076783,27.98115894018709,24.707769508110307,False,True
321183,320117,16.14258433247323,44.12374327266032,27.98115894018709,False,False
341802,320118,66.92259917783974,80.6814430754665,13.758843897626766,False,True
341821,320118,28.279527149287432,42.0383710469142,13.758843897626766,False,True
320481,320118,13.17799961522922,26.936843512855987,13.758843897626766,False,False
340506,320118,10.94892561048354,24.707769508110307,13.758843897626766,False,True
320118,340521,4.636760642963242,13.758843897626766,9.122083254663524,False,True
320205,320214,0.575402883168838,5.606932248228687,5.031529365059849,False,False
320213,320205,2.5192292925096025,8.12616154073829,5.606932248228687,False,False
320205,320507,2.674063556868799,5.606932248228687,2.932868691359888,False,False
320205,320206,0.1263469417664922,5.606932248228687,5.480585306462195,False,False
320281,320205,0.91986660747326,6.526798855701947,5.606932248228687,False,False
320205,320581,1.33416146420387,5.606932248228687,4.272770784024817,False,False
320211,320206,3.040048919583195,8.52063422604539,5.480585306462195,False,False
320206,320412,0.5159332958583356,5.480585306462195,4.964652010603859,False,False
320213,320206,2.6455762342760947,8.12616154073829,5.480585306462195,False,False
320281,320206,1.0462135492397522,6.526798855701947,5.480585306462195,False,False
320282,320211,25.919151474044305,34.43978570008969,8.52063422604539,False,False
320211,320214,3.489104860985541,8.52063422604539,5.031529365059849,False,False
320211,320412,3.5559822154415306,8.52063422604539,4.964652010603859,False,False
320211,320213,0.39447268530710033,8.52063422604539,8.12616154073829,False,False
320211,320506,3.0547994028514056,8.52063422604539,5.465834823193984,False,False
320211,320505,1.0969462401538,8.52063422604539,7.42368798589159,False,False
320211,320507,5.587765534685502,8.52063422604539,2.932868691359888,False,False
320213,320214,3.0946321756784405,8.12616154073829,5.031529365059849,False,False
320214,320507,2.098660673699961,5.031529365059849,2.932868691359888,False,False
320281,320412,1.5621468450980878,6.526798855701947,4.964652010603859,False,False
320281,320402,1.3615319798313212,6.526798855701947,5.165266875870626,False,False
320281,320411,0.31656669732075216,6.526798855701947,6.210232158381195,False,False
320281,321282,2.887476115535017,6.526798855701947,3.63932274016693,False,False
320281,321283,1.397494586212753,6.526798855701947,5.129304269489194,False,False
320281,320581,2.25402807167713,6.526798855701947,4.272770784024817,False,False
320281,320582,2.916582681602142,6.526798855701947,3.610216174099805,False,False
341882,320282,99.36368594099196,133.80347164108164,34.43978570008969,False,True
330522,320282,40.13663506824317,74.57642076833287,34.43978570008969,False,True
320282,320481,7.502942187233707,34.43978570008969,26.936843512855987,False,False
320282,320412,29.475133689485833,34.43978570008969,4.964652010603859,False,False
320282,320506,28.97395087689571,34.43978570008969,5.465834823193984,False,False
320282,320413,24.160968356580796,34.43978570008969,10.278817343508896,False,False
320302,320303,4.476978322398146,42.31343042677515,37.836452104377,False,False
320311,320302,1.5134948147394738,43.82692524151462,42.31343042677515,False,False
320302,320312,0.5528655071771809,42.31343042677515,41.76056491959797,False,False
320302,320305,0.563981914525165,42.31343042677515,41.749448512249984,False,False
320311,320303,5.99047313713762,43.82692524151462,37.836452104377,False,False
320312,320303,3.9241128152209654,41.76056491959797,37.836452104377,False,False
320305,320303,3.9129964078729813,41.749448512249984,37.836452104377,False,False
320312,320305,0.011116407347984136,41.76056491959797,41.749448512249984,False,False
320305,320382,13.341974564316303,41.749448512249984,28.40747394793368,False,False
320311,320312,2.0663603219166546,43.82692524151462,41.76056491959797,False,False
320312,341302,10.70617686564848,41.76056491959797,31.054388053949488,False,True
340602,320312,2.251701487655197,44.012266407253165,41.76056491959797,False,True
341322,320312,6.943749303379555,48.70431422297752,41.76056491959797,False,True
320312,320321,0.4706512373222722,41.76056491959797,41.289913682275696,False,False
320312,320322,3.180554988748831,41.76056491959797,38.58000993084914,False,False
320312,341323,17.084687821599136,41.76056491959797,24.675877097998832,False,True
320312,320324,15.395019041537388,41.76056491959797,26.36554587806058,False,False
320312,320382,13.353090971664287,41.76056491959797,28.40747394793368,False,False
341322,320321,7.414400540701827,48.70431422297752,41.289913682275696,False,True
341321,320321,4.666241609565503,45.9561552918412,41.289913682275696,False,True
320321,320322,2.709903751426559,41.289913682275696,38.58000993084914,False,False
320324,341324,5.621607517656511,26.36554587806058,20.74393836040407,False,True
320324,341323,1.6896687800617478,26.36554587806058,24.675877097998832,False,True
320324,321302,6.19804740970925,26.36554587806058,20.16749846835133,False,False
320324,321311,5.966825768886366,26.36554587806058,20.398720109174214,False,False
320382,320324,2.0419280698731015,28.40747394793368,26.36554587806058,False,False
320381,321311,7.493926980426227,27.89264708960044,20.398720109174214,False,False
320381,321322,19.491898269787583,27.89264708960044,8.40074881981286,False,False
320382,320381,0.5148268583332403,28.40747394793368,27.89264708960044,False,False
320722,320381,0.15048017287691096,28.043127262477352,27.89264708960044,False,False
320382,321311,8.008753838759468,28.40747394793368,20.398720109174214,False,False
320402,320412,0.20061486526676653,5.165266875870626,4.964652010603859,False,False
320404,320402,1.4160813678428443,6.58134824371347,5.165266875870626,False,False
320411,320402,1.044965282510569,6.210232158381195,5.165266875870626,False,False
320404,320412,1.6166962331096109,6.58134824371347,4.964652010603859,False,False
321181,320404,1.9858090611822297,8.5671573048957,6.58134824371347,False,False
320404,320411,0.37111608533227525,6.58134824371347,6.210232158381195,False,False
321181,320411,2.356925146514505,8.5671573048957,6.210232158381195,False,False
320411,321282,2.570909418214265,6.210232158381195,3.63932274016693,False,False
320411,321182,3.21656565360199,6.210232158381195,2.993666504779205,False,False
320411,321283,1.0809278888920009,6.210232158381195,5.129304269489194,False,False
320413,320412,5.314165332905037,10.278817343508896,4.964652010603859,False,False
321181,320412,3.6025052942918405,8.5671573048957,4.964652010603859,False,False
320481,320413,16.65802616934709,26.936843512855987,10.278817343508896,False,False
321183,320413,33.84492592915142,44.12374327266032,10.278817343508896,False,False
320413,321181,1.7116600386131964,10.278817343508896,8.5671573048957,False,False
321112,320413,10.927359724170286,21.20617706767918,10.278817343508896,False,False
341882,320481,106.86662812822566,133.80347164108164,26.936843512855987,False,True
341821,320481,15.101527534058214,42.0383710469142,26.936843512855987,False,True
321183,320481,17.186899759804334,44.12374327266032,26.936843512855987,False,False
320505,320506,1.9578531626976057,7.42368798589159,5.465834823193984,False,False
320505,320508,1.4790029885528115,7.42368798589159,5.944684997338778,False,False
320505,320507,4.490819294531702,7.42368798589159,2.932868691359888,False,False
330502,320506,36.22222082271517,41.68805564590916,5.465834823193984,False,True
330522,320506,69.11058594513888,74.57642076833287,5.465834823193984,False,True
320506,320509,3.0443064134566122,5.465834823193984,2.421528409737372,False,False
320508,320506,0.47885017414479414,5.944684997338778,5.465834823193984,False,False
320506,320583,2.426730817533193,5.465834823193984,3.039104005660791,False,False
320506,320507,2.532966131834096,5.465834823193984,2.932868691359888,False,False
320508,320507,3.0118163059788903,5.944684997338778,2.932868691359888,False,False
320583,320507,0.10623531430090294,3.039104005660791,2.932868691359888,False,False
320581,320507,1.339902092664929,4.272770784024817,2.932868691359888,False,False
330502,320509,39.26652723617179,41.68805564590916,2.421528409737372,False,True
330503,320509,0.43006895317888816,2.85159736291626,2.421528409737372,False,True
330483,320509,1.3354140684157012,3.756942478153073,2.421528409737372,False,True
330411,320509,0.3991968815503113,2.8207252912876832,2.421528409737372,False,True
330421,320509,0.18616421440571784,2.6076926241430898,2.421528409737372,False,True
320583,320509,0.617575595923419,3.039104005660791,2.421528409737372,False,False
320581,320583,1.233666778364026,4.272770784024817,3.039104005660791,False,False
320581,320585,1.453680700522158,4.272770784024817,2.819090083502659,False,False
320581,320582,0.6625546099250119,4.272770784024817,3.610216174099805,False,False
320581,320602,0.8052673106498744,4.272770784024817,3.4675034733749426,False,False
320581,320684,0.704109743547968,4.272770784024817,3.568661040476849,False,False
321282,320582,0.029106566067124806,3.63932274016693,3.610216174099805,False,False
320582,320602,0.14271270072486253,3.610216174099805,3.4675034733749426,False,False
320612,320582,0.5554475371991563,4.165663711298961,3.610216174099805,False,False
320682,320582,1.5408199527862623,5.151036126886067,3.610216174099805,False,False
320583,320585,0.22001392215813187,3.039104005660791,2.819090083502659,False,False
320684,320585,0.74957095697419,3.568661040476849,2.819090083502659,False,False
320684,320602,0.10115756710190649,3.568661040476849,3.4675034733749426,False,False
320612,320602,0.6981602379240188,4.165663711298961,3.4675034733749426,False,False
320612,320684,0.5970026708221123,4.165663711298961,3.568661040476849,False,False
320612,320623,0.2634745562535672,4.165663711298961,3.902189155045394,False,False
320682,320612,0.985372415587106,5.151036126886067,4.165663711298961,False,False
320682,320623,1.2488469718406732,5.151036126886067,3.902189155045394,False,False
320685,320623,0.4577796669588068,4.359968822004201,3.902189155045394,False,False
320684,320681,1.2792262225869249,3.568661040476849,2.289434817889924,False,False
320682,321282,1.5117133867191375,5.151036126886067,3.63932274016693,False,False
320682,321283,0.021731857396873444,5.151036126886067,5.129304269489194,False,False
320682,320685,0.7910673048818664,5.151036126886067,4.359968822004201,False,False
321283,320685,0.7693354474849929,5.129304269489194,4.359968822004201,False,False
320685,321204,0.05696088650307374,4.359968822004201,4.303007935501127,False,False
320685,320981,0.385658774312184,4.359968822004201,3.974310047692017,False,False
320703,320723,20.83963480030318,24.493696935624232,3.65406213532105,False,False
320703,320706,5.403412338214697,24.493696935624232,19.090284597409536,False,False
320706,320723,15.436222462088486,19.090284597409536,3.65406213532105,False,False
320722,320706,8.952842665067816,28.043127262477352,19.090284597409536,False,False
320707,320706,0.39252601455174485,19.48281061196128,19.090284597409536,False,False
320722,320707,8.560316650516071,28.043127262477352,19.48281061196128,False,False
320722,320723,24.3890651271563,28.043127262477352,3.65406213532105,False,False
320722,321322,19.642378442664494,28.043127262477352,8.40074881981286,False,False
320724,320723,0.574445891177457,4.228508026498507,3.65406213532105,False,False
320921,320723,0.2191190076390499,3.8731811429601,3.65406213532105,False,False
321322,320723,4.746686684491809,8.40074881981286,3.65406213532105,False,False
320826,320724,3.738881292386707,7.967389318885214,4.228508026498507,False,False
320724,320921,0.35532688353840713,4.228508026498507,3.8731811429601,False,False
321322,320724,4.172240793314352,8.40074881981286,4.228508026498507,False,False
320803,321023,2.237237248510959,5.799650543963272,3.5624132954523136,False,False
320812,320803,4.611252373060646,10.410902917023918,5.799650543963272,False,False
320803,320925,3.732840587193976,5.799650543963272,2.0668099567692964,False,False
320813,320803,3.6243703747448333,9.424020918708106,5.799650543963272,False,False
320803,320923,2.5485683825181593,5.799650543963272,3.251082161445113,False,False
320826,320803,2.1677387749219417,7.967389318885214,5.799650543963272,False,False
320804,320812,2.2277890519693333,12.638691968993252,10.410902917023918,False,False
320804,320813,3.214671050285146,12.638691968993252,9.424020918708106,False,False
321324,320804,4.113869703330968,16.75256167232422,12.638691968993252,False,False
321323,320804,1.6121937483594824,14.250885717352734,12.638691968993252,False,False
320804,320826,4.6713026501080375,12.638691968993252,7.967389318885214,False,False
320804,321322,4.237943149180392,12.638691968993252,8.40074881981286,False,False
320812,320813,0.9868819983158126,10.410902917023918,9.424020918708106,False,False
320812,320826,2.443513598138704,10.410902917023918,7.967389318885214,False,False
320830,320813,27.75503972210394,37.17906064081205,9.424020918708106,False,False
320813,320831,1.3485615435669427,9.424020918708106,8.075459375141163,False,False
320813,321023,5.861607623255792,9.424020918708106,3.5624132954523136,False,False
321324,320813,7.328540753616114,16.75256167232422,9.424020918708106,False,False
320826,320923,4.7163071574401005,7.967389318885214,3.251082161445113,False,False
320826,320922,5.37745758623797,7.967389318885214,2.5899317326472446,False,False
320826,320921,4.0942081759251145,7.967389318885214,3.8731811429601,False,False
321322,320826,0.4333595009276454,8.40074881981286,7.967389318885214,False,False
341122,320830,5.54932591772603,42.72838655853808,37.17906064081205,False,True
341182,320830,11.721631495753265,48.90069213656531,37.17906064081205,False,True
320830,341181,15.741247543649024,37.17906064081205,21.437813097163023,False,True
320830,320831,29.103601265670882,37.17906064081205,8.075459375141163,False,False
320830,321324,20.426498968487827,37.17906064081205,16.75256167232422,False,False
341181,320831,13.36235372202186,21.437813097163023,8.075459375141163,False,True
320831,321084,3.9645545640591706,8.075459375141163,4.110904811081992,False,False
320831,321023,4.513046079688849,8.075459375141163,3.5624132954523136,False,False
320902,320903,0.35630414838370417,2.669919423848709,2.313615275465005,False,False
320904,320902,0.008970718819804713,2.678890142668514,2.669919423848709,False,False
320902,320925,0.6031094670794128,2.669919423848709,2.0668099567692964,False,False
320902,320924,0.9859594505599885,2.669919423848709,1.6839599732887207,False,False
320903,321281,0.03642272137490643,2.313615275465005,2.2771925540900986,False,False
321023,320903,1.2487980199873085,3.5624132954523136,2.313615275465005,False,False
320904,320903,0.3652748672035089,2.678890142668514,2.313615275465005,False,False
320903,320925,0.24680531869570865,2.313615275465005,2.0668099567692964,False,False
320981,320904,1.2954199050235031,3.974310047692017,2.678890142668514,False,False
320904,321281,0.4016975885784153,2.678890142668514,2.2771925540900986,False,False
320921,320922,1.2832494103128553,3.8731811429601,2.5899317326472446,False,False
320923,320922,0.6611504287978685,3.251082161445113,2.5899317326472446,False,False
320922,320924,0.9059717593585239,2.5899317326472446,1.6839599732887207,False,False
320923,320925,1.1842722046758167,3.251082161445113,2.0668099567692964,False,False
320923,320924,1.5671221881563924,3.251082161445113,1.6839599732887207,False,False
320925,320924,0.38284998348057564,2.0668099567692964,1.6839599732887207,False,False
321023,320925,1.4956033386830172,3.5624132954523136,2.0668099567692964,False,False
321204,320981,0.32869788780911025,4.303007935501127,3.974310047692017,False,False
320981,321281,1.6971174936019184,3.974310047692017,2.2771925540900986,False,False
321112,321002,15.720751446650446,21.20617706767918,5.485425621028735,False,False
321002,321182,2.4917591162495305,5.485425621028735,2.993666504779205,False,False
321102,321002,6.243126347584981,11.728551968613717,5.485425621028735,False,False
321003,321002,5.485858254870717,10.971283875899452,5.485425621028735,False,False
321002,321012,0.8866030789440282,5.485425621028735,4.598822542084707,False,False
321112,321003,10.23489319177973,21.20617706767918,10.971283875899452,False,False
321111,321003,12.246417980632344,23.217701856531797,10.971283875899452,False,False
321102,321003,0.7572680927142645,11.728551968613717,10.971283875899452,False,False
321081,321003,12.277001588094897,23.24828546399435,10.971283875899452,False,False
321003,321012,6.372461333814745,10.971283875899452,4.598822542084707,False,False
321003,321084,6.86037906481746,10.971283875899452,4.110904811081992,False,False
321012,321182,1.6051560373055023,4.598822542084707,2.993666504779205,False,False
321203,321012,0.3939285533625192,4.992751095447226,4.598822542084707,False,False
321012,321202,0.0197741032689267,4.598822542084707,4.57904843881578,False,False
321012,321204,0.29581460658357983,4.598822542084707,4.303007935501127,False,False
321012,321084,0.48791773100271474,4.598822542084707,4.110904811081992,False,False
321012,321281,2.3216299879946085,4.598822542084707,2.2771925540900986,False,False
321084,321023,0.5484915156296788,4.110904811081992,3.5624132954523136,False,False
321023,321281,1.285220741362215,3.5624132954523136,2.2771925540900986,False,False
321081,321112,2.042108396315168,23.24828546399435,21.20617706767918,False,False
321081,341181,1.810472366831327,23.24828546399435,21.437813097163023,False,True
321081,321084,19.137380652912356,23.24828546399435,4.110904811081992,False,False
341181,321084,17.32690828608103,21.437813097163023,4.110904811081992,False,True
321084,321281,1.8337122569918938,4.110904811081992,2.2771925540900986,False,False
321102,321181,3.161394663718017,11.728551968613717,8.5671573048957,False,False
321112,321102,9.477625099065465,21.20617706767918,11.728551968613717,False,False
321111,321102,11.48914988791808,23.217701856531797,11.728551968613717,False,False
321102,321182,8.734885463834512,11.728551968613717,2.993666504779205,False,False
321183,321111,20.906041416128524,44.12374327266032,23.217701856531797,False,False
321111,321112,2.011524788852615,23.217701856531797,21.20617706767918,False,False
321183,321112,22.91756620498114,44.12374327266032,21.20617706767918,False,False
321112,321181,12.639019762783482,21.20617706767918,8.5671573048957,False,False
321112,321182,18.212510562899975,21.20617706767918,2.993666504779205,False,False
321181,321182,5.573490800116495,8.5671573048957,2.993666504779205,False,False
321283,321182,2.135637764709989,5.129304269489194,2.993666504779205,False,False
321203,321182,1.9990845906680215,4.992751095447226,2.993666504779205,False,False
321203,321202,0.4137026566314459,4.992751095447226,4.57904843881578,False,False
321202,321204,0.27604050331465313,4.57904843881578,4.303007935501127,False,False
321283,321203,0.13655317404196765,5.129304269489194,4.992751095447226,False,False
321203,321204,0.689743159946099,4.992751095447226,4.303007935501127,False,False
321283,321204,0.8262963339880667,5.129304269489194,4.303007935501127,False,False
321204,321281,2.0258153814110287,4.303007935501127,2.2771925540900986,False,False
321283,321282,1.489981529322264,5.129304269489194,3.63932274016693,False,False
321302,321324,3.41493679602711,20.16749846835133,16.75256167232422,False,False
341324,321302,0.5764398920527398,20.74393836040407,20.16749846835133,False,True
321302,321323,5.9166127509985955,20.16749846835133,14.250885717352734,False,False
321311,321302,0.2312216408228842,20.398720109174214,20.16749846835133,False,False
321311,321323,6.14783439182148,20.398720109174214,14.250885717352734,False,False
321311,321322,11.997971289361354,20.398720109174214,8.40074881981286,False,False
321323,321322,5.850136897539874,14.250885717352734,8.40074881981286,False,False
321324,321323,2.5016759549714855,16.75256167232422,14.250885717352734,False,False
341182,321324,32.14813046424109,48.90069213656531,16.75256167232422,False,True
340322,321324,2.680849849579019,19.43341152190324,16.75256167232422,False,True
341324,321324,3.99137668807985,20.74393836040407,16.75256167232422,False,True
330108,330102,2.435386241658355,11.84083309685759,9.405446855199235,False,False
330106,330102,40.96567920367675,50.37112605887599,9.405446855199235,False,False
330109,330102,37.95216744375706,47.3576142989563,9.405446855199235,False,False
330102,330114,3.933405704754686,9.405446855199235,5.472041150444549,False,False
330102,330113,0.38931534115915056,9.405446855199235,9.016131514040085,False,False
330105,330102,8.914694522655877,18.320141377855112,9.405446855199235,False,False
330106,330105,32.05098468102088,50.37112605887599,18.320141377855112,False,False
330105,330113,9.304009863815027,18.320141377855112,9.016131514040085,False,False
330110,330105,67.29161933893022,85.61176071678533,18.320141377855112,False,False
330111,330106,142.87659371090928,193.24771976978528,50.37112605887599,False,False
330106,330108,38.53029296201839,50.37112605887599,11.84083309685759,False,False
330106,330109,3.0135117599196874,50.37112605887599,47.3576142989563,False,False
330110,330106,35.24063465790934,85.61176071678533,50.37112605887599,False,False
330109,330108,35.51678120209871,47.3576142989563,11.84083309685759,False,False
330111,330109,145.89010547082898,193.24771976978528,47.3576142989563,False,False
330681,330109,121.99742484879985,169.35503914775614,47.3576142989563,False,False
330603,330109,69.1432028441204,116.5008171430767,47.3576142989563,False,False
330109,330114,41.88557314851175,47.3576142989563,5.472041150444549,False,False
330111,330110,107.63595905299995,193.24771976978528,85.61176071678533,False,False
330112,330110,322.01873800509924,407.6304987218846,85.61176071678533,False,False
330110,330113,76.59562920274524,85.61176071678533,9.016131514040085,False,False
330523,330110,145.94633210878635,231.5580928255717,85.61176071678533,False,False
330110,330521,17.593189245102465,85.61176071678533,68.01857147168286,False,False
330122,330111,109.85577700864744,303.1034967784327,193.24771976978528,False,False
330112,330111,214.3827789520993,407.6304987218846,193.24771976978528,False,False
330111,330681,23.892680622029133,193.24771976978528,169.35503914775614,False,False
330112,330127,48.37495728890042,407.6304987218846,359.25554143298416,False,False
330112,341021,1.5258608811909653,407.6304987218846,406.1046378406936,False,True
330112,330122,104.52700194345186,407.6304987218846,303.1034967784327,False,False
341824,330112,82.7935519062388,490.4240506281234,407.6304987218846,False,True
330112,341881,119.6645009656886,407.6304987218846,287.965997756196,False,True
330112,330523,176.0724058963129,407.6304987218846,231.5580928255717,False,False
330603,330114,111.02877599263215,116.5008171430767,5.472041150444549,False,False
330113,330114,3.5440903635955356,9.016131514040085,5.472041150444549,False,False
330114,330481,0.4812983721095696,5.472041150444549,4.99074277833498,False,False
330113,330481,4.025388735705105,9.016131514040085,4.99074277833498,False,False
330521,330113,59.00243995764278,68.01857147168286,9.016131514040085,False,False
330113,330483,5.259189035887012,9.016131514040085,3.756942478153073,False,False
330122,330182,32.72869060051261,303.1034967784327,270.3748061779201,False,False
330127,330122,56.152044654551446,359.25554143298416,303.1034967784327,False,False
330122,330726,13.733134013363497,303.1034967784327,289.3703627650692,False,False
330122,330681,133.74845763067657,303.1034967784327,169.35503914775614,False,False
330127,330803,2.0991703859859285,359.25554143298416,357.15637104699823,False,False
330127,330822,92.05449532917254,359.25554143298416,267.2010461038116,False,False
330824,330127,18.772180989372828,378.027722422357,359.25554143298416,False,False
330127,330182,88.88073525506405,359.25554143298416,270.3748061779201,False,False
341022,330127,50.35648139648225,409.6120228294664,359.25554143298416,False,True
341021,330127,46.84909640770945,406.1046378406936,359.25554143298416,False,True
330803,330182,86.78156486907812,357.15637104699823,270.3748061779201,False,False
330182,330825,55.02964079760176,270.3748061779201,215.34516538031835,False,False
330182,330781,103.95760882555297,270.3748061779201,166.41719735236714,False,False
330726,330182,18.99555658714911,289.3703627650692,270.3748061779201,False,False
330213,330203,25.41472806065488,186.79022684021731,161.37549877956243,False,False
330203,330212,81.62805897519478,161.37549877956243,79.74743980436766,False,False
330203,330281,11.412995565060271,161.37549877956243,149.96250321450216,False,False
330203,330205,140.6062707730452,161.37549877956243,20.769228006517224,False,False
330212,330205,58.978211797850435,79.74743980436766,20.769228006517224,False,False
330281,330205,129.19327520798493,149.96250321450216,20.769228006517224,False,False
330205,330211,6.8277018013000355,20.769228006517224,13.941526205217189,False,False
330205,330282,3.0714105647943803,20.769228006517224,17.697817441722844,False,False
330212,330206,24.068698978640057,79.74743980436766,55.6787408257276,False,False
330206,330211,41.737214620510414,55.6787408257276,13.941526205217189,False,False
330212,330211,65.80591359915047,79.74743980436766,13.941526205217189,False,False
330282,330211,3.756291236505655,17.697817441722844,13.941526205217189,False,False
330212,330225,15.196140376455304,79.74743980436766,64.55129942791235,False,False
330213,330212,107.04278703584966,186.79022684021731,79.74743980436766,False,False
330213,330226,20.775536600947362,186.79022684021731,166.01469023926995,False,False
330624,330213,130.6110173148129,317.4012441550302,186.79022684021731,False,False
330213,330225,122.23892741230496,186.79022684021731,64.55129942791235,False,False
330683,330213,57.16880027705898,243.9590271172763,186.79022684021731,False,False
330213,330281,36.82772362571515,186.79022684021731,149.96250321450216,False,False
330226,330225,101.4633908113576,166.01469023926995,64.55129942791235,False,False
330226,331022,60.98248083975747,166.01469023926995,105.03220939951248,False,False
331023,330226,185.93255849475054,351.9472487340205,166.01469023926995,False,False
330624,330226,151.38655391576026,317.4012441550302,166.01469023926995,False,False
330683,330281,93.99652390277413,243.9590271172763,149.96250321450216,False,False
330281,330604,70.78529863793888,149.96250321450216,79.17720457656328,False,False
330281,330282,132.26468577277933,149.96250321450216,17.697817441722844,False,False
330281,330481,144.9717604361672,149.96250321450216,4.99074277833498,False,False
330281,330424,147.25455053384752,149.96250321450216,2.707952680654629,False,False
330282,330424,14.989864761068215,17.697817441722844,2.707952680654629,False,False
330302,330303,97.76658898514471,130.4765340159528,32.7099450308081,False,False
330304,330302,103.7581804307529,234.2347144467057,130.4765340159528,False,False
331121,330302,333.4306400778863,463.9071740938391,130.4765340159528,False,False
330382,330302,30.28065900647036,160.75719302242317,130.4765340159528,False,False
330324,330302,281.5135827189514,411.9901167349042,130.4765340159528,False,False
330381,330303,174.49913084433535,207.20907587514344,32.7099450308081,False,False
330303,330305,12.457059246951822,32.7099450308081,20.25288578385628,False,False
330304,330303,201.5247694158976,234.2347144467057,32.7099450308081,False,False
330382,330303,128.04724799161505,160.75719302242317,32.7099450308081,False,False
330304,330381,27.02563857156227,234.2347144467057,207.20907587514344,False,False
331121,330304,229.6724596471334,463.9071740938391,234.2347144467057,False,False
330382,330305,140.5043072385669,160.75719302242317,20.25288578385628,False,False
331121,330324,51.917057358934926,463.9071740938391,411.9901167349042,False,False
330324,330382,251.232923712481,411.9901167349042,160.75719302242317,False,False
331122,330324,96.40109471555684,508.391211450461,411.9901167349042,False,False
330324,331003,161.4761313866516,411.9901167349042,250.5139853482526,False,False
331024,330324,8.675854408510133,420.6659711434143,411.9901167349042,False,False
330326,330327,21.43343224326597,205.9540788874448,184.52064664417884,False,False
330326,330383,190.40216468092504,205.9540788874448,15.551914206519776,False,False
330328,330326,352.9387116479761,558.8927905354209,205.9540788874448,False,False
330381,330326,1.2549969876986324,207.20907587514344,205.9540788874448,False,False
330329,330327,418.9546787379143,603.4753253820932,184.52064664417884,False,False
330327,330383,168.96873243765907,184.52064664417884,15.551914206519776,False,False
330328,330327,374.37214389124205,558.8927905354209,184.52064664417884,False,False
330329,330328,44.582534846672274,603.4753253820932,558.8927905354209,False,False
330328,330381,351.6837146602775,558.8927905354209,207.20907587514344,False,False
331127,330328,169.87920386007045,728.7719943954913,558.8927905354209,False,False
330328,331121,94.98561644158178,558.8927905354209,463.9071740938391,False,False
331127,330329,125.29666901339817,728.7719943954913,603.4753253820932,False,False
331121,330381,256.6980982186957,463.9071740938391,207.20907587514344,False,False
330382,331083,122.11366866460745,160.75719302242317,38.64352435781573,False,False
330382,331081,116.2725034451887,160.75719302242317,44.484689577234455,False,False
331003,330382,89.75679232582942,250.5139853482526,160.75719302242317,False,False
330402,330424,0.6417073911217672,3.349660071776396,2.707952680654629,False,False
330482,330402,0.003855010669155945,3.353515082445552,3.349660071776396,False,False
330402,330411,0.5289347804887128,3.349660071776396,2.8207252912876832,False,False
330402,330421,0.7419674476333062,3.349660071776396,2.6076926241430898,False,False
330481,330411,2.1700174870472964,4.99074277833498,2.8207252912876832,False,False
330411,330424,0.11277261063305444,2.8207252912876832,2.707952680654629,False,False
330483,330411,0.9362171868653899,3.756942478153073,2.8207252912876832,False,False
330411,330421,0.21303266714459346,2.8207252912876832,2.6076926241430898,False,False
330482,330421,0.7458224583024622,3.353515082445552,2.6076926241430898,False,False
330604,330424,76.46925189590866,79.17720457656328,2.707952680654629,False,False
330481,330424,2.282790097680351,4.99074277833498,2.707952680654629,False,False
330482,330424,0.6455624017909232,3.353515082445552,2.707952680654629,False,False
330603,330481,111.51007436474173,116.5008171430767,4.99074277833498,False,False
330604,330481,74.18646179822831,79.17720457656328,4.99074277833498,False,False
330481,330483,1.2338003001819065,4.99074277833498,3.756942478153073,False,False
330521,330483,64.26162899352978,68.01857147168286,3.756942478153073,False,False
330483,330503,0.905345115236813,3.756942478153073,2.85159736291626,False,False
330523,330502,189.87003717966252,231.5580928255717,41.68805564590916,False,False
330521,330502,26.330515825773702,68.01857147168286,41.68805564590916,False,False
330502,330503,38.8364582829929,41.68805564590916,2.85159736291626,False,False
330522,330502,32.88836512242371,74.57642076833287,41.68805564590916,False,False
330521,330503,65.1669741087666,68.01857147168286,2.85159736291626,False,False
330523,330521,163.53952135388883,231.5580928255717,68.01857147168286,False,False
330523,330522,156.98167205723882,231.5580928255717,74.57642076833287,False,False
341882,330522,59.22705087274878,133.80347164108164,74.57642076833287,False,True
341881,330523,56.407904930624284,287.965997756196,231.5580928255717,False,True
330523,341882,97.75462118449005,231.5580928255717,133.80347164108164,False,True
330603,330602,86.01224990203858,116.5008171430767,30.488567241038123,False,False
330604,330602,48.68863733552516,79.17720457656328,30.488567241038123,False,False
330683,330603,127.45820997419959,243.9590271172763,116.5008171430767,False,False
330681,330603,52.85422200467944,169.35503914775614,116.5008171430767,False,False
330603,330604,37.32361256651342,116.5008171430767,79.17720457656328,False,False
330683,330604,164.781822540713,243.9590271172763,79.17720457656328,False,False
330727,330624,259.7205024885244,577.1217466435546,317.4012441550302,False,False
331023,330624,34.54600457899028,351.9472487340205,317.4012441550302,False,False
330624,330783,28.996969787238584,317.4012441550302,288.40427436779163,False,False
330624,330683,73.44221703775392,317.4012441550302,243.9590271172763,False,False
330782,330681,33.27860374819633,202.63364289595248,169.35503914775614,False,False
330783,330681,119.04923522003548,288.40427436779163,169.35503914775614,False,False
330683,330681,74.60398796952015,243.9590271172763,169.35503914775614,False,False
330726,330681,120.01532361731307,289.3703627650692,169.35503914775614,False,False
330783,330683,44.44524725051534,288.40427436779163,243.9590271172763,False,False
331123,330702,417.22681574279045,709.4875715639834,292.2607558211929,False,False
330723,330702,96.06713773558192,388.3278935567748,292.2607558211929,False,False
330702,330825,76.91559044087455,292.2607558211929,215.34516538031835,False,False
330702,330703,155.68327500920708,292.2607558211929,136.57748081198582,False,False
330702,330781,125.84355846882576,292.2607558211929,166.41719735236714,False,False
330723,330703,251.750412744789,388.3278935567748,136.57748081198582,False,False
330781,330703,29.839716540381318,166.41719735236714,136.57748081198582,False,False
330782,330703,66.05616208396665,202.63364289595248,136.57748081198582,False,False
331124,330723,150.59431425317405,538.9222078099489,388.3278935567748,False,False
330723,331102,1.7110011251974697,388.3278935567748,386.61689243157736,False,False
331123,330723,321.1596780072085,709.4875715639834,388.3278935567748,False,False
331122,330723,120.06331789368619,508.391211450461,388.3278935567748,False,False
330723,330782,185.69425066082235,388.3278935567748,202.63364289595248,False,False
330723,330784,161.61910122931133,388.3278935567748,226.7087923274635,False,False
330726,330781,122.95316541270208,289.3703627650692,166.41719735236714,False,False
330726,330782,86.73671986911674,289.3703627650692,202.63364289595248,False,False
330727,331122,68.7305351930936,577.1217466435546,508.391211450461,False,False
330727,331024,156.4557755001403,577.1217466435546,420.6659711434143,False,False
330727,330784,350.41295431609115,577.1217466435546,226.7087923274635,False,False
330727,331023,225.17449790953413,577.1217466435546,351.9472487340205,False,False
330727,330783,288.717472275763,577.1217466435546,288.40427436779163,False,False
330825,330781,48.92796802795121,215.34516538031835,166.41719735236714,False,False
330782,330781,36.21644554358534,202.63364289595248,166.41719735236714,False,False
330784,330782,24.075149431511022,226.7087923274635,202.63364289595248,False,False
330783,330782,85.77063147183915,288.40427436779163,202.63364289595248,False,False
330783,330784,61.69548204032813,288.40427436779163,226.7087923274635,False,False
331122,330784,281.68241912299754,508.391211450461,226.7087923274635,False,False
330881,330802,162.87759174951765,408.5939086849145,245.71631693539683,False,False
330803,330802,111.4400541116014,357.15637104699823,245.71631693539683,False,False
330822,330802,21.484729168414788,267.2010461038116,245.71631693539683,False,False
330881,330803,51.43753763791625,408.5939086849145,357.15637104699823,False,False
331123,330803,352.3312005169851,709.4875715639834,357.15637104699823,False,False
330803,330822,89.95532494318661,357.15637104699823,267.2010461038116,False,False
330803,330825,141.81120566667988,357.15637104699823,215.34516538031835,False,False
330881,330822,141.39286258110286,408.5939086849145,267.2010461038116,False,False
361123,330822,42.747468333986205,309.9485144377978,267.2010461038116,True,True
330824,330822,110.82667631854537,378.027722422357,267.2010461038116,False,False
330824,361123,68.07920798455916,378.027722422357,309.9485144377978,True,True
330824,361181,127.26729453563618,378.027722422357,250.7604278867208,True,True
330824,361130,111.37120912256768,378.027722422357,266.6565132997893,True,True
341022,330824,31.584300407109424,409.6120228294664,378.027722422357,False,True
331123,330825,494.142406183665,709.4875715639834,215.34516538031835,False,False
330881,361103,87.06753383997119,408.5939086849145,321.5263748449433,True,True
331123,330881,300.89366287906887,709.4875715639834,408.5939086849145,False,False
330881,361123,98.64539424711666,408.5939086849145,309.9485144377978,True,True
330902,330903,16.439827707198454,56.68928573549096,40.24945802829251,False,False
331002,331004,1.6762285926831897,12.75682062193271,11.08059202924952,False,False
331003,331002,237.75716472631987,250.5139853482526,12.75682062193271,False,False
331082,331002,181.6120271576564,194.36884777958912,12.75682062193271,False,False
331003,331081,206.02929577101813,250.5139853482526,44.484689577234455,False,False
331003,331004,239.43339331900307,250.5139853482526,11.08059202924952,False,False
331024,331003,170.15198579516172,420.6659711434143,250.5139853482526,False,False
331003,331082,56.14513756866347,250.5139853482526,194.36884777958912,False,False
331081,331004,33.40409754798493,44.484689577234455,11.08059202924952,False,False
331082,331022,89.33663838007664,194.36884777958912,105.03220939951248,False,False
331023,331022,246.915039334508,351.9472487340205,105.03220939951248,False,False
331024,331023,68.71872240939382,420.6659711434143,351.9472487340205,False,False
331023,331082,157.57840095443137,351.9472487340205,194.36884777958912,False,False
331122,331024,87.7252403070467,508.391211450461,420.6659711434143,False,False
331024,331082,226.2971233638252,420.6659711434143,194.36884777958912,False,False
331081,331083,5.841165219418727,44.484689577234455,38.64352435781573,False,False
331127,331102,342.155101963914,728.7719943954913,386.61689243157736,False,False
331125,331102,175.87159934806135,562.4884917796387,386.61689243157736,False,False
331124,331102,152.30531537837152,538.9222078099489,386.61689243157736,False,False
331121,331102,77.29028166226175,463.9071740938391,386.61689243157736,False,False
331122,331102,121.77431901888366,508.391211450461,386.61689243157736,False,False
331127,331121,264.86482030165223,728.7719943954913,463.9071740938391,False,False
331122,331121,44.48403735662191,508.391211450461,463.9071740938391,False,False
331181,331123,7.536687977066208,717.0242595410496,709.4875715639834,False,False
331123,331124,170.56536375403448,709.4875715639834,538.9222078099489,False,False
331181,331124,178.1020517311007,717.0242595410496,538.9222078099489,False,False
331125,331124,23.566283969689835,562.4884917796387,538.9222078099489,False,False
331127,331125,166.28350261585263,728.7719943954913,562.4884917796387,False,False
331181,331125,154.53576776141085,717.0242595410496,562.4884917796387,False,False
331126,331127,143.5591275640262,872.3311219595175,728.7719943954913,False,False
331126,331181,155.30686241846797,872.3311219595175,717.0242595410496,False,False
331127,331181,11.747734854441774,728.7719943954913,717.0242595410496,False,False
340102,340103,2.968648098814352,34.37788840460048,31.40924030578613,False,False
340122,340102,13.134344291754857,47.51223269635534,34.37788840460048,False,False
340121,340102,14.375639346301114,48.7535277509016,34.37788840460048,False,False
340102,340111,20.399138575175414,34.37788840460048,13.978749829425071,False,False
340121,340103,17.344287445115466,48.7535277509016,31.40924030578613,False,False
340103,340111,17.430490476361058,31.40924030578613,13.978749829425071,False,False
340104,340103,14.47632340417022,45.88556370995635,31.40924030578613,False,False
340121,340104,2.867964040945246,48.7535277509016,45.88556370995635,False,False
340104,340422,15.320915303781693,45.88556370995635,30.56464840617466,False,False
340104,340123,7.818946051785154,45.88556370995635,38.0666176581712,False,False
340104,340111,31.90681388053128,45.88556370995635,13.978749829425071,False,False
340122,340111,33.53348286693027,47.51223269635534,13.978749829425071,False,False
340123,340111,24.087867828746127,38.0666176581712,13.978749829425071,False,False
340121,340122,1.2412950545462564,48.7535277509016,47.51223269635534,False,False
340121,340422,18.18887934472694,48.7535277509016,30.56464840617466,False,False
340121,340403,6.160530208250435,48.7535277509016,42.59299754265116,False,False
340121,340402,17.504153979377037,48.7535277509016,31.24937377152456,False,False
341125,340121,12.116227592410581,60.86975534331218,48.7535277509016,False,False
340122,340124,9.8549626879268,47.51223269635534,37.65727000842854,False,False
340122,341124,3.2769489221012833,47.51223269635534,44.23528377425406,False,False
340122,340181,9.667208804917898,47.51223269635534,37.84502389143744,False,False
340122,340123,9.445615038184144,47.51223269635534,38.0666176581712,False,False
341103,340122,20.880774828856403,68.39300752521174,47.51223269635534,False,False
341125,340122,13.357522646956838,60.86975534331218,47.51223269635534,False,False
340123,340124,0.40934764974265647,38.0666176581712,37.65727000842854,False,False
341523,340123,145.66668914511212,183.7333068032833,38.0666176581712,False,False
341502,340123,26.738572831458825,64.80519048963002,38.0666176581712,False,False
340123,340422,7.501969251996538,38.0666176581712,30.56464840617466,False,False
340722,340124,6.029091487615467,43.68636149604401,37.65727000842854,False,False
340881,340124,62.06311409295684,99.72038410138538,37.65727000842854,False,False
340124,340281,13.119624940297541,37.65727000842854,24.537645068131,False,False
341523,340124,146.07603679485476,183.7333068032833,37.65727000842854,False,False
340181,340124,0.18775388300890228,37.84502389143744,37.65727000842854,False,False
340181,340281,13.307378823306443,37.84502389143744,24.537645068131,False,False
341124,340181,6.390259882816615,44.23528377425406,37.84502389143744,False,False
340522,340181,6.024816093515163,43.869839984952606,37.84502389143744,False,False
340223,340202,50.082473954987506,58.37634110346436,8.293867148476856,False,False
340210,340202,8.560818329385906,16.854685477862763,8.293867148476856,False,False
340281,340202,16.243777919654143,24.537645068131,8.293867148476856,False,False
340209,340202,5.096120437450798,13.389987585927654,8.293867148476856,False,False
340202,340207,0.9806935603481621,8.293867148476856,7.313173588128694,False,False
340211,340207,52.31898672980698,59.63216031793567,7.313173588128694,False,False
340210,340207,9.541511889734068,16.854685477862763,7.313173588128694,False,False
340281,340207,17.224471480002304,24.537645068131,7.313173588128694,False,False
340209,340207,6.07681399779896,13.389987585927654,7.313173588128694,False,False
340521,340207,1.8089096665348299,9.122083254663524,7.313173588128694,False,False
340522,340207,36.556666396823914,43.869839984952606,7.313173588128694,False,False
340523,340207,13.531916123281015,20.84508971140971,7.313173588128694,False,False
340223,340209,44.986353517536706,58.37634110346436,13.389987585927654,False,False
340211,340209,46.242172732008015,59.63216031793567,13.389987585927654,False,False
340223,340210,41.521655625601596,58.37634110346436,16.854685477862763,False,False
341802,340210,63.826757597603745,80.6814430754665,16.854685477862763,False,False
340210,340521,7.732602223199239,16.854685477862763,9.122083254663524,False,False
340706,340211,4.757894724216598,64.39005504215227,59.63216031793567,False,False
340211,340223,1.255819214471309,59.63216031793567,58.37634110346436,False,False
340211,340281,35.09451524980467,59.63216031793567,24.537645068131,False,False
341723,340223,145.35401700667896,203.73035811014333,58.37634110346436,False,False
341823,340223,182.69509080313313,241.0714319065975,58.37634110346436,False,False
340706,340223,6.013713938687907,64.39005504215227,58.37634110346436,False,False
341802,340223,22.30510197200214,80.6814430754665,58.37634110346436,False,False
340711,340281,12.011211159538668,36.54885622766967,24.537645068131,False,False
340722,340281,19.14871642791301,43.68636149604401,24.537645068131,False,False
340706,340281,39.85240997402127,64.39005504215227,24.537645068131,False,False
340522,340281,19.332194916821607,43.869839984952606,24.537645068131,False,False
341126,340302,20.25987505304488,51.243405270987466,30.983530217942587,False,False
340302,340303,0.22675488993724002,30.983530217942587,30.756775328005347,False,False
340302,340311,12.889641810625509,30.983530217942587,18.093888407317078,False,False
340304,340303,0.1465766080049029,30.90335193601025,30.756775328005347,False,False
341126,340303,20.48662994298212,51.243405270987466,30.756775328005347,False,False
340303,340311,12.662886920688269,30.756775328005347,18.093888407317078,False,False
340402,340304,0.34602183551431054,31.24937377152456,30.90335193601025,False,False
341126,340304,20.340053334977217,51.243405270987466,30.90335193601025,False,False
340304,340311,12.809463528693172,30.90335193601025,18.093888407317078,False,False
340304,340321,8.853064467401083,30.90335193601025,22.050287468609167,False,False
341126,340311,33.149516863670385,51.243405270987466,18.093888407317078,False,False
340321,340311,3.956399061292089,22.050287468609167,18.093888407317078,False,False
340322,340311,1.3395231145861608,19.43341152190324,18.093888407317078,False,False
340323,340311,2.533988599658347,20.627877006975424,18.093888407317078,False,False
340402,340321,9.199086302915394,31.24937377152456,22.050287468609167,False,False
340321,340406,0.32816104471643825,22.050287468609167,21.72212642389273,False,False
341622,340321,3.931639794514332,25.9819272631235,22.050287468609167,False,False
340621,340321,5.8483928087134345,27.8986802773226,22.050287468609167,False,False
341302,340321,9.004100585340321,31.054388053949488,22.050287468609167,False,False
340321,340323,1.422410461633742,22.050287468609167,20.627877006975424,False,False
341126,340322,31.809993749084228,51.243405270987466,19.43341152190324,False,False
341182,340322,29.467280614662073,48.90069213656531,19.43341152190324,False,False
340323,340322,1.194465485072186,20.627877006975424,19.43341152190324,False,False
341324,340322,1.3105268385008308,20.74393836040407,19.43341152190324,False,False
341323,340322,5.242465576095594,24.675877097998832,19.43341152190324,False,False
341302,340323,10.426511046974063,31.054388053949488,20.627877006975424,False,False
341323,340323,4.0480000910234075,24.675877097998832,20.627877006975424,False,False
340403,340402,11.343623771126602,42.59299754265116,31.24937377152456,False,False
340402,340406,9.527247347631832,31.24937377152456,21.72212642389273,False,False
341125,340402,29.620381571787618,60.86975534331218,31.24937377152456,False,False
341126,340402,19.994031499462906,51.243405270987466,31.24937377152456,False,False
340403,340422,12.028349136476503,42.59299754265116,30.56464840617466,False,False
340403,340404,12.700290215884337,42.59299754265116,29.892707326766825,False,False
340403,340406,20.870871118758433,42.59299754265116,21.72212642389273,False,False
340422,340404,0.6719410794078335,30.56464840617466,29.892707326766825,False,False
340405,340404,11.276452516861958,41.16915984362878,29.892707326766825,False,False
340404,340406,8.170580902874097,29.892707326766825,21.72212642389273,False,False
340405,340422,10.604511437454125,41.16915984362878,30.56464840617466,False,False
340405,340421,17.5505599773839,41.16915984362878,23.61859986624488,False,False
340405,340406,19.447033419736055,41.16915984362878,21.72212642389273,False,False
340421,340406,1.8964734423521534,23.61859986624488,21.72212642389273,False,False
341622,340406,4.2598008392307705,25.9819272631235,21.72212642389273,False,False
340422,340421,6.946048539929777,30.56464840617466,23.61859986624488,False,False
341226,340421,1.6488067009064693,25.26740656715135,23.61859986624488,False,False
341623,340421,4.752914346787517,28.3715142130324,23.61859986624488,False,False
341622,340421,2.363327396878617,25.9819272631235,23.61859986624488,False,False
341502,340422,34.24054208345537,64.80519048963002,30.56464840617466,False,False
341503,340422,40.30651906138654,70.8711674675612,30.56464840617466,False,False
341522,340422,3.370671206950316,33.935319613124975,30.56464840617466,False,False
340422,341226,5.297241839023307,30.56464840617466,25.26740656715135,False,False
340503,340521,24.452017279849947,33.57410053451347,9.122083254663524,False,False
340503,340504,2.7842294158389187,33.57410053451347,30.78987111867455,False,False
340503,340523,12.72901082310376,33.57410053451347,20.84508971140971,False,False
340504,340506,6.082101610564244,30.78987111867455,24.707769508110307,False,False
340504,340521,21.667787864011025,30.78987111867455,9.122083254663524,False,False
340506,340521,15.585686253446783,24.707769508110307,9.122083254663524,False,False
341802,340521,71.55935982080298,80.6814430754665,9.122083254663524,False,False
340523,340521,11.723006456746186,20.84508971140971,9.122083254663524,False,False
341124,340522,0.3654437893014517,44.23528377425406,43.869839984952606,False,False
340522,340523,23.024750273542896,43.869839984952606,20.84508971140971,False,False
341124,340523,23.390194062844348,44.23528377425406,20.84508971140971,False,False
340604,340602,5.8182437648400835,49.83051017209325,44.012266407253165,False,False
340602,340603,2.9994731834871757,44.012266407253165,41.01279322376599,False,False
341322,340602,4.692047815724358,48.70431422297752,44.012266407253165,False,False
340603,340621,13.114112946443388,41.01279322376599,27.8986802773226,False,False
340604,340603,8.81771694832726,49.83051017209325,41.01279322376599,False,False
341322,340603,7.691520999211534,48.70431422297752,41.01279322376599,False,False
340604,340621,21.931829894770647,49.83051017209325,27.8986802773226,False,False
340604,341302,18.77612211814376,49.83051017209325,31.054388053949488,False,False
340604,341322,1.1261959491157256,49.83051017209325,48.70431422297752,False,False
340621,341622,1.9167530141991023,27.8986802773226,25.9819272631235,False,False
341621,340621,3.262981830159344,31.161662107481945,27.8986802773226,False,False
341302,340621,3.155707776626887,31.054388053949488,27.8986802773226,False,False
340711,340705,5.710208121293814,36.54885622766967,30.838648106375853,False,False
340706,340705,33.55140693577641,64.39005504215227,30.838648106375853,False,False
341702,340706,75.71647777808859,140.10653282024086,64.39005504215227,False,False
341723,340706,139.34030306799104,203.73035811014333,64.39005504215227,False,False
340706,340711,27.841198814482603,64.39005504215227,36.54885622766967,False,False
341702,340711,103.5576765925712,140.10653282024086,36.54885622766967,False,False
340811,340711,25.93167688444842,62.48053311211809,36.54885622766967,False,False
340722,340711,7.1375052683743405,43.68636149604401,36.54885622766967,False,False
340822,340711,10.196301299961895,46.74515752763156,36.54885622766967,False,False
341702,340722,96.42017132419684,140.10653282024086,43.68636149604401,False,False
340722,340802,32.51806069585406,43.68636149604401,11.168300800189945,False,False
340811,340722,18.79417161607408,62.48053311211809,43.68636149604401,False,False
340881,340722,56.03402260534137,99.72038410138538,43.68636149604401,False,False
341721,340802,137.05585644449528,148.22415724468522,11.168300800189945,False,False
340803,340802,9.503009656338092,20.671310456528037,11.168300800189945,False,False
341702,340802,128.93823202005092,140.10653282024086,11.168300800189945,False,False
340811,340802,51.31223231192814,62.48053311211809,11.168300800189945,False,False
340881,340802,88.55208330119544,99.72038410138538,11.168300800189945,False,False
341721,340803,127.55284678815718,148.22415724468522,20.671310456528037,False,False
340811,340803,41.80922265559005,62.48053311211809,20.671310456528037,False,False
340803,340827,0.46587454184955845,20.671310456528037,20.20543591467848,False,False
340822,340803,26.073847071103526,46.74515752763156,20.671310456528037,False,False
340811,340822,15.735375584486526,62.48053311211809,46.74515752763156,False,False
340881,340811,37.23985098926729,99.72038410138538,62.48053311211809,False,False
340822,340827,26.539721612953084,46.74515752763156,20.20543591467848,False,False
340825,340822,185.38572705592276,232.13088458355432,46.74515752763156,False,False
340882,340822,212.28186648256874,259.0270240102003,46.74515752763156,False,False
340881,340822,52.975226573753815,99.72038410138538,46.74515752763156,False,False
340825,340826,172.90022841449593,232.13088458355432,59.2306561690584,False,False
340825,421126,53.541967275879784,232.13088458355432,178.58891730767454,True,True
340825,340827,211.92544866887584,232.13088458355432,20.20543591467848,False,False
421124,340825,174.4839251037217,406.614809687276,232.13088458355432,True,True
340882,340825,26.896139426645988,259.0270240102003,232.13088458355432,False,False
340828,340825,418.65971601903163,650.790600602586,232.13088458355432,False,False
360404,340826,10.628902676377812,69.85955884543621,59.2306561690584,True,True
340826,360429,9.251910805429546,59.2306561690584,49.97874536362885,True,True
360430,340826,43.87736207902888,103.10801824808728,59.2306561690584,True,True
421127,340826,11.588549406305582,70.81920557536398,59.2306561690584,True,True
421126,340826,119.35826113861614,178.58891730767454,59.2306561690584,True,True
340826,340827,39.02522025437992,59.2306561690584,20.20543591467848,False,False
341721,340827,128.01872133000674,148.22415724468522,20.20543591467848,False,False
360430,340827,82.9025823334088,103.10801824808728,20.20543591467848,True,True
340828,421124,244.17579091530996,650.790600602586,406.614809687276,True,True
340828,340882,391.7635765923857,650.790600602586,259.0270240102003,False,False
340828,341525,243.21483538963525,650.790600602586,407.5757652129507,False,False
340828,341523,467.05729379930267,650.790600602586,183.7333068032833,False,False
340882,340881,159.30663990881493,259.0270240102003,99.72038410138538,False,False
341523,340881,84.01292270189793,183.7333068032833,99.72038410138538,False,False
340882,341523,75.293717206917,259.0270240102003,183.7333068032833,False,False
341022,341002,251.4307609059046,409.6120228294664,158.1812619235618,False,False
341004,341002,197.60488345172848,355.7861453752903,158.1812619235618,False,False
341021,341002,247.9233759171318,406.1046378406936,158.1812619235618,False,False
341022,341003,5.197954648472091,409.6120228294664,404.4140681809943,False,False
341003,341004,48.62792280570403,404.4140681809943,355.7861453752903,False,False
341023,341003,24.760409504809672,429.174477685804,404.4140681809943,False,False
341021,341003,1.6905696596992925,406.1046378406936,404.4140681809943,False,False
341824,341003,86.00998244712906,490.4240506281234,404.4140681809943,False,False
341003,341825,27.7096186213015,404.4140681809943,376.7044495596928,False,False
341003,341722,25.2149761597085,404.4140681809943,379.1990920212858,False,False
341003,341723,200.683710070851,404.4140681809943,203.73035811014333,False,False
341003,341823,163.34263627439682,404.4140681809943,241.0714319065975,False,False
341022,341004,53.82587745417612,409.6120228294664,355.7861453752903,False,False
341021,341004,50.318492465403324,406.1046378406936,355.7861453752903,False,False
341022,341021,3.507384988772799,409.6120228294664,406.1046378406936,False,False
341824,341021,84.31941278742977,490.4240506281234,406.1046378406936,False,False
341022,361130,142.9555095296771,409.6120228294664,266.6565132997893,True,True
341022,360222,212.03009468149457,409.6120228294664,197.58192814797184,True,True
341022,341024,90.33379613620349,409.6120228294664,319.2782266932629,False,False
341023,341022,19.56245485633758,429.174477685804,409.6120228294664,False,False
341023,341024,109.89625099254107,429.174477685804,319.2782266932629,False,False
341023,341722,49.97538566451817,429.174477685804,379.1990920212858,False,False
341024,360222,121.69629854529109,319.2782266932629,197.58192814797184,True,True
341024,341721,171.0540694485777,319.2782266932629,148.22415724468522,False,False
341722,341024,59.9208653280229,379.1990920212858,319.2782266932629,False,False
341103,341102,30.11008744685209,68.39300752521174,38.28292007835965,False,False
341122,341102,4.445466480178425,42.72838655853808,38.28292007835965,False,False
341103,341124,24.157723750957686,68.39300752521174,44.23528377425406,False,False
341103,341125,7.523252181899565,68.39300752521174,60.86975534331218,False,False
341103,341122,25.664620966673667,68.39300752521174,42.72838655853808,False,False
341103,341182,19.492315388646432,68.39300752521174,48.90069213656531,False,False
341182,341122,6.172305578027235,48.90069213656531,42.72838655853808,False,False
341122,341181,21.290573461375054,42.72838655853808,21.437813097163023,False,False
341125,341126,9.626350072324712,60.86975534331218,51.243405270987466,False,False
341125,341182,11.969063206746867,60.86975534331218,48.90069213656531,False,False
341126,341182,2.342713134422155,51.243405270987466,48.90069213656531,False,False
341221,341202,6.052435222479044,37.92287898593728,31.870443763458237,False,False
341202,341225,1.107781896435089,31.870443763458237,30.762661867023148,False,False
341202,341226,6.603037196306886,31.870443763458237,25.26740656715135,False,False
341202,341203,3.3702546485792944,31.870443763458237,28.500189114878943,False,False
341204,341202,0.047785765753374676,31.91822952921161,31.870443763458237,False,False
341203,341226,3.2327825477275915,28.500189114878943,25.26740656715135,False,False
341204,341203,3.418040414332669,31.91822952921161,28.500189114878943,False,False
341203,341623,0.1286749018465443,28.500189114878943,28.3715142130324,False,False
341221,341204,6.004649456725669,37.92287898593728,31.91822952921161,False,False
341282,341204,5.13398986635838,37.05221939556999,31.91822952921161,False,False
341222,341204,2.5673624750532618,34.48559200426487,31.91822952921161,False,False
341204,341623,3.5467153161792133,31.91822952921161,28.3715142130324,False,False
341221,341282,0.8706595903672891,37.92287898593728,37.05221939556999,False,False
341221,341225,7.160217118914133,37.92287898593728,30.762661867023148,False,False
341282,341222,2.5666273913051185,37.05221939556999,34.48559200426487,False,False
341222,341623,6.114077791232475,34.48559200426487,28.3715142130324,False,False
341222,341621,3.3239298967829285,34.48559200426487,31.161662107481945,False,False
341602,341222,2.3909726921539445,36.87656469641882,34.48559200426487,False,False
341522,341225,3.1726577461018266,33.935319613124975,30.762661867023148,False,False
341225,341226,5.495255299871797,30.762661867023148,25.26740656715135,False,False
341522,341226,8.667913045973624,33.935319613124975,25.26740656715135,False,False
341623,341226,3.1041076458810473,28.3715142130324,25.26740656715135,False,False
341322,341302,17.649926169028035,48.70431422297752,31.054388053949488,False,False
341302,341323,6.378510955950656,31.054388053949488,24.675877097998832,False,False
341322,341321,2.7481589311363237,48.70431422297752,45.9561552918412,False,False
341323,341324,3.9319387375947628,24.675877097998832,20.74393836040407,False,False
341525,341502,342.7705747233207,407.5757652129507,64.80519048963002,False,False
341523,341502,118.92811631365329,183.7333068032833,64.80519048963002,False,False
341503,341502,6.065976977931172,70.8711674675612,64.80519048963002,False,False
341525,341503,336.70459774538955,407.5757652129507,70.8711674675612,False,False
341524,341503,367.60825516175817,438.47942262931934,70.8711674675612,False,False
341503,341504,10.862758899276564,70.8711674675612,60.00840856828463,False,False
341503,341522,36.93584785443622,70.8711674675612,33.935319613124975,False,False
341524,341504,378.47101406103474,438.47942262931934,60.00840856828463,False,False
341504,341522,26.073088955159655,60.00840856828463,33.935319613124975,False,False
341525,341523,223.84245840966742,407.5757652129507,183.7333068032833,False,False
341524,421124,31.864612942043323,438.47942262931934,406.614809687276,True,True
341524,421123,131.33481787925592,438.47942262931934,307.1446047500634,True,True
341524,341525,30.903657416368617,438.47942262931934,407.5757652129507,False,False
341524,421181,221.34191072064522,438.47942262931934,217.13751190867413,True,True
341525,421124,0.9609555256747058,407.5757652129507,406.614809687276,True,True
341602,341621,5.714902588936873,36.87656469641882,31.161662107481945,False,False
341621,341623,2.7901478944495466,31.161662107481945,28.3715142130324,False,False
341621,341622,5.179734844358446,31.161662107481945,25.9819272631235,False,False
341623,341622,2.3895869499088995,28.3715142130324,25.9819272631235,False,False
341721,341702,8.117624424444358,148.22415724468522,140.10653282024086,False,False
341722,341702,239.09255920104496,379.1990920212858,140.10653282024086,False,False
341723,341702,63.62382528990247,203.73035811014333,140.10653282024086,False,False
341721,361128,94.06015382376822,148.22415724468522,54.164003420917005,True,True
360222,341721,49.35777090328662,197.58192814797184,148.22415724468522,True,True
341722,341721,230.9749347766006,379.1990920212858,148.22415724468522,False,False
341721,360430,45.11613899659794,148.22415724468522,103.10801824808728,True,True
341722,341723,175.4687339111425,379.1990920212858,203.73035811014333,False,False
341823,341723,37.34107379645417,241.0714319065975,203.73035811014333,False,False
341823,341802,160.389988831131,241.0714319065975,80.6814430754665,False,False
341881,341802,207.28455468072946,287.965997756196,80.6814430754665,False,False
341882,341802,53.12202856561514,133.80347164108164,80.6814430754665,False,False
341802,341821,38.643072028552304,80.6814430754665,42.0383710469142,False,False
341882,341821,91.76510059416745,133.80347164108164,42.0383710469142,False,False
341825,341823,135.63301765309532,376.7044495596928,241.0714319065975,False,False
341881,341823,46.89456584959848,287.965997756196,241.0714319065975,False,False
341824,341825,113.71960106843056,490.4240506281234,376.7044495596928,False,False
341824,341881,202.4580528719274,490.4240506281234,287.965997756196,False,False
341825,341881,88.73845180349684,376.7044495596928,287.965997756196,False,False
341881,341882,154.16252611511433,287.965997756196,133.80347164108164,False,False
360113,360102,9.172452596671235,29.596843539014905,20.42439094234367,False,False
360102,360121,1.6944138432270428,20.42439094234367,18.729977099116628,False,False
360103,360102,2.2325732115075922,22.656964153851263,20.42439094234367,False,False
360111,360102,24.460633697127,44.88502463947067,20.42439094234367,False,False
360112,360102,33.88079064639769,54.30518158874136,20.42439094234367,False,False
360113,360103,6.939879385163643,29.596843539014905,22.656964153851263,False,False
360104,360103,4.4802795332070176,27.13724368705828,22.656964153851263,False,False
360103,360121,3.926987054734635,22.656964153851263,18.729977099116628,False,False
360111,360103,22.22806048561941,44.88502463947067,22.656964153851263,False,False
360104,360121,8.407266587941653,27.13724368705828,18.729977099116628,False,False
360111,360104,17.74778095241239,44.88502463947067,27.13724368705828,False,False
360111,360113,15.288181100455766,44.88502463947067,29.596843539014905,False,False
360111,360121,26.155047540354044,44.88502463947067,18.729977099116628,False,False
360112,360111,9.420156949270691,54.30518158874136,44.88502463947067,False,False
360981,360112,23.836054775859196,78.14123636460056,54.30518158874136,False,False
360983,360112,12.672859104271097,66.97804069301246,54.30518158874136,False,False
360112,360113,24.708338049726457,54.30518158874136,29.596843539014905,False,False
360112,361128,0.1411781678243571,54.30518158874136,54.164003420917005,False,False
360112,360121,35.57520448962474,54.30518158874136,18.729977099116628,False,False
360123,360112,31.142931011240975,85.44811259998234,54.30518158874136,False,False
360112,361127,25.074217052045768,54.30518158874136,29.230964536695595,False,False
360425,360112,35.800224349111616,90.10540593785298,54.30518158874136,False,False
360112,360428,7.911644467012145,54.30518158874136,46.39353712172922,False,False
360113,360121,10.866866439898278,29.596843539014905,18.729977099116628,False,False
360981,360121,59.411259265483935,78.14123636460056,18.729977099116628,False,False
360124,360121,9.671744260531984,28.40172135964861,18.729977099116628,False,False
361127,360121,10.500987437578967,29.230964536695595,18.729977099116628,False,False
360123,360983,18.470071906969878,85.44811259998234,66.97804069301246,False,False
360921,360123,208.78528402956937,294.2333966295517,85.44811259998234,False,False
360925,360123,359.8606075063478,445.3087201063301,85.44811259998234,False,False
360425,360123,4.657293337870641,90.10540593785298,85.44811259998234,False,False
361003,360124,47.90398036343026,76.30570172307887,28.40172135964861,False,False
361002,360124,53.18743869464458,81.58916005429319,28.40172135964861,False,False
360981,360124,49.73951500495195,78.14123636460056,28.40172135964861,False,False
361127,360124,0.8292431770469832,29.230964536695595,28.40172135964861,False,False
360202,360281,34.47500311434854,108.55450607220976,74.07950295786122,False,False
360202,361128,54.390502651292756,108.55450607220976,54.164003420917005,False,False
360203,360202,27.490351419102183,136.04485749131194,108.55450607220976,False,False
360222,360202,89.02742207576208,197.58192814797184,108.55450607220976,False,False
360222,360203,61.53707065665989,197.58192814797184,136.04485749131194,False,False
360222,360281,123.50242519011061,197.58192814797184,74.07950295786122,False,False
360222,361128,143.41792472705484,197.58192814797184,54.164003420917005,False,False
361130,360222,69.07458515181747,266.6565132997893,197.58192814797184,False,False
361126,360281,76.04325139888095,150.12275435674218,74.07950295786122,False,False
361129,360281,19.593514643686092,93.67301760154731,74.07950295786122,False,False
361181,360281,176.68092492885958,250.7604278867208,74.07950295786122,False,False
360281,361128,19.915499536944218,74.07950295786122,54.164003420917005,False,False
361130,360281,192.5770103419281,266.6565132997893,74.07950295786122,False,False
360313,360302,65.32300133377095,240.2256866767229,174.90268534295194,False,False
360323,360302,275.9916216392606,450.8943069822125,174.90268534295194,False,False
360322,360302,33.66793717397823,208.57062251693017,174.90268534295194,False,False
360313,430223,0.22099680075078254,240.2256866767229,240.0046898759721,False,True
360321,360313,170.48461643134613,410.710303108069,240.2256866767229,False,False
360323,360313,210.66862030548964,450.8943069822125,240.2256866767229,False,False
360313,430281,88.71118783627887,240.2256866767229,151.51449884044402,False,True
360313,360322,31.655064159792715,240.2256866767229,208.57062251693017,False,False
360321,430224,104.90081970430691,410.710303108069,305.8094834037621,False,True
360321,360830,107.94611630264899,410.710303108069,302.76418680542,False,False
360321,430223,170.7056132320969,410.710303108069,240.0046898759721,False,True
360321,360829,112.48502159248676,410.710303108069,298.22528151558225,False,False
360323,360321,40.184003874143514,450.8943069822125,410.710303108069,False,False
360323,360322,242.32368446528235,450.8943069822125,208.57062251693017,False,False
360322,430281,57.05612367648615,208.57062251693017,151.51449884044402,False,True
360902,360322,39.4049605538259,247.97558307075607,208.57062251693017,False,False
430181,360322,42.63587402931532,251.2064965462455,208.57062251693017,False,True
360323,360829,152.66902546663027,450.8943069822125,298.22528151558225,False,False
360323,360902,202.91872391145645,450.8943069822125,247.97558307075607,False,False
360483,360402,136.22795511201736,200.68021796447363,64.45226285245629,False,False
360404,360402,5.407295992979925,69.85955884543621,64.45226285245629,False,False
360402,360429,14.473517488827433,64.45226285245629,49.97874536362885,False,False
360402,360403,38.15540304661961,64.45226285245629,26.296859805836675,False,False
421127,360402,6.3669427229076945,70.81920557536398,64.45226285245629,False,True
360404,360403,43.562699039599536,69.85955884543621,26.296859805836675,False,False
421127,360403,44.522345769527305,70.81920557536398,26.296859805836675,False,True
360404,360482,41.41429128252598,69.85955884543621,28.445267562910235,False,False
360426,360404,51.97838593397259,121.8379447794088,69.85955884543621,False,False
360483,360404,130.82065911903743,200.68021796447363,69.85955884543621,False,False
360481,360404,131.87822571401068,201.7377845594469,69.85955884543621,False,False
360404,360429,19.88081348180736,69.85955884543621,49.97874536362885,False,False
360404,421182,7.043168633707445,69.85955884543621,62.816390211728766,False,True
421127,360404,0.9596467299277691,70.81920557536398,69.85955884543621,False,True
360424,360423,51.11218736233866,382.5313865977678,331.4191992354291,False,False
360925,360423,113.88952087090098,445.3087201063301,331.4191992354291,False,False
360423,360425,241.31379329757613,331.4191992354291,90.10540593785298,False,False
360423,360426,209.5812544560203,331.4191992354291,121.8379447794088,False,False
360423,360481,129.6814146759822,331.4191992354291,201.7377845594469,False,False
360423,421224,31.303099202817066,331.4191992354291,300.11610003261205,False,True
360423,420222,211.03860408903745,331.4191992354291,120.38059514639168,False,True
360424,360924,157.57772608236417,382.5313865977678,224.9536605154036,False,False
360926,360424,107.89157203874595,490.4229586365137,382.5313865977678,False,False
360424,430626,106.60602079409824,382.5313865977678,275.92536580366954,False,True
360424,421222,111.95022796345984,382.5313865977678,270.58115863430794,False,True
360424,360921,88.29798996821609,382.5313865977678,294.2333966295517,False,False
360925,360424,62.77733350856232,445.3087201063301,382.5313865977678,False,False
360424,421223,129.72883119930037,382.5313865977678,252.8025553984674,False,True
360424,421224,82.41528656515572,382.5313865977678,300.11610003261205,False,True
360925,360425,355.2033141684771,445.3087201063301,90.10540593785298,False,False
360425,360482,61.66013837494275,90.10540593785298,28.445267562910235,False,False
360425,360428,43.71186881612376,90.10540593785298,46.39353712172922,False,False
360426,360425,31.732538841555822,121.8379447794088,90.10540593785298,False,False
360483,360425,110.57481202662065,200.68021796447363,90.10540593785298,False,False
360426,360482,93.39267721649857,121.8379447794088,28.445267562910235,False,False
360481,360426,79.8998397800381,201.7377845594469,121.8379447794088,False,False
361128,360428,7.770466299187788,54.164003420917005,46.39353712172922,False,False
360428,361127,17.162572585033622,46.39353712172922,29.230964536695595,False,False
360483,360428,154.2866808427444,200.68021796447363,46.39353712172922,False,False
360429,360428,3.585208241899636,49.97874536362885,46.39353712172922,False,False
360430,360428,56.71448112635806,103.10801824808728,46.39353712172922,False,False
360483,360429,150.70147260084477,200.68021796447363,49.97874536362885,False,False
360430,360429,53.12927288445842,103.10801824808728,49.97874536362885,False,False
360430,361128,48.94401482717027,103.10801824808728,54.164003420917005,False,False
360481,420222,81.35718941305522,201.7377845594469,120.38059514639168,False,True
360481,421182,138.92139434771815,201.7377845594469,62.816390211728766,False,True
360483,360482,172.2349504015634,200.68021796447363,28.445267562910235,False,False
360823,360502,24.54393524076451,112.42640729041128,87.88247204964676,False,False
360821,360502,38.03064228392816,125.91311433357492,87.88247204964676,False,False
360521,360502,75.81014427631717,163.69261632596394,87.88247204964676,False,False
360824,360502,59.018463142149756,146.90093519179652,87.88247204964676,False,False
360502,360982,22.229529011845344,87.88247204964676,65.65294303780142,False,False
360502,360983,20.904431356634305,87.88247204964676,66.97804069301246,False,False
360923,360502,27.023022778424775,114.90549482807154,87.88247204964676,False,False
360521,360821,37.779501992389015,163.69261632596394,125.91311433357492,False,False
360829,360521,134.5326651896183,298.22528151558225,163.69261632596394,False,False
360902,360521,84.28296674479213,247.97558307075607,163.69261632596394,False,False
360521,360923,48.7871214978924,163.69261632596394,114.90549482807154,False,False
360681,360602,179.18920702024104,219.118122760914,39.92891574067296,False,False
360603,360602,24.548103076643343,64.4770188173163,39.92891574067296,False,False
361027,360603,67.14635735324977,131.62337617056608,64.4770188173163,False,False
361003,360603,11.828682905762562,76.30570172307887,64.4770188173163,False,False
360681,360603,154.64110394359767,219.118122760914,64.4770188173163,False,False
361129,360603,29.19599878423101,93.67301760154731,64.4770188173163,False,False
360603,361127,35.24605428062071,64.4770188173163,29.230964536695595,False,False
361028,360681,219.18445374113242,438.3025765020464,219.118122760914,False,False
360681,361027,87.49474659034792,219.118122760914,131.62337617056608,False,False
361124,360681,228.72471435241806,447.84283711333205,219.118122760914,False,False
360681,361126,68.99536840417181,219.118122760914,150.12275435674218,False,False
360681,361129,125.44510515936668,219.118122760914,93.67301760154731,False,False
360703,360702,21.520833033776597,241.22515303900988,219.70432000523328,False,False
360704,360702,56.935661971823095,276.6399819770564,219.70432000523328,False,False
360723,360703,137.43628576974393,378.6614388087538,241.22515303900988,False,False
360725,360703,308.81577804687606,550.040931085886,241.22515303900988,False,False
360724,360703,196.34171478738742,437.5668678263973,241.22515303900988,False,False
360722,360703,40.80563927604962,282.0307923150595,241.22515303900988,False,False
360704,360703,35.4148289380465,276.6399819770564,241.22515303900988,False,False
360827,360703,211.89613776371053,453.1212908027204,241.22515303900988,False,False
360703,360828,28.38723956022784,241.22515303900988,212.83791347878204,False,False
360722,360704,5.390810338003121,282.0307923150595,276.6399819770564,False,False
360726,360704,158.5665620491244,435.2065440261808,276.6399819770564,False,False
360731,360704,10.139622051000401,286.7796040280568,276.6399819770564,False,False
360704,360828,63.80206849827434,276.6399819770564,212.83791347878204,False,False
360732,360704,85.59378600181583,362.2337679788722,276.6399819770564,False,False
360729,360722,149.54545580144293,431.5762481165024,282.0307923150595,False,False
360723,360722,96.63064649369431,378.6614388087538,282.0307923150595,False,False
360783,360722,163.8964286502266,445.9272209652861,282.0307923150595,False,False
360728,360722,123.62830233604376,405.65909465110326,282.0307923150595,False,False
360726,360722,153.17575171112128,435.2065440261808,282.0307923150595,False,False
360725,360723,171.37949227713216,550.040931085886,378.6614388087538,False,False
360725,360724,112.47406325948867,550.040931085886,437.5668678263973,False,False
431027,360724,611.5811720334173,1049.1480398598146,437.5668678263973,False,True
360827,360724,15.55442297632311,453.1212908027204,437.5668678263973,False,False
431026,360725,158.42490330717476,708.4658343930607,550.040931085886,False,True
431027,360725,499.10710877392864,1049.1480398598146,550.040931085886,False,True
360726,360728,29.54744937507752,435.2065440261808,405.65909465110326,False,False
360734,360726,52.78918469657435,487.99572872275513,435.2065440261808,False,False
360726,360733,67.54704612850117,435.2065440261808,367.6594978976796,False,False
360726,360731,148.426939998124,435.2065440261808,286.7796040280568,False,False
360783,360728,40.26812631418284,445.9272209652861,405.65909465110326,False,False
360734,360728,82.33663407165187,487.99572872275513,405.65909465110326,False,False
360783,360729,14.35097284878367,445.9272209652861,431.5762481165024,False,False
360730,360731,71.39703813909978,358.17664216715656,286.7796040280568,False,False
360730,360781,21.466535021462164,358.17664216715656,336.7101071456944,False,False
360732,360730,4.05712581171565,362.2337679788722,358.17664216715656,False,False
360730,361030,39.927429781968954,358.17664216715656,318.2492123851876,False,False
360730,360825,113.08922337093591,358.17664216715656,245.08741879622065,False,False
360730,361025,62.80140440196055,358.17664216715656,295.375237765196,False,False
360730,361026,1.1623907395322703,358.17664216715656,357.0142514276243,False,False
360735,360730,48.729031103306056,406.9056732704626,358.17664216715656,False,False
360730,361023,108.01931912319804,358.17664216715656,250.1573230439585,False,False
360733,360731,80.87989386962283,367.6594978976796,286.7796040280568,False,False
360781,360731,49.93050311763761,336.7101071456944,286.7796040280568,False,False
360732,360731,75.45416395081543,362.2337679788722,286.7796040280568,False,False
360732,360828,149.39585450009017,362.2337679788722,212.83791347878204,False,False
360732,360826,181.48172986209676,362.2337679788722,180.75203811677545,False,False
360732,360803,155.64580617736942,362.2337679788722,206.5879618015028,False,False
360732,360825,117.14634918265156,362.2337679788722,245.08741879622065,False,False
360734,360733,120.33623082507552,487.99572872275513,367.6594978976796,False,False
360733,360781,30.94939075198522,367.6594978976796,336.7101071456944,False,False
360735,360781,70.19556612476822,406.9056732704626,336.7101071456944,False,False
360735,361030,88.65646088527501,406.9056732704626,318.2492123851876,False,False
360803,360802,135.19645388012356,206.5879618015028,71.39150792137924,False,False
360822,360802,70.76050555919876,142.152013480578,71.39150792137924,False,False
360821,360802,54.52160641219568,125.91311433357492,71.39150792137924,False,False
360803,360826,25.835923684727334,206.5879618015028,180.75203811677545,False,False
360825,360803,38.49945699471786,245.08741879622065,206.5879618015028,False,False
360803,360822,64.43594832092478,206.5879618015028,142.152013480578,False,False
360803,360821,80.67484746792786,206.5879618015028,125.91311433357492,False,False
360826,360821,54.83892378320053,180.75203811677545,125.91311433357492,False,False
360830,360821,176.8510724718451,302.76418680542,125.91311433357492,False,False
360822,360821,16.23889914700308,142.152013480578,125.91311433357492,False,False
360821,360823,13.486707043163648,125.91311433357492,112.42640729041128,False,False
360829,360821,172.31216718200733,298.22528151558225,125.91311433357492,False,False
360825,360822,102.93540531564264,245.08741879622065,142.152013480578,False,False
360822,360823,29.72560619016673,142.152013480578,112.42640729041128,False,False
360825,360823,132.66101150580937,245.08741879622065,112.42640729041128,False,False
360824,360823,34.474527901385244,146.90093519179652,112.42640729041128,False,False
360825,360824,98.18648360442413,245.08741879622065,146.90093519179652,False,False
361025,360824,148.47430257339948,295.375237765196,146.90093519179652,False,False
360824,360982,81.2479921539951,146.90093519179652,65.65294303780142,False,False
360824,360981,68.75969882719596,146.90093519179652,78.14123636460056,False,False
361025,360825,50.28781896897536,295.375237765196,245.08741879622065,False,False
360827,360826,272.36925268594496,453.1212908027204,180.75203811677545,False,False
360828,360826,32.08587536200659,212.83791347878204,180.75203811677545,False,False
360881,360826,377.5011693885657,558.2532075053412,180.75203811677545,False,False
360830,360826,122.01214868864457,302.76418680542,180.75203811677545,False,False
431027,360827,596.0267490570942,1049.1480398598146,453.1212908027204,False,True
430225,360827,350.4067773329905,803.5280681357109,453.1212908027204,False,True
360827,360828,240.28337732393837,453.1212908027204,212.83791347878204,False,False
360881,360827,105.13191670262074,558.2532075053412,453.1212908027204,False,False
360830,360829,4.538905289837771,302.76418680542,298.22528151558225,False,False
360829,360902,50.24969844482618,298.22528151558225,247.97558307075607,False,False
360881,360830,255.48902069992113,558.2532075053412,302.76418680542,False,False
430224,360830,3.0452965983420768,305.8094834037621,302.76418680542,False,True
430225,360881,245.27486063036974,803.5280681357109,558.2532075053412,False,True
360881,430224,252.44372410157905,558.2532075053412,305.8094834037621,False,True
430181,360902,3.230913475489416,251.2064965462455,247.97558307075607,False,True
360922,360902,24.959978895499916,272.935561966256,247.97558307075607,False,False
360902,360923,133.07008824268453,247.97558307075607,114.90549482807154,False,False
360921,360983,227.25535593653922,294.2333966295517,66.97804069301246,False,False
360921,360924,69.27973611414808,294.2333966295517,224.9536605154036,False,False
360925,360921,151.0753234767784,445.3087201063301,294.2333966295517,False,False
360922,430181,21.7290654200105,272.935561966256,251.2064965462455,False,True
360922,360923,158.03006713818445,272.935561966256,114.90549482807154,False,False
360922,360924,47.98190145085238,272.935561966256,224.9536605154036,False,False
360926,360922,217.48739667025774,490.4229586365137,272.935561966256,False,False
360923,360983,47.92745413505908,114.90549482807154,66.97804069301246,False,False
360924,360923,110.04816568733207,224.9536605154036,114.90549482807154,False,False
360924,360983,157.97561982239114,224.9536605154036,66.97804069301246,False,False
360926,360924,265.4692981211101,490.4229586365137,224.9536605154036,False,False
360926,430181,239.21646209026824,490.4229586365137,251.2064965462455,False,True
360926,430626,214.4975928328442,490.4229586365137,275.92536580366954,False,True
361025,360981,217.23400140059545,295.375237765196,78.14123636460056,False,False
361024,360981,63.942789957723136,142.0840263223237,78.14123636460056,False,False
361002,360981,3.4479236896926295,81.58916005429319,78.14123636460056,False,False
360981,360982,12.488293326799138,78.14123636460056,65.65294303780142,False,False
360981,360983,11.163195671588099,78.14123636460056,66.97804069301246,False,False
360983,360982,1.3250976552110387,66.97804069301246,65.65294303780142,False,False
361026,361002,275.4250913733311,357.0142514276243,81.58916005429319,False,False
361021,361002,109.0776600314343,190.6668200857275,81.58916005429319,False,False
361027,361002,50.03421611627289,131.62337617056608,81.58916005429319,False,False
361002,361003,5.2834583312143195,81.58916005429319,76.30570172307887,False,False
361024,361002,60.494866268030506,142.0840263223237,81.58916005429319,False,False
361027,361003,55.31767444748721,131.62337617056608,76.30570172307887,False,False
361003,361127,47.074737186383274,76.30570172307887,29.230964536695595,False,False
361026,361021,166.3474313418968,357.0142514276243,190.6668200857275,False,False
361023,361021,59.49050295823102,250.1573230439585,190.6668200857275,False,False
361022,361021,116.3141224800091,306.9809425657366,190.6668200857275,False,False
361028,361021,247.6357564163189,438.3025765020464,190.6668200857275,False,False
361021,361027,59.04344391516142,190.6668200857275,131.62337617056608,False,False
361022,361023,56.823619521778085,306.9809425657366,250.1573230439585,False,False
361028,361022,131.3216339363098,438.3025765020464,306.9809425657366,False,False
361030,361023,68.09188934122909,318.2492123851876,250.1573230439585,False,False
361026,361023,106.85692838366577,357.0142514276243,250.1573230439585,False,False
361025,361024,153.2912114428723,295.375237765196,142.0840263223237,False,False
361026,361024,214.9302251053006,357.0142514276243,142.0840263223237,False,False
361026,361025,61.63901366242828,357.0142514276243,295.375237765196,False,False
361028,361027,306.67920033148033,438.3025765020464,131.62337617056608,False,False
361103,361102,207.1704276173761,321.5263748449433,114.3559472275672,False,False
361104,361102,257.0634092183393,371.4193564459065,114.3559472275672,False,False
361123,361102,195.59256721023064,309.9485144377978,114.3559472275672,False,False
361104,361103,49.892981600963196,371.4193564459065,321.5263748449433,False,False
361103,361123,11.577860407145465,321.5263748449433,309.9485144377978,False,False
361124,361104,76.42348066742557,447.84283711333205,371.4193564459065,False,False
361104,361125,162.36793524648846,371.4193564459065,209.05142119941803,False,False
361104,361123,61.47084200810866,371.4193564459065,309.9485144377978,False,False
361104,361181,120.65892855918568,371.4193564459065,250.7604278867208,False,False
361123,361181,59.18808655107702,309.9485144377978,250.7604278867208,False,False
361124,361126,297.7200827565899,447.84283711333205,150.12275435674218,False,False
361124,361125,238.79141591391402,447.84283711333205,209.05142119941803,False,False
361125,361126,58.92866684267585,209.05142119941803,150.12275435674218,False,False
361181,361125,41.709006687302775,250.7604278867208,209.05142119941803,False,False
361126,361129,56.44973675519486,150.12275435674218,93.67301760154731,False,False
361181,361126,100.63767352997863,250.7604278867208,150.12275435674218,False,False
361129,361127,64.44205306485172,93.67301760154731,29.230964536695595,False,False
361128,361127,24.93303888422141,54.164003420917005,29.230964536695595,False,False
361129,361128,39.50901418063031,93.67301760154731,54.164003420917005,False,False
361130,361181,15.896085413068505,266.6565132997893,250.7604278867208,False,False
420106,420102,7.122397481477094,29.818933737429106,22.69653625595201,False,False
420111,420102,4.319889034049158,27.01642529000117,22.69653625595201,False,False
420103,420102,2.5239972409393125,25.220533496891324,22.69653625595201,False,False
420107,420102,4.120546536765239,26.81708279271725,22.69653625595201,False,False
420102,420112,0.5967370510008116,22.69653625595201,22.0997992049512,False,False
420116,420102,41.65771065125759,64.3542469072096,22.69653625595201,False,False
420106,420103,4.5984002405377815,29.818933737429106,25.220533496891324,False,False
420103,420105,1.5824097327600803,25.220533496891324,23.638123764131244,False,False
420104,420103,1.7592769078687134,26.979810404760038,25.220533496891324,False,False
420103,420112,3.120734291940124,25.220533496891324,22.0997992049512,False,False
420104,420105,3.3416866406287937,26.979810404760038,23.638123764131244,False,False
420104,420112,4.880011199808838,26.979810404760038,22.0997992049512,False,False
420114,420105,2.953346298561744,26.591470062692988,23.638123764131244,False,False
420106,420105,6.180809973297862,29.818933737429106,23.638123764131244,False,False
420111,420105,3.378301525869926,27.01642529000117,23.638123764131244,False,False
420105,420112,1.5383245591800438,23.638123764131244,22.0997992049512,False,False
420106,420115,0.3783645967662288,29.818933737429106,29.440569140662877,False,False
420106,420111,2.802508447427936,29.818933737429106,27.01642529000117,False,False
420106,420107,3.0018509447118547,29.818933737429106,26.81708279271725,False,False
420111,420107,0.19934249728391862,27.01642529000117,26.81708279271725,False,False
420115,420111,2.4241438506617072,29.440569140662877,27.01642529000117,False,False
420111,420114,0.4249552273081818,27.01642529000117,26.591470062692988,False,False
420111,420703,6.119379145286455,27.01642529000117,20.897046144714714,False,False
420117,420111,10.65654978051317,37.67297507051434,27.01642529000117,False,False
420116,420111,37.337821617208434,64.3542469072096,27.01642529000117,False,False
420114,420112,4.491670857741788,26.591470062692988,22.0997992049512,False,False
420984,420112,2.438952576272275,24.538751781223475,22.0997992049512,False,False
420902,420112,9.3736536015607,31.4734528065119,22.0997992049512,False,False
420116,420112,42.2544477022584,64.3542469072096,22.0997992049512,False,False
421083,420113,1.3581011401216259,23.450085177009093,22.091984036887467,False,False
421221,420113,6.124581256760386,28.216565293647854,22.091984036887467,False,False
429004,420113,3.4249527556268475,25.516936792514315,22.091984036887467,False,False
420115,420113,7.3485851037754095,29.440569140662877,22.091984036887467,False,False
420114,420113,4.4994860258055205,26.591470062692988,22.091984036887467,False,False
420114,429004,1.074533270178673,26.591470062692988,25.516936792514315,False,False
420115,420114,2.849099077969889,29.440569140662877,26.591470062692988,False,False
420114,420984,2.052718281469513,26.591470062692988,24.538751781223475,False,False
421202,420115,81.73587128363246,111.17644042429534,29.440569140662877,False,False
420115,421221,1.2240038470150232,29.440569140662877,28.216565293647854,False,False
420281,420115,69.87857533906421,99.31914447972709,29.440569140662877,False,False
420702,420115,6.447534688532446,35.88810382919532,29.440569140662877,False,False
420115,420703,8.543522995948162,29.440569140662877,20.897046144714714,False,False
420116,420117,26.68127183669526,64.3542469072096,37.67297507051434,False,False
420116,420902,32.8807941006977,64.3542469072096,31.4734528065119,False,False
420921,420116,29.986140410379846,94.34038731758945,64.3542469072096,False,False
421122,420116,42.477521614762296,106.8317685219719,64.3542469072096,False,False
420922,420116,103.6072553993764,167.961502306586,64.3542469072096,False,False
420117,420703,16.775928925799626,37.67297507051434,20.897046144714714,False,False
421121,420117,65.14342771164515,102.81640278215949,37.67297507051434,False,False
421122,420117,69.15879345145756,106.8317685219719,37.67297507051434,False,False
421181,420117,179.4645368381598,217.13751190867413,37.67297507051434,False,False
420203,420202,50.19674143057132,78.43489274090611,28.238151310334786,False,False
420204,420202,32.73766016806908,60.97581147840386,28.238151310334786,False,False
420704,420202,8.252530875548672,36.49068218588346,28.238151310334786,False,False
421125,420202,56.968326246748745,85.20647755708353,28.238151310334786,False,False
420222,420203,41.94570240548558,120.38059514639168,78.43489274090611,False,False
420281,420203,20.88425173882098,99.31914447972709,78.43489274090611,False,False
420203,420204,17.459081262502245,78.43489274090611,60.97581147840386,False,False
421125,420203,6.771584816177423,85.20647755708353,78.43489274090611,False,False
421126,420203,100.15402456676843,178.58891730767454,78.43489274090611,False,False
420281,420204,38.343333001323224,99.31914447972709,60.97581147840386,False,False
420205,420204,69.30457081338221,130.28038229178608,60.97581147840386,False,False
420204,420704,24.485129292520405,60.97581147840386,36.49068218588346,False,False
420205,420281,30.961237812058997,130.28038229178608,99.31914447972709,False,False
420205,420704,93.78970010590263,130.28038229178608,36.49068218588346,False,False
421224,420222,179.73550488622038,300.11610003261205,120.38059514639168,False,False
420222,421202,9.204154722096348,120.38059514639168,111.17644042429534,False,False
420222,420281,21.061450666664598,120.38059514639168,99.31914447972709,False,False
420222,421182,57.56420493466292,120.38059514639168,62.816390211728766,False,False
421126,420222,58.20832216128285,178.58891730767454,120.38059514639168,False,False
421202,420281,11.85729594456825,111.17644042429534,99.31914447972709,False,False
420281,420702,63.43104065053176,99.31914447972709,35.88810382919532,False,False
420281,420704,62.82846229384363,99.31914447972709,36.49068218588346,False,False
420325,420302,265.04062056824716,906.4532102373166,641.4125896690695,False,False
420302,420303,169.56190993629468,641.4125896690695,471.8506797327748,False,False
420302,420381,251.18499971687584,641.4125896690695,390.2275899521936,False,False
420302,420304,118.3289041195817,641.4125896690695,523.0836855494878,False,False
420325,420303,434.60253050454185,906.4532102373166,471.8506797327748,False,False
420304,420303,51.23300581671299,523.0836855494878,471.8506797327748,False,False
420325,420304,383.36952468782886,906.4532102373166,523.0836855494878,False,False
420323,420304,308.7285068991208,831.8121924486086,523.0836855494878,False,False
420304,420381,132.85609559729414,523.0836855494878,390.2275899521936,False,False
420322,420304,185.32614114578166,708.4098266952694,523.0836855494878,False,False
500238,420323,476.9848529137075,1308.797045362316,831.8121924486086,True,True
429021,420323,839.4666782449822,1671.2788706935908,831.8121924486086,False,False
420324,420323,205.33772549505147,1037.14991794366,831.8121924486086,False,False
420325,420323,74.64101778870804,906.4532102373166,831.8121924486086,False,False
500238,420324,271.64712741865605,1308.797045362316,1037.14991794366,True,True
429021,420325,764.8256604562741,1671.2788706935908,906.4532102373166,False,False
420626,420325,0.5604566393514006,907.013666876668,906.4532102373166,False,False
420325,420381,516.225620285123,906.4532102373166,390.2275899521936,False,False
420325,420625,538.1876690742054,906.4532102373166,368.2655411631112,False,False
420381,420625,21.962048789082417,390.2275899521936,368.2655411631112,False,False
420381,420682,257.1929810297627,390.2275899521936,133.03460892243098,False,False
420502,420503,13.039008082291204,102.90989509570667,89.87088701341547,False,False
420504,420502,177.73870897017238,280.64860406587906,102.90989509570667,False,False
420506,420502,530.3900980437074,633.2999931394141,102.90989509570667,False,False
420505,420503,28.312859999729525,118.183747013145,89.87088701341547,False,False
420504,420503,190.77771705246357,280.64860406587906,89.87088701341547,False,False
420506,420503,543.4291061259987,633.2999931394141,89.87088701341547,False,False
420504,420581,25.868514780587134,280.64860406587906,254.78008928529192,False,False
420504,420505,162.46485705273406,280.64860406587906,118.183747013145,False,False
420528,420504,565.2737008000379,845.9223048659169,280.64860406587906,False,False
420506,420504,352.6513890735351,633.2999931394141,280.64860406587906,False,False
420581,420505,136.59634227214693,254.78008928529192,118.183747013145,False,False
420505,420583,52.50312287440167,118.183747013145,65.68062413874333,False,False
420506,420505,515.1162461262692,633.2999931394141,118.183747013145,False,False
420506,420583,567.6193690006708,633.2999931394141,65.68062413874333,False,False
420528,420506,212.62231172650274,845.9223048659169,633.2999931394141,False,False
420527,420506,204.03369137835864,837.3336845177728,633.2999931394141,False,False
420506,420582,509.6868218851806,633.2999931394141,123.61317125423352,False,False
420506,420525,178.88399520737465,633.2999931394141,454.4159979320395,False,False
420526,420506,478.72075895280307,1112.0207520922172,633.2999931394141,False,False
420626,420506,273.7136737372539,907.013666876668,633.2999931394141,False,False
420525,420582,330.80282667780597,454.4159979320395,123.61317125423352,False,False
420525,420802,264.12917105617146,454.4159979320395,190.286826875868,False,False
420624,420525,9.37241722171649,463.788415153756,454.4159979320395,False,False
420626,420525,452.59766894462854,907.013666876668,454.4159979320395,False,False
420526,422823,60.77786282501074,1112.0207520922172,1051.2428892672065,False,False
420526,420527,274.6870675744444,1112.0207520922172,837.3336845177728,False,False
429021,420526,559.2581186013736,1671.2788706935908,1112.0207520922172,False,False
420526,420626,205.00708521554918,1112.0207520922172,907.013666876668,False,False
420528,420527,8.588620348144104,845.9223048659169,837.3336845177728,False,False
422823,420527,213.90920474943368,1051.2428892672065,837.3336845177728,False,False
420528,420581,591.1422155806249,845.9223048659169,254.78008928529192,False,False
420529,420528,320.9376269381703,1166.8599318040872,845.9223048659169,False,False
422823,420528,205.32058440128958,1051.2428892672065,845.9223048659169,False,False
420529,430726,677.7636141081464,1166.8599318040872,489.0963176959408,False,True
420529,422828,23.246032851722248,1166.8599318040872,1143.613898952365,False,False
420529,420581,912.0798425187952,1166.8599318040872,254.78008928529192,False,False
420529,422823,115.61704253688072,1166.8599318040872,1051.2428892672065,False,False
420529,421087,1054.129615594648,1166.8599318040872,112.73031620943928,False,False
420581,420583,189.0994651465486,254.78008928529192,65.68062413874333,False,False
420581,421087,142.04977307585264,254.78008928529192,112.73031620943928,False,False
420582,421003,82.80679143194416,123.61317125423352,40.80637982228935,False,False
420582,420583,57.932547115490195,123.61317125423352,65.68062413874333,False,False
420582,420822,73.07066954417881,123.61317125423352,50.54250171005471,False,False
420582,420804,32.16436089112254,123.61317125423352,91.44881036311098,False,False
420802,420582,66.67365562163448,190.286826875868,123.61317125423352,False,False
420583,421003,24.874244316453975,65.68062413874333,40.80637982228935,False,False
421087,420583,47.049692070695954,112.73031620943928,65.68062413874333,False,False
420624,420602,362.6307173983907,463.788415153756,101.15769775536528,False,False
420684,420602,10.853240383455642,112.01093813882092,101.15769775536528,False,False
420602,420606,19.898236372150166,101.15769775536528,81.25946138321511,False,False
420625,420602,267.1078434077459,368.2655411631112,101.15769775536528,False,False
420602,420607,1.094904572952231,101.15769775536528,100.06279318241305,False,False
420625,420606,287.0060797798961,368.2655411631112,81.25946138321511,False,False
420607,420606,18.803331799197935,100.06279318241305,81.25946138321511,False,False
420682,420606,51.775147539215865,133.03460892243098,81.25946138321511,False,False
420684,420607,11.948144956407873,112.01093813882092,100.06279318241305,False,False
420683,420607,50.93441230693939,150.99720548935244,100.06279318241305,False,False
420682,420607,32.97181574001793,133.03460892243098,100.06279318241305,False,False
420624,420802,273.501588277888,463.788415153756,190.286826875868,False,False
420626,420624,443.22525172291205,907.013666876668,463.788415153756,False,False
420624,420684,351.7774770149351,463.788415153756,112.01093813882092,False,False
420624,420625,95.52287399064477,463.788415153756,368.2655411631112,False,False
420626,420625,538.7481257135569,907.013666876668,368.2655411631112,False,False
420625,420682,235.23093224068023,368.2655411631112,133.03460892243098,False,False
429021,420626,764.2652038169227,1671.2788706935908,907.013666876668,False,False
420683,420684,38.98626735053152,150.99720548935244,112.01093813882092,False,False
421321,420683,68.25179914706641,219.24900463641885,150.99720548935244,False,False
420802,420684,78.27588873704708,190.286826875868,112.01093813882092,False,False
420684,420881,7.997773470122212,112.01093813882092,104.0131646686987,False,False
421321,420684,107.23806649759793,219.24900463641885,112.01093813882092,False,False
420704,420702,0.6025783566881344,36.49068218588346,35.88810382919532,False,False
420702,420703,14.991057684480609,35.88810382919532,20.897046144714714,False,False
420704,420703,15.593636041168743,36.49068218588346,20.897046144714714,False,False
421102,420703,3.08111703106211,23.978163175776825,20.897046144714714,False,False
421121,420703,81.91935663744476,102.81640278215949,20.897046144714714,False,False
420704,421102,12.512519010106633,36.49068218588346,23.978163175776825,False,False
421125,420704,48.71579537120007,85.20647755708353,36.49068218588346,False,False
420802,420804,98.83801651275702,190.286826875868,91.44881036311098,False,False
420802,420881,86.2736622071693,190.286826875868,104.0131646686987,False,False
420804,420822,40.90630865305627,91.44881036311098,50.54250171005471,False,False
420881,420804,12.564354305587727,104.0131646686987,91.44881036311098,False,False
420822,421002,21.513823059041556,50.54250171005471,29.028678651013152,False,False
420822,421003,9.736121887765357,50.54250171005471,40.80637982228935,False,False
420822,429005,20.99709322054384,50.54250171005471,29.54540848951087,False,False
420822,429006,20.22605634752642,50.54250171005471,30.316445362528288,False,False
420881,420822,53.470662958644,104.0131646686987,50.54250171005471,False,False
420881,429006,73.69671930617042,104.0131646686987,30.316445362528288,False,False
420882,420881,47.91339061852504,151.92655528722375,104.0131646686987,False,False
421321,420881,115.23583996772014,219.24900463641885,104.0131646686987,False,False
420882,429006,121.61010992469546,151.92655528722375,30.316445362528288,False,False
420882,420981,113.87985611269072,151.92655528722375,38.04669917453303,False,False
420882,420982,67.99635692154804,151.92655528722375,83.93019836567571,False,False
421321,420882,67.3224493491951,219.24900463641885,151.92655528722375,False,False
420882,421303,37.559680310258955,151.92655528722375,114.3668749769648,False,False
420902,420984,6.934701025288426,31.4734528065119,24.538751781223475,False,False
420923,420902,0.8985970953206746,32.372049901832575,31.4734528065119,False,False
420921,420902,62.866934511077545,94.34038731758945,31.4734528065119,False,False
420921,420923,61.96833741575687,94.34038731758945,32.372049901832575,False,False
420921,420982,10.410188951913739,94.34038731758945,83.93019836567571,False,False
420922,420921,73.62111498899655,167.961502306586,94.34038731758945,False,False
421381,420921,71.60210875178275,165.9424960693722,94.34038731758945,False,False
420922,421122,61.1297337846141,167.961502306586,106.8317685219719,False,False
420922,421381,2.0190062372138016,167.961502306586,165.9424960693722,False,False
420923,420984,7.833298120609101,32.372049901832575,24.538751781223475,False,False
420981,420923,5.6746492727004565,38.04669917453303,32.372049901832575,False,False
420982,420923,51.55814846384313,83.93019836567571,32.372049901832575,False,False
420981,429006,7.730253812004744,38.04669917453303,30.316445362528288,False,False
420981,420984,13.507947393309557,38.04669917453303,24.538751781223475,False,False
420982,420981,45.883499191142675,83.93019836567571,38.04669917453303,False,False
421303,420982,30.436676611289087,114.3668749769648,83.93019836567571,False,False
421381,420982,82.01229770369649,165.9424960693722,83.93019836567571,False,False
429006,420984,5.777693581304813,30.316445362528288,24.538751781223475,False,False
429004,420984,0.9781850112908401,25.516936792514315,24.538751781223475,False,False
421002,421024,0.08619744518531292,29.028678651013152,28.94248120582784,False,False
421003,421002,11.777701171276199,40.80637982228935,29.028678651013152,False,False
429005,421002,0.5167298384977173,29.54540848951087,29.028678651013152,False,False
421022,421002,5.936984306671228,34.96566295768438,29.028678651013152,False,False
421003,421022,5.840716864604971,40.80637982228935,34.96566295768438,False,False
421087,421003,71.92393638714992,112.73031620943928,40.80637982228935,False,False
421022,421024,6.023181751856541,34.96566295768438,28.94248120582784,False,False
421022,430721,3.776425898652061,34.96566295768438,31.18923705903232,False,True
430723,421022,57.28519335104259,92.25085630872697,34.96566295768438,False,True
421081,421022,1.0305078302621737,35.996170787946554,34.96566295768438,False,False
421087,421022,77.76465325175491,112.73031620943928,34.96566295768438,False,False
421024,421023,2.8522356124813193,28.94248120582784,26.09024559334652,False,False
429005,421023,3.4551628961643495,29.54540848951087,26.09024559334652,False,False
430621,421023,69.2693939247506,95.35963951809713,26.09024559334652,False,True
430602,421023,40.41929023968585,66.50953583303237,26.09024559334652,False,True
430611,421023,3.5553952007914127,29.645640794137933,26.09024559334652,False,True
430623,421023,12.05262105444989,38.14286664779641,26.09024559334652,False,True
421081,421023,9.905925194600034,35.996170787946554,26.09024559334652,False,False
430603,421023,38.539700514240735,64.62994610758726,26.09024559334652,False,True
430682,421023,119.00921338332994,145.09945897667646,26.09024559334652,False,True
421023,421083,2.6401604163374266,26.09024559334652,23.450085177009093,False,False
421023,429004,0.5733088008322049,26.09024559334652,25.516936792514315,False,False
429005,421024,0.6029272836830302,29.54540848951087,28.94248120582784,False,False
421081,421024,7.053689582118714,35.996170787946554,28.94248120582784,False,False
421081,430921,7.563344864555361,35.996170787946554,28.432825923391192,False,True
421081,430721,4.806933728914235,35.996170787946554,31.18923705903232,False,True
430623,421081,2.1466958598498564,38.14286664779641,35.996170787946554,False,True
430682,421083,121.64937379966736,145.09945897667646,23.450085177009093,False,True
421281,421083,74.15465689095456,97.60474206796366,23.450085177009093,False,False
421221,421083,4.7664801166387605,28.216565293647854,23.450085177009093,False,False
429004,421083,2.0668516155052217,25.516936792514315,23.450085177009093,False,False
430726,421087,376.36600148650155,489.0963176959408,112.73031620943928,False,True
421087,430723,20.479459900712314,112.73031620943928,92.25085630872697,False,True
421125,421102,61.2283143813067,85.20647755708353,23.978163175776825,False,False
421121,421102,78.83823960638266,102.81640278215949,23.978163175776825,False,False
421121,421125,17.609925225075955,102.81640278215949,85.20647755708353,False,False
421123,421121,204.32820196790394,307.1446047500634,102.81640278215949,False,False
421181,421121,114.32110912651464,217.13751190867413,102.81640278215949,False,False
421181,421122,110.30574338670223,217.13751190867413,106.8317685219719,False,False
421123,421125,221.9381271929799,307.1446047500634,85.20647755708353,False,False
421124,421123,99.4702049372126,406.614809687276,307.1446047500634,False,False
421123,421181,90.0070928413893,307.1446047500634,217.13751190867413,False,False
421124,421125,321.4083321301925,406.614809687276,85.20647755708353,False,False
421124,421126,228.0258923796015,406.614809687276,178.58891730767454,False,False
421126,421125,93.382439750591,178.58891730767454,85.20647755708353,False,False
421126,421182,115.77252709594578,178.58891730767454,62.816390211728766,False,False
421126,421127,107.76971173231055,178.58891730767454,70.81920557536398,False,False
421127,421182,8.002815363635214,70.81920557536398,62.816390211728766,False,False
421223,421202,141.62611497417208,252.8025553984674,111.17644042429534,False,False
421224,421202,188.93965960831673,300.11610003261205,111.17644042429534,False,False
421202,421281,13.57169835633168,111.17644042429534,97.60474206796366,False,False
421202,421221,82.95987513064748,111.17644042429534,28.216565293647854,False,False
421281,421221,69.38817677431581,97.60474206796366,28.216565293647854,False,False
430626,421222,5.344207169361596,275.92536580366954,270.58115863430794,False,True
421222,430621,175.2215191162108,270.58115863430794,95.35963951809713,False,True
421222,421223,17.778603235840535,270.58115863430794,252.8025553984674,False,False
421222,430682,125.48169965763148,270.58115863430794,145.09945897667646,False,True
421223,430682,107.70309642179095,252.8025553984674,145.09945897667646,False,True
421224,421223,47.31354463414465,300.11610003261205,252.8025553984674,False,False
421223,421281,155.19781333050375,252.8025553984674,97.60474206796366,False,False
430682,421281,47.4947169087128,145.09945897667646,97.60474206796366,False,True
421321,421303,104.88212965945405,219.24900463641885,114.3668749769648,False,False
421381,421303,51.5756210924074,165.9424960693722,114.3668749769648,False,False
421321,421381,53.30650856704665,219.24900463641885,165.9424960693722,False,False
422801,422826,93.6756799562811,1051.915011238044,958.2393312817628,False,False
422801,422825,10.085241639189917,1051.915011238044,1041.829769598854,False,False
422828,422801,91.69888771432102,1143.613898952365,1051.915011238044,False,False
422802,422801,170.2301920004893,1222.1452032385332,1051.915011238044,False,False
422822,422801,79.47700865269599,1131.39201989074,1051.915011238044,False,False
422801,500236,70.84058820975235,1051.915011238044,981.0744230282916,True,True
422802,500243,379.9072744094573,1222.1452032385332,842.2379288290759,True,True
422802,500114,374.317325762628,1222.1452032385332,847.8278774759052,True,True
422802,422826,263.9058719567704,1222.1452032385332,958.2393312817628,False,False
422802,500240,104.41812966748421,1222.1452032385332,1117.727073571049,True,True
422802,500101,610.6799937325504,1222.1452032385332,611.4652095059828,True,True
422802,500236,241.07078021024165,1222.1452032385332,981.0744230282916,True,True
422802,500235,569.0077575763078,1222.1452032385332,653.1374456622254,True,True
422828,422822,12.221879061625032,1143.613898952365,1131.39201989074,False,False
422822,422823,80.14913062353344,1131.39201989074,1051.2428892672065,False,False
422822,500236,150.31759686244834,1131.39201989074,981.0744230282916,True,True
422822,500237,146.02189085653606,1131.39201989074,985.3701290342038,True,True
422828,422823,92.37100968515847,1143.613898952365,1051.2428892672065,False,False
422823,500237,65.87276023300262,1051.2428892672065,985.3701290342038,True,True
429021,422823,620.0359814263843,1671.2788706935908,1051.2428892672065,False,False
422825,433130,335.4554849214577,1041.829769598854,706.3742846773963,False,True
422825,422827,377.93215092258663,1041.829769598854,663.8976186762674,False,False
422825,430822,344.5043823761547,1041.829769598854,697.3253872226993,False,True
422825,422826,83.59043831709118,1041.829769598854,958.2393312817628,False,False
422828,422825,101.78412935351093,1143.613898952365,1041.829769598854,False,False
422826,500242,173.61475407983392,958.2393312817628,784.6245772019289,True,True
422826,422827,294.34171260549545,958.2393312817628,663.8976186762674,False,False
422826,500114,110.4114538058576,958.2393312817628,847.8278774759052,True,True
500242,422827,120.72695852566153,784.6245772019289,663.8976186762674,True,True
433130,422827,42.47666600112893,706.3742846773963,663.8976186762674,False,True
422828,430822,446.28851172966563,1143.613898952365,697.3253872226993,False,True
422828,430726,654.5175812564241,1143.613898952365,489.0963176959408,False,True
429005,429004,4.028471696996554,29.54540848951087,25.516936792514315,False,False
429006,429004,4.799508570013973,30.316445362528288,25.516936792514315,False,False
429006,429005,0.7710368730174189,30.316445362528288,29.54540848951087,False,False
429021,500237,685.9087416593869,1671.2788706935908,985.3701290342038,True,True
429021,500238,362.48182533127465,1671.2788706935908,1308.797045362316,True,True
430103,430102,21.64828235017749,62.67455983430574,41.02627748412825,False,False
430105,430102,10.867452722170462,51.89373020629871,41.02627748412825,False,False
430111,430102,32.63986799648293,73.66614548061118,41.02627748412825,False,False
430121,430102,45.27360756355851,86.29988504768676,41.02627748412825,False,False
430304,430103,3.350473301132567,66.0250331354383,62.67455983430574,False,False
430302,430103,0.024416978709680848,62.69897681301542,62.67455983430574,False,False
430104,430103,19.175318496137947,81.84987833044369,62.67455983430574,False,False
430103,430105,10.780829628007027,62.67455983430574,51.89373020629871,False,False
430111,430103,10.991585646305438,73.66614548061118,62.67455983430574,False,False
430104,430302,19.150901517428267,81.84987833044369,62.69897681301542,False,False
430182,430104,73.03505150552684,154.88492983597052,81.84987833044369,False,False
430104,430105,29.956148124144974,81.84987833044369,51.89373020629871,False,False
430104,430112,15.290466409406875,81.84987833044369,66.55941192103681,False,False
430112,430105,14.6656817147381,66.55941192103681,51.89373020629871,False,False
430121,430105,34.406154841388044,86.29988504768676,51.89373020629871,False,False
430111,430304,7.641112345172871,73.66614548061118,66.0250331354383,False,False
430111,430204,5.603419902825166,73.66614548061118,68.06272557778601,False,False
430181,430111,177.5403510656343,251.2064965462455,73.66614548061118,False,False
430121,430111,12.63373956707558,86.29988504768676,73.66614548061118,False,False
430182,430112,88.32551791493371,154.88492983597052,66.55941192103681,False,False
430903,430112,2.049280022185428,68.60869194322224,66.55941192103681,False,False
430112,430624,28.318658328234882,66.55941192103681,38.24075359280193,False,False
430681,430112,18.761526282947088,85.3209382039839,66.55941192103681,False,False
430121,430112,19.740473126649945,86.29988504768676,66.55941192103681,False,False
430181,430121,164.90661149855873,251.2064965462455,86.29988504768676,False,False
430121,430681,0.9789468437028574,86.29988504768676,85.3209382039839,False,False
430626,430121,189.62548075598278,275.92536580366954,86.29988504768676,False,False
430181,430281,99.69199770580147,251.2064965462455,151.51449884044402,False,False
430181,430203,154.8927594280169,251.2064965462455,96.3137371182286,False,False
430181,430202,166.4824410618322,251.2064965462455,84.7240554844133,False,False
430181,430204,183.14377096845948,251.2064965462455,68.06272557778601,False,False
430626,430181,24.718869257424046,275.92536580366954,251.2064965462455,False,False
430182,430321,64.10069603924364,154.88492983597052,90.78423379672688,False,False
431382,430182,146.8619504616393,301.74688029760983,154.88492983597052,False,False
431302,430182,15.945017838453651,170.82994767442418,154.88492983597052,False,False
430182,430381,12.152237257696129,154.88492983597052,142.7326925782744,False,False
430182,430382,21.712918058125126,154.88492983597052,133.1720117778454,False,False
430182,430302,92.1859530229551,154.88492983597052,62.69897681301542,False,False
430923,430182,239.73086742923306,394.6157972652036,154.88492983597052,False,False
430922,430182,12.725954377425865,167.6108842133964,154.88492983597052,False,False
430182,430903,86.27623789274828,154.88492983597052,68.60869194322224,False,False
430203,430202,11.589681633815303,96.3137371182286,84.7240554844133,False,False
430202,430204,16.661329906627287,84.7240554844133,68.06272557778601,False,False
430212,430203,26.0443665626444,122.358103680873,96.3137371182286,False,False
430203,430211,30.925449098249075,96.3137371182286,65.38828801997953,False,False
430281,430203,55.20076172221542,151.51449884044402,96.3137371182286,False,False
430203,430204,28.25101154044259,96.3137371182286,68.06272557778601,False,False
430204,430304,2.037692442347705,68.06272557778601,66.0250331354383,False,False
430204,430211,2.6744375578064847,68.06272557778601,65.38828801997953,False,False
430321,430211,25.395945776747354,90.78423379672688,65.38828801997953,False,False
430304,430211,0.6367451154587798,66.0250331354383,65.38828801997953,False,False
430212,430211,56.969815660893474,122.358103680873,65.38828801997953,False,False
430212,430321,31.57386988414612,122.358103680873,90.78423379672688,False,False
430424,430212,5.763934697610097,128.1220383784831,122.358103680873,False,False
430223,430212,117.6465861950991,240.0046898759721,122.358103680873,False,False
430281,430212,29.15639515957102,151.51449884044402,122.358103680873,False,False
430223,431028,1.9254158829201344,240.0046898759721,238.07927399305197,False,False
430224,430223,65.80479352779,305.8094834037621,240.0046898759721,False,False
430223,430424,111.88265149748901,240.0046898759721,128.1220383784831,False,False
430223,430281,88.49019103552808,240.0046898759721,151.51449884044402,False,False
430225,430224,497.7185847319488,803.5280681357109,305.8094834037621,False,False
430224,431028,67.73020941071013,305.8094834037621,238.07927399305197,False,False
430225,431081,215.70805612708864,803.5280681357109,587.8200120086223,False,False
431027,430225,245.61997172410372,1049.1480398598146,803.5280681357109,False,False
430225,431028,565.4487941426589,803.5280681357109,238.07927399305197,False,False
430321,430302,28.08525698371146,90.78423379672688,62.69897681301542,False,False
430304,430302,3.326056322422886,66.0250331354383,62.69897681301542,False,False
430321,430304,24.759200661288574,90.78423379672688,66.0250331354383,False,False
430423,430321,40.39814770147089,131.18238149819777,90.78423379672688,False,False
431321,430321,93.09025733629437,183.87449113302125,90.78423379672688,False,False
430381,430321,51.948458781547515,142.7326925782744,90.78423379672688,False,False
430382,430321,42.38777798111852,133.1720117778454,90.78423379672688,False,False
430424,430321,37.33780458175622,128.1220383784831,90.78423379672688,False,False
431321,430381,41.141798554746856,183.87449113302125,142.7326925782744,False,False
431302,430381,28.09725509614978,170.82994767442418,142.7326925782744,False,False
430381,430382,9.560680800428997,142.7326925782744,133.1720117778454,False,False
430422,430405,43.61513761239601,113.20698480899092,69.59184719659491,False,False
430406,430405,0.7144376308945795,70.30628482748949,69.59184719659491,False,False
430407,430405,2.3716984126457703,71.96354560924068,69.59184719659491,False,False
430421,430405,100.98722690681466,170.57907410340957,69.59184719659491,False,False
430423,430405,61.59053430160286,131.18238149819777,69.59184719659491,False,False
430422,430406,42.90069998150143,113.20698480899092,70.30628482748949,False,False
430408,430406,5.129902095503766,75.43618692299326,70.30628482748949,False,False
430407,430406,1.6572607817511908,71.96354560924068,70.30628482748949,False,False
430408,430407,3.4726413137525753,75.43618692299326,71.96354560924068,False,False
430421,430407,98.61552849416888,170.57907410340957,71.96354560924068,False,False
430422,430408,37.770797885997666,113.20698480899092,75.43618692299326,False,False
430421,430408,95.14288718041631,170.57907410340957,75.43618692299326,False,False
430412,430421,289.2871114871174,459.866185590527,170.57907410340957,False,False
430412,430423,328.6838040923292,459.866185590527,131.18238149819777,False,False
430426,430421,37.86175483512892,208.4408289385385,170.57907410340957,False,False
430421,430422,57.37208929441864,170.57907410340957,113.20698480899092,False,False
430582,430421,109.92559408871765,280.5046681921272,170.57907410340957,False,False
430421,430423,39.3966926052118,170.57907410340957,131.18238149819777,False,False
431321,430421,13.295417029611684,183.87449113302125,170.57907410340957,False,False
430482,430422,79.59474065404511,192.80172546303604,113.20698480899092,False,False
430481,430422,51.79592536059211,165.00291016958303,113.20698480899092,False,False
430426,430422,95.23384412954756,208.4408289385385,113.20698480899092,False,False
430423,430422,17.975396689206846,131.18238149819777,113.20698480899092,False,False
431028,430422,124.87228918406105,238.07927399305197,113.20698480899092,False,False
430424,430422,14.915053569492173,128.1220383784831,113.20698480899092,False,False
431321,430423,52.69210963482348,183.87449113302125,131.18238149819777,False,False
430423,430424,3.0603431197146733,131.18238149819777,128.1220383784831,False,False
431028,430424,109.95723561456887,238.07927399305197,128.1220383784831,False,False
430426,430482,15.639103475502452,208.4408289385385,192.80172546303604,False,False
431121,430426,51.78422703306839,260.2250559716069,208.4408289385385,False,False
431122,430426,122.45114127798914,330.8919702165276,208.4408289385385,False,False
430426,431103,45.89678654834117,208.4408289385385,162.54404239019732,False,False
430523,430426,130.69287825263555,339.13370719117404,208.4408289385385,False,False
430582,430426,72.06383925358872,280.5046681921272,208.4408289385385,False,False
430482,430481,27.798815293453004,192.80172546303604,165.00291016958303,False,False
431021,430481,188.1295870962076,353.1324972657906,165.00291016958303,False,False
431023,430481,103.33667396902743,268.33958413861046,165.00291016958303,False,False
431028,430481,73.07636382346894,238.07927399305197,165.00291016958303,False,False
431121,430482,67.42333050857084,260.2250559716069,192.80172546303604,False,False
431021,430482,160.33077180275458,353.1324972657906,192.80172546303604,False,False
430503,430502,24.87157734119694,270.00275651121893,245.131179170022,False,False
430582,430502,35.37348902210522,280.5046681921272,245.131179170022,False,False
430502,430511,6.2506814840198786,245.131179170022,238.88049768600212,False,False
430522,430502,178.90654047541415,424.03771964543614,245.131179170022,False,False
430523,430503,69.1309506799551,339.13370719117404,270.00275651121893,False,False
430582,430503,10.501911680908279,280.5046681921272,270.00275651121893,False,False
430503,430511,31.122258825216818,270.00275651121893,238.88049768600212,False,False
430523,430511,100.25320950517192,339.13370719117404,238.88049768600212,False,False
430522,430511,185.15722195943403,424.03771964543614,238.88049768600212,False,False
430522,430523,84.9040124542621,424.03771964543614,339.13370719117404,False,False
430522,430582,143.53305145330893,424.03771964543614,280.5046681921272,False,False
430524,430522,139.1863880720249,563.224107717461,424.03771964543614,False,False
430522,431381,48.468925685018064,424.03771964543614,375.5687939604181,False,False
430522,431382,122.2908393478263,424.03771964543614,301.74688029760983,False,False
431322,430522,53.39459214334107,477.4323117887772,424.03771964543614,False,False
430523,431122,8.241736974646415,339.13370719117404,330.8919702165276,False,False
430528,430523,310.0727636009791,649.2064707921531,339.13370719117404,False,False
430581,430523,102.08826929977494,441.221976490949,339.13370719117404,False,False
430523,430582,58.62903899904683,339.13370719117404,280.5046681921272,False,False
430524,430523,224.090400526287,563.224107717461,339.13370719117404,False,False
430524,430581,122.00213122651206,563.224107717461,441.221976490949,False,False
430524,430525,26.28437115218162,563.224107717461,536.9397365652794,False,False
430524,431224,34.381799373595754,563.224107717461,528.8423083438653,False,False
430524,431322,85.79179592868383,563.224107717461,477.4323117887772,False,False
430527,430525,129.4058070797729,666.3455436450523,536.9397365652794,False,False
430525,430581,95.71776007433044,536.9397365652794,441.221976490949,False,False
430525,431225,112.85013469945159,536.9397365652794,424.08960186582783,False,False
430525,431281,71.4686692403418,536.9397365652794,465.4710673249376,False,False
430525,431224,8.097428221414134,536.9397365652794,528.8423083438653,False,False
430527,431230,114.12937864535206,666.3455436450523,552.2161649997003,False,False
430529,430527,282.7878856839169,949.1334293289692,666.3455436450523,False,False
430527,431229,148.4367806294414,666.3455436450523,517.9087630156109,False,False
430527,430581,225.12356715410334,666.3455436450523,441.221976490949,False,False
430527,431225,242.2559417792245,666.3455436450523,424.08960186582783,False,False
430527,431281,200.8744763201147,666.3455436450523,465.4710673249376,False,False
430529,430528,299.9269585368161,949.1334293289692,649.2064707921531,False,False
430528,431122,318.3145005756255,649.2064707921531,330.8919702165276,False,False
430528,430581,207.98449430120417,649.2064707921531,441.221976490949,False,False
430529,431230,396.91726432926896,949.1334293289692,552.2161649997003,False,False
430529,430581,507.91145283802024,949.1334293289692,441.221976490949,False,False
430582,431321,96.63017705910596,280.5046681921272,183.87449113302125,False,False
431382,430582,21.242212105482622,301.74688029760983,280.5046681921272,False,False
430621,430602,28.850103685064752,95.35963951809713,66.50953583303237,False,False
430602,430603,1.8795897254451148,66.50953583303237,64.62994610758726,False,False
430682,430602,78.58992314364409,145.09945897667646,66.50953583303237,False,False
430682,430603,80.4695128690892,145.09945897667646,64.62994610758726,False,False
430621,430611,65.7139987239592,95.35963951809713,29.645640794137933,False,False
430623,430611,8.497225853658477,38.14286664779641,29.645640794137933,False,False
430621,430681,10.038701314113226,95.35963951809713,85.3209382039839,False,False
430621,430981,66.54552723817812,95.35963951809713,28.81411227991901,False,False
430621,430921,66.92681359470593,95.35963951809713,28.432825923391192,False,False
430626,430621,180.5657262855724,275.92536580366954,95.35963951809713,False,False
430621,430623,57.216772870300716,95.35963951809713,38.14286664779641,False,False
430682,430621,49.73981945857933,145.09945897667646,95.35963951809713,False,False
430623,430921,9.710040724405218,38.14286664779641,28.432825923391192,False,False
430903,430624,30.36793835042031,68.60869194322224,38.24075359280193,False,False
430902,430624,1.894400086268348,40.13515367907028,38.24075359280193,False,False
430681,430624,47.08018461118197,85.3209382039839,38.24075359280193,False,False
430624,430981,9.426641312882921,38.24075359280193,28.81411227991901,False,False
430626,430681,190.60442759968564,275.92536580366954,85.3209382039839,False,False
430681,430981,56.50682592406489,85.3209382039839,28.81411227991901,False,False
430725,430702,153.59428366240826,189.99426513294983,36.399981470541576,False,False
430722,430702,10.652407610227577,47.05238908076915,36.399981470541576,False,False
430703,430702,31.84472300226173,68.2447044728033,36.399981470541576,False,False
430923,430703,326.3710927924003,394.6157972652036,68.2447044728033,False,False
430922,430703,99.36617974059308,167.6108842133964,68.2447044728033,False,False
430725,430703,121.74956066014653,189.99426513294983,68.2447044728033,False,False
430703,430722,21.192315392034153,68.2447044728033,47.05238908076915,False,False
430703,430721,37.055467413770984,68.2447044728033,31.18923705903232,False,False
430724,430703,18.400428829144857,86.64513330194816,68.2447044728033,False,False
430703,430781,18.75486019829458,68.2447044728033,49.48984427450873,False,False
430722,430721,15.863152021736834,47.05238908076915,31.18923705903232,False,False
430721,430921,2.7564111356411267,31.18923705903232,28.432825923391192,False,False
430781,430721,18.300607215476408,49.48984427450873,31.18923705903232,False,False
430723,430721,61.061619249694644,92.25085630872697,31.18923705903232,False,False
430922,430722,120.55849513262723,167.6108842133964,47.05238908076915,False,False
430722,430902,6.917235401698875,47.05238908076915,40.13515367907028,False,False
430722,430981,18.238276800850144,47.05238908076915,28.81411227991901,False,False
430722,430921,18.61956315737796,47.05238908076915,28.432825923391192,False,False
430726,430723,396.84546138721385,489.0963176959408,92.25085630872697,False,False
430723,430724,5.605723006778803,92.25085630872697,86.64513330194816,False,False
430723,430781,42.76101203421824,92.25085630872697,49.48984427450873,False,False
430726,430724,402.45118439399266,489.0963176959408,86.64513330194816,False,False
430725,430724,103.34913183100167,189.99426513294983,86.64513330194816,False,False
430724,430781,37.15528902743944,86.64513330194816,49.48984427450873,False,False
430923,430725,204.62153213225375,394.6157972652036,189.99426513294983,False,False
431222,430725,173.99368215588848,363.9879472888383,189.99426513294983,False,False
430802,430725,312.12121671318243,502.1154818461323,189.99426513294983,False,False
430821,430725,212.6187620827903,402.61302721574015,189.99426513294983,False,False
430726,430725,299.10205256299093,489.0963176959408,189.99426513294983,False,False
430726,430821,86.48329048020065,489.0963176959408,402.61302721574015,False,False
430822,430726,208.2290695267585,697.3253872226993,489.0963176959408,False,False
430802,431222,138.12753455729398,502.1154818461323,363.9879472888383,False,False
433127,430802,62.17325589526445,564.2887377413967,502.1154818461323,False,False
430811,430802,174.0886797983204,676.2041616444527,502.1154818461323,False,False
430802,430821,99.50245463039215,502.1154818461323,402.61302721574015,False,False
430822,430802,195.209905376567,697.3253872226993,502.1154818461323,False,False
430811,430821,273.59113442871256,676.2041616444527,402.61302721574015,False,False
430822,430811,21.121225578246595,697.3253872226993,676.2041616444527,False,False
430822,430821,294.71236000695916,697.3253872226993,402.61302721574015,False,False
430822,433127,133.03664948130256,697.3253872226993,564.2887377413967,False,False
433130,430822,9.048897454696998,706.3742846773963,697.3253872226993,False,False
430922,430902,127.47573053432612,167.6108842133964,40.13515367907028,False,False
430903,430902,28.473538264151962,68.60869194322224,40.13515367907028,False,False
430902,430981,11.32104139915127,40.13515367907028,28.81411227991901,False,False
430922,430903,99.00219227017415,167.6108842133964,68.60869194322224,False,False
430981,430921,0.3812863565278164,28.81411227991901,28.432825923391192,False,False
430923,430922,227.0049130518072,394.6157972652036,167.6108842133964,False,False
431224,430923,134.2265110786617,528.8423083438653,394.6157972652036,False,False
430923,431382,92.86891696759375,394.6157972652036,301.74688029760983,False,False
431322,430923,82.81651452357363,477.4323117887772,394.6157972652036,False,False
430923,431222,30.62784997636527,394.6157972652036,363.9879472888383,False,False
431002,431025,22.519695401466493,573.4739462732595,550.954250871793,False,False
431002,431021,220.34144900746884,573.4739462732595,353.1324972657906,False,False
431002,431022,81.41184985232485,573.4739462732595,492.0620964209346,False,False
431002,431003,122.7458643892906,573.4739462732595,450.72808188396885,False,False
431003,431021,97.59558461817824,450.72808188396885,353.1324972657906,False,False
431022,431003,41.33401453696575,492.0620964209346,450.72808188396885,False,False
431081,431003,137.0919301246534,587.8200120086223,450.72808188396885,False,False
431003,431023,182.3884977453584,450.72808188396885,268.33958413861046,False,False
431021,431121,92.90744129418374,353.1324972657906,260.2250559716069,False,False
431025,431021,197.82175360600235,550.954250871793,353.1324972657906,False,False
431021,431024,78.85838241448653,353.1324972657906,274.2741148513041,False,False
431021,431128,10.460087624553296,353.1324972657906,342.6724096412373,False,False
431021,431023,84.79291312718016,353.1324972657906,268.33958413861046,False,False
431025,431022,58.89215445085836,550.954250871793,492.0620964209346,False,False
431026,431022,216.40373797212612,708.4658343930607,492.0620964209346,False,False
431081,431022,95.75791558768765,587.8200120086223,492.0620964209346,False,False
431081,431023,319.4804278700118,587.8200120086223,268.33958413861046,False,False
431023,431028,30.260310145558492,268.33958413861046,238.07927399305197,False,False
431127,431024,339.6240722531633,613.8981871044674,274.2741148513041,False,False
431025,431024,276.6801360204889,550.954250871793,274.2741148513041,False,False
431126,431024,192.7262956822819,467.000410533586,274.2741148513041,False,False
431128,431024,68.39829478993323,342.6724096412373,274.2741148513041,False,False
431127,431025,62.943936232674446,613.8981871044674,550.954250871793,False,False
431026,431081,120.64582238443847,708.4658343930607,587.8200120086223,False,False
431027,431026,340.6822054667539,1049.1480398598146,708.4658343930607,False,False
431027,431081,461.32802785119236,1049.1480398598146,587.8200120086223,False,False
431081,431028,349.7407380155703,587.8200120086223,238.07927399305197,False,False
431102,431121,25.695168362387335,285.9202243339942,260.2250559716069,False,False
431122,431102,44.97174588253341,330.8919702165276,285.9202243339942,False,False
431102,431103,123.3761819437969,285.9202243339942,162.54404239019732,False,False
431123,431102,257.42198220422466,543.3422065382189,285.9202243339942,False,False
431121,431103,97.68101358140956,260.2250559716069,162.54404239019732,False,False
431122,431103,168.3479278263303,330.8919702165276,162.54404239019732,False,False
431126,431121,206.7753545619791,467.000410533586,260.2250559716069,False,False
431123,431121,283.117150566612,543.3422065382189,260.2250559716069,False,False
431128,431121,82.44735366963044,342.6724096412373,260.2250559716069,False,False
431123,431124,129.23051370366557,543.3422065382189,414.1116928345533,False,False
431123,431126,76.3417960046329,543.3422065382189,467.000410533586,False,False
431129,431124,180.6751830581236,594.7868758926769,414.1116928345533,False,False
431125,431124,52.73100516460039,466.8426979991537,414.1116928345533,False,False
431126,431124,52.88871769903267,467.000410533586,414.1116928345533,False,False
431129,431125,127.9441778935232,594.7868758926769,466.8426979991537,False,False
431129,431126,127.78646535909093,594.7868758926769,467.000410533586,False,False
431127,431126,146.89777657088143,613.8981871044674,467.000410533586,False,False
431126,431128,124.32800089234865,467.000410533586,342.6724096412373,False,False
431127,431129,19.111311211790508,613.8981871044674,594.7868758926769,False,False
431228,431202,86.98403390773109,413.5264542926252,326.5424203848941,False,False
431221,431202,102.90503392803606,429.4474543129302,326.5424203848941,False,False
431202,431226,9.421234408965915,326.5424203848941,317.1211859759282,False,False
431223,431202,6.103332744013528,332.64575312890764,326.5424203848941,False,False
431281,431221,36.023613012007445,465.4710673249376,429.4474543129302,False,False
431221,431228,15.921000020304973,429.4474543129302,413.5264542926252,False,False
431224,431221,99.39485403093511,528.8423083438653,429.4474543129302,False,False
431221,431223,96.80170118402253,429.4474543129302,332.64575312890764,False,False
431224,431222,164.85436105502697,528.8423083438653,363.9879472888383,False,False
431222,431223,31.34219415993067,363.9879472888383,332.64575312890764,False,False
431222,433122,51.85052559535899,363.9879472888383,312.1374216934793,False,False
433126,431222,140.22376986797047,504.2117171568088,363.9879472888383,False,False
433127,431222,200.30079045255843,564.2887377413967,363.9879472888383,False,False
431223,431226,15.524567152979444,332.64575312890764,317.1211859759282,False,False
431224,431223,196.19655521495764,528.8423083438653,332.64575312890764,False,False
431223,433122,20.508331435428317,332.64575312890764,312.1374216934793,False,False
431224,431281,63.37124101892766,528.8423083438653,465.4710673249376,False,False
431224,431322,51.40999655508807,528.8423083438653,477.4323117887772,False,False
431229,431225,93.8191611497831,517.9087630156109,424.08960186582783,False,False
522627,431225,122.57106115241277,546.6606630182406,424.08960186582783,True,True
431281,431225,41.38146545910979,465.4710673249376,424.08960186582783,False,False
431225,431228,10.563147573202627,424.08960186582783,413.5264542926252,False,False
431228,431226,96.405268316697,413.5264542926252,317.1211859759282,False,False
520602,431226,163.35290904104812,480.4740950169763,317.1211859759282,True,True
433123,431226,236.2355609687864,553.3567469447146,317.1211859759282,False,False
431226,433122,4.983764282448874,317.1211859759282,312.1374216934793,False,False
522624,431227,133.20648680500994,750.7264848150242,617.5199980100142,True,True
431227,522627,70.85933499177361,617.5199980100142,546.6606630182406,True,True
522625,431227,171.80467612256564,789.3246741325798,617.5199980100142,True,True
431227,520622,115.63895471927037,617.5199980100142,501.88104329074383,True,True
431227,431228,203.993543717389,617.5199980100142,413.5264542926252,False,False
431227,520603,4.514741718726327,617.5199980100142,613.0052562912879,True,True
522627,431228,133.1342087256154,546.6606630182406,413.5264542926252,True,True
431281,431228,51.94461303231242,465.4710673249376,413.5264542926252,False,False
520603,431228,199.47880199866268,613.0052562912879,413.5264542926252,True,True
520602,431228,66.94764072435112,480.4740950169763,413.5264542926252,True,True
522631,431229,182.98245276408989,700.8912157797008,517.9087630156109,True,True
431230,431229,34.307401984089324,552.2161649997003,517.9087630156109,False,False
522628,431229,103.17991462494172,621.0886776405526,517.9087630156109,True,True
522627,431229,28.751900002629668,546.6606630182406,517.9087630156109,True,True
522631,431230,148.67505078000056,700.8912157797008,552.2161649997003,True,True
431321,431302,13.044543458597076,183.87449113302125,170.82994767442418,False,False
431382,431302,130.91693262318566,301.74688029760983,170.82994767442418,False,False
431382,431321,117.87238916458858,301.74688029760983,183.87449113302125,False,False
431322,431381,101.86351782835914,477.4323117887772,375.5687939604181,False,False
431322,431382,175.68543149116738,477.4323117887772,301.74688029760983,False,False
431381,431382,73.82191366280824,375.5687939604181,301.74688029760983,False,False
433123,433101,190.50427595877977,553.3567469447146,362.8524709859348,False,False
433101,433122,50.71504929245549,362.8524709859348,312.1374216934793,False,False
433124,433101,283.8231440653742,646.675615051309,362.8524709859348,False,False
433126,433101,141.35924617087397,504.2117171568088,362.8524709859348,False,False
433125,433101,157.3983906417152,520.25086162765,362.8524709859348,False,False
433123,433122,241.21932525123526,553.3567469447146,312.1374216934793,False,False
433126,433122,192.07429546332946,504.2117171568088,312.1374216934793,False,False
433123,520602,72.88265192773827,553.3567469447146,480.4740950169763,True,True
520628,433123,154.2001993560474,707.556946300762,553.3567469447146,True,True
433124,433123,93.31886810659444,646.675615051309,553.3567469447146,False,False
520628,433124,60.881331249452955,707.556946300762,646.675615051309,True,True
433124,500241,50.81576572846848,646.675615051309,595.8598493228405,True,True
433124,433125,126.42475342365901,646.675615051309,520.25086162765,False,False
500241,433125,75.60898769519054,595.8598493228405,520.25086162765,True,True
433125,433126,16.039144470841222,520.25086162765,504.2117171568088,False,False
433127,433125,44.037876113746734,564.2887377413967,520.25086162765,False,False
433130,433125,186.1234230497463,706.3742846773963,520.25086162765,False,False
433127,433126,60.077020584587956,564.2887377413967,504.2117171568088,False,False
433130,433127,142.08554693599956,706.3742846773963,564.2887377413967,False,False
433130,500241,110.51443535455576,706.3742846773963,595.8598493228405,True,True
500242,433130,78.2502925245326,784.6245772019289,706.3742846773963,True,True
500240,500101,506.2618640650662,1117.727073571049,611.4652095059828,False,False
500101,500233,160.0145612193245,611.4652095059828,451.4506482866583,False,False
500101,511723,21.807789550661823,611.4652095059828,589.657419955321,False,True
500101,500155,67.15483646954681,611.4652095059828,544.310373036436,False,False
500235,500101,41.67223615624266,653.1374456622254,611.4652095059828,False,False
500154,500101,142.6035148944577,754.0687244004405,611.4652095059828,False,False
500119,500102,372.80911068179773,944.3539112241256,571.5448005423278,False,False
500156,500102,416.9980145521581,988.542815094486,571.5448005423278,False,False
500102,500113,121.04120265731842,571.5448005423278,450.5035978850094,False,False
500230,500102,184.15318966342727,755.6979902057551,571.5448005423278,False,False
500102,500115,172.95108648042617,571.5448005423278,398.59371406190166,False,False
500102,500231,111.65539215577394,571.5448005423278,459.8894083865539,False,False
500107,500103,80.81545630862263,323.8364971595733,243.02104085095067,False,False
500108,500103,66.88150731207031,309.902548163021,243.02104085095067,False,False
500105,500103,21.486883338694383,264.50792418964505,243.02104085095067,False,False
500106,500103,105.83720492423396,348.8582457751846,243.02104085095067,False,False
500116,500104,202.93649407328496,461.32593388426073,258.3894398109758,False,False
500107,500104,65.44705734859753,323.8364971595733,258.3894398109758,False,False
500113,500104,192.11415807403364,450.5035978850094,258.3894398109758,False,False
500113,500105,185.99567369536436,450.5035978850094,264.50792418964505,False,False
500108,500105,45.39462397337593,309.902548163021,264.50792418964505,False,False
500106,500105,84.35032158553958,348.8582457751846,264.50792418964505,False,False
500112,500105,132.26091715695094,396.768841346596,264.50792418964505,False,False
500106,500107,25.02174861561133,348.8582457751846,323.8364971595733,False,False
500120,500106,6.941801045529871,355.8000468207145,348.8582457751846,False,False
500112,500106,47.91059557141136,396.768841346596,348.8582457751846,False,False
500109,500106,67.6546879995791,416.5129337747637,348.8582457751846,False,False
500116,500107,137.48943672468744,461.32593388426073,323.8364971595733,False,False
500113,500107,126.66710072543611,450.5035978850094,323.8364971595733,False,False
500107,500108,13.933948996552317,323.8364971595733,309.902548163021,False,False
500120,500107,31.9635496611412,355.8000468207145,323.8364971595733,False,False
500113,500108,140.60104972198843,450.5035978850094,309.902548163021,False,False
500109,500120,60.712886954049225,416.5129337747637,355.8000468207145,False,False
500109,500112,19.744092428167733,416.5129337747637,396.768841346596,False,False
500109,500117,98.62588093104,416.5129337747637,317.8870528437237,False,False
520322,500110,439.67971731233945,1113.5879049240857,673.9081876117463,False,True
520330,500110,378.4957352705734,1052.4039228823196,673.9081876117463,False,True
500110,500116,212.58225372748552,673.9081876117463,461.32593388426073,False,False
500119,500110,270.4457236123793,944.3539112241256,673.9081876117463,False,False
500110,500113,223.40458972673684,673.9081876117463,450.5035978850094,False,False
500111,500153,25.862583484980178,395.8338716789201,369.9712881939399,False,False
500111,500118,31.899487350522406,395.8338716789201,363.9343843283977,False,False
500111,500151,71.12401008934648,395.8338716789201,324.7098615895736,False,False
500111,500152,101.431027937863,395.8338716789201,294.4028437410571,False,False
500111,512021,25.604228295096732,395.8338716789201,370.2296433838234,False,True
500113,500112,53.73475653841342,450.5035978850094,396.768841346596,False,False
500115,500112,1.8248727153056734,398.59371406190166,396.768841346596,False,False
500112,500117,78.88178850287227,396.768841346596,317.8870528437237,False,False
511623,500112,96.42209446029648,493.19093580689247,396.768841346596,False,True
511681,500112,122.24885031135534,519.0176916579513,396.768841346596,False,True
500116,500113,10.822335999251322,461.32593388426073,450.5035978850094,False,False
500119,500113,493.85031333911616,944.3539112241256,450.5035978850094,False,False
500113,500115,51.90988382310775,450.5035978850094,398.59371406190166,False,False
500114,500242,63.20330027397631,847.8278774759052,784.6245772019289,False,False
500114,500243,5.589948646829271,847.8278774759052,842.2379288290759,False,False
500231,500115,61.29569432465223,459.8894083865539,398.59371406190166,False,False
511623,500115,94.5972217449908,493.19093580689247,398.59371406190166,False,True
520330,500116,591.0779889980589,1052.4039228823196,461.32593388426073,False,True
510522,500116,70.35368039218633,531.6796142764471,461.32593388426073,False,True
500116,500118,97.39154955586304,461.32593388426073,363.9343843283977,False,False
500116,500120,105.52588706354624,461.32593388426073,355.8000468207145,False,False
500120,500117,37.912993976990776,355.8000468207145,317.8870528437237,False,False
500151,500117,6.822808745849898,324.7098615895736,317.8870528437237,False,False
500117,500152,23.484209102666625,317.8870528437237,294.4028437410571,False,False
511681,500117,201.1306388142276,519.0176916579513,317.8870528437237,False,True
510921,500117,48.43964021695706,366.3266930606808,317.8870528437237,False,True
500117,511622,20.767152531203635,317.8870528437237,297.1199003125201,False,True
511621,500117,66.45788113902057,384.3449339827443,317.8870528437237,False,True
500118,510521,26.935908312714673,363.9343843283977,336.998476015683,False,True
500153,500118,6.036903865542229,369.9712881939399,363.9343843283977,False,False
510522,500118,167.74522994804937,531.6796142764471,363.9343843283977,False,True
500118,500120,8.134337507683199,363.9343843283977,355.8000468207145,False,False
500118,500151,39.22452273882408,363.9343843283977,324.7098615895736,False,False
520322,500119,169.23399369996014,1113.5879049240857,944.3539112241256,False,True
520324,500119,59.90978330479925,1004.2636945289248,944.3539112241256,False,True
520325,500119,81.87414670211388,1026.2280579262394,944.3539112241256,False,True
500156,500119,44.18890387036038,988.542815094486,944.3539112241256,False,False
500120,500151,31.09018523114088,355.8000468207145,324.7098615895736,False,False
500151,500152,30.307017848516523,324.7098615895736,294.4028437410571,False,False
512021,500152,75.82679964276628,370.2296433838234,294.4028437410571,False,True
510904,500152,35.831353976464925,330.234197717522,294.4028437410571,False,True
510903,500152,29.72171054694695,324.12455428800405,294.4028437410571,False,True
510921,500152,71.92384931962368,366.3266930606808,294.4028437410571,False,True
500153,510521,32.9728121782569,369.9712881939399,336.998476015683,False,True
500153,511083,5.251621780467019,369.9712881939399,364.7196664134729,False,True
500153,511011,13.19316893345973,369.9712881939399,356.7781192604802,False,True
512021,500153,0.25835518988344575,370.2296433838234,369.9712881939399,False,True
500154,511723,164.41130444511953,754.0687244004405,589.657419955321,False,True
500154,500235,100.93127873821504,754.0687244004405,653.1374456622254,False,False
511722,500154,23.608247412934816,777.6769718133753,754.0687244004405,False,True
500238,500154,554.7283209618756,1308.797045362316,754.0687244004405,False,False
500229,500154,798.694908129798,1552.7636325302385,754.0687244004405,False,False
500155,500231,84.42096464988208,544.310373036436,459.8894083865539,False,False
500155,500233,92.85972474977768,544.310373036436,451.4506482866583,False,False
511723,500155,45.347046918884985,589.657419955321,544.310373036436,False,True
500155,511724,44.641796089738364,544.310373036436,499.6685769466976,False,True
500155,511703,91.25843031050357,544.310373036436,453.0519427259324,False,True
520325,500156,37.6852428317535,1026.2280579262394,988.542815094486,False,True
500156,500243,146.30488626541,988.542815094486,842.2379288290759,False,False
500156,500230,232.84482488873084,988.542815094486,755.6979902057551,False,False
500229,511722,775.0866607168632,1552.7636325302385,777.6769718133753,False,True
500229,500238,243.9665871679224,1552.7636325302385,1308.797045362316,False,False
500229,511781,531.2232696412399,1552.7636325302385,1021.5403628889986,False,True
500243,500230,86.53993862332084,842.2379288290759,755.6979902057551,False,False
500240,500230,362.0290833652939,1117.727073571049,755.6979902057551,False,False
500230,500231,295.8085818192012,755.6979902057551,459.8894083865539,False,False
500230,500233,304.2473419190968,755.6979902057551,451.4506482866583,False,False
511623,500231,33.30152742033857,493.19093580689247,459.8894083865539,False,True
500231,500233,8.438760099895603,459.8894083865539,451.4506482866583,False,False
511724,500231,39.77916856014372,499.6685769466976,459.8894083865539,False,True
500240,500233,666.2764252843907,1117.727073571049,451.4506482866583,False,False
500236,500235,327.9369773660661,981.0744230282916,653.1374456622254,False,False
500238,500235,655.6595997000907,1308.797045362316,653.1374456622254,False,False
500237,500236,4.29570600591228,985.3701290342038,981.0744230282916,False,False
500238,500236,327.72262233402455,1308.797045362316,981.0744230282916,False,False
500238,500237,323.42691632811227,1308.797045362316,985.3701290342038,False,False
500240,500243,275.48914474197306,1117.727073571049,842.2379288290759,False,False
520628,500241,111.69709697792143,707.556946300762,595.8598493228405,False,True
500242,500241,188.76472787908835,784.6245772019289,595.8598493228405,False,False
500242,520628,77.06763090116692,784.6245772019289,707.556946300762,False,True
500242,520627,35.36651862548945,784.6245772019289,749.2580585764395,False,True
500243,500242,57.61335162714704,842.2379288290759,784.6245772019289,False,False
520326,500243,129.41606574959167,971.6539945786676,842.2379288290759,False,True
520325,500243,183.9901290971635,1026.2280579262394,842.2379288290759,False,True
500243,520627,92.97987025263649,842.2379288290759,749.2580585764395,False,True
510116,510104,6.226184391695313,504.035663416575,497.8094790248797,False,False
510112,510104,65.46030207498984,563.2697810998695,497.8094790248797,False,False
510104,510107,4.612016390015015,497.8094790248797,493.1974626348647,False,False
510108,510104,6.502675209231029,504.3121542341107,497.8094790248797,False,False
510105,510104,14.338150619307044,512.1476296441867,497.8094790248797,False,False
510106,510104,13.653996659955794,511.4634756848355,497.8094790248797,False,False
510105,510116,8.111966227611731,512.1476296441867,504.035663416575,False,False
510115,510105,39.81097285899398,551.9586025031807,512.1476296441867,False,False
510117,510105,56.65790846505672,568.8055381092435,512.1476296441867,False,False
510105,510107,18.950167009322058,512.1476296441867,493.1974626348647,False,False
510105,510108,7.835475410076015,512.1476296441867,504.3121542341107,False,False
510105,510106,0.6841539593512493,512.1476296441867,511.4634756848355,False,False
510117,510106,57.34206242440797,568.8055381092435,511.4634756848355,False,False
510106,510108,7.151321450724765,511.4634756848355,504.3121542341107,False,False
510106,510114,2.367755771750069,511.4634756848355,509.0957199130854,False,False
510116,510107,10.838200781710327,504.035663416575,493.1974626348647,False,False
510112,510108,58.95762686575881,563.2697810998695,504.3121542341107,False,False
510114,510108,4.783565678974696,509.0957199130854,504.3121542341107,False,False
510112,510185,116.9726421852315,563.2697810998695,446.297138914638,False,False
510112,510116,59.23411768329453,563.2697810998695,504.035663416575,False,False
510112,510121,70.91947525001967,563.2697810998695,492.35030584984986,False,False
510112,510113,53.20286432728216,563.2697810998695,510.0669167725874,False,False
510112,510114,54.174061186784115,563.2697810998695,509.0957199130854,False,False
510113,510681,27.46521067636985,510.0669167725874,482.6017060962175,False,False
510113,510121,17.716610922737516,510.0669167725874,492.35030584984986,False,False
510113,510114,0.9711968595019584,510.0669167725874,509.0957199130854,False,False
510117,510114,59.70981819615804,568.8055381092435,509.0957199130854,False,False
510182,510114,723.6293175036982,1232.7250374167836,509.0957199130854,False,False
510114,510681,26.49401381686789,509.0957199130854,482.6017060962175,False,False
510115,510116,47.92293908660571,551.9586025031807,504.035663416575,False,False
510184,510115,480.1375490048157,1032.0961515079964,551.9586025031807,False,False
510117,510115,16.846935606062743,568.8055381092435,551.9586025031807,False,False
510181,510115,719.4283722159715,1271.3869747191522,551.9586025031807,False,False
510116,511421,49.45793517665828,504.035663416575,454.5777282399167,False,False
510116,510185,57.73852450193698,504.035663416575,446.297138914638,False,False
510116,511403,36.19859280952301,504.035663416575,467.837070607052,False,False
510116,510118,29.12310322402243,504.035663416575,474.9125601925526,False,False
510184,510116,528.0604880914213,1032.0961515079964,504.035663416575,False,False
510181,510117,702.5814366099088,1271.3869747191522,568.8055381092435,False,False
510182,510117,663.9194993075401,1232.7250374167836,568.8055381092435,False,False
510118,511403,7.075489585500577,474.9125601925526,467.837070607052,False,False
510183,510118,226.118371011972,701.0309312045246,474.9125601925526,False,False
510129,510118,811.7735233654751,1286.6860835580276,474.9125601925526,False,False
510184,510118,557.1835913154439,1032.0961515079964,474.9125601925526,False,False
510121,512022,64.34759454654107,492.35030584984986,428.0027113033088,False,False
510121,510185,46.053166935211834,492.35030584984986,446.297138914638,False,False
510121,510623,16.694339747409686,492.35030584984986,475.6559661024402,False,False
510121,510681,9.748599753632334,492.35030584984986,482.6017060962175,False,False
510129,510183,585.655152353503,1286.6860835580276,701.0309312045246,False,False
511826,510129,494.6519052288886,1781.3379887869162,1286.6860835580276,False,False
510129,510184,254.58993205003117,1286.6860835580276,1032.0961515079964,False,False
513221,510129,1669.3352278381642,2956.021311396192,1286.6860835580276,False,False
511424,510131,26.63994671913713,605.2641132145944,578.6241664954573,False,False
510131,511402,113.32020498248386,578.6241664954573,465.30396151297344,False,False
511803,510131,128.35587897606308,706.9800454715204,578.6241664954573,False,False
510131,511403,110.7870958884053,578.6241664954573,467.837070607052,False,False
510183,510131,122.40676470906726,701.0309312045246,578.6241664954573,False,False
510181,510184,239.29082321115584,1271.3869747191522,1032.0961515079964,False,False
510181,510182,38.66193730236864,1271.3869747191522,1232.7250374167836,False,False
513221,510181,1684.6343366770395,2956.021311396192,1271.3869747191522,False,False
513221,510182,1723.2962739794082,2956.021311396192,1232.7250374167836,False,False
510182,510681,750.1233313205661,1232.7250374167836,482.6017060962175,False,False
510682,510182,75.47095659006845,1308.195994006852,1232.7250374167836,False,False
513223,510182,1777.2671927588906,3009.992230175674,1232.7250374167836,False,False
511802,510183,331.89609750811644,1032.927028712641,701.0309312045246,False,False
510183,511402,235.72696969155112,701.0309312045246,465.30396151297344,False,False
511803,510183,5.949114266995821,706.9800454715204,701.0309312045246,False,False
510183,511403,233.19386059747256,701.0309312045246,467.837070607052,False,False
511826,510183,1080.3070575823917,1781.3379887869162,701.0309312045246,False,False
513221,510184,1923.9251598881954,2956.021311396192,1032.0961515079964,False,False
511421,510185,8.280589325278697,454.5777282399167,446.297138914638,False,False
510185,512002,37.99447375447403,446.297138914638,408.302665160164,False,False
510185,512022,18.29442761132924,446.297138914638,428.0027113033088,False,False
510302,511502,11.897235816173236,370.7036724163302,358.806436600157,False,False
510302,510311,43.73415347796981,370.7036724163302,326.9695189383604,False,False
510302,510303,25.696317632277157,370.7036724163302,345.00735478405306,False,False
510302,510304,49.07470194834161,370.7036724163302,321.6289704679886,False,False
511504,510303,127.21415490197484,472.2215096860279,345.00735478405306,False,False
511502,510303,13.799081816103921,358.806436600157,345.00735478405306,False,False
510303,510304,23.378384316064455,345.00735478405306,321.6289704679886,False,False
510321,510303,96.03712458314953,441.0444793672026,345.00735478405306,False,False
511024,510303,143.51183112935672,488.5191859134098,345.00735478405306,False,False
510322,510304,0.33280703119612554,321.96177749918473,321.6289704679886,False,False
510311,510304,5.3405484703718,326.9695189383604,321.6289704679886,False,False
511083,510304,43.0906959454843,364.7196664134729,321.6289704679886,False,False
511002,510304,14.531022518278917,336.1599929862675,321.6289704679886,False,False
511024,510304,166.89021544542118,488.5191859134098,321.6289704679886,False,False
511011,510304,35.14914879249159,356.7781192604802,321.6289704679886,False,False
511502,510311,31.836917661796576,358.806436600157,326.9695189383604,False,False
510311,510322,5.007741439175675,326.9695189383604,321.96177749918473,False,False
510321,511123,10.441901641314985,441.0444793672026,430.6025777258876,False,False
511504,510321,31.177030318825302,472.2215096860279,441.0444793672026,False,False
511024,510321,47.47470654620719,488.5191859134098,441.0444793672026,False,False
510321,511124,20.275816554628193,441.0444793672026,420.7686628125744,False,False
511421,510321,13.533248872714125,454.5777282399167,441.0444793672026,False,False
511523,510322,48.98543143180848,370.9472089309932,321.96177749918473,False,False
510322,510502,12.426637781332829,321.96177749918473,309.5351397178519,False,False
511503,510322,29.929970634782762,351.8917481339675,321.96177749918473,False,False
511502,510322,36.84465910097225,358.806436600157,321.96177749918473,False,False
510521,510322,15.03669851649829,336.998476015683,321.96177749918473,False,False
511083,510322,42.75788891428817,364.7196664134729,321.96177749918473,False,False
510411,510402,290.22932531653714,1640.7014404101983,1350.4721150936612,False,False
510403,510402,89.37775648155593,1439.849871575217,1350.4721150936612,False,False
510422,510402,665.99403640997,2016.4661515036312,1350.4721150936612,False,False
510411,510403,200.8515688349812,1640.7014404101983,1439.849871575217,False,False
530723,510403,384.1710531220692,1824.0209246972863,1439.849871575217,False,True
532327,510411,213.84277760577493,1854.5442180159732,1640.7014404101983,False,True
513425,510411,421.00823364720964,2061.709674057408,1640.7014404101983,False,False
530723,510411,183.31948428708802,1824.0209246972863,1640.7014404101983,False,True
510422,510411,375.7647110934329,2016.4661515036312,1640.7014404101983,False,False
513425,510421,215.38951724388107,2061.709674057408,1846.3201568135269,False,False
510422,510421,170.14599469010432,2016.4661515036312,1846.3201568135269,False,False
513424,510421,389.6877436696286,2236.0079004831555,1846.3201568135269,False,False
513423,510421,909.3691328807777,2755.6892896943045,1846.3201568135269,False,False
513425,510422,45.24352255377676,2061.709674057408,2016.4661515036312,False,False
510422,530723,192.44522680634486,2016.4661515036312,1824.0209246972863,False,True
530724,510422,865.5695886399719,2882.035740143603,2016.4661515036312,False,True
513423,510422,739.2231381906734,2755.6892896943045,2016.4661515036312,False,False
510503,510502,106.3888978096598,415.9240375275117,309.5351397178519,False,False
511523,510502,61.41206921314131,370.9472089309932,309.5351397178519,False,False
510502,510504,4.670455922398389,309.5351397178519,304.8646837954535,False,False
510521,510502,27.46333629783112,336.998476015683,309.5351397178519,False,False
510522,510502,222.14447455859516,531.6796142764471,309.5351397178519,False,False
510524,510503,503.53501662803274,919.4590541555444,415.9240375275117,False,False
511528,510503,305.30813958140516,721.2321771089169,415.9240375275117,False,False
510503,511523,44.97682859651849,415.9240375275117,370.9472089309932,False,False
510522,510503,115.75557674893537,531.6796142764471,415.9240375275117,False,False
510521,510504,32.13379222022951,336.998476015683,304.8646837954535,False,False
511083,510521,27.721190397789883,364.7196664134729,336.998476015683,False,False
510522,510521,194.68113826076404,531.6796142764471,336.998476015683,False,False
510524,510522,387.77943987909737,919.4590541555444,531.6796142764471,False,False
520330,510522,520.7243086058726,1052.4039228823196,531.6796142764471,False,True
520381,510522,263.55362950905544,795.2332437855025,531.6796142764471,False,True
520502,510524,603.0875190564655,1522.54657321201,919.4590541555444,False,True
530627,510524,676.6203919401642,1596.0794460957086,919.4590541555444,False,True
530629,510524,312.93926041068994,1232.3983145662344,919.4590541555444,False,True
510525,510524,123.82786411903248,1043.286918274577,919.4590541555444,False,False
510524,511528,198.22687704662758,919.4590541555444,721.2321771089169,False,False
510524,520381,124.22581037004193,919.4590541555444,795.2332437855025,False,True
520502,510525,479.25965493743297,1522.54657321201,1043.286918274577,False,True
520523,510525,62.62024439471588,1105.9071626692928,1043.286918274577,False,True
510525,520382,96.51661597198847,1043.286918274577,946.7703023025884,False,True
520330,510525,9.117004607742729,1052.4039228823196,1043.286918274577,False,True
510525,520381,248.0536744890744,1043.286918274577,795.2332437855025,False,True
510603,510623,57.70086675402115,533.3568328564613,475.6559661024402,False,False
510603,510681,50.7551267602438,533.3568328564613,482.6017060962175,False,False
510682,510603,774.8391611503907,1308.195994006852,533.3568328564613,False,False
510603,510604,0.6894783077851798,533.3568328564613,532.6673545486761,False,False
510683,510603,782.573273591677,1315.9301064481383,533.3568328564613,False,False
510604,510623,57.01138844623597,532.6673545486761,475.6559661024402,False,False
510683,510604,783.2627518994622,1315.9301064481383,532.6673545486761,False,False
510604,510703,33.705950028227335,532.6673545486761,498.9614045204488,False,False
510705,510604,410.0271985631715,942.6945531118477,532.6673545486761,False,False
510623,512022,47.65325479913139,475.6559661024402,428.0027113033088,False,False
510623,510923,118.45672055645525,475.6559661024402,357.1992455459849,False,False
510681,510623,6.945739993777352,482.6017060962175,475.6559661024402,False,False
510623,510722,25.51297959106006,475.6559661024402,450.1429865113801,False,False
510703,510623,23.305438418008634,498.9614045204488,475.6559661024402,False,False
510682,510681,825.5942879106345,1308.195994006852,482.6017060962175,False,False
510683,510682,7.734112441286243,1315.9301064481383,1308.195994006852,False,False
513223,510682,1701.7962361688221,3009.992230175674,1308.195994006852,False,False
510683,510705,373.23555333629065,1315.9301064481383,942.6945531118477,False,False
513223,510683,1694.062123727536,3009.992230175674,1315.9301064481383,False,False
510703,510722,48.818418009068694,498.9614045204488,450.1429865113801,False,False
510704,510703,15.767952337870952,514.7293568583198,498.9614045204488,False,False
510705,510703,443.73314859139884,942.6945531118477,498.9614045204488,False,False
510781,510703,353.5383111583991,852.4997156788479,498.9614045204488,False,False
510704,510722,64.58637034693965,514.7293568583198,450.1429865113801,False,False
510725,510704,50.94200323513928,565.671360093459,514.7293568583198,False,False
510781,510704,337.77035882052814,852.4997156788479,514.7293568583198,False,False
510726,510705,722.9654911651535,1665.6600442770011,942.6945531118477,False,False
510705,510781,90.19483743299975,942.6945531118477,852.4997156788479,False,False
513223,510705,2067.2976770638265,3009.992230175674,942.6945531118477,False,False
510722,510923,92.9437409653952,450.1429865113801,357.1992455459849,False,False
510722,510981,45.553292271179316,450.1429865113801,404.5896942402008,False,False
510723,510722,16.28108086411106,466.4240673754912,450.1429865113801,False,False
510725,510722,115.52837358207893,565.671360093459,450.1429865113801,False,False
510723,510981,61.83437313529038,466.4240673754912,404.5896942402008,False,False
510725,510723,99.24729271796787,565.671360093459,466.4240673754912,False,False
510723,511325,75.77052472508302,466.4240673754912,390.65354265040816,False,False
510723,511321,45.08309732973396,466.4240673754912,421.3409700457572,False,False
510781,510725,286.82835558538886,852.4997156788479,565.671360093459,False,False
510823,510725,101.00841617294054,666.6797762663996,565.671360093459,False,False
510725,511321,144.33039004770183,565.671360093459,421.3409700457572,False,False
510726,510781,813.1603285981532,1665.6600442770011,852.4997156788479,False,False
510727,510726,458.1324413337086,2123.7924856107097,1665.6600442770011,False,False
513223,510726,1344.332185898673,3009.992230175674,1665.6600442770011,False,False
513224,510726,1912.3342296028957,3577.994273879897,1665.6600442770011,False,False
510727,510781,1271.2927699318618,2123.7924856107097,852.4997156788479,False,False
510727,510822,887.4837532944848,2123.7924856107097,1236.308732316225,False,False
513224,510727,1454.201788269187,3577.994273879897,2123.7924856107097,False,False
513225,510727,1057.57901101079,3181.3714966215,2123.7924856107097,False,False
510781,510823,185.81993941244832,852.4997156788479,666.6797762663996,False,False
510822,510781,383.809016637377,1236.308732316225,852.4997156788479,False,False
510802,510823,204.00702480744042,870.68680107384,666.6797762663996,False,False
510822,510802,365.6219312423849,1236.308732316225,870.68680107384,False,False
510802,510811,121.05023760769666,870.68680107384,749.6365634661433,False,False
510821,510802,194.3793260892843,1065.0661271631243,870.68680107384,False,False
510812,510802,204.4992118791223,1075.1860129529623,870.68680107384,False,False
510811,510823,82.95678719974376,749.6365634661433,666.6797762663996,False,False
510811,510824,108.43991807345765,749.6365634661433,641.1966453926857,False,False
510821,510811,315.42956369698095,1065.0661271631243,749.6365634661433,False,False
510822,510812,161.1227193632626,1236.308732316225,1075.1860129529623,False,False
510812,510821,10.119885789838008,1075.1860129529623,1065.0661271631243,False,False
510821,510824,423.8694817704386,1065.0661271631243,641.1966453926857,False,False
510821,511922,7.791349059553113,1065.0661271631243,1057.2747781035712,False,False
510822,510823,569.6289560498253,1236.308732316225,666.6797762663996,False,False
510823,511321,245.33880622064237,666.6797762663996,421.3409700457572,False,False
510823,511381,194.6801071898439,666.6797762663996,471.9996690765557,False,False
510823,510824,25.48313087371389,666.6797762663996,641.1966453926857,False,False
510824,511381,169.19697631613002,641.1966453926857,471.9996690765557,False,False
510824,511903,149.27052033840607,641.1966453926857,491.9261250542796,False,False
510824,511902,76.44902109510122,641.1966453926857,564.7476242975845,False,False
511922,510824,416.0781327108855,1057.2747781035712,641.1966453926857,False,False
510904,510903,6.109643429517973,330.234197717522,324.12455428800405,False,False
510923,510903,33.074691257980874,357.1992455459849,324.12455428800405,False,False
510921,510903,42.20213877267673,366.3266930606808,324.12455428800405,False,False
512021,510904,39.99544566630135,370.2296433838234,330.234197717522,False,False
512022,510904,97.76851358578676,428.0027113033088,330.234197717522,False,False
510923,510904,26.9650478284629,357.1992455459849,330.234197717522,False,False
510921,510923,9.12744751469586,366.3266930606808,357.1992455459849,False,False
510981,510921,38.26300117952002,404.5896942402008,366.3266930606808,False,False
510921,511622,69.2067927481607,366.3266930606808,297.1199003125201,False,False
510921,511304,25.07481249008231,366.3266930606808,341.2518805705985,False,False
511325,510921,24.326849589727374,390.65354265040816,366.3266930606808,False,False
512022,510923,70.80346575732386,428.0027113033088,357.1992455459849,False,False
510981,510923,47.39044869421588,404.5896942402008,357.1992455459849,False,False
510981,511325,13.936151589792644,404.5896942402008,390.65354265040816,False,False
511024,511002,152.35919292714226,488.5191859134098,336.1599929862675,False,False
511011,511002,20.61812627421267,356.7781192604802,336.1599929862675,False,False
511025,511002,68.61564849304943,404.77564147931696,336.1599929862675,False,False
511083,511011,7.941547152992712,364.7196664134729,356.7781192604802,False,False
511025,511011,47.997522218836764,404.77564147931696,356.7781192604802,False,False
512021,511011,13.451524123343177,370.2296433838234,356.7781192604802,False,False
511024,511025,83.74354443409283,488.5191859134098,404.77564147931696,False,False
511024,511421,33.94145767349306,488.5191859134098,454.5777282399167,False,False
511421,511025,49.802086760599764,454.5777282399167,404.77564147931696,False,False
511025,512021,34.54599809549359,404.77564147931696,370.2296433838234,False,False
512002,511025,3.527023680847037,408.302665160164,404.77564147931696,False,False
511124,511102,11.433846495597436,420.7686628125744,409.33481631697697,False,False
511111,511102,273.09932573016187,682.4341420471388,409.33481631697697,False,False
511102,511112,2.2105166320517924,409.33481631697697,407.1242996849252,False,False
511181,511102,643.5698612282822,1052.9046775452591,409.33481631697697,False,False
511126,511102,124.9076394928266,534.2424558098036,409.33481631697697,False,False
511425,511102,23.227504206687513,432.5623205236645,409.33481631697697,False,False
511132,511111,1259.9651976963946,1942.3993397435336,682.4341420471388,False,False
511129,511111,59.75705906932717,742.191201116466,682.4341420471388,False,False
511111,511123,251.83156432125122,682.4341420471388,430.6025777258876,False,False
511111,511112,275.30984236221366,682.4341420471388,407.1242996849252,False,False
511181,511111,370.4705354981203,1052.9046775452591,682.4341420471388,False,False
511123,511112,23.478278040962437,430.6025777258876,407.1242996849252,False,False
511124,511112,13.644363127649228,420.7686628125744,407.1242996849252,False,False
513435,511113,408.2436502546195,2224.8700573201904,1816.626407065571,False,False
511132,511113,125.77293267796267,1942.3993397435336,1816.626407065571,False,False
511823,511113,139.37900509745873,1956.0054121630296,1816.626407065571,False,False
511113,511181,763.7217295203118,1816.626407065571,1052.9046775452591,False,False
511113,511423,511.38139560205195,1816.626407065571,1305.245011463519,False,False
511129,511123,311.5886233905784,742.191201116466,430.6025777258876,False,False
511504,511123,41.61893196014029,472.2215096860279,430.6025777258876,False,False
511123,511124,9.833914913313208,430.6025777258876,420.7686628125744,False,False
511421,511124,33.80906542734232,454.5777282399167,420.7686628125744,False,False
511425,511124,11.793657711090077,432.5623205236645,420.7686628125744,False,False
511181,511126,518.6622217354555,1052.9046775452591,534.2424558098036,False,False
511423,511126,771.0025556537154,1305.245011463519,534.2424558098036,False,False
511126,511425,101.68013528613909,534.2424558098036,432.5623205236645,False,False
511424,511126,71.02165740479086,605.2641132145944,534.2424558098036,False,False
511126,511402,68.93849429683013,534.2424558098036,465.30396151297344,False,False
511133,511129,692.1780725000557,1434.3692736165217,742.191201116466,False,False
511132,511129,1200.2081386270675,1942.3993397435336,742.191201116466,False,False
511529,511129,116.63288243159298,858.824083548059,742.191201116466,False,False
511129,511504,269.9696914304381,742.191201116466,472.2215096860279,False,False
513436,511132,602.5177827084851,2544.9171224520187,1942.3993397435336,False,False
511132,511133,508.0300661270119,1942.3993397435336,1434.3692736165217,False,False
513435,511132,282.47071757665685,2224.8700573201904,1942.3993397435336,False,False
511132,511181,889.4946621982745,1942.3993397435336,1052.9046775452591,False,False
513437,511133,374.2404943945546,1808.6097680110763,1434.3692736165217,False,False
513436,511133,1110.547848835497,2544.9171224520187,1434.3692736165217,False,False
511133,511529,575.5451900684627,1434.3692736165217,858.824083548059,False,False
511423,511181,252.34033391825983,1305.245011463519,1052.9046775452591,False,False
511304,511302,8.031197707320246,341.2518805705985,333.2206828632782,False,False
511303,511302,12.849121040881016,346.06980390415924,333.2206828632782,False,False
511323,511302,53.24004708199425,386.4607299452725,333.2206828632782,False,False
511325,511302,57.43285978712993,390.65354265040816,333.2206828632782,False,False
511321,511302,88.12028718247899,421.3409700457572,333.2206828632782,False,False
511621,511303,38.27513007858505,384.3449339827443,346.06980390415924,False,False
511303,511304,4.8179233335607705,346.06980390415924,341.2518805705985,False,False
511323,511303,40.39092604111323,386.4607299452725,346.06980390415924,False,False
511304,511622,44.131980258078386,341.2518805705985,297.1199003125201,False,False
511621,511304,43.09305341214582,384.3449339827443,341.2518805705985,False,False
511325,511304,49.40166207980968,390.65354265040816,341.2518805705985,False,False
511321,511323,34.88024010048474,421.3409700457572,386.4607299452725,False,False
511321,511325,30.68742739534906,421.3409700457572,390.65354265040816,False,False
511324,511321,30.846403907985916,452.18737395374313,421.3409700457572,False,False
511381,511321,50.65869903079846,471.9996690765557,421.3409700457572,False,False
511322,511725,40.809900768844614,419.1815676357692,378.3716668669246,False,False
511322,511323,32.72083769049675,419.1815676357692,386.4607299452725,False,False
511324,511322,33.00580631797391,452.18737395374313,419.1815676357692,False,False
511923,511322,144.19467768096177,563.376245316731,419.1815676357692,False,False
511323,511621,2.115795962528182,386.4607299452725,384.3449339827443,False,False
511323,511602,34.290527334329624,386.4607299452725,352.17020261094285,False,False
511323,511725,8.089063078347863,386.4607299452725,378.3716668669246,False,False
511324,511323,65.72664400847066,452.18737395374313,386.4607299452725,False,False
511923,511324,111.18887136298787,563.376245316731,452.18737395374313,False,False
511381,511324,19.812295122812543,471.9996690765557,452.18737395374313,False,False
511903,511324,39.73875110053649,491.9261250542796,452.18737395374313,False,False
511902,511324,112.56025034384135,564.7476242975845,452.18737395374313,False,False
511903,511381,19.926455977723947,491.9261250542796,471.9996690765557,False,False
511402,511421,10.726233273056721,465.30396151297344,454.5777282399167,False,False
511402,511425,32.74164098930896,465.30396151297344,432.5623205236645,False,False
511424,511402,139.960151701621,605.2641132145944,465.30396151297344,False,False
511403,511402,2.5331090940785543,467.837070607052,465.30396151297344,False,False
511403,511421,13.259342367135275,467.837070607052,454.5777282399167,False,False
511421,512002,46.27506307975273,454.5777282399167,408.302665160164,False,False
511421,511425,22.01540771625224,454.5777282399167,432.5623205236645,False,False
511823,511423,650.7604006995107,1956.0054121630296,1305.245011463519,False,False
511822,511423,456.6815190265281,1761.926530490047,1305.245011463519,False,False
511423,511802,272.31798275087795,1305.245011463519,1032.927028712641,False,False
511423,511424,699.9808982489245,1305.245011463519,605.2641132145944,False,False
511423,511803,598.2649659919986,1305.245011463519,706.9800454715204,False,False
511803,511424,101.71593225692595,706.9800454715204,605.2641132145944,False,False
511525,511502,153.4080662686813,512.2145028688383,358.806436600157,False,False
511524,511502,86.79479888587292,445.6012354860299,358.806436600157,False,False
511504,511502,113.41507308587092,472.2215096860279,358.806436600157,False,False
511502,511503,6.914688466189489,358.806436600157,351.8917481339675,False,False
511524,511503,93.70948735206241,445.6012354860299,351.8917481339675,False,False
511523,511503,19.055460797025717,370.9472089309932,351.8917481339675,False,False
530623,511504,562.3185049344727,1034.5400146205006,472.2215096860279,False,True
511525,511504,39.99299318281038,512.2145028688383,472.2215096860279,False,False
530681,511504,474.6670633936761,946.888573079704,472.2215096860279,False,True
511529,511504,386.6025738620311,858.824083548059,472.2215096860279,False,False
511528,511523,350.28496817792364,721.2321771089169,370.9472089309932,False,False
511524,511523,74.6540265550367,445.6012354860299,370.9472089309932,False,False
511526,511524,284.3930951643793,729.9943306504092,445.6012354860299,False,False
511528,511524,275.63094162288695,721.2321771089169,445.6012354860299,False,False
511525,511524,66.61326738280837,512.2145028688383,445.6012354860299,False,False
511527,511525,319.7411840459962,831.9556869148345,512.2145028688383,False,False
530623,511525,522.3255117516624,1034.5400146205006,512.2145028688383,False,True
511526,511525,217.77982778157093,729.9943306504092,512.2145028688383,False,False
530629,511526,502.40398391582517,1232.3983145662344,729.9943306504092,False,True
511527,511526,101.96135626442526,831.9556869148345,729.9943306504092,False,False
511526,511528,8.762153541492353,729.9943306504092,721.2321771089169,False,False
530628,511527,821.834317421716,1653.7900043365505,831.9556869148345,False,True
530629,511527,400.4426276513999,1232.3983145662344,831.9556869148345,False,True
530623,511527,202.58432770566617,1034.5400146205006,831.9556869148345,False,True
530629,511528,511.1661374573175,1232.3983145662344,721.2321771089169,False,True
530681,511529,88.064489531645,946.888573079704,858.824083548059,False,True
530626,511529,216.0392769519583,1074.8633605000173,858.824083548059,False,True
513437,511529,949.7856844630173,1808.6097680110763,858.824083548059,False,False
511681,511602,166.84748904700848,519.0176916579513,352.17020261094285,False,False
511621,511602,32.17473137180144,384.3449339827443,352.17020261094285,False,False
511603,511602,87.37930539267234,439.5495080036152,352.17020261094285,False,False
511725,511602,26.20146425598176,378.3716668669246,352.17020261094285,False,False
511623,511603,53.64142780327728,493.19093580689247,439.5495080036152,False,False
511681,511603,79.46818365433614,519.0176916579513,439.5495080036152,False,False
511724,511603,60.119068943082425,499.6685769466976,439.5495080036152,False,False
511603,511725,61.177841136690574,439.5495080036152,378.3716668669246,False,False
511681,511621,134.67275767520704,519.0176916579513,384.3449339827443,False,False
511621,511622,87.2250336702242,384.3449339827443,297.1199003125201,False,False
511681,511623,25.826755851058863,519.0176916579513,493.19093580689247,False,False
511724,511623,6.477641139805144,499.6685769466976,493.19093580689247,False,False
511702,511703,58.688827429617675,511.7407701555501,453.0519427259324,False,False
511923,511702,51.63547516118092,563.376245316731,511.7407701555501,False,False
511722,511702,265.9362016578252,777.6769718133753,511.7407701555501,False,False
511723,511703,136.60547722938855,589.657419955321,453.0519427259324,False,False
511724,511703,46.61663422076521,499.6685769466976,453.0519427259324,False,False
511703,511725,74.68027585900779,453.0519427259324,378.3716668669246,False,False
511923,511703,110.3243025907986,563.376245316731,453.0519427259324,False,False
511722,511703,324.6250290874429,777.6769718133753,453.0519427259324,False,False
511722,511723,188.01955185805434,777.6769718133753,589.657419955321,False,False
511722,511923,214.3007264966443,777.6769718133753,563.376245316731,False,False
511781,511722,243.86339107562333,1021.5403628889986,777.6769718133753,False,False
511724,511725,121.296910079773,499.6685769466976,378.3716668669246,False,False
511923,511725,185.0045784498064,563.376245316731,378.3716668669246,False,False
511781,511923,458.1641175722676,1021.5403628889986,563.376245316731,False,False
511781,511921,130.69163412023852,1021.5403628889986,890.8487287687601,False,False
511822,511802,728.9995017774061,1761.926530490047,1032.927028712641,False,False
511825,511802,1014.6731386137915,2047.6001673264325,1032.927028712641,False,False
511802,511803,325.9469832411206,1032.927028712641,706.9800454715204,False,False
511826,511802,748.4109600742752,1781.3379887869162,1032.927028712641,False,False
511823,511822,194.07888167298256,1956.0054121630296,1761.926530490047,False,False
513322,511822,1358.854673003141,3120.781203493188,1761.926530490047,False,False
511825,511822,285.6736368363854,2047.6001673264325,1761.926530490047,False,False
513435,511823,268.8646451571608,2224.8700573201904,1956.0054121630296,False,False
511824,511823,504.715903885236,2460.7213160482656,1956.0054121630296,False,False
513322,511823,1164.7757913301584,3120.781203493188,1956.0054121630296,False,False
513433,511824,275.8028789290529,2736.5241949773185,2460.7213160482656,False,False
513324,511824,1375.282513110431,3836.0038291586966,2460.7213160482656,False,False
513434,511824,149.90685876072712,2610.6281748089928,2460.7213160482656,False,False
511824,513435,235.8512587280752,2460.7213160482656,2224.8700573201904,False,False
513322,511824,660.0598874449224,3120.781203493188,2460.7213160482656,False,False
513301,511824,1542.0601250727473,4002.781441121013,2460.7213160482656,False,False
513322,511825,1073.1810361667556,3120.781203493188,2047.6001673264325,False,False
513301,511825,1955.1812737945804,4002.781441121013,2047.6001673264325,False,False
511825,511826,266.2621785395163,2047.6001673264325,1781.3379887869162,False,False
511827,511825,750.0565821936923,2797.656749520125,2047.6001673264325,False,False
511827,511826,1016.3187607332086,2797.656749520125,1781.3379887869162,False,False
513221,511826,1174.6833226092756,2956.021311396192,1781.3379887869162,False,False
513301,511827,1205.1246916008881,4002.781441121013,2797.656749520125,False,False
513227,511827,1123.1619496640055,3920.8186991841303,2797.656749520125,False,False
513221,511827,158.364561876067,2956.021311396192,2797.656749520125,False,False
511902,511923,1.3713789808534784,564.7476242975845,563.376245316731,False,False
511902,511903,72.82149924330486,564.7476242975845,491.9261250542796,False,False
511921,511902,326.10110447117563,890.8487287687601,564.7476242975845,False,False
511922,511902,492.5271538059867,1057.2747781035712,564.7476242975845,False,False
511922,511903,565.3486530492916,1057.2747781035712,491.9261250542796,False,False
511921,511923,327.4724834520291,890.8487287687601,563.376245316731,False,False
511922,511921,166.42604933481107,1057.2747781035712,890.8487287687601,False,False
512002,512021,38.073021776340624,408.302665160164,370.2296433838234,False,False
512022,512002,19.70004614314479,428.0027113033088,408.302665160164,False,False
512022,512021,57.77306791948541,428.0027113033088,370.2296433838234,False,False
513227,513201,116.6193650097257,3920.8186991841303,3804.1993341744046,False,False
513201,513226,6.345430630785813,3804.1993341744046,3797.853903543619,False,False
513230,513201,273.4465286950049,4077.6458628694095,3804.1993341744046,False,False
513231,513201,7.893861341935462,3812.09319551634,3804.1993341744046,False,False
513201,513222,139.61482602111573,3804.1993341744046,3664.584508153289,False,False
513201,513233,56.24671250494339,3804.1993341744046,3747.952621669461,False,False
513227,513221,964.7973877879385,3920.8186991841303,2956.021311396192,False,False
513222,513221,708.5631967570971,3664.584508153289,2956.021311396192,False,False
513223,513221,53.97091877948242,3009.992230175674,2956.021311396192,False,False
513227,513222,256.23419103084143,3920.8186991841303,3664.584508153289,False,False
513222,513223,654.5922779776147,3664.584508153289,3009.992230175674,False,False
513222,513228,97.03097461454536,3664.584508153289,3567.5535335387435,False,False
513233,513222,83.36811351617234,3747.952621669461,3664.584508153289,False,False
513228,513223,557.5613033630693,3567.5535335387435,3009.992230175674,False,False
513224,513223,568.0020437042226,3577.994273879897,3009.992230175674,False,False
513224,513228,10.440740341153287,3577.994273879897,3567.5535335387435,False,False
513233,513224,169.9583477895644,3747.952621669461,3577.994273879897,False,False
513224,513225,396.62277725839704,3577.994273879897,3181.3714966215,False,False
513224,513232,67.41184997798291,3577.994273879897,3510.582423901914,False,False
513232,513225,329.2109272804141,3510.582423901914,3181.3714966215,False,False
513226,513323,19.590088292817654,3797.853903543619,3778.263815250801,False,False
513326,513226,295.74776211369,4093.601665657309,3797.853903543619,False,False
513227,513226,122.96479564051151,3920.8186991841303,3797.853903543619,False,False
513230,513226,279.7919593257907,4077.6458628694095,3797.853903543619,False,False
513301,513227,81.9627419368826,4002.781441121013,3920.8186991841303,False,False
513227,513323,142.55488393332917,3920.8186991841303,3778.263815250801,False,False
513233,513228,180.3990881307177,3747.952621669461,3567.5535335387435,False,False
513326,513230,15.955802787899302,4093.601665657309,4077.6458628694095,False,False
513230,513327,43.183620408639854,4077.6458628694095,4034.4622424607696,False,False
513333,513230,161.03405475179125,4238.679917621201,4077.6458628694095,False,False
513230,513231,265.5526673530694,4077.6458628694095,3812.09319551634,False,False
513231,513233,64.14057384687885,3812.09319551634,3747.952621669461,False,False
513231,513232,301.5107716144262,3812.09319551634,3510.582423901914,False,False
513233,513232,237.37019776754732,3747.952621669461,3510.582423901914,False,False
513301,513422,520.1195221147004,4002.781441121013,3482.6619190063125,False,False
513301,513324,166.7776119623163,4002.781441121013,3836.0038291586966,False,False
513301,513322,882.0002376278248,4002.781441121013,3120.781203493188,False,False
513301,513325,41.27452148938801,4002.781441121013,3961.506919631625,False,False
513301,513323,224.51762587021176,4002.781441121013,3778.263815250801,False,False
513326,513301,90.82022453629588,4093.601665657309,4002.781441121013,False,False
513326,513323,315.33785040650764,4093.601665657309,3778.263815250801,False,False
513324,513422,353.3419101523841,3836.0038291586966,3482.6619190063125,False,False
513324,513433,1099.479634181378,3836.0038291586966,2736.5241949773185,False,False
513325,513422,478.8450006253124,3961.506919631625,3482.6619190063125,False,False
513334,513325,373.25372371617095,4334.760643347796,3961.506919631625,False,False
513326,513325,132.0947460256839,4093.601665657309,3961.506919631625,False,False
513329,513325,332.61055974928377,4294.117479380909,3961.506919631625,False,False
513329,513326,200.51581372359988,4294.117479380909,4093.601665657309,False,False
513326,513327,59.139423196539155,4093.601665657309,4034.4622424607696,False,False
513329,513327,259.65523692013903,4294.117479380909,4034.4622424607696,False,False
513328,513327,240.92362770801537,4275.385870168785,4034.4622424607696,False,False
513333,513327,204.2176751604311,4238.679917621201,4034.4622424607696,False,False
513329,513328,18.731609212123658,4294.117479380909,4275.385870168785,False,False
513330,513328,28.61375582936853,4303.9996259981535,4275.385870168785,False,False
513328,513333,36.705952547584275,4275.385870168785,4238.679917621201,False,False
513332,513328,221.09094970101978,4496.476819869805,4275.385870168785,False,False
513334,513329,40.64316396688719,4334.760643347796,4294.117479380909,False,False
513329,513331,14.220272835997093,4294.117479380909,4279.897206544912,False,False
513330,513329,9.88214661724487,4303.9996259981535,4294.117479380909,False,False
513330,513331,24.102419453241964,4303.9996259981535,4279.897206544912,False,False
513332,513330,192.47719387165125,4496.476819869805,4303.9996259981535,False,False
513334,513331,54.86343680288428,4334.760643347796,4279.897206544912,False,False
513335,513331,0.36694599567181285,4280.264152540583,4279.897206544912,False,False
513334,513422,852.0987243414834,4334.760643347796,3482.6619190063125,False,False
513334,513337,140.47356840833345,4334.760643347796,4194.287074939462,False,False
513334,513336,273.143423111851,4334.760643347796,4061.617220235945,False,False
513334,513335,54.49649080721247,4334.760643347796,4280.264152540583,False,False
513335,533422,635.8794840085634,4280.264152540583,3644.38466853202,False,True
513335,513338,635.0020563070539,4280.264152540583,3645.2620962335295,False,False
513335,513336,218.64693230463854,4280.264152540583,4061.617220235945,False,False
513336,533401,526.3392232251576,4061.617220235945,3535.277997010787,False,True
513336,513338,416.3551240024153,4061.617220235945,3645.2620962335295,False,False
513337,513336,132.66985470351756,4194.287074939462,4061.617220235945,False,False
513337,533401,659.0090779286752,4194.287074939462,3535.277997010787,False,True
513337,513422,711.6251559331499,4194.287074939462,3482.6619190063125,False,False
513338,533401,109.98409922274232,3645.2620962335295,3535.277997010787,False,True
513338,533422,0.8774277015095322,3645.2620962335295,3644.38466853202,False,True
513424,513401,39.793160724558675,2236.0079004831555,2196.214739758597,False,False
513428,513401,310.32778223435935,2506.542521992956,2196.214739758597,False,False
513431,513401,383.1709803568451,2579.385720115442,2196.214739758597,False,False
513423,513401,559.4745499357077,2755.6892896943045,2196.214739758597,False,False
513433,513401,540.3094552187217,2736.5241949773185,2196.214739758597,False,False
513432,513401,409.901002928003,2606.1157426866,2196.214739758597,False,False
513422,530721,605.1037232311255,3482.6619190063125,2877.558195775187,False,True
513422,530724,600.6261788627094,3482.6619190063125,2882.035740143603,False,True
513422,513423,726.9726293120079,3482.6619190063125,2755.6892896943045,False,False
533401,513422,52.61607800447473,3535.277997010787,3482.6619190063125,False,True
513422,513433,746.137724028994,3482.6619190063125,2736.5241949773185,False,False
513423,513424,519.681389211149,2755.6892896943045,2236.0079004831555,False,False
530724,513423,126.34645044929857,2882.035740143603,2755.6892896943045,False,True
513423,513433,19.165094716986005,2755.6892896943045,2736.5241949773185,False,False
513424,513425,174.29822642574754,2236.0079004831555,2061.709674057408,False,False
513424,513427,288.42017829891984,2236.0079004831555,1947.5877221842356,False,False
513428,513424,270.5346215098007,2506.542521992956,2236.0079004831555,False,False
513425,532328,512.9120620666176,2061.709674057408,1548.7976119907903,False,True
532329,513425,61.92678588531771,2123.6364599427257,2061.709674057408,False,True
513425,532327,207.1654560414347,2061.709674057408,1854.5442180159732,False,True
530128,513425,152.1431612419983,2213.8528352994063,2061.709674057408,False,True
513426,513425,36.78475365302074,2098.4944277104287,2061.709674057408,False,False
513425,513427,114.12195187317229,2061.709674057408,1947.5877221842356,False,False
530128,513426,115.35840758897757,2213.8528352994063,2098.4944277104287,False,True
530113,513426,108.40594243653504,2206.9003701469637,2098.4944277104287,False,True
530622,513426,75.48984008955267,2173.9842677999814,2098.4944277104287,False,True
513426,513427,150.90670552619304,2098.4944277104287,1947.5877221842356,False,False
530622,513427,226.3965456157457,2173.9842677999814,1947.5877221842356,False,True
513428,513427,558.9547998087205,2506.542521992956,1947.5877221842356,False,False
513429,513427,596.5158222449063,2544.103544429142,1947.5877221842356,False,False
513429,513428,37.561022436185795,2544.103544429142,2506.542521992956,False,False
513431,513428,72.84319812248577,2579.385720115442,2506.542521992956,False,False
513429,530622,370.1192766291606,2544.103544429142,2173.9842677999814,False,True
513429,513430,385.5695836186319,2544.103544429142,2158.53396081051,False,False
513431,513429,35.28217568629998,2579.385720115442,2544.103544429142,False,False
530622,513430,15.4503069894713,2173.9842677999814,2158.53396081051,False,True
530602,513430,39.89950619691626,2198.4334670074263,2158.53396081051,False,True
513430,530625,297.5992009253757,2158.53396081051,1860.9347598851343,False,True
513431,513430,420.8517593049319,2579.385720115442,2158.53396081051,False,False
513430,513437,349.92419279943374,2158.53396081051,1808.6097680110763,False,False
513431,513437,770.7759521043656,2579.385720115442,1808.6097680110763,False,False
513432,513431,26.73002257115786,2606.1157426866,2579.385720115442,False,False
513431,513436,34.468597663423225,2579.385720115442,2544.9171224520187,False,False
513434,513431,31.242454693550826,2610.6281748089928,2579.385720115442,False,False
513433,513432,130.40845229071874,2736.5241949773185,2606.1157426866,False,False
513434,513432,4.5124321223929655,2610.6281748089928,2606.1157426866,False,False
513433,513434,125.89602016832578,2736.5241949773185,2610.6281748089928,False,False
513434,513436,65.71105235697405,2610.6281748089928,2544.9171224520187,False,False
513434,513435,385.7581174888023,2610.6281748089928,2224.8700573201904,False,False
513436,513435,320.0470651318283,2544.9171224520187,2224.8700573201904,False,False
513436,513437,736.3073544409424,2544.9171224520187,1808.6097680110763,False,False
530625,513437,52.324991874058014,1860.9347598851343,1808.6097680110763,False,True
513437,530626,733.746407511059,1808.6097680110763,1074.8633605000173,False,True
520111,520102,81.32613196811394,1221.1897196599384,1139.8635876918245,False,False
522730,520102,165.72597551337572,1305.5895632052002,1139.8635876918245,False,False
520103,520102,44.903687294955716,1184.7672749867802,1139.8635876918245,False,False
520112,520102,86.31458036257914,1226.1781680544036,1139.8635876918245,False,False
520111,520103,36.422444673158225,1221.1897196599384,1184.7672749867802,False,False
520115,520103,92.78934962859898,1277.5566246153792,1184.7672749867802,False,False
520113,520103,137.38827934388337,1322.1555543306636,1184.7672749867802,False,False
520112,520103,41.41089306762342,1226.1781680544036,1184.7672749867802,False,False
522729,520111,7.230661683863673,1228.420381343802,1221.1897196599384,False,False
520111,522731,80.3686750070201,1221.1897196599384,1140.8210446529183,False,False
520403,520111,95.64374988871486,1316.8334695486533,1221.1897196599384,False,False
522730,520111,84.39984354526177,1305.5895632052002,1221.1897196599384,False,False
520115,520111,56.36690495544076,1277.5566246153792,1221.1897196599384,False,False
520181,520111,66.43612028385587,1287.6258399437943,1221.1897196599384,False,False
522730,520112,79.41139515079658,1305.5895632052002,1226.1781680544036,False,False
520113,520112,95.97738627625995,1322.1555543306636,1226.1781680544036,False,False
520123,520112,49.44951319621555,1275.6276812506192,1226.1781680544036,False,False
520112,520121,153.89457165712656,1226.1781680544036,1072.283596397277,False,False
520113,520115,44.598929715284385,1322.1555543306636,1277.5566246153792,False,False
520113,520181,34.52971438686927,1322.1555543306636,1287.6258399437943,False,False
520113,520123,46.5278730800444,1322.1555543306636,1275.6276812506192,False,False
520181,520115,10.069215328415112,1287.6258399437943,1277.5566246153792,False,False
522730,520121,233.30596680792314,1305.5895632052002,1072.283596397277,False,False
522702,520121,21.79045569575601,1094.074052093033,1072.283596397277,False,False
520123,520121,203.3440848533421,1275.6276812506192,1072.283596397277,False,False
520122,520121,38.09609773109446,1110.3796941283715,1072.283596397277,False,False
520121,522725,15.832632822458663,1072.283596397277,1056.4509635748184,False,False
520121,520304,106.13137777564248,1072.283596397277,966.1522186216346,False,False
520123,520122,165.24798712224765,1275.6276812506192,1110.3796941283715,False,False
520122,520523,4.472531459078709,1110.3796941283715,1105.9071626692928,False,False
520122,520304,144.22747550673694,1110.3796941283715,966.1522186216346,False,False
520181,520123,11.998158693175128,1287.6258399437943,1275.6276812506192,False,False
520522,520123,11.995078290072342,1287.6227595406915,1275.6276812506192,False,False
520123,520523,169.72051858132636,1275.6276812506192,1105.9071626692928,False,False
520403,520181,29.207629604858994,1316.8334695486533,1287.6258399437943,False,False
520524,520181,218.81711155213657,1506.4429514959309,1287.6258399437943,False,False
520181,520522,0.003080403102785567,1287.6258399437943,1287.6227595406915,False,False
520201,520221,203.2303972934783,1905.920273814551,1702.6898765210726,False,False
520201,520525,215.0014671522306,1905.920273814551,1690.9188066623203,False,False
520526,520201,263.1495696167285,2169.0698434312794,1905.920273814551,False,False
520527,520201,92.44265188344639,1998.3629256979973,1905.920273814551,False,False
522323,520203,127.43560241058867,1547.4985648848838,1420.062962474295,False,False
520203,520424,297.40530532304706,1420.062962474295,1122.657657151248,False,False
520203,522324,187.61439319918532,1420.062962474295,1232.4485692751098,False,False
520203,520423,374.24967417535504,1420.062962474295,1045.81328829894,False,False
520203,520422,67.62473553451105,1420.062962474295,1352.438226939784,False,False
520524,520203,86.37998902163577,1506.4429514959309,1420.062962474295,False,False
520221,520203,282.62691404677753,1702.6898765210726,1420.062962474295,False,False
520525,520203,270.85584418802523,1690.9188066623203,1420.062962474295,False,False
520221,522323,155.19131163618886,1702.6898765210726,1547.4985648848838,False,False
520281,520221,97.27351080565768,1799.9633873267303,1702.6898765210726,False,False
530381,520221,364.669805778949,2067.3596823000216,1702.6898765210726,False,True
520221,520525,11.771069858752298,1702.6898765210726,1690.9188066623203,False,False
520526,520221,466.3799669102068,2169.0698434312794,1702.6898765210726,False,False
520281,522301,475.7163114820844,1799.9633873267303,1324.247075844646,False,False
530325,520281,185.9573010565366,1985.920688383267,1799.9633873267303,False,True
520281,522323,252.46482244184654,1799.9633873267303,1547.4985648848838,False,False
530381,520281,267.39629497329133,2067.3596823000216,1799.9633873267303,False,True
520304,520302,31.954919097300603,966.1522186216346,934.197299524334,False,False
520328,520302,11.492671978264639,945.6899715025986,934.197299524334,False,False
520303,520302,132.28179003834487,1066.4790895626788,934.197299524334,False,False
520323,520302,136.54194046712803,1070.739239991462,934.197299524334,False,False
520303,520304,100.32687094104426,1066.4790895626788,966.1522186216346,False,False
520303,520382,119.70878726009039,1066.4790895626788,946.7703023025884,False,False
520323,520303,4.260150428783163,1070.739239991462,1066.4790895626788,False,False
520322,520303,47.10881536140687,1113.5879049240857,1066.4790895626788,False,False
522725,520304,90.29874495318381,1056.4509635748184,966.1522186216346,False,False
520523,520304,139.75494404765823,1105.9071626692928,966.1522186216346,False,False
520304,520328,20.462247119035965,966.1522186216346,945.6899715025986,False,False
520304,520382,19.381916319046127,966.1522186216346,946.7703023025884,False,False
520322,520382,166.81760262149726,1113.5879049240857,946.7703023025884,False,False
520322,520323,42.848664932623706,1113.5879049240857,1070.739239991462,False,False
520322,520330,61.18398204176606,1113.5879049240857,1052.4039228823196,False,False
520322,520324,109.32421039516089,1113.5879049240857,1004.2636945289248,False,False
520323,520328,125.04926848886339,1070.739239991462,945.6899715025986,False,False
520323,520324,66.47554546253718,1070.739239991462,1004.2636945289248,False,False
520324,520328,58.573723026326206,1004.2636945289248,945.6899715025986,False,False
520324,520327,141.85360378930227,1004.2636945289248,862.4100907396225,False,False
520324,520326,32.60969995025721,1004.2636945289248,971.6539945786676,False,False
520325,520324,21.964363397314628,1026.2280579262394,1004.2636945289248,False,False
520325,520326,54.57406334757184,1026.2280579262394,971.6539945786676,False,False
520326,520327,109.24390383904506,971.6539945786676,862.4100907396225,False,False
520326,520626,143.11432317516915,971.6539945786676,828.5396714034985,False,False
520326,520627,222.39593600222815,971.6539945786676,749.2580585764395,False,False
520327,520329,2.093831423412098,862.4100907396225,860.3162593162104,False,False
520328,520327,83.27988076297606,945.6899715025986,862.4100907396225,False,False
520623,520327,1.91271738505543,864.322808124678,862.4100907396225,False,False
520327,520624,151.73361186597185,862.4100907396225,710.6764788736507,False,False
520327,520626,33.87041933612409,862.4100907396225,828.5396714034985,False,False
520328,520329,85.37371218638816,945.6899715025986,860.3162593162104,False,False
522725,520328,110.76099207221978,1056.4509635748184,945.6899715025986,False,False
522622,520329,31.100003241600234,891.4162625578107,860.3162593162104,False,False
522623,520329,12.100166260157835,872.4164255763683,860.3162593162104,False,False
522725,520329,196.13470425860794,1056.4509635748184,860.3162593162104,False,False
520623,520329,4.006548808467528,864.322808124678,860.3162593162104,False,False
520330,520382,105.6336205797312,1052.4039228823196,946.7703023025884,False,False
520330,520381,257.17067909681714,1052.4039228823196,795.2332437855025,False,False
520523,520382,159.13686036670435,1105.9071626692928,946.7703023025884,False,False
520402,520425,185.7890904998983,1339.7380533177277,1153.9489628178294,False,False
520402,520423,293.92476501878764,1339.7380533177277,1045.81328829894,False,False
520402,522729,111.3176719739256,1339.7380533177277,1228.420381343802,False,False
520422,520402,12.700173622056354,1352.438226939784,1339.7380533177277,False,False
520402,520403,22.904583769074407,1339.7380533177277,1316.8334695486533,False,False
520403,522729,88.41308820485119,1316.8334695486533,1228.420381343802,False,False
520422,520403,35.60475739113076,1352.438226939784,1316.8334695486533,False,False
520524,520403,189.60948194727757,1506.4429514959309,1316.8334695486533,False,False
520422,520423,306.624938640844,1352.438226939784,1045.81328829894,False,False
520524,520422,154.0047245561468,1506.4429514959309,1352.438226939784,False,False
520423,522325,81.97331272716849,1045.81328829894,963.8399755717716,False,False
520424,520423,76.84436885230798,1122.657657151248,1045.81328829894,False,False
520423,522326,175.9214114896115,1045.81328829894,869.8918768093286,False,False
520425,520423,108.13567451888935,1153.9489628178294,1045.81328829894,False,False
520424,522325,158.81768157947647,1122.657657151248,963.8399755717716,False,False
522302,520424,291.85422869793433,1414.5118858491824,1122.657657151248,False,False
522324,520424,109.79091212386174,1232.4485692751098,1122.657657151248,False,False
520425,522326,284.05708600850085,1153.9489628178294,869.8918768093286,False,False
520425,522728,422.0053167362812,1153.9489628178294,731.9436460815482,False,False
522729,520425,74.4714185259727,1228.420381343802,1153.9489628178294,False,False
520525,520502,168.37223345031043,1690.9188066623203,1522.54657321201,False,False
520527,520502,475.8163524859874,1998.3629256979973,1522.54657321201,False,False
520521,520502,23.061835766611466,1545.6084089786214,1522.54657321201,False,False
530627,520502,73.5328728836987,1596.0794460957086,1522.54657321201,False,True
520502,520523,416.6394105427171,1522.54657321201,1105.9071626692928,False,False
520521,520524,39.1654574826905,1545.6084089786214,1506.4429514959309,False,False
520521,520522,257.98564943792985,1545.6084089786214,1287.6227595406915,False,False
520525,520521,145.31039768369897,1690.9188066623203,1545.6084089786214,False,False
520521,520523,439.70124630932855,1545.6084089786214,1105.9071626692928,False,False
520524,520522,218.82019195523935,1506.4429514959309,1287.6227595406915,False,False
520522,520523,181.7155968713987,1287.6227595406915,1105.9071626692928,False,False
520525,520524,184.47585516638947,1690.9188066623203,1506.4429514959309,False,False
520527,520525,307.444119035677,1998.3629256979973,1690.9188066623203,False,False
520526,530381,101.71016113125779,2169.0698434312794,2067.3596823000216,False,True
520526,520527,170.70691773328213,2169.0698434312794,1998.3629256979973,False,False
520526,530628,515.2798390947289,2169.0698434312794,1653.7900043365505,False,True
530326,520526,103.1603727839206,2272.2302162152,2169.0698434312794,False,True
520526,530621,63.43539335455762,2169.0698434312794,2105.634450076722,False,True
530602,520526,29.363623576146892,2198.4334670074263,2169.0698434312794,False,True
520527,530627,402.2834796022887,1998.3629256979973,1596.0794460957086,False,True
520527,530628,344.5729213614468,1998.3629256979973,1653.7900043365505,False,True
520603,520602,132.53116127431156,613.0052562912879,480.4740950169763,False,False
520621,520602,285.11553713554974,765.5896321525261,480.4740950169763,False,False
520628,520602,227.08285128378566,707.556946300762,480.4740950169763,False,False
520603,520622,111.12421300054405,613.0052562912879,501.88104329074383,False,False
522626,520603,55.00843033959768,668.0136866308856,613.0052562912879,False,False
520621,520603,152.5843758612382,765.5896321525261,613.0052562912879,False,False
520621,522626,97.5759455216405,765.5896321525261,668.0136866308856,False,False
520623,520621,98.73317597215191,864.322808124678,765.5896321525261,False,False
520625,520621,155.13061376116173,920.7202459136878,765.5896321525261,False,False
520621,520628,58.032685851764086,765.5896321525261,707.556946300762,False,False
522625,520622,287.443630841836,789.3246741325798,501.88104329074383,False,False
522626,520622,166.13264334014173,668.0136866308856,501.88104329074383,False,False
522623,520623,8.093617451690307,872.4164255763683,864.322808124678,False,False
520623,522625,74.99813399209813,864.322808124678,789.3246741325798,False,False
520623,522626,196.30912149379242,864.322808124678,668.0136866308856,False,False
520623,520624,153.64632925102728,864.322808124678,710.6764788736507,False,False
520625,520623,56.397437789009814,920.7202459136878,864.322808124678,False,False
520625,520624,210.0437670400371,920.7202459136878,710.6764788736507,False,False
520626,520624,117.86319252984777,828.5396714034985,710.6764788736507,False,False
520625,520628,213.1632996129258,920.7202459136878,707.556946300762,False,False
520625,520626,92.18057451018933,920.7202459136878,828.5396714034985,False,False
520625,520627,171.46218733724834,920.7202459136878,749.2580585764395,False,False
520626,520627,79.281612827059,828.5396714034985,749.2580585764395,False,False
520627,520628,41.701112275677474,749.2580585764395,707.556946300762,False,False
530324,522301,333.2837512598571,1657.530827104503,1324.247075844646,False,True
522301,522328,42.41869677820432,1324.247075844646,1281.8283790664416,False,False
530325,522301,661.673612538621,1985.920688383267,1324.247075844646,False,True
522302,522301,90.26481000453646,1414.5118858491824,1324.247075844646,False,False
522323,522301,223.25148904023786,1547.4985648848838,1324.247075844646,False,False
522302,522328,132.68350678274078,1414.5118858491824,1281.8283790664416,False,False
522302,522325,450.6719102774108,1414.5118858491824,963.8399755717716,False,False
522323,522302,132.9866790357014,1547.4985648848838,1414.5118858491824,False,False
522302,522324,182.0633165740726,1414.5118858491824,1232.4485692751098,False,False
522323,522324,315.049995609774,1547.4985648848838,1232.4485692751098,False,False
522328,522325,317.98840349467,1281.8283790664416,963.8399755717716,False,False
522325,522327,107.80283260978979,963.8399755717716,856.0371429619818,False,False
522325,522326,93.94809876244301,963.8399755717716,869.8918768093286,False,False
522326,522327,13.854733847346779,869.8918768093286,856.0371429619818,False,False
522326,522728,137.94823072778036,869.8918768093286,731.9436460815482,False,False
522328,522327,425.7912361044598,1281.8283790664416,856.0371429619818,False,False
522636,522601,20.841653477966133,878.8513064192515,858.0096529412854,False,False
522634,522601,310.1851518043077,1168.194804745593,858.0096529412854,False,False
522635,522601,124.06966783827943,982.0793207795648,858.0096529412854,False,False
522630,522601,58.59134766653426,916.6010006078196,858.0096529412854,False,False
522622,522601,33.406609616525316,891.4162625578107,858.0096529412854,False,False
522702,522601,236.0643991517477,1094.074052093033,858.0096529412854,False,False
522630,522622,25.184738050008946,916.6010006078196,891.4162625578107,False,False
522702,522622,202.65778953522238,1094.074052093033,891.4162625578107,False,False
522622,522623,18.9998369814424,891.4162625578107,872.4164255763683,False,False
522725,522622,165.0347010170077,1056.4509635748184,891.4162625578107,False,False
522630,522623,44.184575031451345,916.6010006078196,872.4164255763683,False,False
522623,522629,52.1206072442734,872.4164255763683,820.2958183320949,False,False
522623,522625,83.09175144378844,872.4164255763683,789.3246741325798,False,False
522629,522624,69.56933351707073,820.2958183320949,750.7264848150242,False,False
522624,522627,204.06582179678355,750.7264848150242,546.6606630182406,False,False
522625,522624,38.59818931755569,789.3246741325798,750.7264848150242,False,False
522629,522625,30.971144199515038,820.2958183320949,789.3246741325798,False,False
522625,522626,121.31098750169429,789.3246741325798,668.0136866308856,False,False
522628,522627,74.42801462231205,621.0886776405526,546.6606630182406,False,False
522629,522627,273.6351553138543,820.2958183320949,546.6606630182406,False,False
522631,522628,79.80253813914817,700.8912157797008,621.0886776405526,False,False
522629,522628,199.20714069154224,820.2958183320949,621.0886776405526,False,False
522629,522632,115.34038951051969,820.2958183320949,704.9554288215752,False,False
522629,522631,119.40460255239407,820.2958183320949,700.8912157797008,False,False
522634,522629,347.89898641349816,1168.194804745593,820.2958183320949,False,False
522630,522629,96.30518227572475,916.6010006078196,820.2958183320949,False,False
522634,522630,251.59380413777342,1168.194804745593,916.6010006078196,False,False
522631,522633,20.867280238461035,700.8912157797008,680.0239355412398,False,False
522632,522631,4.064213041874382,704.9554288215752,700.8912157797008,False,False
522722,522632,66.37944426212755,771.3348730837027,704.9554288215752,False,False
522632,522633,24.931493280335417,704.9554288215752,680.0239355412398,False,False
522732,522632,41.58443915259534,746.5398679741705,704.9554288215752,False,False
522634,522632,463.23937592401785,1168.194804745593,704.9554288215752,False,False
522722,522633,91.31093754246297,771.3348730837027,680.0239355412398,False,False
522634,522732,421.6549367714225,1168.194804745593,746.5398679741705,False,False
522634,522636,289.34349832634155,1168.194804745593,878.8513064192515,False,False
522635,522636,103.2280143603133,982.0793207795648,878.8513064192515,False,False
522701,522635,49.71470873133353,1031.7940295108983,982.0793207795648,False,False
522723,522635,215.05584751203583,1197.1351682916006,982.0793207795648,False,False
522702,522635,111.99473131346826,1094.074052093033,982.0793207795648,False,False
522636,522732,132.31143844508097,878.8513064192515,746.5398679741705,False,False
522701,522636,152.94272309164683,1031.7940295108983,878.8513064192515,False,False
522701,522726,47.50439670508035,1031.7940295108983,984.289632805818,False,False
522701,522727,56.394089141769086,1031.7940295108983,975.3999403691292,False,False
522701,522732,285.2541615367278,1031.7940295108983,746.5398679741705,False,False
522723,522701,165.3411387807023,1197.1351682916006,1031.7940295108983,False,False
522723,522702,103.06111619856756,1197.1351682916006,1094.074052093033,False,False
522730,522702,211.51551111216713,1305.5895632052002,1094.074052093033,False,False
522702,522725,37.62308851821467,1094.074052093033,1056.4509635748184,False,False
522726,522722,212.95475972211523,984.289632805818,771.3348730837027,False,False
522722,522732,24.795005109532212,771.3348730837027,746.5398679741705,False,False
522723,522727,221.73522792247138,1197.1351682916006,975.3999403691292,False,False
522723,522731,56.314123638682304,1197.1351682916006,1140.8210446529183,False,False
522730,522723,108.45439491359957,1305.5895632052002,1197.1351682916006,False,False
522726,522727,8.889692436688733,984.289632805818,975.3999403691292,False,False
522726,522732,237.74976483164744,984.289632805818,746.5398679741705,False,False
522727,522728,243.45629428758104,975.3999403691292,731.9436460815482,False,False
522731,522727,165.42110428378908,1140.8210446529183,975.3999403691292,False,False
522729,522728,496.4767352622539,1228.420381343802,731.9436460815482,False,False
522731,522728,408.8773985713701,1140.8210446529183,731.9436460815482,False,False
522729,522731,87.59933669088377,1228.420381343802,1140.8210446529183,False,False
522730,522731,164.76851855228188,1305.5895632052002,1140.8210446529183,False,False
530102,530112,14.803796597937435,2090.5280261315484,2075.724229533611,False,False
530102,530111,29.649607981495592,2090.5280261315484,2060.8784181500528,False,False
530103,530102,111.82441960781671,2202.352445739365,2090.5280261315484,False,False
530102,530124,61.49470162391549,2090.5280261315484,2029.0333245076329,False,False
530103,530112,126.62821620575414,2202.352445739365,2075.724229533611,False,False
530103,530111,141.4740275893123,2202.352445739365,2060.8784181500528,False,False
530103,530127,159.9960112841518,2202.352445739365,2042.3564344552133,False,False
530103,530124,173.3191212317322,2202.352445739365,2029.0333245076329,False,False
530129,530103,28.62481757617661,2230.9772633155417,2202.352445739365,False,False
530111,530114,43.4208762409271,2060.8784181500528,2017.4575419091257,False,False
530111,530125,225.74052748430722,2060.8784181500528,1835.1378906657455,False,False
530112,530111,14.845811383558157,2075.724229533611,2060.8784181500528,False,False
530111,530127,18.52198369483949,2060.8784181500528,2042.3564344552133,False,False
530112,530115,11.399524217571525,2075.724229533611,2064.3247053160394,False,False
530112,530181,57.805845532266176,2075.724229533611,2017.9183840013447,False,False
530112,532331,171.15572091153422,2075.724229533611,1904.5685086220767,False,False
530112,530114,58.26668762448526,2075.724229533611,2017.4575419091257,False,False
530112,530124,46.690905025978054,2075.724229533611,2029.0333245076329,False,False
530129,530113,24.076893168577953,2230.9772633155417,2206.9003701469637,False,False
530128,530113,6.952465152442528,2213.8528352994063,2206.9003701469637,False,False
530326,530113,65.3298460682363,2272.2302162152,2206.9003701469637,False,False
530113,530622,32.91610234698237,2206.9003701469637,2173.9842677999814,False,False
530115,530114,46.86716340691373,2064.3247053160394,2017.4575419091257,False,False
530114,530481,86.04211357378563,2017.4575419091257,1931.41542833534,False,False
530114,530125,182.31965124338012,2017.4575419091257,1835.1378906657455,False,False
530115,530425,196.78847085689222,2064.3247053160394,1867.5362344591472,False,False
530115,530426,329.9998109982989,2064.3247053160394,1734.3248943177405,False,False
530115,530402,154.4236986041226,2064.3247053160394,1909.9010067119168,False,False
530115,530403,171.2217352847906,2064.3247053160394,1893.1029700312488,False,False
530115,530481,132.90927698069936,2064.3247053160394,1931.41542833534,False,False
530115,530181,46.40632131469465,2064.3247053160394,2017.9183840013447,False,False
530124,532331,124.46481588555616,2029.0333245076329,1904.5685086220767,False,False
532329,530124,94.60313543509278,2123.6364599427257,2029.0333245076329,False,False
530129,530124,201.9439388079088,2230.9772633155417,2029.0333245076329,False,False
530128,530124,184.81951079177338,2213.8528352994063,2029.0333245076329,False,False
530125,532504,223.03721154547839,1835.1378906657455,1612.1006791202672,False,False
530125,530424,40.107207607264854,1835.1378906657455,1795.0306830584807,False,False
530481,530125,96.2775376695945,1931.41542833534,1835.1378906657455,False,False
530126,530125,78.89566418201571,1914.0335548477613,1835.1378906657455,False,False
530322,530125,165.17295830672924,2000.3108489724748,1835.1378906657455,False,False
530127,530125,207.21854378946773,2042.3564344552133,1835.1378906657455,False,False
530304,530125,223.20896406157726,2058.346854727323,1835.1378906657455,False,False
530126,532504,301.9328757274941,1914.0335548477613,1612.1006791202672,False,False
530126,532527,74.9393268236397,1914.0335548477613,1839.0942280241215,False,False
530322,530126,86.27729412471353,2000.3108489724748,1914.0335548477613,False,False
530304,530127,15.990420272109532,2058.346854727323,2042.3564344552133,False,False
530129,530127,188.6208288603284,2230.9772633155417,2042.3564344552133,False,False
530128,532329,90.2163753566806,2213.8528352994063,2123.6364599427257,False,False
530129,530128,17.124428016135425,2230.9772633155417,2213.8528352994063,False,False
530129,530304,172.63040858821887,2230.9772633155417,2058.346854727323,False,False
530129,530303,146.2590020431935,2230.9772633155417,2084.718261272348,False,False
530326,530129,41.25295289965834,2272.2302162152,2230.9772633155417,False,False
530181,530425,150.38214954219757,2017.9183840013447,1867.5362344591472,False,False
530181,532331,113.34987537926804,2017.9183840013447,1904.5685086220767,False,False
530302,530324,369.7314421802171,2027.26226928472,1657.530827104503,False,False
530302,530322,26.951420312245318,2027.26226928472,2000.3108489724748,False,False
530304,530302,31.0845854426027,2058.346854727323,2027.26226928472,False,False
530302,530325,41.3415809014532,2027.26226928472,1985.920688383267,False,False
530303,530302,57.45599198762807,2084.718261272348,2027.26226928472,False,False
530303,530304,26.371406545025366,2084.718261272348,2058.346854727323,False,False
530303,530325,98.79757288908127,2084.718261272348,1985.920688383267,False,False
530303,530381,17.35857897232654,2084.718261272348,2067.3596823000216,False,False
530326,530303,187.51195494285184,2272.2302162152,2084.718261272348,False,False
530304,530322,58.03600575484802,2058.346854727323,2000.3108489724748,False,False
530322,530323,332.2322794515944,2000.3108489724748,1668.0785695208804,False,False
530322,530324,342.78002186797175,2000.3108489724748,1657.530827104503,False,False
530322,532527,161.21662094835324,2000.3108489724748,1839.0942280241215,False,False
530323,532626,60.57580574995086,1668.0785695208804,1607.5027637709295,False,False
530323,530324,10.547742416377332,1668.0785695208804,1657.530827104503,False,False
532527,530323,171.01565850324118,1839.0942280241215,1668.0785695208804,False,False
530325,530324,328.3898612787639,1985.920688383267,1657.530827104503,False,False
530381,530325,81.43899391675473,2067.3596823000216,1985.920688383267,False,False
530326,530381,204.87053391517838,2272.2302162152,2067.3596823000216,False,False
530326,530622,98.24594841521866,2272.2302162152,2173.9842677999814,False,False
530326,530621,166.5957661384782,2272.2302162152,2105.634450076722,False,False
530402,530423,12.474112976796732,1909.9010067119168,1897.42689373512,False,False
530402,530426,175.57611239417633,1909.9010067119168,1734.3248943177405,False,False
530402,530403,16.79803668066802,1909.9010067119168,1893.1029700312488,False,False
530423,530403,4.323923703871287,1897.42689373512,1893.1029700312488,False,False
530403,530424,98.0722869727681,1893.1029700312488,1795.0306830584807,False,False
530481,530403,38.31245830409125,1931.41542833534,1893.1029700312488,False,False
530423,532524,300.98880231509247,1897.42689373512,1596.4380914200276,False,False
530423,532525,226.5776076225318,1897.42689373512,1670.8492861125883,False,False
530423,530424,102.39621067663938,1897.42689373512,1795.0306830584807,False,False
530423,530426,163.1019994173796,1897.42689373512,1734.3248943177405,False,False
530424,532524,198.5925916384531,1795.0306830584807,1596.4380914200276,False,False
530424,532504,182.93000393821353,1795.0306830584807,1612.1006791202672,False,False
530481,530424,136.38474527685935,1931.41542833534,1795.0306830584807,False,False
530425,532322,228.10879022601216,1867.5362344591472,1639.427444233135,False,False
530425,530426,133.2113401414067,1867.5362344591472,1734.3248943177405,False,False
532331,530425,37.032274162929525,1904.5685086220767,1867.5362344591472,False,False
530426,532525,63.475608205152184,1734.3248943177405,1670.8492861125883,False,False
530426,530427,212.45728582899415,1734.3248943177405,1521.8676084887463,False,False
530426,532322,94.89745008460545,1734.3248943177405,1639.427444233135,False,False
532525,530427,148.98167762384196,1670.8492861125883,1521.8676084887463,False,False
530427,530822,149.13140186381747,1521.8676084887463,1372.7362066249289,False,False
530427,530428,128.08283525876664,1521.8676084887463,1393.7847732299797,False,False
530825,530427,118.84856146865604,1640.7161699574024,1521.8676084887463,False,False
532322,530427,117.55983574438869,1639.427444233135,1521.8676084887463,False,False
532525,530428,277.0645128826086,1670.8492861125883,1393.7847732299797,False,False
532529,530428,180.0895837627686,1573.8743569927483,1393.7847732299797,False,False
530428,530822,21.048566605050837,1393.7847732299797,1372.7362066249289,False,False
530502,530523,132.7752374891445,1824.330051185152,1691.5548136960074,False,False
530502,530521,140.7959395084158,1824.330051185152,1683.534111676736,False,False
530502,530524,157.9830705462723,1824.330051185152,1666.3469806388796,False,False
530581,530502,197.1685942760846,2021.4986454612365,1824.330051185152,False,False
532928,530502,194.11510778299612,2018.445158968148,1824.330051185152,False,False
532929,530502,580.8863909815498,2405.2164421667017,1824.330051185152,False,False
533301,530502,558.8549159001352,2383.184967085287,1824.330051185152,False,False
530521,530923,48.72649844979583,1683.534111676736,1634.8076132269402,False,False
530523,530521,8.020702019271312,1691.5548136960074,1683.534111676736,False,False
530521,530524,17.18713103785649,1683.534111676736,1666.3469806388796,False,False
530523,530924,213.5035376056262,1691.5548136960074,1478.0512760903812,False,False
530523,530923,56.74720046906714,1691.5548136960074,1634.8076132269402,False,False
530523,533103,367.87155099647975,1691.5548136960074,1323.6832626995276,False,False
530523,533122,240.67018398109985,1691.5548136960074,1450.8846297149075,False,False
530581,530523,329.9438317652291,2021.4986454612365,1691.5548136960074,False,False
530524,530923,31.539367411939338,1666.3469806388796,1634.8076132269402,False,False
530921,530524,184.39237168366435,1850.739352322544,1666.3469806388796,False,False
532927,530524,366.6097061614423,2032.956686800322,1666.3469806388796,False,False
532928,530524,352.0981783292684,2018.445158968148,1666.3469806388796,False,False
532922,530524,482.7574308594492,2149.104411498329,1666.3469806388796,False,False
530581,533122,570.614015746329,2021.4986454612365,1450.8846297149075,False,False
530581,533123,449.90410279577554,2021.4986454612365,1571.594542665461,False,False
533301,530581,361.6863216240506,2383.184967085287,2021.4986454612365,False,False
530602,530628,544.6434626708758,2198.4334670074263,1653.7900043365505,False,False
530602,530622,24.449199207444963,2198.4334670074263,2173.9842677999814,False,False
530602,530621,92.79901693070451,2198.4334670074263,2105.634450076722,False,False
530602,530624,581.1214800537648,2198.4334670074263,1617.3119869536615,False,False
530602,530625,337.498707122292,2198.4334670074263,1860.9347598851343,False,False
530622,530621,68.34981772325955,2173.9842677999814,2105.634450076722,False,False
530628,530623,619.2499897160499,1653.7900043365505,1034.5400146205006,False,False
530624,530623,582.7719723331609,1617.3119869536615,1034.5400146205006,False,False
530625,530623,826.3947452646337,1860.9347598851343,1034.5400146205006,False,False
530623,530681,87.65144154079667,1034.5400146205006,946.888573079704,False,False
530626,530623,40.32334587951664,1074.8633605000173,1034.5400146205006,False,False
530628,530624,36.47801738288899,1653.7900043365505,1617.3119869536615,False,False
530625,530624,243.6227729314728,1860.9347598851343,1617.3119869536615,False,False
530625,530626,786.071399385117,1860.9347598851343,1074.8633605000173,False,False
530626,530681,127.9747874203133,1074.8633605000173,946.888573079704,False,False
530628,530627,57.71055824084192,1653.7900043365505,1596.0794460957086,False,False
530627,530629,363.6811315294742,1596.0794460957086,1232.3983145662344,False,False
530628,530629,421.39168977031613,1653.7900043365505,1232.3983145662344,False,False
530702,532932,331.4853570645091,2581.308655367993,2249.823298303484,False,False
530702,530722,410.56443605983713,2581.308655367993,2170.744219308156,False,False
530721,530702,296.24954040719376,2877.558195775187,2581.308655367993,False,False
530724,530702,300.7270847756099,2882.035740143603,2581.308655367993,False,False
530721,532932,627.7348974717029,2877.558195775187,2249.823298303484,False,False
530721,532931,117.49507769538604,2877.558195775187,2760.063118079801,False,False
530721,533325,74.6572112218605,2877.558195775187,2802.9009845533265,False,False
530724,530721,4.477544368416147,2882.035740143603,2877.558195775187,False,False
533423,530721,77.35098553928174,2954.9091813144687,2877.558195775187,False,False
533401,530721,657.7198012356002,3535.277997010787,2877.558195775187,False,False
530722,532924,94.74387656602721,2170.744219308156,2076.000342742129,False,False
530722,532326,13.029706611454458,2170.744219308156,2157.7145126967016,False,False
532932,530722,79.07907899532802,2249.823298303484,2170.744219308156,False,False
530722,530723,346.72329461086974,2170.744219308156,1824.0209246972863,False,False
530724,530722,711.291520835447,2882.035740143603,2170.744219308156,False,False
532326,530723,333.6935879994153,2157.7145126967016,1824.0209246972863,False,False
532327,530723,30.52329331868691,1854.5442180159732,1824.0209246972863,False,False
530724,530723,1058.0148154463168,2882.035740143603,1824.0209246972863,False,False
532822,530802,63.87851494783604,1338.0366343144851,1274.158119366649,False,False
530802,532801,264.29122623231706,1274.158119366649,1009.866893134332,False,False
530802,530826,113.54542328829484,1274.158119366649,1160.6126960783542,False,False
530828,530802,210.4647722534546,1484.6228916201037,1274.158119366649,False,False
530821,530802,171.67279181940808,1445.8309111860572,1274.158119366649,False,False
530824,530802,108.46612710733234,1382.6242464739814,1274.158119366649,False,False
530821,530826,285.2182151077029,1445.8309111860572,1160.6126960783542,False,False
530821,530824,63.206664712075735,1445.8309111860572,1382.6242464739814,False,False
530821,530822,73.09470456112831,1445.8309111860572,1372.7362066249289,False,False
530825,530821,194.8852587713452,1640.7161699574024,1445.8309111860572,False,False
530822,530826,212.1235105465746,1372.7362066249289,1160.6126960783542,False,False
530822,532531,22.41282543342345,1372.7362066249289,1350.3233811915054,False,False
532529,530822,201.13815036781943,1573.8743569927483,1372.7362066249289,False,False
530825,530822,267.9799633324735,1640.7161699574024,1372.7362066249289,False,False
530902,530823,81.38587830260553,1820.4056526633624,1739.0197743607569,False,False
530823,530825,98.30360440335448,1739.0197743607569,1640.7161699574024,False,False
530823,530922,16.497353370348492,1739.0197743607569,1722.5224209904084,False,False
530823,532322,99.59233012762184,1739.0197743607569,1639.427444233135,False,False
532301,530823,155.5596435885759,1894.5794179493328,1739.0197743607569,False,False
532926,530823,189.31005769505987,1928.3298320558167,1739.0197743607569,False,False
532324,530823,330.33656068828805,2069.356335049045,1739.0197743607569,False,False
532925,530823,255.48275211456507,1994.502526475322,1739.0197743607569,False,False
530828,530824,101.99864514612227,1484.6228916201037,1382.6242464739814,False,False
530925,530824,265.8507225206224,1648.4749689946038,1382.6242464739814,False,False
530902,530824,437.78140618938096,1820.4056526633624,1382.6242464739814,False,False
530825,530824,258.09192348342094,1640.7161699574024,1382.6242464739814,False,False
530902,530825,179.68948270596002,1820.4056526633624,1640.7161699574024,False,False
530825,532322,1.2887257242673513,1640.7161699574024,1639.427444233135,False,False
530826,532823,155.67086624736987,1160.6126960783542,1004.9418298309844,False,False
530826,532801,150.74580294402222,1160.6126960783542,1009.866893134332,False,False
532531,530826,189.71068511315116,1350.3233811915054,1160.6126960783542,False,False
530828,530827,215.76825073936948,1484.6228916201037,1268.8546408807342,False,False
530829,530827,38.20291919039482,1307.057560071129,1268.8546408807342,False,False
530828,532822,146.58625730561857,1484.6228916201037,1338.0366343144851,False,False
530828,530829,177.56533154897465,1484.6228916201037,1307.057560071129,False,False
530828,530927,20.29219583423378,1484.6228916201037,1464.33069578587,False,False
530925,530828,163.85207737450014,1648.4749689946038,1484.6228916201037,False,False
530902,530925,171.93068366875855,1820.4056526633624,1648.4749689946038,False,False
530902,530926,399.1694893655215,1820.4056526633624,1421.236163297841,False,False
530902,530922,97.88323167295403,1820.4056526633624,1722.5224209904084,False,False
530921,530923,215.9317390956037,1850.739352322544,1634.8076132269402,False,False
530921,530922,128.21693133213557,1850.739352322544,1722.5224209904084,False,False
532926,530921,77.59047973327279,1928.3298320558167,1850.739352322544,False,False
532927,530921,182.21733447777797,2032.956686800322,1850.739352322544,False,False
530922,530926,301.28625769256746,1722.5224209904084,1421.236163297841,False,False
530922,530923,87.71480776346812,1722.5224209904084,1634.8076132269402,False,False
532926,530922,205.80741106540836,1928.3298320558167,1722.5224209904084,False,False
530923,530926,213.57144992909934,1634.8076132269402,1421.236163297841,False,False
530923,530924,156.75633713655907,1634.8076132269402,1478.0512760903812,False,False
530924,530926,56.815112792540276,1478.0512760903812,1421.236163297841,False,False
530925,530927,184.14427320873392,1648.4749689946038,1464.33069578587,False,False
530925,530926,227.23880569676294,1648.4749689946038,1421.236163297841,False,False
530927,530926,43.09453248802902,1464.33069578587,1421.236163297841,False,False
532301,532322,255.15197371619774,1894.5794179493328,1639.427444233135,False,False
532324,532301,174.77691709971214,2069.356335049045,1894.5794179493328,False,False
532331,532301,9.989090672743941,1904.5685086220767,1894.5794179493328,False,False
532323,532301,68.32214001961438,1962.9015579689471,1894.5794179493328,False,False
532331,532322,265.1410643889417,1904.5685086220767,1639.427444233135,False,False
532324,532323,106.45477708009776,2069.356335049045,1962.9015579689471,False,False
532323,532331,58.33304934687044,1962.9015579689471,1904.5685086220767,False,False
532325,532323,217.50333355690645,2180.4048915258536,1962.9015579689471,False,False
532323,532328,414.10394597815684,1962.9015579689471,1548.7976119907903,False,False
532326,532323,194.81295472775446,2157.7145126967016,1962.9015579689471,False,False
532324,532925,74.85380857372297,2069.356335049045,1994.502526475322,False,False
532325,532324,111.0485564768087,2180.4048915258536,2069.356335049045,False,False
532923,532324,63.884170310429454,2133.2405053594744,2069.356335049045,False,False
532325,532923,47.164386166379245,2180.4048915258536,2133.2405053594744,False,False
532325,532326,22.690378829151996,2180.4048915258536,2157.7145126967016,False,False
532326,532923,24.47400733722725,2157.7145126967016,2133.2405053594744,False,False
532326,532328,608.9169007059113,2157.7145126967016,1548.7976119907903,False,False
532326,532924,81.71416995457275,2157.7145126967016,2076.000342742129,False,False
532326,532327,303.1702946807284,2157.7145126967016,1854.5442180159732,False,False
532327,532328,305.7466060251829,1854.5442180159732,1548.7976119907903,False,False
532331,532328,355.7708966312864,1904.5685086220767,1548.7976119907903,False,False
532329,532328,574.8388479519353,2123.6364599427257,1548.7976119907903,False,False
532329,532331,219.06795132064894,2123.6364599427257,1904.5685086220767,False,False
532501,532530,314.1308873793564,1550.1070311131402,1235.9761437337838,False,False
532501,532532,847.3546512162576,1550.1070311131402,702.7523798968826,False,False
532501,532528,233.81920552930274,1550.1070311131402,1316.2878255838375,False,False
532501,532523,175.56021330288354,1550.1070311131402,1374.5468178102567,False,False
532503,532501,107.84996719132732,1657.9569983044676,1550.1070311131402,False,False
532524,532501,46.331060306887366,1596.4380914200276,1550.1070311131402,False,False
532502,532501,76.61459158230264,1626.7216226954429,1550.1070311131402,False,False
532503,532502,31.235375609024686,1657.9569983044676,1626.7216226954429,False,False
532502,532524,30.28353127541527,1626.7216226954429,1596.4380914200276,False,False
532502,532622,62.96770164626605,1626.7216226954429,1563.7539210491768,False,False
532502,532626,19.21885892451337,1626.7216226954429,1607.5027637709295,False,False
532502,532504,14.620943575175716,1626.7216226954429,1612.1006791202672,False,False
532503,532530,421.98085457068373,1657.9569983044676,1235.9761437337838,False,False
532503,532528,341.66917272063006,1657.9569983044676,1316.2878255838375,False,False
532503,532523,283.41018049421086,1657.9569983044676,1374.5468178102567,False,False
532503,532601,44.92993083066267,1657.9569983044676,1613.027067473805,False,False
532503,532622,94.20307725529074,1657.9569983044676,1563.7539210491768,False,False
532504,532524,15.662587700239555,1612.1006791202672,1596.4380914200276,False,False
532504,532626,4.597915349337654,1612.1006791202672,1607.5027637709295,False,False
532527,532504,226.9935489038544,1839.0942280241215,1612.1006791202672,False,False
532523,532532,671.794437913374,1374.5468178102567,702.7523798968826,False,False
532523,532625,21.871832247777093,1374.5468178102567,1352.6749855624796,False,False
532601,532523,238.4802496635482,1613.027067473805,1374.5468178102567,False,False
532524,532528,280.1502658361901,1596.4380914200276,1316.2878255838375,False,False
532525,532524,74.41119469256068,1670.8492861125883,1596.4380914200276,False,False
532524,532529,22.563734427279314,1596.4380914200276,1573.8743569927483,False,False
532525,532529,96.97492911984,1670.8492861125883,1573.8743569927483,False,False
532527,532626,231.59146425319204,1839.0942280241215,1607.5027637709295,False,False
532531,532528,34.0355556076679,1350.3233811915054,1316.2878255838375,False,False
532528,532530,80.31168185005367,1316.2878255838375,1235.9761437337838,False,False
532529,532528,257.5865314089108,1573.8743569927483,1316.2878255838375,False,False
532529,532531,223.55097580124288,1573.8743569927483,1350.3233811915054,False,False
532531,532530,114.34723745772158,1350.3233811915054,1235.9761437337838,False,False
532530,532532,533.2237638369012,1235.9761437337838,702.7523798968826,False,False
532625,532532,649.922605665597,1352.6749855624796,702.7523798968826,False,False
532601,532625,260.3520819113253,1613.027067473805,1352.6749855624796,False,False
532601,532623,254.3951484260299,1613.027067473805,1358.631919047775,False,False
532601,532622,49.27314642462807,1613.027067473805,1563.7539210491768,False,False
532622,532623,205.12200200140182,1563.7539210491768,1358.631919047775,False,False
532622,532627,226.5106379788133,1563.7539210491768,1337.2432830703635,False,False
532626,532622,43.74884272175268,1607.5027637709295,1563.7539210491768,False,False
532623,532625,5.956933485295394,1358.631919047775,1352.6749855624796,False,False
532623,532624,108.45089290638089,1358.631919047775,1250.181026141394,False,False
532623,532627,21.388635977411468,1358.631919047775,1337.2432830703635,False,False
532625,532624,102.49395942108549,1352.6749855624796,1250.181026141394,False,False
532627,532624,87.06225692896942,1337.2432830703635,1250.181026141394,False,False
532624,532628,299.43349533122716,1250.181026141394,950.747530810167,False,False
532626,532627,270.259480700566,1607.5027637709295,1337.2432830703635,False,False
532627,532628,386.4957522601966,1337.2432830703635,950.747530810167,False,False
532801,532823,4.925063303347656,1009.866893134332,1004.9418298309844,False,False
532822,532801,328.1697411801531,1338.0366343144851,1009.866893134332,False,False
532901,532925,322.4475567924112,2316.950083267733,1994.502526475322,False,False
532901,532927,283.99339646741123,2316.950083267733,2032.956686800322,False,False
532901,532923,183.70957790825878,2316.950083267733,2133.2405053594744,False,False
532901,532922,167.84567176940436,2316.950083267733,2149.104411498329,False,False
532901,532924,240.94974052560428,2316.950083267733,2076.000342742129,False,False
532930,532901,243.62015054547783,2560.570233813211,2316.950083267733,False,False
532901,532932,67.12678496424905,2316.950083267733,2249.823298303484,False,False
532922,532927,116.14772469800687,2149.104411498329,2032.956686800322,False,False
532922,532928,130.65925253018077,2149.104411498329,2018.445158968148,False,False
532929,532922,256.1120306683729,2405.2164421667017,2149.104411498329,False,False
532930,532922,411.4658223148822,2560.570233813211,2149.104411498329,False,False
532923,532925,138.73797888415243,2133.2405053594744,1994.502526475322,False,False
532923,532924,57.240162617345504,2133.2405053594744,2076.000342742129,False,False
532932,532924,173.82295556135523,2249.823298303484,2076.000342742129,False,False
532925,532926,66.1726944195052,1994.502526475322,1928.3298320558167,False,False
532927,532925,38.454160324999975,2032.956686800322,1994.502526475322,False,False
532927,532926,104.62685474450518,2032.956686800322,1928.3298320558167,False,False
532929,532928,386.77128319855365,2405.2164421667017,2018.445158968148,False,False
532930,532929,155.3537916465093,2560.570233813211,2405.2164421667017,False,False
532929,533301,22.031475081414555,2405.2164421667017,2383.184967085287,False,False
532931,532929,354.84667591309926,2760.063118079801,2405.2164421667017,False,False
533325,532929,397.6845423866248,2802.9009845533265,2405.2164421667017,False,False
532930,532932,310.7469355097269,2560.570233813211,2249.823298303484,False,False
532931,532930,199.49288426658995,2760.063118079801,2560.570233813211,False,False
532931,532932,510.23981977631684,2760.063118079801,2249.823298303484,False,False
533325,532931,42.83786647352554,2802.9009845533265,2760.063118079801,False,False
533103,533102,288.5383473038114,1323.6832626995276,1035.1449153957162,False,False
533124,533102,319.33239021056033,1354.4773056062766,1035.1449153957162,False,False
533124,533103,30.794042906748928,1354.4773056062766,1323.6832626995276,False,False
533122,533103,127.2013670153799,1450.8846297149075,1323.6832626995276,False,False
533122,533124,96.40732410863097,1450.8846297149075,1354.4773056062766,False,False
533123,533122,120.70991295055342,1571.594542665461,1450.8846297149075,False,False
533123,533124,217.1172370591844,1571.594542665461,1354.4773056062766,False,False
533325,533301,419.71601746803935,2802.9009845533265,2383.184967085287,False,False
533323,533301,302.86599193259644,2686.0509590178835,2383.184967085287,False,False
533325,533323,116.85002553544291,2802.9009845533265,2686.0509590178835,False,False
533423,533323,268.85822229658515,2954.9091813144687,2686.0509590178835,False,False
533324,533323,395.41409036785535,3081.465049385739,2686.0509590178835,False,False
533324,533423,126.5558680712702,3081.465049385739,2954.9091813144687,False,False
533422,533324,562.9196191462811,3644.38466853202,3081.465049385739,False,False
533423,533325,152.00819676114224,2954.9091813144687,2802.9009845533265,False,False
533401,533423,580.3688156963185,3535.277997010787,2954.9091813144687,False,False
533422,533401,109.10667152123278,3644.38466853202,3535.277997010787,False,False
533422,533423,689.4754872175513,3644.38466853202,2954.9091813144687,False,False
330902,330921,28.311590559569684,56.68928573549096,28.37769517592128,False,False
330921,330922,12.036896633892407,28.37769517592128,16.34079854202887,False,False
330903,330921,11.87176285237123,40.24945802829251,28.37769517592128,False,False
