adcode,name_zh,level,province,reach,prefecture_zh,area_km2,county_id,ndvi_mean,n_obs,year
310101,黄浦区,district,Shanghai,downstream,,20.36624515276083,310101,0.16826213768115944,552,2020
310104,徐汇区,district,Shanghai,downstream,,55.10803170101784,310104,0.23840679487179492,1560,2020
310105,长宁区,district,Shanghai,downstream,,37.27951584829017,310105,0.31014196428571433,1008,2020
310106,静安区,district,Shanghai,downstream,,36.758432075089054,310106,0.24943295454545455,1056,2020
310107,普陀区,district,Shanghai,downstream,,55.54840752450997,310107,0.2769342039800995,1608,2020
310109,虹口区,district,Shanghai,downstream,,23.415434337517507,310109,0.23484642857142865,672,2020
310110,杨浦区,district,Shanghai,downstream,,60.48253578217381,310110,0.24629143192488262,1704,2020
310112,闵行区,district,Shanghai,downstream,,372.648690516286,310112,0.3200147569444445,10368,2020
310113,宝山区,district,Shanghai,downstream,,316.2203187770638,310113,0.29907858942065496,8734,2020
310114,嘉定区,district,Shanghai,downstream,,462.4335946875409,310114,0.35660626543209883,12960,2020
310115,浦东新区,district,Shanghai,downstream,,1697.4368227793393,310115,0.3475997128428558,40396,2020
310116,金山区,district,Shanghai,downstream,,667.8789277675044,310116,0.4112651423940726,17276,2020
310117,松江区,district,Shanghai,downstream,,606.9279081679005,310117,0.40491032051282067,17160,2020
310118,青浦区,district,Shanghai,downstream,,668.0664614129112,310118,0.38523879366106084,18552,2020
310120,奉贤区,district,Shanghai,downstream,,805.468534693142,310120,0.38586395412072977,20227,2020
310151,崇明区,district,Shanghai,downstream,,2102.4808852568317,310151,0.4120207993124195,48867,2020
320102,玄武区,district,Jiangsu,downstream,南京市,75.38699330288065,320102,0.42088650793650795,2016,2020
320104,秦淮区,district,Jiangsu,downstream,南京市,49.00462722590187,320104,0.25809180555555555,1440,2020
320105,建邺区,district,Jiangsu,downstream,南京市,79.23819011352641,320105,0.2563935931899641,2232,2020
320106,鼓楼区,district,Jiangsu,downstream,南京市,55.095619033326564,320106,0.26029893828798933,1507,2020
320111,浦口区,district,Jiangsu,downstream,南京市,908.0072300122569,320111,0.41412431391051346,25434,2020
320113,栖霞区,district,Jiangsu,downstream,南京市,390.7125100661363,320113,0.33075945745076185,10764,2020
320114,雨花台区,district,Jiangsu,downstream,南京市,130.8930750746842,320114,0.3488401416122005,3672,2020
320115,江宁区,district,Jiangsu,downstream,南京市,1565.4141641572426,320115,0.43173012763431295,43797,2020
320116,六合区,district,Jiangsu,downstream,南京市,1478.0601004123841,320116,0.430468469017276,41039,2020
320117,溧水区,district,Jiangsu,downstream,南京市,1064.9199177452813,320117,0.4157946428571428,29736,2020
320118,高淳区,district,Jiangsu,downstream,南京市,792.8519752577324,320118,0.33226556974682975,22001,2020
320205,锡山区,district,Jiangsu,downstream,无锡市,396.4060707966659,320205,0.3990645500269446,11134,2020
320206,惠山区,district,Jiangsu,downstream,无锡市,320.3640091890571,320206,0.357609681372549,8976,2020
320211,滨湖区,district,Jiangsu,downstream,无锡市,628.3323489060675,320211,0.2193064180618976,15768,2020
320213,梁溪区,district,Jiangsu,downstream,无锡市,73.66172890513377,320213,0.2554305555555556,2160,2020
320214,新吴区,district,Jiangsu,downstream,无锡市,232.93729214492208,320214,0.3301434830059246,6414,2020
320281,江阴市,district,Jiangsu,downstream,无锡市,992.639828791465,320281,0.37541307265830165,27416,2020
320282,宜兴市,district,Jiangsu,downstream,无锡市,2035.5012036349312,320282,0.39465766940024255,55239,2020
320302,鼓楼区,district,Jiangsu,downstream,徐州市,92.24878164637303,320302,0.2726545238095239,2520,2020
320303,云龙区,district,Jiangsu,downstream,徐州市,113.70952716123972,320303,0.33082424812030076,3192,2020
320305,贾汪区,district,Jiangsu,downstream,徐州市,749.5813443450234,320305,0.428937962962963,20952,2020
320311,泉山区,district,Jiangsu,downstream,徐州市,102.045861920159,320311,0.27495658724597066,2854,2020
320312,铜山区,district,Jiangsu,downstream,徐州市,1940.3269557387719,320312,0.48537275726079904,54264,2020
320321,丰县,district,Jiangsu,downstream,徐州市,1451.6458193349029,320321,0.5175264332938623,40536,2020
320322,沛县,district,Jiangsu,downstream,徐州市,1251.4236000069698,320322,0.5028599519560744,34968,2020
320324,睢宁县,district,Jiangsu,downstream,徐州市,1770.791427230218,320324,0.5104201946816692,49414,2020
320381,新沂市,district,Jiangsu,downstream,徐州市,1589.4878674322524,320381,0.4844309259969758,44309,2020
320382,邳州市,district,Jiangsu,downstream,徐州市,2078.7414565825325,320382,0.4807899695996426,58223,2020
320402,天宁区,district,Jiangsu,downstream,常州市,153.92678229660365,320402,0.3349697331460674,4272,2020
320404,钟楼区,district,Jiangsu,downstream,常州市,133.655530886535,320404,0.3324925925925926,3672,2020
320411,新北区,district,Jiangsu,downstream,常州市,506.51166624299407,320411,0.3853985634814451,14201,2020
320412,武进区,district,Jiangsu,downstream,常州市,1062.2414873534183,320412,0.3241976440863153,29288,2020
320413,金坛区,district,Jiangsu,downstream,常州市,974.8288943063533,320413,0.38033067685188576,27229,2020
320481,溧阳市,district,Jiangsu,downstream,常州市,1534.1967283897823,320481,0.45052106480940485,42787,2020
320505,虎丘区,district,Jiangsu,downstream,苏州市,338.07353030209595,320505,0.25738545825771325,8816,2020
320506,吴中区,district,Jiangsu,downstream,苏州市,2474.7398339937363,320506,0.16129005064145843,59240,2020
320507,相城区,district,Jiangsu,downstream,苏州市,485.6949711702668,320507,0.27796674969806767,13248,2020
320508,姑苏区,district,Jiangsu,downstream,苏州市,81.63607247815474,320508,0.2736382500000001,2400,2020
320509,吴江区,district,Jiangsu,downstream,苏州市,1226.8678166664693,320509,0.3360874218818765,34083,2020
320581,常熟市,district,Jiangsu,downstream,苏州市,1263.5320025418011,320581,0.3716378361550093,33727,2020
320582,张家港市,district,Jiangsu,downstream,苏州市,1006.746726992053,320582,0.3614566056910569,25584,2020
320583,昆山市,district,Jiangsu,downstream,苏州市,930.703964160028,320583,0.3497161209359796,25898,2020
320585,太仓市,district,Jiangsu,downstream,苏州市,821.6016254726271,320585,0.35793387680261674,20179,2020
320602,崇川区,district,Jiangsu,downstream,南通市,583.15696560726,320602,0.320556541397969,13491,2020
320612,通州区,district,Jiangsu,downstream,南通市,1453.623570855389,320612,0.44952089131538875,39380,2020
320623,如东县,district,Jiangsu,downstream,南通市,2280.3574580161744,320623,0.4722277389158367,58755,2020
320681,启东市,district,Jiangsu,downstream,南通市,1684.1964847968402,320681,0.37431275594313707,41855,2020
320682,如皋市,district,Jiangsu,downstream,南通市,1565.6378725398095,320682,0.5006222646951107,43688,2020
320684,海门区,district,Jiangsu,downstream,南通市,1134.9590075904266,320684,0.4206513316721142,30901,2020
320685,海安市,district,Jiangsu,downstream,南通市,1163.7136723869587,320685,0.503492619261926,32219,2020
320703,连云区,district,Jiangsu,downstream,连云港市,771.5167475157092,320703,0.3497617116322812,17013,2020
320706,海州区,district,Jiangsu,downstream,连云港市,731.335269316578,320706,0.4439272477424422,20376,2020
320707,赣榆区,district,Jiangsu,downstream,连云港市,1465.6183119141713,320707,0.4141368388223554,40080,2020
320722,东海县,district,Jiangsu,downstream,连云港市,2034.442477712832,320722,0.5073241441156301,56871,2020
320723,灌云县,district,Jiangsu,downstream,连云港市,1540.9345054932053,320723,0.4922947460768566,40465,2020
320724,灌南县,district,Jiangsu,downstream,连云港市,1036.8118451053438,320724,0.4839884235100247,29128,2020
320803,淮安区,district,Jiangsu,downstream,淮安市,1468.8906005772803,320803,0.5162112563596971,41079,2020
320804,淮阴区,district,Jiangsu,downstream,淮安市,1304.2315640307813,320804,0.5018589371980674,36018,2020
320812,清江浦区,district,Jiangsu,downstream,淮安市,434.9247840758055,320812,0.40087595401174175,12264,2020
320813,洪泽区,district,Jiangsu,downstream,淮安市,1287.2702355140539,320813,0.31662334662576697,32600,2020
320826,涟水县,district,Jiangsu,downstream,淮安市,1673.9733279768689,320826,0.5347578668036297,46728,2020
320830,盱眙县,district,Jiangsu,downstream,淮安市,2498.75580599758,320830,0.4323855383290266,69660,2020
320831,金湖县,district,Jiangsu,downstream,淮安市,1395.2002328971842,320831,0.3755777299609253,37876,2020
320902,亭湖区,district,Jiangsu,downstream,盐城市,1002.3686891991138,320902,0.47857915908198584,28017,2020
320903,盐都区,district,Jiangsu,downstream,盐城市,1049.8133044103502,320903,0.4653584229267957,29206,2020
320904,大丰区,district,Jiangsu,downstream,盐城市,2878.4565488275807,320904,0.4639442954290256,79261,2020
320921,响水县,district,Jiangsu,downstream,盐城市,1409.4500776222028,320921,0.48483846376811596,34500,2020
320922,滨海县,district,Jiangsu,downstream,盐城市,1965.500889433429,320922,0.5034131599023498,52432,2020
320923,阜宁县,district,Jiangsu,downstream,盐城市,1439.5754516156999,320923,0.5075615715850259,40176,2020
320924,射阳县,district,Jiangsu,downstream,盐城市,2576.5866684183775,320924,0.4839749436529873,70545,2020
320925,建湖县,district,Jiangsu,downstream,盐城市,1151.3803370439462,320925,0.5170418000744602,32232,2020
320981,东台市,district,Jiangsu,downstream,盐城市,2544.6539510166813,320981,0.5172560353404113,67345,2020
321002,广陵区,district,Jiangsu,downstream,扬州市,341.4026162526704,321002,0.38100255879001355,9653,2020
321003,邗江区,district,Jiangsu,downstream,扬州市,640.9169191281347,321003,0.3519740571105457,17685,2020
321012,江都区,district,Jiangsu,downstream,扬州市,1321.734634421912,321012,0.4893764682079366,37069,2020
321023,宝应县,district,Jiangsu,downstream,扬州市,1471.609224237928,321023,0.4920853627163072,41203,2020
321081,仪征市,district,Jiangsu,downstream,扬州市,902.0729486956375,321081,0.4261737069820981,25193,2020
321084,高邮市,district,Jiangsu,downstream,扬州市,1892.3586767242284,321084,0.39111890677867234,51426,2020
321102,京口区,district,Jiangsu,downstream,镇江市,345.04745151781736,321102,0.3421266589180051,9464,2020
321111,润州区,district,Jiangsu,downstream,镇江市,123.23421484166573,321111,0.363426837806301,3428,2020
321112,丹徒区,district,Jiangsu,downstream,镇江市,606.200278591219,321112,0.3933472327964859,17075,2020
321181,丹阳市,district,Jiangsu,downstream,镇江市,1048.9334707086562,321181,0.4438536060978945,29256,2020
321182,扬中市,district,Jiangsu,downstream,镇江市,320.4074770426876,321182,0.2855348584371461,8830,2020
321183,句容市,district,Jiangsu,downstream,镇江市,1382.2327725612574,321183,0.47878339628498995,38654,2020
321202,海陵区,district,Jiangsu,downstream,泰州市,387.96140922554656,321202,0.41104837398373983,10824,2020
321203,高港区,district,Jiangsu,downstream,泰州市,322.9791448215057,321203,0.4169111744966442,8940,2020
321204,姜堰区,district,Jiangsu,downstream,泰州市,861.1815363527528,321204,0.4872232774441108,23976,2020
321281,兴化市,district,Jiangsu,downstream,泰州市,2394.832370310123,321281,0.43606096075979517,67176,2020
321282,靖江市,district,Jiangsu,downstream,泰州市,651.0487483897664,321282,0.3856484998818804,16932,2020
321283,泰兴市,district,Jiangsu,downstream,泰州市,1175.6776743360113,321283,0.4660336330661138,32807,2020
321302,宿城区,district,Jiangsu,downstream,宿迁市,1019.8923780899019,321302,0.45791694345101114,28241,2020
321311,宿豫区,district,Jiangsu,downstream,宿迁市,1124.95695669411,321311,0.4375255575467941,30132,2020
321322,沭阳县,district,Jiangsu,downstream,宿迁市,2305.461586544088,321322,0.5301551666873603,64432,2020
321323,泗阳县,district,Jiangsu,downstream,宿迁市,1379.48546661809,321323,0.4443375442613347,37561,2020
321324,泗洪县,district,Jiangsu,downstream,宿迁市,2700.684493187553,321324,0.40385700704030153,72156,2020
330102,上城区,district,Zhejiang,downstream,杭州市,120.23861526526606,330102,0.23472252747252756,3276,2020
330105,拱墅区,district,Zhejiang,downstream,杭州市,98.57657739062329,330105,0.29311866096866107,2808,2020
330106,西湖区,district,Zhejiang,downstream,杭州市,311.41437016367126,330106,0.44065034754402227,8632,2020
330108,滨江区,district,Zhejiang,downstream,杭州市,71.03532845427486,330108,0.28220972222222224,1944,2020
330109,萧山区,district,Zhejiang,downstream,杭州市,998.1588784339368,330109,0.40617579654236324,27996,2020
330110,余杭区,district,Zhejiang,downstream,杭州市,948.3171745451365,330110,0.5224439369900273,26472,2020
330111,富阳区,district,Zhejiang,downstream,杭州市,1826.9152836895587,330111,0.5900773092959071,51087,2020
330112,临安区,district,Zhejiang,downstream,杭州市,3110.6944494541794,330112,0.6171246235942158,87140,2020
330114,钱塘区,district,Zhejiang,downstream,杭州市,522.2624498897535,330114,0.3032918223299586,14026,2020
330113,临平区,district,Zhejiang,downstream,杭州市,282.67951494420026,330113,0.35195703675730117,7944,2020
330122,桐庐县,district,Zhejiang,downstream,杭州市,1836.3702949641602,330122,0.6238638908313906,51480,2020
330127,淳安县,district,Zhejiang,downstream,杭州市,4423.373509961945,330127,0.598777924595354,123812,2020
330182,建德市,district,Zhejiang,downstream,杭州市,2325.936264706112,330182,0.6214822281738706,64968,2020
330203,海曙区,district,Zhejiang,downstream,宁波市,592.761668530871,330203,0.5509817344961241,16512,2020
330205,江北区,district,Zhejiang,downstream,宁波市,208.47894935377983,330205,0.4174428669410151,5832,2020
330206,北仑区,district,Zhejiang,downstream,宁波市,671.2116836368905,330206,0.4312233765504854,17817,2020
330211,镇海区,district,Zhejiang,downstream,宁波市,271.373357945431,330211,0.3651391249474127,7131,2020
330212,鄞州区,district,Zhejiang,downstream,宁波市,832.0798742124622,330212,0.48520694208976534,22414,2020
330213,奉化区,district,Zhejiang,downstream,宁波市,1342.7525621118245,330213,0.6033158885978216,36265,2020
330225,象山县,district,Zhejiang,downstream,宁波市,1510.7799775122069,330225,0.4659466249182636,39762,2020
330226,宁海县,district,Zhejiang,downstream,宁波市,1903.5766269444198,330226,0.562420545826974,49796,2020
330281,余姚市,district,Zhejiang,downstream,宁波市,1537.593455814174,330281,0.5454573060361498,38783,2020
330282,慈溪市,district,Zhejiang,downstream,宁波市,1486.8680257906806,330282,0.3993132591367123,33245,2020
330302,鹿城区,district,Zhejiang,downstream,温州市,291.52318862318873,330302,0.46367086149686626,8137,2020
330303,龙湾区,district,Zhejiang,downstream,温州市,321.8454801080001,330303,0.31256800667475737,6592,2020
330304,瓯海区,district,Zhejiang,downstream,温州市,465.02983837852247,330304,0.5404764274691358,12960,2020
330305,洞头区,district,Zhejiang,downstream,温州市,355.0367821272163,330305,0.26838769678302543,5844,2020
330324,永嘉县,district,Zhejiang,downstream,温州市,2675.8904197623315,330324,0.6737211808522,74912,2020
330326,平阳县,district,Zhejiang,downstream,温州市,980.775435276393,330326,0.5786454020876213,27208,2020
330327,苍南县,district,Zhejiang,downstream,温州市,1230.013925688285,330327,0.5601800372957428,31639,2020
330328,文成县,district,Zhejiang,downstream,温州市,1293.6546520131037,330328,0.6401996903339972,36168,2020
330329,泰顺县,district,Zhejiang,downstream,温州市,1767.7716534602278,330329,0.6587932190729979,49536,2020
330381,瑞安市,district,Zhejiang,downstream,温州市,1302.5359559800822,330381,0.5447749336907053,35817,2020
330382,乐清市,district,Zhejiang,downstream,温州市,1438.5762025574156,330382,0.536357404393816,36870,2020
330383,龙港市,district,Zhejiang,downstream,温州市,157.72616371921362,330383,0.38262905081495685,4172,2020
330402,南湖区,district,Zhejiang,downstream,嘉兴市,435.80188444724547,330402,0.4172609201047806,12216,2020
330411,秀洲区,district,Zhejiang,downstream,嘉兴市,549.3896986333465,330411,0.399204890772742,15335,2020
330421,嘉善县,district,Zhejiang,downstream,嘉兴市,506.2871694046178,330421,0.3803949722656806,14062,2020
330424,海盐县,district,Zhejiang,downstream,嘉兴市,942.9784209627586,330424,0.3970594109947644,15280,2020
330481,海宁市,district,Zhejiang,downstream,嘉兴市,863.0786230775541,330481,0.39031605102817973,21008,2020
330482,平湖市,district,Zhejiang,downstream,嘉兴市,581.6237372109991,330482,0.4317803696045489,15476,2020
330483,桐乡市,district,Zhejiang,downstream,嘉兴市,727.9493581567287,330483,0.4167175332941639,20424,2020
330502,吴兴区,district,Zhejiang,downstream,湖州市,862.6984148765138,330502,0.45368952736318413,24120,2020
330503,南浔区,district,Zhejiang,downstream,湖州市,702.3973339475092,330503,0.3452759310134311,19656,2020
330521,德清县,district,Zhejiang,downstream,湖州市,939.4070902988325,330521,0.4620845667491905,26255,2020
330522,长兴县,district,Zhejiang,downstream,湖州市,1433.6922371164071,330522,0.5388534920793066,40148,2020
330523,安吉县,district,Zhejiang,downstream,湖州市,1886.0989656016957,330523,0.6220090748748295,52728,2020
330602,越城区,district,Zhejiang,downstream,绍兴市,658.5333778418017,330602,0.4142600818107444,18335,2020
330603,柯桥区,district,Zhejiang,downstream,绍兴市,1069.7839196898187,330603,0.5260684052941377,29391,2020
330604,上虞区,district,Zhejiang,downstream,绍兴市,1235.4799123314447,330604,0.5358302039601012,33585,2020
330624,新昌县,district,Zhejiang,downstream,绍兴市,1220.4103228934441,330624,0.6501905686343407,34152,2020
330681,诸暨市,district,Zhejiang,downstream,绍兴市,2313.840300093012,330681,0.5882912961590714,64776,2020
330683,嵊州市,district,Zhejiang,downstream,绍兴市,1781.626154894596,330683,0.628724909682081,49824,2020
330702,婺城区,district,Zhejiang,downstream,金华市,1389.4531093624198,330702,0.559725437512868,38856,2020
330703,金东区,district,Zhejiang,downstream,金华市,663.9525709403498,330703,0.5038833603195165,18528,2020
330723,武义县,district,Zhejiang,downstream,金华市,1580.884270243928,330723,0.5947457654723127,44208,2020
330726,浦江县,district,Zhejiang,downstream,金华市,891.7414939670243,330726,0.6012208774462625,24936,2020
330727,磐安县,district,Zhejiang,downstream,金华市,1184.9866293902126,330727,0.6716450622883405,33072,2020
330781,兰溪市,district,Zhejiang,downstream,金华市,1304.8308785072343,330781,0.5468849300087487,36576,2020
330782,义乌市,district,Zhejiang,downstream,金华市,1107.7412235881714,330782,0.5010683840523884,31152,2020
330783,东阳市,district,Zhejiang,downstream,金华市,1755.0869854682837,330783,0.5732113810221355,49152,2020
330784,永康市,district,Zhejiang,downstream,金华市,1042.0813570813693,330784,0.5181791289747807,29184,2020
330802,柯城区,district,Zhejiang,downstream,衢州市,604.230260246953,330802,0.5032081687823226,17016,2020
330803,衢江区,district,Zhejiang,downstream,衢州市,1752.2631906767328,330803,0.5952193522615536,48816,2020
330822,常山县,district,Zhejiang,downstream,衢州市,1098.3065419088914,330822,0.5988165298410218,30696,2020
330824,开化县,district,Zhejiang,downstream,衢州市,2232.164306461802,330824,0.646512655568386,62352,2020
330825,龙游县,district,Zhejiang,downstream,衢州市,1143.7202967945364,330825,0.5606715829585208,32016,2020
330881,江山市,district,Zhejiang,downstream,衢州市,2017.9097064817954,330881,0.6299914259416596,56496,2020
330902,定海区,district,Zhejiang,downstream,舟山市,612.6794068431582,330902,0.4597775071123756,16872,2020
330903,普陀区,district,Zhejiang,downstream,舟山市,499.8891374247891,330903,0.3769061189358373,12780,2020
330921,岱山县,district,Zhejiang,downstream,舟山市,347.2254640771381,330921,0.35859781414377556,8555,2020
330922,嵊泗县,district,Zhejiang,downstream,舟山市,155.16190246716923,330922,0.3095653233830845,2010,2020
331002,椒江区,district,Zhejiang,downstream,台州市,365.1461131717215,331002,0.3333480516707591,9367,2020
331003,黄岩区,district,Zhejiang,downstream,台州市,989.5836642543163,331003,0.6213036706241153,27543,2020
331004,路桥区,district,Zhejiang,downstream,台州市,360.5691860238901,331004,0.34232801651970096,8959,2020
331022,三门县,district,Zhejiang,downstream,台州市,1230.0317536353416,331022,0.5218139445494645,31740,2020
331023,天台县,district,Zhejiang,downstream,台州市,1423.229486015891,331023,0.644225165165165,39960,2020
331024,仙居县,district,Zhejiang,downstream,台州市,1999.9174418995105,331024,0.6594363115631691,56040,2020
331081,温岭市,district,Zhejiang,downstream,台州市,1097.2178491184643,331081,0.4449068638804085,28497,2020
331082,临海市,district,Zhejiang,downstream,台州市,2266.0441453174194,331082,0.6154573663475937,61428,2020
331083,玉环市,district,Zhejiang,downstream,台州市,637.9597772076177,331083,0.3764886999135198,13876,2020
331102,莲都区,district,Zhejiang,downstream,丽水市,1503.0729750549303,331102,0.6152482166571813,42168,2020
331121,青田县,district,Zhejiang,downstream,丽水市,2474.8929577491263,331121,0.6377400176015696,69312,2020
331122,缙云县,district,Zhejiang,downstream,丽水市,1498.9865951356003,331122,0.625990110125858,41952,2020
331123,遂昌县,district,Zhejiang,downstream,丽水市,2533.5870734968,331123,0.673957759009009,71040,2020
331124,松阳县,district,Zhejiang,downstream,丽水市,1402.9725718422874,331124,0.6255969687753449,39456,2020
331125,云和县,district,Zhejiang,downstream,丽水市,976.5369380411703,331125,0.6348361588771314,27216,2020
331126,庆元县,district,Zhejiang,downstream,丽水市,1895.3146670958868,331126,0.6425133559577677,53040,2020
331127,景宁畲族自治县,district,Zhejiang,downstream,丽水市,1937.0193188129406,331127,0.6542077726132509,54216,2020
331181,龙泉市,district,Zhejiang,downstream,丽水市,3035.905897286227,331181,0.6377975293841092,85080,2020
340102,瑶海区,district,Anhui,downstream,合肥市,223.20170672720963,340102,0.3566235576923078,6240,2020
340103,庐阳区,district,Anhui,downstream,合肥市,136.5931682631307,340103,0.37264375163057645,3833,2020
340104,蜀山区,district,Anhui,downstream,合肥市,649.1167506000659,340104,0.4081149296394021,18192,2020
340111,包河区,district,Anhui,downstream,合肥市,312.14459922605363,340111,0.2763299953260107,8558,2020
340121,长丰县,district,Anhui,downstream,合肥市,1836.480230493782,340121,0.4219079750535958,51310,2020
340122,肥东县,district,Anhui,downstream,合肥市,2192.9836364014495,340122,0.42107125905529885,61014,2020
340123,肥西县,district,Anhui,downstream,合肥市,1699.3253412103036,340123,0.42822453937957705,46839,2020
340124,庐江县,district,Anhui,downstream,合肥市,2354.943704031302,340124,0.4242153965047595,65346,2020
340181,巢湖市,district,Anhui,downstream,合肥市,2067.628287270922,340181,0.375402090713853,54479,2020
340202,镜湖区,district,Anhui,downstream,芜湖市,116.03217988556156,340202,0.37427818627450987,3264,2020
340207,鸠江区,district,Anhui,downstream,芜湖市,883.718969513416,340207,0.3469649155033063,24498,2020
340209,弋江区,district,Anhui,downstream,芜湖市,517.020390850441,340209,0.3777959669007718,14381,2020
340210,湾沚区,district,Anhui,downstream,芜湖市,646.5624947658132,340210,0.4631575807879593,18072,2020
340211,繁昌区,district,Anhui,downstream,芜湖市,571.239981593977,340211,0.5158350688360451,15980,2020
340223,南陵县,district,Anhui,downstream,芜湖市,1267.1969063757608,340223,0.5314068258807588,35424,2020
340281,无为市,district,Anhui,downstream,芜湖市,2007.1696977773165,340281,0.3887988954501794,56222,2020
340302,龙子湖区,district,Anhui,downstream,蚌埠市,148.61818878096656,340302,0.4015915469348659,4176,2020
340303,蚌山区,district,Anhui,downstream,蚌埠市,90.09311868635908,340303,0.3871677469135803,2592,2020
340304,禹会区,district,Anhui,downstream,蚌埠市,321.7307023965704,340304,0.4303643540939296,8879,2020
340311,淮上区,district,Anhui,downstream,蚌埠市,408.7228651581569,340311,0.47823128330566955,11447,2020
340321,怀远县,district,Anhui,downstream,蚌埠市,2213.1134277024685,340321,0.5235063203994892,61879,2020
340322,五河县,district,Anhui,downstream,蚌埠市,1423.6538095887743,340322,0.47580982779920833,39663,2020
340323,固镇县,district,Anhui,downstream,蚌埠市,1368.4982256136207,340323,0.5404203030303031,38280,2020
340402,大通区,district,Anhui,downstream,淮南市,311.33431063886013,340402,0.41438373315055965,8754,2020
340403,田家庵区,district,Anhui,downstream,淮南市,253.04907315109463,340403,0.41003820861678014,7056,2020
340404,谢家集区,district,Anhui,downstream,淮南市,270.8449165365571,340404,0.37229896189224704,7610,2020
340405,八公山区,district,Anhui,downstream,淮南市,67.22617321627088,340405,0.4115375548245614,1824,2020
340406,潘集区,district,Anhui,downstream,淮南市,600.137325877372,340406,0.47879483551256796,16749,2020
340421,凤台县,district,Anhui,downstream,淮南市,1086.4628902522823,340421,0.5022894988145417,30368,2020
340422,寿县,district,Anhui,downstream,淮南市,2944.3151717019978,340422,0.41659234208372525,81863,2020
340503,花山区,district,Anhui,downstream,马鞍山市,178.59491964325548,340503,0.4004382778000803,4982,2020
340504,雨山区,district,Anhui,downstream,马鞍山市,173.5938873576345,340504,0.4054981783919598,4776,2020
340506,博望区,district,Anhui,downstream,马鞍山市,368.764390793682,340506,0.416560756662128,10282,2020
340521,当涂县,district,Anhui,downstream,马鞍山市,977.0104895657896,340521,0.33392137885316536,27153,2020
340522,含山县,district,Anhui,downstream,马鞍山市,1034.7823481284433,340522,0.4719614073818558,28990,2020
340523,和县,district,Anhui,downstream,马鞍山市,1317.3220776669955,340523,0.42514927693813215,36788,2020
340602,杜集区,district,Anhui,downstream,淮北市,238.42258088878725,340602,0.4360482464028777,6672,2020
340603,相山区,district,Anhui,downstream,淮北市,141.60950504531596,340603,0.41600481150793667,4032,2020
340604,烈山区,district,Anhui,downstream,淮北市,388.064799743551,340604,0.4874631759259258,10800,2020
340621,濉溪县,district,Anhui,downstream,淮北市,1980.1887472028484,340621,0.5677579604409858,55512,2020
340705,铜官区,district,Anhui,downstream,铜陵市,132.41059049582833,340705,0.3675934895833334,3840,2020
340706,义安区,district,Anhui,downstream,铜陵市,806.3199450695935,340706,0.47945994229915667,22530,2020
340711,郊区,district,Anhui,downstream,铜陵市,554.8505585935297,340711,0.4023343207758793,15157,2020
340722,枞阳县,district,Anhui,downstream,铜陵市,1489.536924093972,340722,0.42581436220244545,41463,2020
340802,迎江区,district,Anhui,downstream,安庆市,206.80263007327207,340802,0.24002058567195397,5737,2020
340803,大观区,district,Anhui,downstream,安庆市,274.9118768559185,340803,0.32962317619173026,7594,2020
340811,宜秀区,district,Anhui,downstream,安庆市,419.1114616816662,340811,0.3976980489474585,11686,2020
340822,怀宁县,district,Anhui,downstream,安庆市,1258.7877715386123,340822,0.4669849924777883,35229,2020
340825,太湖县,district,Anhui,downstream,安庆市,2040.6071533173065,340825,0.5624859173489826,56914,2020
340826,宿松县,district,Anhui,downstream,安庆市,2375.7089487393228,340826,0.37007226679421135,64814,2020
340827,望江县,district,Anhui,downstream,安庆市,1320.915648775733,340827,0.41025235233047364,36602,2020
340828,岳西县,district,Anhui,downstream,安庆市,2370.1283596536623,340828,0.6005571286591979,66408,2020
340881,桐城市,district,Anhui,downstream,安庆市,1540.6908825333312,340881,0.44621838207898645,42944,2020
340882,潜山市,district,Anhui,downstream,安庆市,1687.3997755131381,340882,0.5526626381098081,47064,2020
341002,屯溪区,district,Anhui,downstream,黄山市,194.21023891329403,341002,0.5103502802690584,5352,2020
341003,黄山区,district,Anhui,downstream,黄山市,1751.6136601187734,341003,0.6041211757709973,48768,2020
341004,徽州区,district,Anhui,downstream,黄山市,426.1598773204821,341004,0.615450321146245,12144,2020
341021,歙县,district,Anhui,downstream,黄山市,2116.7268899961014,341021,0.6222017719724585,59256,2020
341022,休宁县,district,Anhui,downstream,黄山市,2114.331908053519,341022,0.6395612120904413,59088,2020
341023,黟县,district,Anhui,downstream,黄山市,856.2440508272144,341023,0.6266466174507841,23976,2020
341024,祁门县,district,Anhui,downstream,黄山市,2213.0928539518172,341024,0.6540172729618163,62016,2020
341102,琅琊区,district,Anhui,downstream,滁州市,267.94074276451096,341102,0.3950362052793783,7463,2020
341103,南谯区,district,Anhui,downstream,滁州市,1128.2847455587555,341103,0.5016740145475337,31483,2020
341122,来安县,district,Anhui,downstream,滁州市,1501.6900590454054,341122,0.46727428313924524,42163,2020
341124,全椒县,district,Anhui,downstream,滁州市,1576.180385380058,341124,0.45205767102159317,44088,2020
341125,定远县,district,Anhui,downstream,滁州市,3006.116549724147,341125,0.44046833321454854,84186,2020
341126,凤阳县,district,Anhui,downstream,滁州市,1921.9878710716212,341126,0.45836760136767396,53814,2020
341181,天长市,district,Anhui,downstream,滁州市,1754.1820437707177,341181,0.448145729723092,48861,2020
341182,明光市,district,Anhui,downstream,滁州市,2360.938724315175,341182,0.456897878085243,65554,2020
341202,颍州区,district,Anhui,downstream,阜阳市,613.7587350972798,341202,0.45055643141385776,17088,2020
341203,颍东区,district,Anhui,downstream,阜阳市,678.366580699813,341203,0.4822056186868686,19008,2020
341204,颍泉区,district,Anhui,downstream,阜阳市,652.052386083288,341204,0.4874224759088919,18264,2020
341221,临泉县,district,Anhui,downstream,阜阳市,1839.233674958785,341221,0.5280099774037714,51336,2020
341222,太和县,district,Anhui,downstream,阜阳市,1859.6914468086723,341222,0.5473673896323644,52008,2020
341225,阜南县,district,Anhui,downstream,阜阳市,1810.9231916522733,341225,0.4832713554584466,50802,2020
341226,颍上县,district,Anhui,downstream,阜阳市,2003.4322983945226,341226,0.46804138232253034,56094,2020
341282,界首市,district,Anhui,downstream,阜阳市,664.0641108215383,341282,0.5372169368785129,18504,2020
341302,埇桥区,district,Anhui,downstream,宿州市,2905.7168553382444,341302,0.5464403846153845,81120,2020
341321,砀山县,district,Anhui,downstream,宿州市,1198.9817740571723,341321,0.49635086545324775,33624,2020
341322,萧县,district,Anhui,downstream,宿州市,1847.9502753883917,341322,0.5445529609846727,51672,2020
341323,灵璧县,district,Anhui,downstream,宿州市,2130.884264900822,341323,0.5571834836339347,59880,2020
341324,泗县,district,Anhui,downstream,宿州市,1850.603374718374,341324,0.5396411985453421,51696,2020
341502,金安区,district,Anhui,downstream,六安市,1655.3208782253164,341502,0.4419919084628671,46320,2020
341503,裕安区,district,Anhui,downstream,六安市,1904.8979504930367,341503,0.44898594708121586,53327,2020
341504,叶集区,district,Anhui,downstream,六安市,566.797319901412,341504,0.39601914880040834,15672,2020
341522,霍邱县,district,Anhui,downstream,六安市,3227.0907312707463,341522,0.39347948433355157,90097,2020
341523,舒城县,district,Anhui,downstream,六安市,2121.1701507333128,341523,0.5302445467111696,59322,2020
341524,金寨县,district,Anhui,downstream,六安市,3918.8193748352755,341524,0.5838454817381789,109655,2020
341525,霍山县,district,Anhui,downstream,六安市,2046.2885487034475,341525,0.5812003028764509,57119,2020
341602,谯城区,district,Anhui,downstream,亳州市,2265.6371076463465,341602,0.5294352244074635,63456,2020
341621,涡阳县,district,Anhui,downstream,亳州市,2109.608301399785,341621,0.5755145163478499,58968,2020
341622,蒙城县,district,Anhui,downstream,亳州市,2142.586175942838,341622,0.5619670622996796,59904,2020
341623,利辛县,district,Anhui,downstream,亳州市,2011.309315195492,341623,0.5335922326641037,56184,2020
341702,贵池区,district,Anhui,downstream,池州市,2514.775261823752,341702,0.5446988978441034,70226,2020
341721,东至县,district,Anhui,downstream,池州市,3264.2760210902065,341721,0.5763016251247355,91193,2020
341722,石台县,district,Anhui,downstream,池州市,1429.5188649595768,341722,0.6374003276310526,39984,2020
341723,青阳县,district,Anhui,downstream,池州市,1194.166013067355,341723,0.590376107519157,33408,2020
341802,宣州区,district,Anhui,downstream,宣城市,2632.267410727774,341802,0.5112604254794857,73047,2020
341821,郎溪县,district,Anhui,downstream,宣城市,1101.625827929153,341821,0.4876500828271674,30787,2020
341823,泾县,district,Anhui,downstream,宣城市,2035.9922387839435,341823,0.6334137611950744,57168,2020
341824,绩溪县,district,Anhui,downstream,宣城市,1111.9240284860919,341824,0.6083133320433436,31008,2020
341825,旌德县,district,Anhui,downstream,宣城市,903.5139208141164,341825,0.5902524842022119,25320,2020
341881,宁国市,district,Anhui,downstream,宣城市,2427.2548587043675,341881,0.6280375029519425,67752,2020
341882,广德市,district,Anhui,downstream,宣城市,2109.985696100287,341882,0.5725217873119156,59016,2020
360102,东湖区,district,Jiangxi,midstream,南昌市,55.438449543208975,360102,0.2525836978131213,1509,2020
360103,西湖区,district,Jiangxi,midstream,南昌市,34.67313309565516,360103,0.2269113247863248,936,2020
360104,青云谱区,district,Jiangxi,midstream,南昌市,36.88684465783203,360104,0.2370974431818182,1056,2020
360111,青山湖区,district,Jiangxi,midstream,南昌市,262.7025828074559,360111,0.34002717524093934,7367,2020
360112,新建区,district,Jiangxi,midstream,南昌市,2198.9769661640435,360112,0.4048435016515682,61154,2020
360113,红谷滩区,district,Jiangxi,midstream,南昌市,195.6951590835792,360113,0.325325049558479,5549,2020
360121,南昌县,district,Jiangxi,midstream,南昌市,1808.190192714385,360121,0.3593888886688976,50507,2020
360123,安义县,district,Jiangxi,midstream,南昌市,664.8719936424603,360123,0.5134123923341949,18576,2020
360124,进贤县,district,Jiangxi,midstream,南昌市,1937.6521636491213,360124,0.4050812780520646,53472,2020
360202,昌江区,district,Jiangxi,midstream,景德镇市,324.7732660725915,360202,0.5479538461538462,9048,2020
360203,珠山区,district,Jiangxi,midstream,景德镇市,113.60791308218471,360203,0.5069893248175183,3288,2020
360222,浮梁县,district,Jiangxi,midstream,景德镇市,2831.515404499308,360222,0.6511269260887134,79176,2020
360281,乐平市,district,Jiangxi,midstream,景德镇市,1982.7177770678134,360281,0.5725249783080261,55320,2020
360302,安源区,district,Jiangxi,midstream,萍乡市,212.48884585472334,360302,0.48000065000000003,6000,2020
360313,湘东区,district,Jiangxi,midstream,萍乡市,856.7814945507386,360313,0.5623160008375209,23880,2020
360321,莲花县,district,Jiangxi,midstream,萍乡市,1065.944136146615,360321,0.6030830280461619,29808,2020
360322,上栗县,district,Jiangxi,midstream,萍乡市,728.2416986310417,360322,0.523624339012926,20424,2020
360323,芦溪县,district,Jiangxi,midstream,萍乡市,958.379034562461,360323,0.6089455829596413,26760,2020
360402,濂溪区,district,Jiangxi,midstream,九江市,400.15837630658876,360402,0.39366107496211794,11219,2020
360403,浔阳区,district,Jiangxi,midstream,九江市,48.001345996948146,360403,0.21743996901626653,1291,2020
360404,柴桑区,district,Jiangxi,midstream,九江市,887.9961248913513,360404,0.45798717284899493,24721,2020
360423,武宁县,district,Jiangxi,midstream,九江市,3528.907809994969,360423,0.5893209234259327,98741,2020
360424,修水县,district,Jiangxi,midstream,九江市,4498.6831157352035,360424,0.5858095073445252,125808,2020
360425,永修县,district,Jiangxi,midstream,九江市,1945.8776265286533,360425,0.4303708167312219,53959,2020
360426,德安县,district,Jiangxi,midstream,九江市,853.4888828648834,360426,0.5738199009324008,24024,2020
360428,都昌县,district,Jiangxi,midstream,九江市,2226.2540609858424,360428,0.3911318660523283,60770,2020
360429,湖口县,district,Jiangxi,midstream,九江市,667.7606695519828,360429,0.4300263972484952,18608,2020
360430,彭泽县,district,Jiangxi,midstream,九江市,1548.5480599892667,360430,0.5260298841752721,42996,2020
360481,瑞昌市,district,Jiangxi,midstream,九江市,1428.575131319096,360481,0.5655554871024292,39930,2020
360482,共青城市,district,Jiangxi,midstream,九江市,304.7694194408603,360482,0.3637289498359119,8532,2020
360483,庐山市,district,Jiangxi,midstream,九江市,770.1451378492487,360483,0.42714059021363276,21111,2020
360502,渝水区,district,Jiangxi,midstream,新余市,1792.9430799886527,360502,0.48809556496501283,50304,2020
360521,分宜县,district,Jiangxi,midstream,新余市,1372.864415934072,360521,0.5799827954741436,38269,2020
360602,月湖区,district,Jiangxi,midstream,鹰潭市,137.3253167513237,360602,0.3730893149284253,3912,2020
360603,余江区,district,Jiangxi,midstream,鹰潭市,930.605027398769,360603,0.509116222017786,26088,2020
360681,贵溪市,district,Jiangxi,midstream,鹰潭市,2479.0632064812976,360681,0.5921839089912282,69312,2020
360702,章贡区,district,Jiangxi,midstream,赣州市,591.319208488803,360702,0.4859337728805395,16608,2020
360703,南康区,district,Jiangxi,midstream,赣州市,1740.4298067739564,360703,0.5757569478704162,48648,2020
360704,赣县区,district,Jiangxi,midstream,赣州市,2987.273378102233,360704,0.6137551659391262,83615,2020
360722,信丰县,district,Jiangxi,midstream,赣州市,2866.6780978602183,360722,0.6109508827473179,80544,2020
360723,大余县,district,Jiangxi,midstream,赣州市,1345.3442328613287,360723,0.6327923963620979,37824,2020
360724,上犹县,district,Jiangxi,midstream,赣州市,1535.697107335186,360724,0.64761011039687,42936,2020
360725,崇义县,district,Jiangxi,midstream,赣州市,2205.15875354076,360725,0.6658172105672107,61776,2020
360726,安远县,district,Jiangxi,midstream,赣州市,2363.6326122264177,360726,0.6530405193236717,66240,2020
360728,定南县,district,Jiangxi,midstream,赣州市,1321.3758952487754,360728,0.642111961230236,36936,2020
360729,全南县,district,Jiangxi,midstream,赣州市,1533.8417267049902,360729,0.659865855189732,43008,2020
360730,宁都县,district,Jiangxi,midstream,赣州市,4051.055865035267,360730,0.6200545134488099,113616,2020
360731,于都县,district,Jiangxi,midstream,赣州市,2890.8217134985393,360731,0.5973678007816363,80856,2020
360732,兴国县,district,Jiangxi,midstream,赣州市,3213.9462137252276,360732,0.5987992996264678,89952,2020
360733,会昌县,district,Jiangxi,midstream,赣州市,2706.546679791455,360733,0.6544863507109006,75960,2020
360734,寻乌县,district,Jiangxi,midstream,赣州市,2336.71606604736,360734,0.6472612438949942,65520,2020
360735,石城县,district,Jiangxi,midstream,赣州市,1567.861595704627,360735,0.6482000730994151,43776,2020
360781,瑞金市,district,Jiangxi,midstream,赣州市,2439.3667849791464,360781,0.6498421385577373,68448,2020
360783,龙南市,district,Jiangxi,midstream,赣州市,1644.8942677450514,360783,0.6332423661800487,46032,2020
360802,吉州区,district,Jiangxi,midstream,吉安市,429.59052625955667,360802,0.4458728979659063,12143,2020
360803,青原区,district,Jiangxi,midstream,吉安市,914.3509588774181,360803,0.6043874647224837,25512,2020
360821,吉安县,district,Jiangxi,midstream,吉安市,2122.7223195402444,360821,0.5764758715038505,59208,2020
360822,吉水县,district,Jiangxi,midstream,吉安市,2509.451557493662,360822,0.5927233791580597,70195,2020
360823,峡江县,district,Jiangxi,midstream,吉安市,1296.7803830153337,360823,0.5781053436800973,36211,2020
360824,新干县,district,Jiangxi,midstream,吉安市,1243.5226627617428,360824,0.5372003093137816,34916,2020
360825,永丰县,district,Jiangxi,midstream,吉安市,2699.6110634633146,360825,0.6302353829899634,75720,2020
360826,泰和县,district,Jiangxi,midstream,吉安市,2503.0502560419577,360826,0.5954080785218087,70248,2020
360827,遂川县,district,Jiangxi,midstream,吉安市,3102.656388593549,360827,0.6685592104656523,86760,2020
360828,万安县,district,Jiangxi,midstream,吉安市,2039.8135043315342,360828,0.6054658372903925,57071,2020
360829,安福县,district,Jiangxi,midstream,吉安市,2787.0131375126753,360829,0.6236024217948717,78000,2020
360830,永新县,district,Jiangxi,midstream,吉安市,2181.9270895225964,360830,0.6155330468238374,61080,2020
360881,井冈山市,district,Jiangxi,midstream,吉安市,1443.338792734898,360881,0.684285979897009,40392,2020
360902,袁州区,district,Jiangxi,midstream,宜春市,2531.4595536763827,360902,0.561610265189945,70968,2020
360921,奉新县,district,Jiangxi,midstream,宜春市,1646.3985509286288,360921,0.5705408589543165,46056,2020
360922,万载县,district,Jiangxi,midstream,宜春市,1710.4295198852237,360922,0.5594076089679357,47904,2020
360923,上高县,district,Jiangxi,midstream,宜春市,1350.2480722082948,360923,0.5132674427844883,37752,2020
360924,宜丰县,district,Jiangxi,midstream,宜春市,1931.2994946506458,360924,0.5695339800443457,54120,2020
360925,靖安县,district,Jiangxi,midstream,宜春市,1378.7583807497226,360925,0.6479354916253101,38688,2020
360926,铜鼓县,district,Jiangxi,midstream,宜春市,1554.7202494980393,360926,0.623881853647276,43320,2020
360981,丰城市,district,Jiangxi,midstream,宜春市,2828.6721997895656,360981,0.48930033958643687,79214,2020
360982,樟树市,district,Jiangxi,midstream,宜春市,1285.3954072839895,360982,0.43173105751495183,35782,2020
360983,高安市,district,Jiangxi,midstream,宜春市,2441.4649372501353,360983,0.48363803711509207,68328,2020
361002,临川区,district,Jiangxi,midstream,抚州市,2120.854794234236,361002,0.5050828379771218,59183,2020
361003,东乡区,district,Jiangxi,midstream,抚州市,1260.7744404030923,361003,0.5370580035691018,35303,2020
361021,南城县,district,Jiangxi,midstream,抚州市,1709.24782019623,361021,0.6184326034367703,47952,2020
361022,黎川县,district,Jiangxi,midstream,抚州市,1708.226233553219,361022,0.6547356736877297,47856,2020
361023,南丰县,district,Jiangxi,midstream,抚州市,1922.2228523269955,361023,0.651963893217572,53904,2020
361024,崇仁县,district,Jiangxi,midstream,抚州市,1513.5921511052204,361024,0.5764751158063909,42312,2020
361025,乐安县,district,Jiangxi,midstream,抚州市,2410.730980190617,361025,0.6424771603840683,67488,2020
361026,宜黄县,district,Jiangxi,midstream,抚州市,1940.9768407647819,361026,0.6839512944983818,54384,2020
361027,金溪县,district,Jiangxi,midstream,抚州市,1357.7771988517586,361027,0.571384231051089,38208,2020
361028,资溪县,district,Jiangxi,midstream,抚州市,1254.092995795324,361028,0.6962146004331967,35088,2020
361030,广昌县,district,Jiangxi,midstream,抚州市,1602.8505177078819,361030,0.6543356740064443,44688,2020
361102,信州区,district,Jiangxi,midstream,上饶市,315.8189381396611,361102,0.5065939008042895,8952,2020
361103,广丰区,district,Jiangxi,midstream,上饶市,1374.9479486460177,361103,0.5937866344354334,38472,2020
361104,广信区,district,Jiangxi,midstream,上饶市,2235.544450810554,361104,0.6036594929622523,62520,2020
361123,玉山县,district,Jiangxi,midstream,上饶市,1735.930230086238,361123,0.6174936323092167,48432,2020
361124,铅山县,district,Jiangxi,midstream,上饶市,2182.0783633509127,361124,0.6496032154551408,61080,2020
361125,横峰县,district,Jiangxi,midstream,上饶市,650.5790420398001,361125,0.5925500603070173,18240,2020
361126,弋阳县,district,Jiangxi,midstream,上饶市,1584.7834143283117,361126,0.6050270619253649,44376,2020
361127,余干县,district,Jiangxi,midstream,上饶市,2352.617704634918,361127,0.4150648378512193,64632,2020
361128,鄱阳县,district,Jiangxi,midstream,上饶市,4132.920752079172,361128,0.48059175184196096,114959,2020
361129,万年县,district,Jiangxi,midstream,上饶市,1154.341139911328,361129,0.5711658438505319,32328,2020
361130,婺源县,district,Jiangxi,midstream,上饶市,2968.7578362698714,361130,0.6559542448292449,83160,2020
361181,德兴市,district,Jiangxi,midstream,上饶市,2081.8707940098825,361181,0.6461716038577705,58272,2020
420102,江岸区,district,Hubei,midstream,武汉市,80.97270574423324,420102,0.2281207232267037,2157,2020
420103,江汉区,district,Hubei,midstream,武汉市,28.506906436486616,420103,0.21427828106852498,861,2020
420104,硚口区,district,Hubei,midstream,武汉市,40.300513359673374,420104,0.24762953703703705,1080,2020
420105,汉阳区,district,Hubei,midstream,武汉市,112.45069486358896,420105,0.23424324151185139,3122,2020
420106,武昌区,district,Hubei,midstream,武汉市,100.20061910330976,420106,0.22328298649142025,2739,2020
420107,青山区,district,Hubei,midstream,武汉市,91.60307133866473,420107,0.2782410225442834,2484,2020
420111,洪山区,district,Hubei,midstream,武汉市,514.2210252329003,420111,0.30657769123783046,14380,2020
420112,东西湖区,district,Hubei,midstream,武汉市,491.8604631833799,420112,0.3617413747810858,13704,2020
420113,汉南区,district,Hubei,midstream,武汉市,289.05750560492805,420113,0.31560859218436876,7984,2020
420114,蔡甸区,district,Hubei,midstream,武汉市,1088.4388050042191,420114,0.35906131988396633,30336,2020
420115,江夏区,district,Hubei,midstream,武汉市,2009.6084403361701,420115,0.3869515014988063,55711,2020
420116,黄陂区,district,Hubei,midstream,武汉市,2246.606516429911,420116,0.4697401786711333,62685,2020
420117,新洲区,district,Hubei,midstream,武汉市,1478.554724083508,420117,0.42181674530596364,41116,2020
420202,黄石港区,district,Hubei,midstream,黄石市,32.26098463336755,420202,0.22642164599774522,887,2020
420203,西塞山区,district,Hubei,midstream,黄石市,113.1443038008713,420203,0.38349102885821834,3188,2020
420204,下陆区,district,Hubei,midstream,黄石市,62.14427931182678,420204,0.3870011111111111,1800,2020
420205,铁山区,district,Hubei,midstream,黄石市,28.290620192002645,420205,0.43552343750000017,768,2020
420222,阳新县,district,Hubei,midstream,黄石市,2775.143083466362,420222,0.4907355406960955,77317,2020
420281,大冶市,district,Hubei,midstream,黄石市,1555.8490602180618,420281,0.47318239205704987,43611,2020
420302,茅箭区,district,Hubei,midstream,十堰市,540.123374988029,420302,0.5447426851851852,15120,2020
420303,张湾区,district,Hubei,midstream,十堰市,660.5863657183554,420303,0.5732621482683984,18480,2020
420304,郧阳区,district,Hubei,midstream,十堰市,3824.3172522530995,420304,0.5556021356572471,106946,2020
420322,郧西县,district,Hubei,midstream,十堰市,3516.3081376827186,420322,0.5758174346125643,98184,2020
420323,竹山县,district,Hubei,midstream,十堰市,3615.070926990317,420323,0.6004893845212724,101352,2020
420324,竹溪县,district,Hubei,midstream,十堰市,3305.378166878586,420324,0.5868473409090909,92400,2020
420325,房县,district,Hubei,midstream,十堰市,5129.6605257675465,420325,0.6062035981360571,143352,2020
420381,丹江口市,district,Hubei,midstream,十堰市,3126.010321809297,420381,0.5404207788343804,87387,2020
420502,西陵区,district,Hubei,midstream,宜昌市,61.739607563532985,420502,0.3257306547619047,1680,2020
420503,伍家岗区,district,Hubei,midstream,宜昌市,82.3963649564927,420503,0.38150266323024057,2328,2020
420504,点军区,district,Hubei,midstream,宜昌市,533.3217905160103,420504,0.5748477484732568,14901,2020
420505,猇亭区,district,Hubei,midstream,宜昌市,120.69061745235126,420505,0.43718467261904764,3360,2020
420506,夷陵区,district,Hubei,midstream,宜昌市,3434.376715423116,420506,0.5848121184088804,96209,2020
420525,远安县,district,Hubei,midstream,宜昌市,1746.3169588471694,420525,0.6195054793401926,48984,2020
420526,兴山县,district,Hubei,midstream,宜昌市,2315.0963564237773,420526,0.5922050303368003,64608,2020
420527,秭归县,district,Hubei,midstream,宜昌市,2277.5576208318844,420527,0.5534932788302807,63605,2020
420528,长阳土家族自治县,district,Hubei,midstream,宜昌市,3394.8465110898287,420528,0.5886537585421416,94824,2020
420529,五峰土家族自治县,district,Hubei,midstream,宜昌市,2402.559944021492,420529,0.5815986319295742,67248,2020
420581,宜都市,district,Hubei,midstream,宜昌市,1348.946284936571,420581,0.5680929179964658,37913,2020
420582,当阳市,district,Hubei,midstream,宜昌市,2155.452120256086,420582,0.5180625248212867,60432,2020
420583,枝江市,district,Hubei,midstream,宜昌市,1367.8984261041835,420583,0.45141098479910324,38353,2020
420602,襄城区,district,Hubei,midstream,襄阳市,659.3016742173489,420602,0.4936030216216216,18500,2020
420606,樊城区,district,Hubei,midstream,襄阳市,549.6048478107225,420606,0.4343325365726226,15312,2020
420607,襄州区,district,Hubei,midstream,襄阳市,2454.659504762595,420607,0.5230801419987491,68733,2020
420624,南漳县,district,Hubei,midstream,襄阳市,3839.1929933240385,420624,0.6045504595451158,107280,2020
420625,谷城县,district,Hubei,midstream,襄阳市,2547.811862076087,420625,0.5952634737701231,71064,2020
420626,保康县,district,Hubei,midstream,襄阳市,3226.313059147245,420626,0.6106224891458444,90288,2020
420682,老河口市,district,Hubei,midstream,襄阳市,1061.3652654803082,420682,0.5082971436216469,29898,2020
420683,枣阳市,district,Hubei,midstream,襄阳市,3271.4903795684513,420683,0.5229858950128367,91535,2020
420684,宜城市,district,Hubei,midstream,襄阳市,2113.4634122476555,420684,0.515374242886179,59040,2020
420702,梁子湖区,district,Hubei,midstream,鄂州市,494.13730009994,420702,0.39556134453781505,13566,2020
420703,华容区,district,Hubei,midstream,鄂州市,500.50992522198146,420703,0.3546949470956595,13893,2020
420704,鄂城区,district,Hubei,midstream,鄂州市,595.0898184191014,420704,0.3925548961603478,16564,2020
420802,东宝区,district,Hubei,midstream,荆门市,1672.8576886307696,420802,0.5497065715817695,46625,2020
420804,掇刀区,district,Hubei,midstream,荆门市,579.3011118998828,420804,0.4680589866863905,16224,2020
420822,沙洋县,district,Hubei,midstream,荆门市,2146.7505643051913,420822,0.45641915723565246,59732,2020
420881,钟祥市,district,Hubei,midstream,荆门市,4428.129387952753,420881,0.5223285597830469,123898,2020
420882,京山市,district,Hubei,midstream,荆门市,3525.1234149379397,420882,0.5511419381982607,98638,2020
420902,孝南区,district,Hubei,midstream,孝感市,1031.2713450698695,420902,0.4188776683200945,28829,2020
420921,孝昌县,district,Hubei,midstream,孝感市,1182.8454546243997,420921,0.4895519251626899,33192,2020
420922,大悟县,district,Hubei,midstream,孝感市,1978.8126646413482,420922,0.539752117693866,55296,2020
420923,云梦县,district,Hubei,midstream,孝感市,609.3390065249924,420923,0.43897206399437416,17064,2020
420981,应城市,district,Hubei,midstream,孝感市,1097.8309649940052,420981,0.4296592643542631,30531,2020
420982,安陆市,district,Hubei,midstream,孝感市,1353.3086935576634,420982,0.5047096594525778,37704,2020
420984,汉川市,district,Hubei,midstream,孝感市,1654.5381456172217,420984,0.3924381421427487,46193,2020
421002,沙市区,district,Hubei,midstream,荆州市,522.4526572311205,421002,0.3624768161373858,14674,2020
421003,荆州区,district,Hubei,midstream,荆州市,1042.8041037101361,421003,0.427154563908481,29065,2020
421022,公安县,district,Hubei,midstream,荆州市,2278.980004664385,421022,0.42663231022069176,63890,2020
421023,监利市,district,Hubei,midstream,荆州市,3182.442309880548,421023,0.3943630018160692,88653,2020
421024,江陵县,district,Hubei,midstream,荆州市,1042.9125102308328,421024,0.48033662206198424,28846,2020
421081,石首市,district,Hubei,midstream,荆州市,1401.118889655281,421081,0.43437997547078216,39137,2020
421083,洪湖市,district,Hubei,midstream,荆州市,2439.3153394754722,421083,0.3284842691449813,67250,2020
421087,松滋市,district,Hubei,midstream,荆州市,2179.310719804216,421087,0.5019132832244724,60934,2020
421102,黄州区,district,Hubei,midstream,黄冈市,359.08073220662055,421102,0.3398963849438872,10069,2020
421121,团风县,district,Hubei,midstream,黄冈市,812.8681972237358,421121,0.488159726751873,22690,2020
421122,红安县,district,Hubei,midstream,黄冈市,1782.5015129256783,421122,0.5255940089113681,49824,2020
421123,罗田县,district,Hubei,midstream,黄冈市,2129.003443268264,421123,0.580937797019734,59592,2020
421124,英山县,district,Hubei,midstream,黄冈市,1458.7923058624224,421124,0.59526816019227,40776,2020
421125,浠水县,district,Hubei,midstream,黄冈市,1955.590855652272,421125,0.4982643750114401,54633,2020
421126,蕲春县,district,Hubei,midstream,黄冈市,2404.5002345021126,421126,0.5272232727218661,67259,2020
421127,黄梅县,district,Hubei,midstream,黄冈市,1705.7938853690362,421127,0.40516282075651017,47349,2020
421181,麻城市,district,Hubei,midstream,黄冈市,3605.6738030500846,421181,0.5608751514611544,101016,2020
421182,武穴市,district,Hubei,midstream,黄冈市,1224.8300994428776,421182,0.42780063927744055,34101,2020
421202,咸安区,district,Hubei,midstream,咸宁市,1499.3450743711662,421202,0.5517886501102965,42159,2020
421221,嘉鱼县,district,Hubei,midstream,咸宁市,1024.7220552456795,421221,0.4014356961761539,28793,2020
421222,通城县,district,Hubei,midstream,咸宁市,1115.266294928542,421222,0.5455957595017976,31152,2020
421223,崇阳县,district,Hubei,midstream,咸宁市,1979.5482099903622,421223,0.5784945014398848,55560,2020
421224,通山县,district,Hubei,midstream,咸宁市,2413.7848707413095,421224,0.5816576259591937,67244,2020
421281,赤壁市,district,Hubei,midstream,咸宁市,1705.3576865242576,421281,0.564491342748735,47440,2020
421303,曾都区,district,Hubei,midstream,随州市,1436.5367190255347,421303,0.5232769587320577,40128,2020
421321,随县,district,Hubei,midstream,随州市,5527.635225334351,421321,0.5557259318899062,154632,2020
421381,广水市,district,Hubei,midstream,随州市,2646.649501946711,421381,0.5226504933678425,74184,2020
422801,恩施市,district,Hubei,midstream,恩施土家族苗族自治州,3957.225601134243,422801,0.5153174428901899,110664,2020
422802,利川市,district,Hubei,midstream,恩施土家族苗族自治州,4615.027811525016,422802,0.5372982097444484,128976,2020
422822,建始县,district,Hubei,midstream,恩施土家族苗族自治州,2670.8548098125707,422822,0.5495055760986067,74640,2020
422823,巴东县,district,Hubei,midstream,恩施土家族苗族自治州,3347.734963116147,422823,0.5474962043452227,93528,2020
422825,宣恩县,district,Hubei,midstream,恩施土家族苗族自治州,2747.4244559899844,422825,0.5019344318063778,77016,2020
422826,咸丰县,district,Hubei,midstream,恩施土家族苗族自治州,2515.191859493749,422826,0.48214097983778825,70032,2020
422827,来凤县,district,Hubei,midstream,恩施土家族苗族自治州,1335.9972167840185,422827,0.48340771140294686,37464,2020
422828,鹤峰县,district,Hubei,midstream,恩施土家族苗族自治州,2899.714473000317,422828,0.5723429905734875,81048,2020
429004,仙桃市,county-level-city,Hubei,midstream,,2518.345057851894,429004,0.4308690361668017,70479,2020
429005,潜江市,county-level-city,Hubei,midstream,,1999.367743323509,429005,0.436780972137773,55918,2020
429006,天门市,county-level-city,Hubei,midstream,,2620.66149876015,429006,0.46717066426701576,73344,2020
429021,神农架林区,county-level-city,Hubei,midstream,,3238.430938066015,429021,0.6202063179505293,90599,2020
430102,芙蓉区,district,Hunan,midstream,长沙市,44.25306006705811,430102,0.28810865384615386,1248,2020
430103,天心区,district,Hunan,midstream,长沙市,138.29142298801142,430103,0.3548974593495934,3936,2020
430104,岳麓区,district,Hunan,midstream,长沙市,544.2841974533617,430104,0.4452020107149945,15119,2020
430105,开福区,district,Hunan,midstream,长沙市,189.71050395074286,430105,0.37759078849028405,5352,2020
430111,雨花区,district,Hunan,midstream,长沙市,290.3638761717172,430111,0.44524429240631175,8112,2020
430112,望城区,district,Hunan,midstream,长沙市,950.9638826418949,430112,0.446874794332724,26256,2020
430121,长沙县,district,Hunan,midstream,长沙市,1756.0557749531679,430121,0.5089463656387667,49032,2020
430181,浏阳市,district,Hunan,midstream,长沙市,4996.606313937902,430181,0.5753200356284341,139776,2020
430182,宁乡市,district,Hunan,midstream,长沙市,2909.3114907941303,430182,0.5280930006878932,81408,2020
430202,荷塘区,district,Hunan,midstream,株洲市,153.3348448791306,430202,0.5109363229755178,4248,2020
430203,芦淞区,district,Hunan,midstream,株洲市,220.59372785532295,430203,0.5261417474160206,6192,2020
430204,石峰区,district,Hunan,midstream,株洲市,165.48701532942033,430204,0.4257453632478633,4680,2020
430211,天元区,district,Hunan,midstream,株洲市,323.90663306505667,430211,0.4366306818181818,8976,2020
430212,渌口区,district,Hunan,midstream,株洲市,1056.8495131515695,430212,0.5394876546946463,29736,2020
430223,攸县,district,Hunan,midstream,株洲市,2662.2369421039148,430223,0.5671353615946702,74448,2020
430224,茶陵县,district,Hunan,midstream,株洲市,2505.879597943608,430224,0.6053932044497549,70296,2020
430225,炎陵县,district,Hunan,midstream,株洲市,2038.1575356100918,430225,0.6885728851540616,57120,2020
430281,醴陵市,district,Hunan,midstream,株洲市,2139.2311974108093,430281,0.5441216480074637,60024,2020
430302,雨湖区,district,Hunan,midstream,湘潭市,455.2440148685728,430302,0.4287320935342122,12744,2020
430304,岳塘区,district,Hunan,midstream,湘潭市,207.68242162875484,430304,0.4134189504881449,5736,2020
430321,湘潭县,district,Hunan,midstream,湘潭市,2140.935987392846,430321,0.5311911973719496,59664,2020
430381,湘乡市,district,Hunan,midstream,湘潭市,1962.8516933179426,430381,0.5481126810020271,55248,2020
430382,韶山市,district,Hunan,midstream,湘潭市,248.38564400653016,430382,0.5535623281786941,6984,2020
430405,珠晖区,district,Hunan,midstream,衡阳市,219.58236255545197,430405,0.43731549272486775,6048,2020
430406,雁峰区,district,Hunan,midstream,衡阳市,82.50911014766757,430406,0.3714951754385965,2280,2020
430407,石鼓区,district,Hunan,midstream,衡阳市,105.24811941945023,430407,0.37744455645161284,2976,2020
430408,蒸湘区,district,Hunan,midstream,衡阳市,112.30543541017636,430408,0.37948606965174125,3216,2020
430412,南岳区,district,Hunan,midstream,衡阳市,182.14228009057442,430412,0.5995807945736433,5160,2020
430421,衡阳县,district,Hunan,midstream,衡阳市,2561.639018126502,430421,0.5448831072784103,71664,2020
430422,衡南县,district,Hunan,midstream,衡阳市,2608.3088259431916,430422,0.5341793671059857,72840,2020
430423,衡山县,district,Hunan,midstream,衡阳市,931.1562450536896,430423,0.5322221079790512,25968,2020
430424,衡东县,district,Hunan,midstream,衡阳市,1927.9859919143826,430424,0.5295611486986098,54096,2020
430426,祁东县,district,Hunan,midstream,衡阳市,1874.3111402249808,430426,0.5146931276807598,52224,2020
430481,耒阳市,district,Hunan,midstream,衡阳市,2652.9140705552,430481,0.545200681621855,74088,2020
430482,常宁市,district,Hunan,midstream,衡阳市,2045.8508324189402,430482,0.53454007296467,57288,2020
430502,双清区,district,Hunan,midstream,邵阳市,133.81988491438548,430502,0.4104513888888888,3672,2020
430503,大祥区,district,Hunan,midstream,邵阳市,213.05810226465124,430503,0.461912855691057,5904,2020
430511,北塔区,district,Hunan,midstream,邵阳市,84.30528725463664,430511,0.42525837542087536,2376,2020
430522,新邵县,district,Hunan,midstream,邵阳市,1767.2840436021834,430522,0.5445995551529793,49680,2020
430523,邵阳县,district,Hunan,midstream,邵阳市,1999.9132959822446,430523,0.5058998448866067,56088,2020
430524,隆回县,district,Hunan,midstream,邵阳市,2863.7516931277955,430524,0.5251241245136189,80184,2020
430525,洞口县,district,Hunan,midstream,邵阳市,2169.340565753624,430525,0.5047418235632661,60815,2020
430527,绥宁县,district,Hunan,midstream,邵阳市,2922.1114589525023,430527,0.5490045587804161,81864,2020
430528,新宁县,district,Hunan,midstream,邵阳市,2752.4809121944645,430528,0.5622163768454979,76944,2020
430529,城步苗族自治县,district,Hunan,midstream,邵阳市,2605.4793805466657,430529,0.5550421318822905,72959,2020
430581,武冈市,district,Hunan,midstream,邵阳市,1533.6921043106056,430581,0.5044502821301996,42888,2020
430582,邵东市,district,Hunan,midstream,邵阳市,1780.5717299473185,430582,0.5044096962430054,50040,2020
430602,岳阳楼区,district,Hunan,midstream,岳阳市,408.0058466236045,430602,0.45203085162423173,11390,2020
430603,云溪区,district,Hunan,midstream,岳阳市,381.3260412868489,430603,0.5125135034108962,10701,2020
430611,君山区,district,Hunan,midstream,岳阳市,625.8785386426309,430611,0.41452654282295287,17549,2020
430621,岳阳县,district,Hunan,midstream,岳阳市,2814.3451686208323,430621,0.4332374529509915,77313,2020
430623,华容县,district,Hunan,midstream,岳阳市,1601.9572347680116,430623,0.4643326576426397,44991,2020
430624,湘阴县,district,Hunan,midstream,岳阳市,1537.0941699566822,430624,0.3888545512457531,42384,2020
430626,平江县,district,Hunan,midstream,岳阳市,4115.808234743796,430626,0.5778849676089516,115464,2020
430681,汨罗市,district,Hunan,midstream,岳阳市,1668.1606249355873,430681,0.4832684151952918,46725,2020
430682,临湘市,district,Hunan,midstream,岳阳市,1719.7742849854283,430682,0.5679318996713943,48082,2020
430702,武陵区,district,Hunan,midstream,常德市,298.6799019565054,430702,0.380425015142338,8255,2020
430703,鼎城区,district,Hunan,midstream,常德市,2452.5982035913476,430703,0.5011452674957043,68674,2020
430721,安乡县,district,Hunan,midstream,常德市,1100.490668322925,430721,0.45070319503430245,30610,2020
430722,汉寿县,district,Hunan,midstream,常德市,2093.912734860146,430722,0.46251831338094496,58389,2020
430723,澧县,district,Hunan,midstream,常德市,2072.790088143822,430723,0.49036420056764407,58135,2020
430724,临澧县,district,Hunan,midstream,常德市,1204.6465916402308,430724,0.5096785192444759,33672,2020
430725,桃源县,district,Hunan,midstream,常德市,4447.675115726998,430725,0.5642015914351857,124416,2020
430726,石门县,district,Hunan,midstream,常德市,3975.3944783161064,430726,0.5804963366407823,111264,2020
430781,津市市,district,Hunan,midstream,常德市,557.0456065904302,430781,0.48071333593800886,15357,2020
430802,永定区,district,Hunan,midstream,张家界市,2187.4811341140635,430802,0.5196914506415293,61104,2020
430811,武陵源区,district,Hunan,midstream,张家界市,393.6334703340584,430811,0.5329335693536674,11016,2020
430821,慈利县,district,Hunan,midstream,张家界市,3487.8537004678765,430821,0.5535026459255618,97584,2020
430822,桑植县,district,Hunan,midstream,张家界市,3465.7006514211116,430822,0.5439683058925474,96936,2020
430902,资阳区,district,Hunan,midstream,益阳市,580.9614250920342,430902,0.4489371295043661,16262,2020
430903,赫山区,district,Hunan,midstream,益阳市,1271.5863402074306,430903,0.49617960530025396,35470,2020
430921,南县,district,Hunan,midstream,益阳市,1328.1162631795721,430921,0.42188175874645417,37015,2020
430922,桃江县,district,Hunan,midstream,益阳市,2067.9861043167502,430922,0.5708441215937243,58128,2020
430923,安化县,district,Hunan,midstream,益阳市,4952.663479883486,430923,0.5901433646247903,138696,2020
430981,沅江市,district,Hunan,midstream,益阳市,2133.075684945895,430981,0.37582400331383375,59146,2020
431002,北湖区,district,Hunan,midstream,郴州市,819.6536319553479,431002,0.5632324491028294,23184,2020
431003,苏仙区,district,Hunan,midstream,郴州市,1340.1659637990401,431003,0.5675416934275318,37368,2020
431021,桂阳县,district,Hunan,midstream,郴州市,2960.882224535952,431021,0.5618387490326947,82704,2020
431022,宜章县,district,Hunan,midstream,郴州市,2131.372927393927,431022,0.5764151200508293,59808,2020
431023,永兴县,district,Hunan,midstream,郴州市,1975.873861079918,431023,0.6025866291648635,55464,2020
431024,嘉禾县,district,Hunan,midstream,郴州市,691.107680788746,431024,0.5114920431105612,19392,2020
431025,临武县,district,Hunan,midstream,郴州市,1377.1709107137021,431025,0.5395490962295423,38616,2020
431026,汝城县,district,Hunan,midstream,郴州市,2400.828188251899,431026,0.636852760954756,67368,2020
431027,桂东县,district,Hunan,midstream,郴州市,1434.1298709275188,431027,0.6583283050258244,40272,2020
431028,安仁县,district,Hunan,midstream,郴州市,1466.6567411667606,431028,0.5940270466549297,40896,2020
431081,资兴市,district,Hunan,midstream,郴州市,2727.4097598488725,431081,0.6224253956400984,76332,2020
431102,零陵区,district,Hunan,midstream,永州市,1972.4960372071669,431102,0.5567418227351916,55104,2020
431103,冷水滩区,district,Hunan,midstream,永州市,1215.699517473588,431103,0.48808047316384173,33984,2020
431121,祁阳市,district,Hunan,midstream,永州市,2542.158302672965,431121,0.5357258911530257,71256,2020
431122,东安县,district,Hunan,midstream,永州市,2211.7739655461974,431122,0.5438084270025839,61920,2020
431123,双牌县,district,Hunan,midstream,永州市,1722.5145268925116,431123,0.5793546818106589,48336,2020
431124,道县,district,Hunan,midstream,永州市,2453.6235560721066,431124,0.5196214441155986,68928,2020
431125,江永县,district,Hunan,midstream,永州市,1625.5591103622712,431125,0.5263076879171057,45552,2020
431126,宁远县,district,Hunan,midstream,永州市,2489.1174154944124,431126,0.5300420099391012,69624,2020
431127,蓝山县,district,Hunan,midstream,永州市,1804.7652975449591,431127,0.5635204251459224,50712,2020
431128,新田县,district,Hunan,midstream,永州市,1001.7012768378321,431128,0.5183175528873641,27984,2020
431129,江华瑶族自治县,district,Hunan,midstream,永州市,3259.0989507542076,431129,0.6035397136785842,91296,2020
431202,鹤城区,district,Hunan,midstream,怀化市,674.407700969419,431202,0.49133269230769255,19032,2020
431221,中方县,district,Hunan,midstream,怀化市,1516.8341646902388,431221,0.5444705616969006,42336,2020
431222,沅陵县,district,Hunan,midstream,怀化市,5811.305127563067,431222,0.5387480560878537,162816,2020
431223,辰溪县,district,Hunan,midstream,怀化市,1991.7587053500454,431223,0.5301879109244907,55728,2020
431224,溆浦县,district,Hunan,midstream,怀化市,3426.3300916329713,431224,0.5491706686264693,95928,2020
431225,会同县,district,Hunan,midstream,怀化市,2260.729978727097,431225,0.5109103960866259,63168,2020
431226,麻阳苗族自治县,district,Hunan,midstream,怀化市,1568.5709355174952,431226,0.5003454375909752,43968,2020
431227,新晃侗族自治县,district,Hunan,midstream,怀化市,1494.7911829303214,431227,0.49293503396479144,41808,2020
431228,芷江侗族自治县,district,Hunan,midstream,怀化市,2090.1501021671816,431228,0.4982251706950703,58584,2020
431229,靖州苗族侗族自治县,district,Hunan,midstream,怀化市,2207.2272020914725,431229,0.5056952616279068,61920,2020
431230,通道侗族自治县,district,Hunan,midstream,怀化市,2213.285115658562,431230,0.5190506304824559,62016,2020
431281,洪江市,district,Hunan,midstream,怀化市,2293.189124397348,431281,0.5241351431730065,64223,2020
431302,娄星区,district,Hunan,midstream,娄底市,628.2915605627752,431302,0.48332353511171927,17544,2020
431321,双峰县,district,Hunan,midstream,娄底市,1599.5853010677536,431321,0.5488777025214592,44736,2020
431322,新化县,district,Hunan,midstream,娄底市,3645.2933877972932,431322,0.530007719752215,102024,2020
431381,冷水江市,district,Hunan,midstream,娄底市,432.0432814975172,431381,0.5068442065073039,12048,2020
431382,涟源市,district,Hunan,midstream,娄底市,1806.0394015781183,431382,0.5290253577640733,50592,2020
433101,吉首市,district,Hunan,midstream,湘西土家族苗族自治州,1078.6699258619512,433101,0.5017880037363224,29976,2020
433122,泸溪县,district,Hunan,midstream,湘西土家族苗族自治州,1566.8422736659745,433122,0.5137822226783434,43848,2020
433123,凤凰县,district,Hunan,midstream,湘西土家族苗族自治州,1727.7920133711343,433123,0.46698480868193903,48192,2020
433124,花垣县,district,Hunan,midstream,湘西土家族苗族自治州,1108.850047403911,433124,0.4590114543238387,31176,2020
433125,保靖县,district,Hunan,midstream,湘西土家族苗族自治州,1753.3147098067548,433125,0.48276484566389033,48984,2020
433126,古丈县,district,Hunan,midstream,湘西土家族苗族自治州,1297.8540964067822,433126,0.49394420671494393,36456,2020
433127,永顺县,district,Hunan,midstream,湘西土家族苗族自治州,3825.395896001024,433127,0.5124532204180665,107160,2020
433130,龙山县,district,Hunan,midstream,湘西土家族苗族自治州,3135.593902314214,433130,0.5089286577868852,87840,2020
500101,万州区,district,Chongqing,upstream,,3454.535607572833,500101,0.5539398776695004,96460,2020
500102,涪陵区,district,Chongqing,upstream,,2945.2469737369333,500102,0.5102491145662651,82389,2020
500103,渝中区,district,Chongqing,upstream,,23.79432021572131,500103,0.20019999999999996,648,2020
500104,大渡口区,district,Chongqing,upstream,,103.77187024321111,500104,0.35033134120917314,2878,2020
500105,江北区,district,Chongqing,upstream,,221.22762724812833,500105,0.33605710756053375,6071,2020
500106,沙坪坝区,district,Chongqing,upstream,,397.3222177927439,500106,0.42516037234042553,11280,2020
500107,九龙坡区,district,Chongqing,upstream,,432.1664135581398,500107,0.4265142490265927,12071,2020
500108,南岸区,district,Chongqing,upstream,,262.8061299823924,500108,0.39894826839826847,7392,2020
500109,北碚区,district,Chongqing,upstream,,749.5305842733702,500109,0.49156736351403324,20808,2020
500110,綦江区,district,Chongqing,upstream,,2754.6916020241556,500110,0.5436314302507839,76560,2020
500111,大足区,district,Chongqing,upstream,,1434.2736628911077,500111,0.49419951788569116,40032,2020
500112,渝北区,district,Chongqing,upstream,,1458.2234796203172,500112,0.4503214544209704,40896,2020
500113,巴南区,district,Chongqing,upstream,,1818.9202988931042,500113,0.5300826911027569,51072,2020
500114,黔江区,district,Chongqing,upstream,,2397.6549780720698,500114,0.4459108273809525,67200,2020
500115,长寿区,district,Chongqing,upstream,,1422.9345002029124,500115,0.4791584086799276,39816,2020
500116,江津区,district,Chongqing,upstream,,3217.020774475023,500116,0.5066124489161339,90048,2020
500117,合川区,district,Chongqing,upstream,,2347.542880106678,500117,0.4809770009157508,65520,2020
500118,永川区,district,Chongqing,upstream,,1581.0522657100637,500118,0.46739859218789,44111,2020
500119,南川区,district,Chongqing,upstream,,2598.2968829536485,500119,0.5350422680127993,72504,2020
500120,璧山区,district,Chongqing,upstream,,912.8121530993141,500120,0.5011427856025038,25560,2020
500151,铜梁区,district,Chongqing,upstream,,1340.9556522430635,500151,0.5010307204749679,37392,2020
500152,潼南区,district,Chongqing,upstream,,1587.9098628148536,500152,0.4859026393427743,44064,2020
500153,荣昌区,district,Chongqing,upstream,,1075.6728615686081,500153,0.4694423233333333,30000,2020
500154,开州区,district,Chongqing,upstream,,3961.901744198271,500154,0.5846845646604605,110856,2020
500155,梁平区,district,Chongqing,upstream,,1896.0272739182844,500155,0.5167286273841963,52848,2020
500156,武隆区,district,Chongqing,upstream,,2890.1172082046523,500156,0.4868353134579258,80904,2020
500229,城口县,district,Chongqing,upstream,,3291.9573390596975,500229,0.6144840989935796,92208,2020
500230,丰都县,district,Chongqing,upstream,,2898.7968854798455,500230,0.534043782306897,81252,2020
500231,垫江县,district,Chongqing,upstream,,1517.7027748418257,500231,0.5014863152440174,42456,2020
500233,忠县,district,Chongqing,upstream,,2181.015419592295,500233,0.512450095699259,61129,2020
500235,云阳县,district,Chongqing,upstream,,3642.836577721061,500235,0.5983815002359788,101704,2020
500236,奉节县,district,Chongqing,upstream,,4098.478891114488,500236,0.5900451082160301,114447,2020
500237,巫山县,district,Chongqing,upstream,,2953.2742821993697,500237,0.5541458771792053,82771,2020
500238,巫溪县,district,Chongqing,upstream,,4028.4328808752093,500238,0.5825995593033979,112776,2020
500240,石柱土家族自治县,district,Chongqing,upstream,,3012.515865115289,500240,0.549042664051355,84120,2020
500241,秀山土家族苗族自治县,district,Chongqing,upstream,,2453.969155118124,500241,0.4749190476190475,68544,2020
500242,酉阳土家族苗族自治县,district,Chongqing,upstream,,5174.9588719468575,500242,0.4754020135896583,144816,2020
500243,彭水苗族土家族自治县,district,Chongqing,upstream,,3899.2979715778592,500243,0.46126723017621146,108960,2020
510104,锦江区,district,Sichuan,upstream,成都市,61.12342357243482,510104,0.31614975845410626,1656,2020
510105,青羊区,district,Sichuan,upstream,成都市,66.51174540574401,510105,0.2980047008547008,1872,2020
510106,金牛区,district,Sichuan,upstream,成都市,109.9032113235389,510106,0.29515345528455283,2952,2020
510107,武侯区,district,Sichuan,upstream,成都市,127.6108935081082,510107,0.25978733552631583,3648,2020
510108,成华区,district,Sichuan,upstream,成都市,108.12402421679991,510108,0.3118208002645503,3024,2020
510112,龙泉驿区,district,Sichuan,upstream,成都市,560.0025769978663,510112,0.4758950076804915,15624,2020
510113,青白江区,district,Sichuan,upstream,成都市,371.2977290314394,510113,0.45100427130898024,10512,2020
510114,新都区,district,Sichuan,upstream,成都市,499.86468054748644,510114,0.41419064640410963,14016,2020
510115,温江区,district,Sichuan,upstream,成都市,276.8610390080862,510115,0.4371175869120654,7824,2020
510116,双流区,district,Sichuan,upstream,成都市,1064.894020183755,510116,0.45009665795119336,29832,2020
510117,郫都区,district,Sichuan,upstream,成都市,433.93472572358877,510117,0.44560243602362204,12192,2020
510118,新津区,district,Sichuan,upstream,成都市,330.5869707751814,510118,0.4327469343696026,9264,2020
510121,金堂县,district,Sichuan,upstream,成都市,1158.913755380515,510121,0.5236854243656073,32472,2020
510129,大邑县,district,Sichuan,upstream,成都市,1280.3105343524098,510129,0.5251862502783347,35928,2020
510131,蒲江县,district,Sichuan,upstream,成都市,581.6277399975646,510131,0.5033243035009862,16224,2020
510181,都江堰市,district,Sichuan,upstream,成都市,1205.2129875462706,510181,0.49445324206633257,33528,2020
510182,彭州市,district,Sichuan,upstream,成都市,1421.812418542818,510182,0.45826455066345,39792,2020
510183,邛崃市,district,Sichuan,upstream,成都市,1378.1579232460015,510183,0.5448615613980503,38568,2020
510184,崇州市,district,Sichuan,upstream,成都市,1091.4190398590788,510184,0.5096232611548559,30480,2020
510185,简阳市,district,Sichuan,upstream,成都市,2216.109408092721,510185,0.5153562217486765,61944,2020
510302,自流井区,district,Sichuan,upstream,自贡市,154.93988380004154,510302,0.4633798342541436,4344,2020
510303,贡井区,district,Sichuan,upstream,自贡市,407.37447414370126,510303,0.48767830673758866,11280,2020
510304,大安区,district,Sichuan,upstream,自贡市,400.8371998943217,510304,0.4433763829787235,11280,2020
510311,沿滩区,district,Sichuan,upstream,自贡市,468.8821942668786,510311,0.4658749545454546,13200,2020
510321,荣县,district,Sichuan,upstream,自贡市,1604.7503049805955,510321,0.5159026525257916,44976,2020
510322,富顺县,district,Sichuan,upstream,自贡市,1336.3950849139476,510322,0.46775958680778273,37416,2020
510402,东区,district,Sichuan,upstream,攀枝花市,165.46204226666356,510402,0.4637541018998272,4632,2020
510403,西区,district,Sichuan,upstream,攀枝花市,132.93417611709418,510403,0.5143018010752688,3720,2020
510411,仁和区,district,Sichuan,upstream,攀枝花市,1722.431811177577,510411,0.5448841128897786,47976,2020
510421,米易县,district,Sichuan,upstream,攀枝花市,2108.5018864225594,510421,0.5975541344981713,59064,2020
510422,盐边县,district,Sichuan,upstream,攀枝花市,3269.1987309988676,510422,0.579526144327639,91320,2020
510502,江阳区,district,Sichuan,upstream,泸州市,649.7519448984847,510502,0.4126440463818848,18283,2020
510503,纳溪区,district,Sichuan,upstream,泸州市,1153.65863593898,510503,0.5281292133084576,32160,2020
510504,龙马潭区,district,Sichuan,upstream,泸州市,332.8113433899871,510504,0.38855866970486114,9216,2020
510521,泸县,district,Sichuan,upstream,泸州市,1529.713557561158,510521,0.44577326117318455,42960,2020
510522,合江县,district,Sichuan,upstream,泸州市,2418.8405292109733,510522,0.5257779961287841,67679,2020
510524,叙永县,district,Sichuan,upstream,泸州市,2972.5037770413005,510524,0.5729736267301038,83232,2020
510525,古蔺县,district,Sichuan,upstream,泸州市,3187.8281660916814,510525,0.5234269752754633,89304,2020
510603,旌阳区,district,Sichuan,upstream,德阳市,650.2242790273405,510603,0.5027483674142482,18192,2020
510604,罗江区,district,Sichuan,upstream,德阳市,445.8921566504927,510604,0.5134825721153847,12480,2020
510623,中江县,district,Sichuan,upstream,德阳市,2202.042812711752,510623,0.5578699717128366,61512,2020
510681,广汉市,district,Sichuan,upstream,德阳市,548.2362309540132,510681,0.452598774126239,15336,2020
510682,什邡市,district,Sichuan,upstream,德阳市,822.1858322496175,510682,0.45219457031249993,23040,2020
510683,绵竹市,district,Sichuan,upstream,德阳市,1244.2334174901148,510683,0.5146909349173556,34848,2020
510703,涪城区,district,Sichuan,upstream,绵阳市,557.395747947647,510703,0.4394067475603493,15576,2020
510704,游仙区,district,Sichuan,upstream,绵阳市,1016.2198111307428,510704,0.5087284423347399,28440,2020
510705,安州区,district,Sichuan,upstream,绵阳市,1188.8697102423005,510705,0.5381952993000241,33144,2020
510722,三台县,district,Sichuan,upstream,绵阳市,2664.0247339205393,510722,0.5491714281877753,74472,2020
510723,盐亭县,district,Sichuan,upstream,绵阳市,1645.9373251296656,510723,0.5727222432880057,45888,2020
510725,梓潼县,district,Sichuan,upstream,绵阳市,1447.7293671697373,510725,0.5578429914150383,40536,2020
510726,北川羌族自治县,district,Sichuan,upstream,绵阳市,3076.9267569680073,510726,0.627715656107545,85992,2020
510727,平武县,district,Sichuan,upstream,绵阳市,5959.851620950242,510727,0.5948134270608029,166440,2020
510781,江油市,district,Sichuan,upstream,绵阳市,2723.792843851007,510781,0.5902838446612124,76272,2020
510802,利州区,district,Sichuan,upstream,广元市,1533.0358124344427,510802,0.6326230333146698,42864,2020
510811,昭化区,district,Sichuan,upstream,广元市,1429.2405031181252,510811,0.6170761988230876,39935,2020
510812,朝天区,district,Sichuan,upstream,广元市,1615.5439341529066,510812,0.6416190226063828,45120,2020
510821,旺苍县,district,Sichuan,upstream,广元市,2994.8151238704277,510821,0.6563241893505252,83760,2020
510822,青川县,district,Sichuan,upstream,广元市,3219.1947319724986,510822,0.6734103155623283,89903,2020
510823,剑阁县,district,Sichuan,upstream,广元市,3203.6405813223428,510823,0.6278015953654188,89760,2020
510824,苍溪县,district,Sichuan,upstream,广元市,2332.8658221475257,510824,0.5962150084472431,65110,2020
510903,船山区,district,Sichuan,upstream,遂宁市,605.4513296585347,510903,0.4653157978723403,16920,2020
510904,安居区,district,Sichuan,upstream,遂宁市,1270.0755490305205,510904,0.5272974977583501,35688,2020
510921,蓬溪县,district,Sichuan,upstream,遂宁市,1254.9235814918375,510921,0.5415613854944561,35352,2020
510923,大英县,district,Sichuan,upstream,遂宁市,702.1264457676583,510923,0.5290912510262725,19488,2020
510981,射洪市,district,Sichuan,upstream,遂宁市,1499.6178143162429,510981,0.5497337097388985,41976,2020
511002,市中区,district,Sichuan,upstream,内江市,385.8313381356674,511002,0.45278884558277654,10776,2020
511011,东兴区,district,Sichuan,upstream,内江市,1183.09872262379,511011,0.49662296931407934,33240,2020
511024,威远县,district,Sichuan,upstream,内江市,1289.8393497429217,511024,0.5180228157487283,36168,2020
511025,资中县,district,Sichuan,upstream,内江市,1736.969267166756,511025,0.49645814553409306,48456,2020
511083,隆昌市,district,Sichuan,upstream,内江市,795.8681165302316,511083,0.47343303958785243,22128,2020
511102,市中区,district,Sichuan,upstream,乐山市,840.8337639013845,511102,0.4919449516785353,23592,2020
511111,沙湾区,district,Sichuan,upstream,乐山市,603.8314194355675,511111,0.4863804107981221,17040,2020
511112,五通桥区,district,Sichuan,upstream,乐山市,464.60847626742856,511112,0.4954235648148147,12960,2020
511113,金口河区,district,Sichuan,upstream,乐山市,602.7384715450933,511113,0.5456764902241296,16776,2020
511123,犍为县,district,Sichuan,upstream,乐山市,1372.365408726566,511123,0.5548651550751879,38304,2020
511124,井研县,district,Sichuan,upstream,乐山市,843.6230691450852,511124,0.5353894577800478,23496,2020
511126,夹江县,district,Sichuan,upstream,乐山市,741.0986935520546,511126,0.49514958381726676,20664,2020
511129,沐川县,district,Sichuan,upstream,乐山市,1418.2703325656173,511129,0.5918972205438068,39720,2020
511132,峨边彝族自治县,district,Sichuan,upstream,乐山市,2381.0498348900237,511132,0.5741057621878005,66624,2020
511133,马边彝族自治县,district,Sichuan,upstream,乐山市,2297.7891694732384,511133,0.5343863732438143,64344,2020
511181,峨眉山市,district,Sichuan,upstream,乐山市,1190.0064655534738,511181,0.463461235549133,33216,2020
511302,顺庆区,district,Sichuan,upstream,南充市,540.5495402748558,511302,0.5043547502318803,15094,2020
511303,高坪区,district,Sichuan,upstream,南充市,815.0806795989997,511303,0.49547850414056016,22823,2020
511304,嘉陵区,district,Sichuan,upstream,南充市,1173.7585880394934,511304,0.503351278998779,32760,2020
511321,南部县,district,Sichuan,upstream,南充市,2214.3770447207116,511321,0.5411197144744687,62061,2020
511322,营山县,district,Sichuan,upstream,南充市,1634.4848989271263,511322,0.5522964345050719,45744,2020
511323,蓬安县,district,Sichuan,upstream,南充市,1331.640936040372,511323,0.5410546010296011,37296,2020
511324,仪陇县,district,Sichuan,upstream,南充市,1793.5275402771722,511324,0.5677515082776186,50256,2020
511325,西充县,district,Sichuan,upstream,南充市,1109.4050944184717,511325,0.5567130521314843,31152,2020
511381,阆中市,district,Sichuan,upstream,南充市,1878.3393334841016,511381,0.5601468800517297,52581,2020
511402,东坡区,district,Sichuan,upstream,眉山市,1331.0761020683246,511402,0.4650223807221149,37224,2020
511403,彭山区,district,Sichuan,upstream,眉山市,462.37998930917416,511403,0.46681385532837655,12912,2020
511421,仁寿县,district,Sichuan,upstream,眉山市,2614.316793698453,511421,0.5343537687342741,73128,2020
511423,洪雅县,district,Sichuan,upstream,眉山市,1943.0514621113,511423,0.5171062435557516,54312,2020
511424,丹棱县,district,Sichuan,upstream,眉山市,459.6679308117383,511424,0.5292530746592318,12912,2020
511425,青神县,district,Sichuan,upstream,眉山市,387.0629212240815,511425,0.5078480994152046,10944,2020
511502,翠屏区,district,Sichuan,upstream,宜宾市,1523.3433097326372,511502,0.4723561752615846,42816,2020
511503,南溪区,district,Sichuan,upstream,宜宾市,676.6723536767886,511503,0.4626251444627048,18863,2020
511504,叙州区,district,Sichuan,upstream,宜宾市,2575.927433017289,511504,0.5188585907926966,71856,2020
511523,江安县,district,Sichuan,upstream,宜宾市,948.3104876915728,511523,0.48657768018018027,26640,2020
511524,长宁县,district,Sichuan,upstream,宜宾市,945.5129786538804,511524,0.5354714775846295,26232,2020
511525,高县,district,Sichuan,upstream,宜宾市,1323.9673764284375,511525,0.5217702230503349,37032,2020
511526,珙县,district,Sichuan,upstream,宜宾市,1148.2456940981563,511526,0.5601542882074293,32088,2020
511527,筠连县,district,Sichuan,upstream,宜宾市,1253.9551326889768,511527,0.5429777151639346,35136,2020
511528,兴文县,district,Sichuan,upstream,宜宾市,1379.330810126168,511528,0.5579109458901281,38736,2020
511529,屏山县,district,Sichuan,upstream,宜宾市,1510.5442935915896,511529,0.5173380869977484,42185,2020
511602,广安区,district,Sichuan,upstream,广安市,1027.7398421193184,511602,0.5209239418540107,28824,2020
511603,前锋区,district,Sichuan,upstream,广安市,504.04566911868005,511603,0.5121842828798187,14112,2020
511621,岳池县,district,Sichuan,upstream,广安市,1478.507212357934,511621,0.5095959547397048,41184,2020
511622,武胜县,district,Sichuan,upstream,广安市,957.0597009893188,511622,0.4734817497753818,26712,2020
511623,邻水县,district,Sichuan,upstream,广安市,1913.7387001228492,511623,0.5069478217158176,53712,2020
511681,华蓥市,district,Sichuan,upstream,广安市,465.7924924194099,511681,0.5288763657407408,12960,2020
511702,通川区,district,Sichuan,upstream,达州市,878.0800544576304,511702,0.547200947886415,24792,2020
511703,达川区,district,Sichuan,upstream,达州市,2252.8157721497773,511703,0.5381799058883379,62904,2020
511722,宣汉县,district,Sichuan,upstream,达州市,4271.97705486126,511722,0.6053406603426356,119544,2020
511723,开江县,district,Sichuan,upstream,达州市,1030.7948244392924,511723,0.5368284375,28800,2020
511724,大竹县,district,Sichuan,upstream,达州市,2086.3875256666506,511724,0.5226485756452501,58272,2020
511725,渠县,district,Sichuan,upstream,达州市,2018.372157521027,511725,0.512896556429888,56424,2020
511781,万源市,district,Sichuan,upstream,达州市,4056.304837133731,511781,0.6440570614592155,113376,2020
511802,雨城区,district,Sichuan,upstream,雅安市,1064.404460538911,511802,0.5473292608286254,29736,2020
511803,名山区,district,Sichuan,upstream,雅安市,612.370739013254,511803,0.55273140088208,17232,2020
511822,荥经县,district,Sichuan,upstream,雅安市,1773.881418678693,511822,0.5399432512870012,49728,2020
511823,汉源县,district,Sichuan,upstream,雅安市,2181.6599624402475,511823,0.5362304378404014,61141,2020
511824,石棉县,district,Sichuan,upstream,雅安市,2673.534799765238,511824,0.5618948476558309,74568,2020
511825,天全县,district,Sichuan,upstream,雅安市,2379.528881092852,511825,0.5291836914650295,66456,2020
511826,芦山县,district,Sichuan,upstream,雅安市,1198.6447001856193,511826,0.5317301635625598,33504,2020
511827,宝兴县,district,Sichuan,upstream,雅安市,3121.460837032893,511827,0.5082354636763898,87216,2020
511902,巴州区,district,Sichuan,upstream,巴中市,1400.5282259502824,511902,0.5804051847892487,39288,2020
511903,恩阳区,district,Sichuan,upstream,巴中市,1167.3217357322283,511903,0.5594267887825232,32592,2020
511921,通江县,district,Sichuan,upstream,巴中市,4105.124080625639,511921,0.6543929122990916,114480,2020
511922,南江县,district,Sichuan,upstream,巴中市,3398.680938137181,511922,0.6453524530842378,95064,2020
511923,平昌县,district,Sichuan,upstream,巴中市,2229.225564684,511923,0.5835686196911196,62160,2020
512002,雁江区,district,Sichuan,upstream,资阳市,1636.475393399623,512002,0.49813602915578753,45960,2020
512021,安岳县,district,Sichuan,upstream,资阳市,2692.5415713569455,512021,0.5271316753995978,75576,2020
512022,乐至县,district,Sichuan,upstream,资阳市,1427.6079538225815,512022,0.5325650598471131,39768,2020
513201,马尔康市,district,Sichuan,upstream,阿坝藏族羌族自治州,6612.765741413165,513201,0.4905183661783137,185112,2020
513221,汶川县,district,Sichuan,upstream,阿坝藏族羌族自治州,4083.4800836025456,513221,0.4508143120887582,114288,2020
513222,理县,district,Sichuan,upstream,阿坝藏族羌族自治州,4344.09907653377,513222,0.42509222293433274,121704,2020
513223,茂县,district,Sichuan,upstream,阿坝藏族羌族自治州,3880.0519652365538,513223,0.5231884383152499,108479,2020
513224,松潘县,district,Sichuan,upstream,阿坝藏族羌族自治州,8327.671521857963,513224,0.44117176383738466,232992,2020
513225,九寨沟县,district,Sichuan,upstream,阿坝藏族羌族自治州,5277.514459428252,513225,0.5154991718173935,147552,2020
513226,金川县,district,Sichuan,upstream,阿坝藏族羌族自治州,5370.269883899706,513226,0.4728321220852679,149928,2020
513227,小金县,district,Sichuan,upstream,阿坝藏族羌族自治州,5558.2024955260285,513227,0.44812388536673375,155208,2020
513228,黑水县,district,Sichuan,upstream,阿坝藏族羌族自治州,4124.580010017145,513228,0.45323393266028317,115296,2020
513230,壤塘县,district,Sichuan,upstream,阿坝藏族羌族自治州,6641.187711526178,513230,0.40717773419002135,185832,2020
513231,阿坝县,district,Sichuan,upstream,阿坝藏族羌族自治州,10124.25467652069,513231,0.4198670234562667,283080,2020
513232,若尔盖县,district,Sichuan,upstream,阿坝藏族羌族自治州,10343.279809895903,513232,0.4590569122081445,289184,2020
513233,红原县,district,Sichuan,upstream,阿坝藏族羌族自治州,8345.41345044545,513233,0.4348241693241438,233304,2020
513301,康定市,district,Sichuan,upstream,甘孜藏族自治州,11596.605667859754,513301,0.41818649084208487,324528,2020
513322,泸定县,district,Sichuan,upstream,甘孜藏族自治州,2161.0125697692424,513322,0.4263578431372547,60384,2020
513323,丹巴县,district,Sichuan,upstream,甘孜藏族自治州,4502.039936337504,513323,0.49503179553100984,126024,2020
513324,九龙县,district,Sichuan,upstream,甘孜藏族自治州,6781.881528315309,513324,0.4835679955353379,189936,2020
513325,雅江县,district,Sichuan,upstream,甘孜藏族自治州,7452.035055086942,513325,0.5388751525443243,208464,2020
513326,道孚县,district,Sichuan,upstream,甘孜藏族自治州,7037.911961501421,513326,0.4303780969497582,196968,2020
513327,炉霍县,district,Sichuan,upstream,甘孜藏族自治州,4483.279155502852,513327,0.44220087807285696,125616,2020
513328,甘孜县,district,Sichuan,upstream,甘孜藏族自治州,6835.1627681294285,513328,0.3470524881789271,191184,2020
513329,新龙县,district,Sichuan,upstream,甘孜藏族自治州,9390.74087522089,513329,0.39197287136025827,262656,2020
513330,德格县,district,Sichuan,upstream,甘孜藏族自治州,11433.952892652886,513330,0.3585768085239345,320040,2020
513331,白玉县,district,Sichuan,upstream,甘孜藏族自治州,10258.551176569023,513331,0.4075459465201158,287136,2020
513332,石渠县,district,Sichuan,upstream,甘孜藏族自治州,22397.700343187636,513332,0.29776293117354585,626111,2020
513333,色达县,district,Sichuan,upstream,甘孜藏族自治州,8811.017830124652,513333,0.37803165765721913,246408,2020
513334,理塘县,district,Sichuan,upstream,甘孜藏族自治州,14035.681761812253,513334,0.4032316542364596,392592,2020
513335,巴塘县,district,Sichuan,upstream,甘孜藏族自治州,7706.869833060466,513335,0.3859291736234789,215616,2020
513336,乡城县,district,Sichuan,upstream,甘孜藏族自治州,4905.003470768667,513336,0.4876067610751184,137064,2020
513337,稻城县,district,Sichuan,upstream,甘孜藏族自治州,7084.889236966505,513337,0.4101959174829687,198456,2020
513338,得荣县,district,Sichuan,upstream,甘孜藏族自治州,2921.5900685967763,513338,0.46007079416372887,81696,2020
513401,西昌市,district,Sichuan,upstream,凉山彝族自治州,2897.683875771741,513401,0.5680592151876859,81013,2020
513422,木里藏族自治县,district,Sichuan,upstream,凉山彝族自治州,13208.875083924278,513422,0.5763365361241122,369407,2020
513423,盐源县,district,Sichuan,upstream,凉山彝族自治州,8417.292151769263,513423,0.5761292962904874,235907,2020
513424,德昌县,district,Sichuan,upstream,凉山彝族自治州,2286.8719256080053,513424,0.603733486496624,63984,2020
513425,会理市,district,Sichuan,upstream,凉山彝族自治州,4540.933766695033,513425,0.5348558702384886,127218,2020
513426,会东县,district,Sichuan,upstream,凉山彝族自治州,3228.1281551478396,513426,0.5434948314755841,90432,2020
513427,宁南县,district,Sichuan,upstream,凉山彝族自治州,1682.7049507131273,513427,0.5887502760788312,47088,2020
513428,普格县,district,Sichuan,upstream,凉山彝族自治州,1901.4154969186218,513428,0.575249324019829,53256,2020
513429,布拖县,district,Sichuan,upstream,凉山彝族自治州,1692.4851165132452,513429,0.5510135908168441,47304,2020
513430,金阳县,district,Sichuan,upstream,凉山彝族自治州,1587.993687974809,513430,0.5365391115489677,44662,2020
513431,昭觉县,district,Sichuan,upstream,凉山彝族自治州,2556.0620860329664,513431,0.5388871837922541,71472,2020
513432,喜德县,district,Sichuan,upstream,凉山彝族自治州,2101.4149048487257,513432,0.5617870217745218,58968,2020
513433,冕宁县,district,Sichuan,upstream,凉山彝族自治州,4396.29779247644,513433,0.5507398817164117,123094,2020
513434,越西县,district,Sichuan,upstream,凉山彝族自治州,2271.2595772399836,513434,0.5528783386954329,63408,2020
513435,甘洛县,district,Sichuan,upstream,凉山彝族自治州,2142.4599477323245,513435,0.5682846776887106,59880,2020
513436,美姑县,district,Sichuan,upstream,凉山彝族自治州,2515.417970615768,513436,0.5367112910997732,70560,2020
513437,雷波县,district,Sichuan,upstream,凉山彝族自治州,2834.125108966939,513437,0.5301630955840546,79145,2020
520102,南明区,district,Guizhou,upstream,贵阳市,205.11948164158628,520102,0.37755258865248226,5640,2020
520103,云岩区,district,Guizhou,upstream,贵阳市,91.81037738114034,520103,0.33925133792048934,2616,2020
520111,花溪区,district,Guizhou,upstream,贵阳市,961.7029526007525,520111,0.4614516302733214,26928,2020
520112,乌当区,district,Guizhou,upstream,贵阳市,684.3265215136583,520112,0.4810511726857617,19272,2020
520113,白云区,district,Guizhou,upstream,贵阳市,269.50277668699925,520113,0.3860661608093716,7512,2020
520115,观山湖区,district,Guizhou,upstream,贵阳市,307.0461061356856,520115,0.3980054934823092,8592,2020
520121,开阳县,district,Guizhou,upstream,贵阳市,2033.1067271285374,520121,0.5215260534988079,57048,2020
520122,息烽县,district,Guizhou,upstream,贵阳市,1028.5467175031802,520122,0.4702063265164163,28752,2020
520123,修文县,district,Guizhou,upstream,贵阳市,1083.6216134296392,520123,0.4680807864871998,30312,2020
520181,清镇市,district,Guizhou,upstream,贵阳市,1385.2419994133627,520181,0.4591898202513392,38832,2020
520201,钟山区,district,Guizhou,upstream,六盘水市,1069.2023314673402,520201,0.49349814629925454,30048,2020
520203,六枝特区,district,Guizhou,upstream,六盘水市,1798.9733868484168,520203,0.5125028036083294,50328,2020
520221,水城区,district,Guizhou,upstream,六盘水市,3013.473596834265,520221,0.5320926789947843,84360,2020
520281,盘州市,district,Guizhou,upstream,六盘水市,4031.7318470841096,520281,0.5694503775792386,112824,2020
520302,红花岗区,district,Guizhou,upstream,遵义市,1399.165654471547,520302,0.44197923534798533,39312,2020
520303,汇川区,district,Guizhou,upstream,遵义市,1514.324017694856,520303,0.4547921164772727,42240,2020
520304,播州区,district,Guizhou,upstream,遵义市,2473.6290853208957,520304,0.4770085135524797,69360,2020
520322,桐梓县,district,Guizhou,upstream,遵义市,3211.323928429895,520322,0.4895126891425535,90408,2020
520323,绥阳县,district,Guizhou,upstream,遵义市,2557.484250347726,520323,0.46283892665323934,71496,2020
520324,正安县,district,Guizhou,upstream,遵义市,2585.053579485142,520324,0.4536912271973468,72360,2020
520325,道真仡佬族苗族自治县,district,Guizhou,upstream,遵义市,2152.180182733649,520325,0.4589882185052438,60264,2020
520326,务川仡佬族苗族自治县,district,Guizhou,upstream,遵义市,2787.7954778908065,520326,0.45929598570989544,78096,2020
520327,凤冈县,district,Guizhou,upstream,遵义市,1893.2761421193372,520327,0.47407534628124054,53136,2020
520328,湄潭县,district,Guizhou,upstream,遵义市,1862.7254799273755,520328,0.480004451369652,51984,2020
520329,余庆县,district,Guizhou,upstream,遵义市,1620.7556953694673,520329,0.4888008919133195,45408,2020
520330,习水县,district,Guizhou,upstream,遵义市,3062.4662286327075,520330,0.48700126216545025,85488,2020
520381,赤水市,district,Guizhou,upstream,遵义市,1870.7353953194063,520381,0.5591056013431008,52416,2020
520382,仁怀市,district,Guizhou,upstream,遵义市,1789.1104381326447,520382,0.4963389770723105,49896,2020
520402,西秀区,district,Guizhou,upstream,安顺市,1723.839181145524,520402,0.4765885639178672,48312,2020
520403,平坝区,district,Guizhou,upstream,安顺市,996.893470727128,520403,0.46532155345371173,27912,2020
520422,普定县,district,Guizhou,upstream,安顺市,1084.6640813722454,520422,0.47275204551433847,30408,2020
520423,镇宁布依族苗族自治县,district,Guizhou,upstream,安顺市,1703.0995660525787,520423,0.5218784432142259,47688,2020
520424,关岭布依族苗族自治县,district,Guizhou,upstream,安顺市,1471.0104533296278,520424,0.49438476592851593,41184,2020
520425,紫云苗族布依族自治县,district,Guizhou,upstream,安顺市,2271.1849067190506,520425,0.5414826173841896,63552,2020
520502,七星关区,district,Guizhou,upstream,毕节市,3410.040406035983,520502,0.5539724750962661,95568,2020
520521,大方县,district,Guizhou,upstream,毕节市,3503.1598300256915,520521,0.538190899632803,98040,2020
520522,黔西市,district,Guizhou,upstream,毕节市,2566.2345280598975,520522,0.5003661891636038,71832,2020
520523,金沙县,district,Guizhou,upstream,毕节市,2511.897898442088,520523,0.5084888068828219,70320,2020
520524,织金县,district,Guizhou,upstream,毕节市,2874.5424156273143,520524,0.50624287136599,80352,2020
520525,纳雍县,district,Guizhou,upstream,毕节市,2446.616523398607,520525,0.5381251475055496,68472,2020
520526,威宁彝族回族苗族自治县,district,Guizhou,upstream,毕节市,6304.527244062177,520526,0.5161890959012682,176640,2020
520527,赫章县,district,Guizhou,upstream,毕节市,3249.087758281894,520527,0.5690362600123228,90888,2020
520602,碧江区,district,Guizhou,upstream,铜仁市,1033.832142218508,520602,0.44809100041425026,28968,2020
520603,万山区,district,Guizhou,upstream,铜仁市,828.2175948185628,520603,0.4462197959710746,23232,2020
520621,江口县,district,Guizhou,upstream,铜仁市,1875.6130367654214,520621,0.4841109286803967,52440,2020
520622,玉屏侗族自治县,district,Guizhou,upstream,铜仁市,529.1036173937127,520622,0.43402443273906005,14808,2020
520623,石阡县,district,Guizhou,upstream,铜仁市,2160.7997534644905,520623,0.5060640924092409,60600,2020
520624,思南县,district,Guizhou,upstream,铜仁市,2207.290509322561,520624,0.4960904632152586,61656,2020
520625,印江土家族苗族自治县,district,Guizhou,upstream,铜仁市,1976.687112836569,520625,0.5172752238967995,55271,2020
520626,德江县,district,Guizhou,upstream,铜仁市,2071.9411640120247,520626,0.46679463396930754,57864,2020
520627,沿河土家族自治县,district,Guizhou,upstream,铜仁市,2472.2347169767577,520627,0.462191156876376,69048,2020
520628,松桃苗族自治县,district,Guizhou,upstream,铜仁市,2866.9988600057795,520628,0.4707308221225713,80280,2020
522301,兴义市,district,Guizhou,upstream,黔西南布依族苗族自治州,2917.7501712433673,522301,0.5549007616881846,81792,2020
522302,兴仁市,district,Guizhou,upstream,黔西南布依族苗族自治州,1783.9254998359256,522302,0.5198032789507359,50016,2020
522323,普安县,district,Guizhou,upstream,黔西南布依族苗族自治州,1453.3347674032555,522323,0.5370757941176468,40800,2020
522324,晴隆县,district,Guizhou,upstream,黔西南布依族苗族自治州,1300.8499003599281,522324,0.510660689123734,36336,2020
522325,贞丰县,district,Guizhou,upstream,黔西南布依族苗族自治州,1501.25016785842,522325,0.5214063011028711,42072,2020
522326,望谟县,district,Guizhou,upstream,黔西南布依族苗族自治州,3022.7480006172973,522326,0.5840965104462087,84624,2020
522327,册亨县,district,Guizhou,upstream,黔西南布依族苗族自治州,2609.9083101977576,522327,0.5852627916529743,73032,2020
522328,安龙县,district,Guizhou,upstream,黔西南布依族苗族自治州,2244.732416741946,522328,0.5372009280447494,62928,2020
522601,凯里市,district,Guizhou,upstream,黔东南苗族侗族自治州,1565.054035584654,522601,0.4596682345712726,43944,2020
522622,黄平县,district,Guizhou,upstream,黔东南苗族侗族自治州,1656.0806312654486,522622,0.4909966001382409,46296,2020
522623,施秉县,district,Guizhou,upstream,黔东南苗族侗族自治州,1546.1876877016905,522623,0.48978814528023584,43392,2020
522624,三穗县,district,Guizhou,upstream,黔东南苗族侗族自治州,1030.3883976402215,522624,0.5170157725766362,28968,2020
522625,镇远县,district,Guizhou,upstream,黔东南苗族侗族自治州,1892.3352486724782,522625,0.4910721383719171,52872,2020
522626,岑巩县,district,Guizhou,upstream,黔东南苗族侗族自治州,1473.0440658491448,522626,0.4933185087719301,41040,2020
522627,天柱县,district,Guizhou,upstream,黔东南苗族侗族自治州,2208.589020782352,522627,0.5000202641960937,61848,2020
522628,锦屏县,district,Guizhou,upstream,黔东南苗族侗族自治州,1616.1345548440083,522628,0.4842523907103827,45384,2020
522629,剑河县,district,Guizhou,upstream,黔东南苗族侗族自治州,2157.3142934076295,522629,0.5130899456161294,60312,2020
522630,台江县,district,Guizhou,upstream,黔东南苗族侗族自治州,1081.7189785237945,522630,0.5305308406258289,30168,2020
522631,黎平县,district,Guizhou,upstream,黔东南苗族侗族自治州,4415.634918464763,522631,0.4935127193408445,123552,2020
522632,榕江县,district,Guizhou,upstream,黔东南苗族侗族自治州,3308.845711435461,522632,0.5031939098410227,92592,2020
522633,从江县,district,Guizhou,upstream,黔东南苗族侗族自治州,3224.615806497778,522633,0.5230420361029999,90408,2020
522634,雷山县,district,Guizhou,upstream,黔东南苗族侗族自治州,1189.2692763677867,522634,0.49649728234728213,33264,2020
522635,麻江县,district,Guizhou,upstream,黔东南苗族侗族自治州,954.3631923751573,522635,0.45429521645981097,27072,2020
522636,丹寨县,district,Guizhou,upstream,黔东南苗族侗族自治州,942.4689284071517,522636,0.47987181818181823,26400,2020
522701,都匀市,district,Guizhou,upstream,黔南布依族苗族自治州,2298.526485425486,522701,0.4543811768186349,64224,2020
522702,福泉市,district,Guizhou,upstream,黔南布依族苗族自治州,1696.339886385428,522702,0.4871374957912457,47520,2020
522722,荔波县,district,Guizhou,upstream,黔南布依族苗族自治州,2410.8661248149797,522722,0.5191099499170222,67488,2020
522723,贵定县,district,Guizhou,upstream,黔南布依族苗族自治州,1622.1239332097764,522723,0.4856165189594357,45360,2020
522725,瓮安县,district,Guizhou,upstream,黔南布依族苗族自治州,1957.794043667394,522725,0.5097931813210845,54864,2020
522726,独山县,district,Guizhou,upstream,黔南布依族苗族自治州,2432.970248809221,522726,0.48672329671939046,68280,2020
522727,平塘县,district,Guizhou,upstream,黔南布依族苗族自治州,2792.1238102997236,522727,0.49507902999182496,78288,2020
522728,罗甸县,district,Guizhou,upstream,黔南布依族苗族自治州,3010.316634802999,522728,0.574210330108139,84336,2020
522729,长顺县,district,Guizhou,upstream,黔南布依族苗族自治州,1542.825649058108,522729,0.5018266973586308,43008,2020
522730,龙里县,district,Guizhou,upstream,黔南布依族苗族自治州,1532.1619141317237,522730,0.5122201057458358,42744,2020
522731,惠水县,district,Guizhou,upstream,黔南布依族苗族自治州,2477.432694992243,522731,0.5148921675302247,69480,2020
522732,三都水族自治县,district,Guizhou,upstream,黔南布依族苗族自治州,2382.1843007193047,522732,0.514596185932061,66648,2020
530102,五华区,district,Yunnan,upstream,昆明市,396.36755284558024,530102,0.5418871023138107,11064,2020
530103,盘龙区,district,Yunnan,upstream,昆明市,845.2672476897496,530103,0.5905536994949496,23760,2020
530111,官渡区,district,Yunnan,upstream,昆明市,637.5442560715348,530111,0.4101567188741347,17622,2020
530112,西山区,district,Yunnan,upstream,昆明市,896.8366247812754,530112,0.5118400854630618,24338,2020
530113,东川区,district,Yunnan,upstream,昆明市,1865.9973410292796,530113,0.5044429923371646,52200,2020
530114,呈贡区,district,Yunnan,upstream,昆明市,498.92582783670866,530114,0.4135614278451594,13769,2020
530115,晋宁区,district,Yunnan,upstream,昆明市,1338.2043968300597,530115,0.5273454577322367,37085,2020
530124,富民县,district,Yunnan,upstream,昆明市,993.8550656905281,530124,0.5771402359437752,27888,2020
530125,宜良县,district,Yunnan,upstream,昆明市,1914.0469721238494,530125,0.5647308977542144,53567,2020
530126,石林彝族自治县,district,Yunnan,upstream,昆明市,1681.5173233786998,530126,0.5193053285665646,46992,2020
530127,嵩明县,district,Yunnan,upstream,昆明市,828.628581215255,530127,0.513752249913465,23112,2020
530128,禄劝彝族苗族自治县,district,Yunnan,upstream,昆明市,4224.648114108652,530128,0.5892656431710617,118320,2020
530129,寻甸回族彝族自治县,district,Yunnan,upstream,昆明市,3598.1032655473746,530129,0.5546814737635947,100776,2020
530181,安宁市,district,Yunnan,upstream,昆明市,1299.9625274505431,530181,0.5903764091511938,36192,2020
530302,麒麟区,district,Yunnan,upstream,曲靖市,1546.5708979149517,530302,0.5267937326677758,43272,2020
530303,沾益区,district,Yunnan,upstream,曲靖市,2813.0319360952844,530303,0.5306530830280829,78624,2020
530304,马龙区,district,Yunnan,upstream,曲靖市,1593.3386286335447,530304,0.5274501474530832,44760,2020
530322,陆良县,district,Yunnan,upstream,曲靖市,1992.1493491146698,530322,0.48568590791738364,55776,2020
530323,师宗县,district,Yunnan,upstream,曲靖市,2771.7691232979646,530323,0.5985467099834985,77568,2020
530324,罗平县,district,Yunnan,upstream,曲靖市,3009.5856606154784,530324,0.5965727483883201,84384,2020
530325,富源县,district,Yunnan,upstream,曲靖市,3251.50426303596,530325,0.5832555184940551,90840,2020
530326,会泽县,district,Yunnan,upstream,曲靖市,5882.977238071857,530326,0.5656290803549718,164520,2020
530381,宣威市,district,Yunnan,upstream,曲靖市,6052.642141131481,530381,0.5536737233465421,169584,2020
530402,红塔区,district,Yunnan,upstream,玉溪市,945.2645972757939,530402,0.5704274833937198,26496,2020
530403,江川区,district,Yunnan,upstream,玉溪市,808.3589964330923,530403,0.4742729514752934,22504,2020
530423,通海县,district,Yunnan,upstream,玉溪市,740.5123470420478,530423,0.548283315703433,20798,2020
530424,华宁县,district,Yunnan,upstream,玉溪市,1250.0525445859546,530424,0.5643279708020806,34797,2020
530425,易门县,district,Yunnan,upstream,玉溪市,1527.0739383262228,530425,0.6109952063447501,42744,2020
530426,峨山彝族自治县,district,Yunnan,upstream,玉溪市,1931.074273201745,530426,0.6087626014460675,54216,2020
530427,新平彝族傣族自治县,district,Yunnan,upstream,玉溪市,4262.617886121524,530427,0.6126314486716187,119544,2020
530428,元江哈尼族彝族傣族自治县,district,Yunnan,upstream,玉溪市,2716.636585289255,530428,0.6003898646161931,76080,2020
530481,澄江市,district,Yunnan,upstream,玉溪市,755.9941350855656,530481,0.480267305789796,21227,2020
530502,隆阳区,district,Yunnan,upstream,保山市,4831.736449266627,530502,0.5464556705983209,135312,2020
530521,施甸县,district,Yunnan,upstream,保山市,1937.6917035292886,530521,0.5733782272325375,54288,2020
530523,龙陵县,district,Yunnan,upstream,保山市,2818.3144137918457,530523,0.6283430631520306,78984,2020
530524,昌宁县,district,Yunnan,upstream,保山市,3773.6121894261605,530524,0.6115068037854652,105456,2020
530581,腾冲市,district,Yunnan,upstream,保山市,5709.557063292552,530581,0.6180138542917168,159936,2020
530602,昭阳区,district,Yunnan,upstream,昭通市,2163.7140137784877,530602,0.5202508491623797,60648,2020
530621,鲁甸县,district,Yunnan,upstream,昭通市,1485.72922821885,530621,0.5543688845636294,41616,2020
530622,巧家县,district,Yunnan,upstream,昭通市,3202.700650502521,530622,0.5655163921621141,89616,2020
530623,盐津县,district,Yunnan,upstream,昭通市,2021.9137894999901,530623,0.578755354617452,56568,2020
530624,大关县,district,Yunnan,upstream,昭通市,1717.8075093833124,530624,0.5831138057218898,48096,2020
530625,永善县,district,Yunnan,upstream,昭通市,2779.282585237608,530625,0.5551241981532447,77758,2020
530626,绥江县,district,Yunnan,upstream,昭通市,751.4730953679343,530626,0.54749696940863,21019,2020
530627,镇雄县,district,Yunnan,upstream,昭通市,3699.4952391538677,530627,0.5798511471610654,103560,2020
530628,彝良县,district,Yunnan,upstream,昭通市,2802.565461651461,530628,0.5905564399734803,78432,2020
530629,威信县,district,Yunnan,upstream,昭通市,1394.329148556803,530629,0.5878877864743194,39096,2020
530681,水富市,district,Yunnan,upstream,昭通市,438.28853163946775,530681,0.5394275859273671,12336,2020
530702,古城区,district,Yunnan,upstream,丽江市,1267.4379959079458,530702,0.5917214758831524,35328,2020
530721,玉龙纳西族自治县,district,Yunnan,upstream,丽江市,6195.543291547791,530721,0.5674628890630226,173558,2020
530722,永胜县,district,Yunnan,upstream,丽江市,4926.844678674715,530722,0.5703591470835386,138044,2020
530723,华坪县,district,Yunnan,upstream,丽江市,2143.3953171670564,530723,0.5933659360989351,59999,2020
530724,宁蒗彝族自治县,district,Yunnan,upstream,丽江市,6030.084588635176,530724,0.5842656006791294,168451,2020
530802,思茅区,district,Yunnan,upstream,普洱市,3863.780683989546,530802,0.681764812759029,108096,2020
530821,宁洱哈尼族彝族自治县,district,Yunnan,upstream,普洱市,3677.8605111932648,530821,0.6943207060994562,102960,2020
530822,墨江哈尼族自治县,district,Yunnan,upstream,普洱市,5262.058918047229,530822,0.664221237106406,147360,2020
530823,景东彝族自治县,district,Yunnan,upstream,普洱市,4448.233828801907,530823,0.626825920038536,124560,2020
530824,景谷傣族彝族自治县,district,Yunnan,upstream,普洱市,7527.35312497441,530824,0.6882871229797406,210864,2020
530825,镇沅彝族哈尼族拉祜族自治县,district,Yunnan,upstream,普洱市,4137.5600870026965,530825,0.6598183200510589,115944,2020
530826,江城哈尼族彝族自治县,district,Yunnan,upstream,普洱市,3444.077173368255,530826,0.7250597456575683,96720,2020
530827,孟连傣族拉祜族佤族自治县,district,Yunnan,upstream,普洱市,1896.2891550408735,530827,0.6563838932880849,53040,2020
530828,澜沧拉祜族自治县,district,Yunnan,upstream,普洱市,8740.982444849356,530828,0.6613291574098279,244864,2020
530829,西盟佤族自治县,district,Yunnan,upstream,普洱市,1258.322449841556,530829,0.6905704978574649,35472,2020
530902,临翔区,district,Yunnan,upstream,临沧市,2562.1661844094115,530902,0.6197447394091413,71760,2020
530921,凤庆县,district,Yunnan,upstream,临沧市,3308.7297267533017,530921,0.5790433990094743,92880,2020
530922,云县,district,Yunnan,upstream,临沧市,3685.6223924376363,530922,0.5891128343800884,103176,2020
530923,永德县,district,Yunnan,upstream,临沧市,3225.2343096290383,530923,0.5883883111702128,90240,2020
530924,镇康县,district,Yunnan,upstream,临沧市,2527.8082046481386,530924,0.6425045150643196,70896,2020
530925,双江拉祜族佤族布朗族傣族自治县,district,Yunnan,upstream,临沧市,2165.891083078115,530925,0.620468446249339,60576,2020
530926,耿马傣族佤族自治县,district,Yunnan,upstream,临沧市,3702.453290915661,530926,0.6414803750385447,103776,2020
530927,沧源佤族自治县,district,Yunnan,upstream,临沧市,2493.0984216219254,530927,0.6617005495293846,69696,2020
532301,楚雄市,district,Yunnan,upstream,楚雄彝族自治州,4435.724753097684,532301,0.5942397910226688,124224,2020
532322,双柏县,district,Yunnan,upstream,楚雄彝族自治州,3886.258768644943,532322,0.6046368453430291,108912,2020
532323,牟定县,district,Yunnan,upstream,楚雄彝族自治州,1447.8256180024864,532323,0.59968190652819,40440,2020
532324,南华县,district,Yunnan,upstream,楚雄彝族自治州,2265.8747894322987,532324,0.5782571946757503,63408,2020
532325,姚安县,district,Yunnan,upstream,楚雄彝族自治州,1696.6882569200573,532325,0.5906475610011959,47663,2020
532326,大姚县,district,Yunnan,upstream,楚雄彝族自治州,4036.9953349007774,532326,0.6248147444751383,112944,2020
532327,永仁县,district,Yunnan,upstream,楚雄彝族自治州,2141.1257334993397,532327,0.5854870806709267,60096,2020
532328,元谋县,district,Yunnan,upstream,楚雄彝族自治州,2027.9730300563526,532328,0.4868807492562012,56803,2020
532329,武定县,district,Yunnan,upstream,楚雄彝族自治州,2938.266008507076,532329,0.5999345856366985,82488,2020
532331,禄丰市,district,Yunnan,upstream,楚雄彝族自治州,3538.1855111700534,532331,0.6115451842444768,99216,2020
532501,个旧市,district,Yunnan,upstream,红河哈尼族彝族自治州,1565.0845633577223,532501,0.5575139058791312,43816,2020
532502,开远市,district,Yunnan,upstream,红河哈尼族彝族自治州,1937.3349961002764,532502,0.5189923847400207,54312,2020
532503,蒙自市,district,Yunnan,upstream,红河哈尼族彝族自治州,2164.3015668902544,532503,0.5535101361173516,60536,2020
532504,弥勒市,district,Yunnan,upstream,红河哈尼族彝族自治州,3911.650947452068,532504,0.5515041413432712,109747,2020
532523,屏边苗族自治县,district,Yunnan,upstream,红河哈尼族彝族自治州,1845.90123170434,532523,0.6202829242283235,51576,2020
532524,建水县,district,Yunnan,upstream,红河哈尼族彝族自治州,3782.0407620646006,532524,0.5504982404056399,106104,2020
532525,石屏县,district,Yunnan,upstream,红河哈尼族彝族自治州,3044.5158016354753,532525,0.5985493763825479,84988,2020
532527,泸西县,district,Yunnan,upstream,红河哈尼族彝族自治州,1647.0970300808222,532527,0.526343269064872,46368,2020
532528,元阳县,district,Yunnan,upstream,红河哈尼族彝族自治州,2212.850616559691,532528,0.6351145728399847,61944,2020
532529,红河县,district,Yunnan,upstream,红河哈尼族彝族自治州,2034.4807178655794,532529,0.6271384126649817,56976,2020
532530,金平苗族瑶族傣族自治县,district,Yunnan,upstream,红河哈尼族彝族自治州,3612.591451613713,532530,0.6435461120335227,101184,2020
532531,绿春县,district,Yunnan,upstream,红河哈尼族彝族自治州,3089.8838799088167,532531,0.6887665360972454,86544,2020
532532,河口瑶族自治县,district,Yunnan,upstream,红河哈尼族彝族自治州,1332.3427623616867,532532,0.539936905523566,37512,2020
532601,文山市,district,Yunnan,upstream,文山壮族苗族自治州,2959.1043223315382,532601,0.5791745738225946,83064,2020
532622,砚山县,district,Yunnan,upstream,文山壮族苗族自治州,3858.650848058538,532622,0.5438883869774328,108120,2020
532623,西畴县,district,Yunnan,upstream,文山壮族苗族自治州,1502.5199139714935,532623,0.5957725364790603,42216,2020
532624,麻栗坡县,district,Yunnan,upstream,文山壮族苗族自治州,2364.0547528853695,532624,0.581609542864072,65976,2020
532625,马关县,district,Yunnan,upstream,文山壮族苗族自治州,2673.6066182118175,532625,0.6186405418403339,74856,2020
532626,丘北县,district,Yunnan,upstream,文山壮族苗族自治州,5048.457956256204,532626,0.586017680027174,141312,2020
532627,广南县,district,Yunnan,upstream,文山壮族苗族自治州,7762.8048281778265,532627,0.636348228212486,217464,2020
532628,富宁县,district,Yunnan,upstream,文山壮族苗族自治州,5269.773068642203,532628,0.6616514046845386,147720,2020
532801,景洪市,district,Yunnan,upstream,西双版纳傣族自治州,6868.971034645894,532801,0.7233959962843023,192696,2020
532822,勐海县,district,Yunnan,upstream,西双版纳傣族自治州,5366.61486634632,532822,0.6779598322156578,150312,2020
532823,勐腊县,district,Yunnan,upstream,西双版纳傣族自治州,6826.261600304731,532823,0.7342521337513062,191400,2020
532901,大理市,district,Yunnan,upstream,大理白族自治州,1739.1105344294872,532901,0.5054522763736377,47993,2020
532922,漾濞彝族自治县,district,Yunnan,upstream,大理白族自治州,1861.8237846997579,532922,0.5637871352734495,52368,2020
532923,祥云县,district,Yunnan,upstream,大理白族自治州,2431.1402101277727,532923,0.537896342967924,68088,2020
532924,宾川县,district,Yunnan,upstream,大理白族自治州,2530.641632214301,532924,0.5524621776382763,70728,2020
532925,弥渡县,district,Yunnan,upstream,大理白族自治州,1527.1900344186745,532925,0.5506723569826136,42792,2020
532926,南涧彝族自治县,district,Yunnan,upstream,大理白族自治州,1738.2372746534138,532926,0.5621141568241468,48768,2020
532927,巍山彝族回族自治县,district,Yunnan,upstream,大理白族自治州,2181.020139385631,532927,0.5664016074699112,61152,2020
532928,永平县,district,Yunnan,upstream,大理白族自治州,2789.192030279934,532928,0.5770528440578819,77952,2020
532929,云龙县,district,Yunnan,upstream,大理白族自治州,4367.44259443527,532929,0.5774627180944916,122424,2020
532930,洱源县,district,Yunnan,upstream,大理白族自治州,2530.1499262871835,532930,0.5692570577354819,70823,2020
532931,剑川县,district,Yunnan,upstream,大理白族自治州,2236.7790503342053,532931,0.579851237552432,62462,2020
532932,鹤庆县,district,Yunnan,upstream,大理白族自治州,2362.5072797797075,532932,0.569592030891065,66168,2020
533102,瑞丽市,district,Yunnan,upstream,德宏傣族景颇族自治州,944.9120636899013,533102,0.6435563026474127,26592,2020
533103,芒市,district,Yunnan,upstream,德宏傣族景颇族自治州,2897.5011525675673,533103,0.6464649137080871,81120,2020
533122,梁河县,district,Yunnan,upstream,德宏傣族景颇族自治州,1136.0915581557836,533122,0.6703246337340346,31944,2020
533123,盈江县,district,Yunnan,upstream,德宏傣族景颇族自治州,4319.301501253171,533123,0.6520751570767196,120960,2020
533124,陇川县,district,Yunnan,upstream,德宏傣族景颇族自治州,1872.7284513617703,533124,0.6300212006427917,52272,2020
533301,泸水市,district,Yunnan,upstream,怒江傈僳族自治州,3099.2745648956434,533301,0.5977222556755257,86688,2020
533323,福贡县,district,Yunnan,upstream,怒江傈僳族自治州,2752.782467596053,533323,0.5429999415523691,76992,2020
533324,贡山独龙族怒族自治县,district,Yunnan,upstream,怒江傈僳族自治州,4381.665085317635,533324,0.4348678479423466,122664,2020
533325,兰坪白族普米族自治县,district,Yunnan,upstream,怒江傈僳族自治州,4370.390845031915,533325,0.549937747306562,122520,2020
533401,香格里拉市,district,Yunnan,upstream,迪庆藏族自治州,11428.945466468258,533401,0.5125591347279866,320223,2020
533422,德钦县,district,Yunnan,upstream,迪庆藏族自治州,7303.061337820442,533422,0.43593845735933295,204312,2020
533423,维西傈僳族自治县,district,Yunnan,upstream,迪庆藏族自治州,4481.258729201119,533423,0.5515418479649863,125208,2020
