adcode,year,ntl_mean,ntl_sum,ntl_n
310101,2000,62.0,1054.0,17
310101,2001,61.88235294117647,1052.0,17
310101,2002,62.0,1054.0,17
310101,2003,62.0,1054.0,17
310101,2004,59.0,1003.0,17
310101,2005,61.0,1037.0,17
310101,2006,61.0,1037.0,17
310101,2007,60.0,1020.0,17
310101,2008,60.0,1020.0,17
310101,2009,59.0,1003.0,17
310101,2010,59.0,1003.0,17
310101,2011,63.0,1071.0,17
310101,2012,63.0,1071.0,17
310101,2013,63.0,1071.0,17
310101,2014,63.0,1071.0,17
310101,2015,63.0,1071.0,17
310101,2016,63.0,1071.0,17
310101,2017,63.0,1071.0,17
310101,2018,63.0,1071.0,17
310101,2019,63.0,1071.0,17
310101,2020,63.0,1071.0,17
310104,2000,61.148148148148145,3302.0,54
310104,2001,59.81481481481482,3230.0,54
310104,2002,62.0,3348.0,54
310104,2003,61.907407407407405,3343.0,54
310104,2004,58.98148148148148,3185.0,54
310104,2005,60.425925925925924,3263.0,54
310104,2006,60.907407407407405,3289.0,54
310104,2007,59.7037037037037,3224.0,54
310104,2008,59.2962962962963,3202.0,54
310104,2009,58.55555555555556,3162.0,54
310104,2010,59.0,3186.0,54
310104,2011,62.25925925925926,3362.0,54
310104,2012,61.96296296296296,3346.0,54
310104,2013,63.0,3402.0,54
310104,2014,62.870370370370374,3395.0,54
310104,2015,62.888888888888886,3396.0,54
310104,2016,62.833333333333336,3393.0,54
310104,2017,62.925925925925924,3398.0,54
310104,2018,62.907407407407405,3397.0,54
310104,2019,62.98148148148148,3401.0,54
310104,2020,63.0,3402.0,54
310105,2000,62.0,2108.0,34
310105,2001,61.35294117647059,2086.0,34
310105,2002,62.0,2108.0,34
310105,2003,61.911764705882355,2105.0,34
310105,2004,59.0,2006.0,34
310105,2005,60.8235294117647,2068.0,34
310105,2006,61.0,2074.0,34
310105,2007,60.0,2040.0,34
310105,2008,59.64705882352941,2028.0,34
310105,2009,58.35294117647059,1984.0,34
310105,2010,59.0,2006.0,34
310105,2011,62.794117647058826,2135.0,34
310105,2012,62.1764705882353,2114.0,34
310105,2013,63.0,2142.0,34
310105,2014,63.0,2142.0,34
310105,2015,63.0,2142.0,34
310105,2016,63.0,2142.0,34
310105,2017,63.0,2142.0,34
310105,2018,63.0,2142.0,34
310105,2019,63.0,2142.0,34
310105,2020,63.0,2142.0,34
310106,2000,62.0,2170.0,35
310106,2001,61.628571428571426,2157.0,35
310106,2002,62.0,2170.0,35
310106,2003,62.0,2170.0,35
310106,2004,59.0,2065.0,35
310106,2005,60.714285714285715,2125.0,35
310106,2006,61.0,2135.0,35
310106,2007,59.97142857142857,2099.0,35
310106,2008,59.628571428571426,2087.0,35
310106,2009,58.77142857142857,2057.0,35
310106,2010,59.0,2065.0,35
310106,2011,63.0,2205.0,35
310106,2012,62.285714285714285,2180.0,35
310106,2013,63.0,2205.0,35
310106,2014,63.0,2205.0,35
310106,2015,62.91428571428571,2202.0,35
310106,2016,63.0,2205.0,35
310106,2017,63.0,2205.0,35
310106,2018,63.0,2205.0,35
310106,2019,63.0,2205.0,35
310106,2020,63.0,2205.0,35
310107,2000,61.88405797101449,4270.0,69
310107,2001,61.42028985507246,4238.0,69
310107,2002,61.98550724637681,4277.0,69
310107,2003,61.98550724637681,4277.0,69
310107,2004,58.94202898550725,4067.0,69
310107,2005,60.78260869565217,4194.0,69
310107,2006,61.0,4209.0,69
310107,2007,59.78260869565217,4125.0,69
310107,2008,59.666666666666664,4117.0,69
310107,2009,58.34782608695652,4026.0,69
310107,2010,59.0,4071.0,69
310107,2011,62.95652173913044,4344.0,69
310107,2012,62.0,4278.0,69
310107,2013,63.0,4347.0,69
310107,2014,62.98550724637681,4346.0,69
310107,2015,63.0,4347.0,69
310107,2016,63.0,4347.0,69
310107,2017,63.0,4347.0,69
310107,2018,63.0,4347.0,69
310107,2019,63.0,4347.0,69
310107,2020,63.0,4347.0,69
310109,2000,62.0,1860.0,30
310109,2001,61.8,1854.0,30
310109,2002,62.0,1860.0,30
310109,2003,62.0,1860.0,30
310109,2004,59.0,1770.0,30
310109,2005,60.8,1824.0,30
310109,2006,61.0,1830.0,30
310109,2007,60.0,1800.0,30
310109,2008,59.766666666666666,1793.0,30
310109,2009,59.0,1770.0,30
310109,2010,59.0,1770.0,30
310109,2011,63.0,1890.0,30
310109,2012,62.56666666666667,1877.0,30
310109,2013,63.0,1890.0,30
310109,2014,63.0,1890.0,30
310109,2015,63.0,1890.0,30
310109,2016,63.0,1890.0,30
310109,2017,63.0,1890.0,30
310109,2018,63.0,1890.0,30
310109,2019,63.0,1890.0,30
310109,2020,63.0,1890.0,30
310110,2000,61.61194029850746,4128.0,67
310110,2001,60.56716417910448,4058.0,67
310110,2002,62.0,4154.0,67
310110,2003,62.0,4154.0,67
310110,2004,59.0,3953.0,67
310110,2005,60.298507462686565,4040.0,67
310110,2006,61.0,4087.0,67
310110,2007,59.38805970149254,3979.0,67
310110,2008,59.47761194029851,3985.0,67
310110,2009,58.64179104477612,3929.0,67
310110,2010,59.0,3953.0,67
310110,2011,63.0,4221.0,67
310110,2012,62.32835820895522,4176.0,67
310110,2013,63.0,4221.0,67
310110,2014,63.0,4221.0,67
310110,2015,62.95522388059702,4218.0,67
310110,2016,62.850746268656714,4211.0,67
310110,2017,63.0,4221.0,67
310110,2018,62.88059701492537,4213.0,67
310110,2019,63.0,4221.0,67
310110,2020,63.0,4221.0,67
310112,2000,51.702517162471395,22594.0,437
310112,2001,51.121281464530895,22340.0,437
310112,2002,57.60411899313501,25173.0,437
310112,2003,56.99771167048055,24908.0,437
310112,2004,56.107551487414185,24519.0,437
310112,2005,57.02288329519451,24919.0,437
310112,2006,57.860411899313505,25285.0,437
310112,2007,57.91304347826087,25308.0,437
310112,2008,57.48054919908467,25119.0,437
310112,2009,54.04347826086956,23617.0,437
310112,2010,57.816933638443935,25266.0,437
310112,2011,60.86727688787185,26599.0,437
310112,2012,58.40732265446224,25524.0,437
310112,2013,62.11670480549199,27145.0,437
310112,2014,61.63615560640732,26935.0,437
310112,2015,61.76887871853547,26993.0,437
310112,2016,61.72768878718536,26975.0,437
310112,2017,62.11670480549199,27145.0,437
310112,2018,62.107551487414185,27141.0,437
310112,2019,62.48970251716247,27308.0,437
310112,2020,62.54004576659039,27330.0,437
310113,2000,52.44018058690745,23231.0,443
310113,2001,52.135440180586905,23096.0,443
310113,2002,55.80135440180587,24720.0,443
310113,2003,56.42889390519187,24998.0,443
310113,2004,53.74492099322799,23809.0,443
310113,2005,56.230248306997744,24910.0,443
310113,2006,58.86907449209932,26079.0,443
310113,2007,57.918735891647856,25658.0,443
310113,2008,57.69977426636569,25561.0,443
310113,2009,55.23250564334086,24468.0,443
310113,2010,57.51015801354402,25477.0,443
310113,2011,61.53950338600451,27262.0,443
310113,2012,58.839729119638825,26066.0,443
310113,2013,61.683972911963885,27326.0,443
310113,2014,60.918735891647856,26987.0,443
310113,2015,60.896162528216706,26977.0,443
310113,2016,60.8216704288939,26944.0,443
310113,2017,61.29571106094808,27154.0,443
310113,2018,61.23250564334086,27126.0,443
310113,2019,61.776523702031604,27367.0,443
310113,2020,56.478555304740404,25020.0,443
310114,2000,44.54226475279107,27928.0,627
310114,2001,45.708133971291865,28659.0,627
310114,2002,52.312599681020735,32800.0,627
310114,2003,55.00318979266348,34487.0,627
310114,2004,53.68102073365231,33658.0,627
310114,2005,56.15151515151515,35207.0,627
310114,2006,57.02232854864434,35753.0,627
310114,2007,56.567783094098885,35468.0,627
310114,2008,56.56618819776715,35467.0,627
310114,2009,52.27910685805423,32779.0,627
310114,2010,56.993620414673046,35735.0,627
310114,2011,60.953748006379584,38218.0,627
310114,2012,57.39393939393939,35986.0,627
310114,2013,61.27432216905901,38419.0,627
310114,2014,59.74481658692185,37460.0,627
310114,2015,59.8213716108453,37508.0,627
310114,2016,59.802232854864435,37496.0,627
310114,2017,60.48006379585327,37921.0,627
310114,2018,60.3732057416268,37854.0,627
310114,2019,61.2200956937799,38385.0,627
310114,2020,61.35885167464115,38472.0,627
310115,2000,28.30093533956893,69592.0,2459
310115,2001,28.85481903212688,70954.0,2459
310115,2002,32.426189507930054,79736.0,2459
310115,2003,33.85725904839366,83255.0,2459
310115,2004,35.94672631150874,88393.0,2459
310115,2005,36.915006100040664,90774.0,2459
310115,2006,40.262301748678325,99005.0,2459
310115,2007,40.85156567710452,100454.0,2459
310115,2008,40.49532330215535,99578.0,2459
310115,2009,38.21675477836519,93975.0,2459
310115,2010,41.75233834892233,102669.0,2459
310115,2011,45.62464416429443,112191.0,2459
310115,2012,43.75152501016674,107585.0,2459
310115,2013,47.820252135014236,117590.0,2459
310115,2014,48.830825538836926,120075.0,2459
310115,2015,48.95811305408703,120388.0,2459
310115,2016,49.29198861325742,121209.0,2459
310115,2017,51.20008133387556,125901.0,2459
310115,2018,51.04026026840179,125508.0,2459
310115,2019,52.67425782838552,129526.0,2459
310115,2020,42.74786498576657,105117.0,2459
310116,2000,18.871638141809292,15437.0,818
310116,2001,20.042787286063568,16395.0,818
310116,2002,24.799511002444987,20286.0,818
310116,2003,28.15036674816626,23027.0,818
310116,2004,30.706601466992666,25118.0,818
310116,2005,32.9437652811736,26948.0,818
310116,2006,36.165036674816626,29583.0,818
310116,2007,38.28239608801956,31315.0,818
310116,2008,36.46332518337408,29827.0,818
310116,2009,31.304400977995112,25607.0,818
310116,2010,39.5,32311.0,818
310116,2011,39.78728606356968,32546.0,818
310116,2012,36.13569682151589,29559.0,818
310116,2013,41.48533007334963,33935.0,818
310116,2014,42.872860635696824,35070.0,818
310116,2015,43.2041564792176,35341.0,818
310116,2016,43.07090464547677,35232.0,818
310116,2017,45.23105134474328,36999.0,818
310116,2018,44.42053789731052,36336.0,818
310116,2019,49.78606356968215,40725.0,818
310116,2020,45.880195599022,37530.0,818
310117,2000,31.154031287605296,25889.0,831
310117,2001,33.24909747292419,27630.0,831
310117,2002,41.38868832731649,34394.0,831
310117,2003,43.91095066185319,36490.0,831
310117,2004,45.581227436823106,37878.0,831
310117,2005,46.10589651022864,38314.0,831
310117,2006,47.0661853188929,39112.0,831
310117,2007,48.06738868832732,39944.0,831
310117,2008,47.72322503008424,39658.0,831
310117,2009,41.83393501805054,34764.0,831
310117,2010,51.148014440433215,42504.0,831
310117,2011,51.434416365824305,42742.0,831
310117,2012,47.1323706377858,39167.0,831
310117,2013,53.40914560770157,44383.0,831
310117,2014,51.79061371841155,43038.0,831
310117,2015,52.45968712394705,43594.0,831
310117,2016,52.044524669073404,43249.0,831
310117,2017,53.68953068592058,44616.0,831
310117,2018,53.07460890493382,44105.0,831
310117,2019,55.2719614921781,45931.0,831
310117,2020,55.78820697954272,46360.0,831
310118,2000,29.25978260869565,26919.0,920
310118,2001,31.68586956521739,29151.0,920
310118,2002,38.50326086956522,35423.0,920
310118,2003,39.333695652173915,36187.0,920
310118,2004,40.732608695652175,37474.0,920
310118,2005,42.255434782608695,38875.0,920
310118,2006,42.99782608695652,39558.0,920
310118,2007,44.46413043478261,40907.0,920
310118,2008,43.928260869565214,40414.0,920
310118,2009,36.85434782608696,33906.0,920
310118,2010,45.833695652173915,42167.0,920
310118,2011,45.91847826086956,42245.0,920
310118,2012,43.41195652173913,39939.0,920
310118,2013,48.82717391304348,44921.0,920
310118,2014,47.32717391304348,43541.0,920
310118,2015,48.01413043478261,44173.0,920
310118,2016,47.79782608695652,43974.0,920
310118,2017,49.165217391304346,45232.0,920
310118,2018,48.869565217391305,44960.0,920
310118,2019,50.82065217391305,46755.0,920
310118,2020,51.505434782608695,47385.0,920
310120,2000,15.51555929352397,18448.0,1189
310120,2001,16.89991589571068,20094.0,1189
310120,2002,21.740117746005048,25849.0,1189
310120,2003,25.59798149705635,30436.0,1189
310120,2004,30.55340622371741,36328.0,1189
310120,2005,32.952901597981494,39181.0,1189
310120,2006,34.76534903280067,41336.0,1189
310120,2007,36.767872161480234,43717.0,1189
310120,2008,34.76619007569386,41337.0,1189
310120,2009,31.393608074011773,37327.0,1189
310120,2010,38.34903280067284,45597.0,1189
310120,2011,40.49537426408747,48149.0,1189
310120,2012,38.27502102607233,45509.0,1189
310120,2013,43.30782169890664,51493.0,1189
310120,2014,43.43313708999159,51642.0,1189
310120,2015,44.35912531539108,52743.0,1189
310120,2016,44.269974768713205,52637.0,1189
310120,2017,46.66274179983179,55482.0,1189
310120,2018,46.38351555929352,55150.0,1189
310120,2019,50.176619007569386,59660.0,1189
310120,2020,46.75273338940286,55589.0,1189
310151,2000,6.986139283299527,20665.0,2958
310151,2001,7.3313049357674105,21686.0,2958
310151,2002,8.340432724814063,24671.0,2958
310151,2003,9.180189317106153,27155.0,2958
310151,2004,10.253211629479377,30329.0,2958
310151,2005,10.458755916159568,30937.0,2958
310151,2006,12.189317106152807,36056.0,2958
310151,2007,12.68897903989182,37534.0,2958
310151,2008,12.640973630831644,37392.0,2958
310151,2009,13.199459093982421,39044.0,2958
310151,2010,14.041244083840432,41534.0,2958
310151,2011,15.218390804597702,45016.0,2958
310151,2012,14.937795807978365,44186.0,2958
310151,2013,17.049357674104126,50432.0,2958
310151,2014,15.535158891142665,45953.0,2958
310151,2015,16.571670047329278,49019.0,2958
310151,2016,16.08924949290061,47592.0,2958
310151,2017,19.266734279918865,56991.0,2958
310151,2018,18.3526031102096,54287.0,2958
310151,2019,20.58789722785666,60899.0,2958
310151,2020,11.832319134550373,35000.0,2958
320102,2000,50.88235294117647,3460.0,68
320102,2001,52.088235294117645,3542.0,68
320102,2002,58.029411764705884,3946.0,68
320102,2003,58.6764705882353,3990.0,68
320102,2004,56.35294117647059,3832.0,68
320102,2005,57.55882352941177,3914.0,68
320102,2006,58.51470588235294,3979.0,68
320102,2007,58.529411764705884,3980.0,68
320102,2008,58.25,3961.0,68
320102,2009,54.588235294117645,3712.0,68
320102,2010,58.3235294117647,3966.0,68
320102,2011,62.44117647058823,4246.0,68
320102,2012,57.75,3927.0,68
320102,2013,61.19117647058823,4161.0,68
320102,2014,59.64705882352941,4056.0,68
320102,2015,59.5,4046.0,68
320102,2016,59.55882352941177,4050.0,68
320102,2017,60.05882352941177,4084.0,68
320102,2018,60.5735294117647,4119.0,68
320102,2019,61.279411764705884,4167.0,68
320102,2020,61.48529411764706,4181.0,68
320104,2000,50.19672131147541,3062.0,61
320104,2001,51.14754098360656,3120.0,61
320104,2002,58.09836065573771,3544.0,61
320104,2003,58.885245901639344,3592.0,61
320104,2004,57.442622950819676,3504.0,61
320104,2005,57.50819672131148,3508.0,61
320104,2006,57.557377049180324,3511.0,61
320104,2007,59.08196721311475,3604.0,61
320104,2008,58.59016393442623,3574.0,61
320104,2009,55.81967213114754,3405.0,61
320104,2010,58.59016393442623,3574.0,61
320104,2011,62.47540983606557,3811.0,61
320104,2012,58.950819672131146,3596.0,61
320104,2013,61.80327868852459,3770.0,61
320104,2014,61.442622950819676,3748.0,61
320104,2015,61.31147540983606,3740.0,61
320104,2016,61.40983606557377,3746.0,61
320104,2017,62.049180327868854,3785.0,61
320104,2018,62.34426229508197,3803.0,61
320104,2019,62.42622950819672,3808.0,61
320104,2020,62.49180327868852,3812.0,61
320105,2000,45.0,3420.0,76
320105,2001,43.64473684210526,3317.0,76
320105,2002,51.98684210526316,3951.0,76
320105,2003,53.85526315789474,4093.0,76
320105,2004,52.223684210526315,3969.0,76
320105,2005,54.36842105263158,4132.0,76
320105,2006,53.30263157894737,4051.0,76
320105,2007,56.60526315789474,4302.0,76
320105,2008,56.11842105263158,4265.0,76
320105,2009,51.26315789473684,3896.0,76
320105,2010,57.026315789473685,4334.0,76
320105,2011,59.75,4541.0,76
320105,2012,59.19736842105263,4499.0,76
320105,2013,61.223684210526315,4653.0,76
320105,2014,62.0,4712.0,76
320105,2015,62.0921052631579,4719.0,76
320105,2016,62.30263157894737,4735.0,76
320105,2017,62.56578947368421,4755.0,76
320105,2018,62.53947368421053,4753.0,76
320105,2019,62.71052631578947,4766.0,76
320105,2020,62.776315789473685,4771.0,76
320106,2000,60.063291139240505,4745.0,79
320106,2001,58.265822784810126,4603.0,79
320106,2002,61.24050632911393,4838.0,79
320106,2003,61.53164556962025,4861.0,79
320106,2004,58.46835443037975,4619.0,79
320106,2005,59.56962025316456,4706.0,79
320106,2006,59.34177215189873,4688.0,79
320106,2007,60.177215189873415,4754.0,79
320106,2008,58.822784810126585,4647.0,79
320106,2009,55.962025316455694,4421.0,79
320106,2010,58.70886075949367,4638.0,79
320106,2011,62.77215189873418,4959.0,79
320106,2012,61.48101265822785,4857.0,79
320106,2013,62.55696202531646,4942.0,79
320106,2014,62.21518987341772,4915.0,79
320106,2015,62.050632911392405,4902.0,79
320106,2016,62.18987341772152,4913.0,79
320106,2017,62.34177215189873,4925.0,79
320106,2018,62.45569620253165,4934.0,79
320106,2019,62.620253164556964,4947.0,79
320106,2020,62.77215189873418,4959.0,79
320111,2000,16.024871355060036,18685.0,1166
320111,2001,14.954545454545455,17437.0,1166
320111,2002,18.81646655231561,21940.0,1166
320111,2003,21.550600343053173,25128.0,1166
320111,2004,21.67753001715266,25276.0,1166
320111,2005,22.853344768439108,26647.0,1166
320111,2006,23.352487135506003,27229.0,1166
320111,2007,24.900514579759864,29034.0,1166
320111,2008,25.400514579759864,29617.0,1166
320111,2009,22.60377358490566,26356.0,1166
320111,2010,29.567753001715264,34476.0,1166
320111,2011,30.07547169811321,35068.0,1166
320111,2012,29.686106346483704,34614.0,1166
320111,2013,35.01457975986278,40827.0,1166
320111,2014,31.46998284734134,36694.0,1166
320111,2015,32.500857632933105,37896.0,1166
320111,2016,33.265866209262434,38788.0,1166
320111,2017,35.90994854202401,41871.0,1166
320111,2018,36.926243567753005,43056.0,1166
320111,2019,41.77015437392796,48704.0,1166
320111,2020,43.82418524871355,51099.0,1166
320113,2000,27.390295358649787,12983.0,474
320113,2001,29.626582278481013,14043.0,474
320113,2002,36.38607594936709,17247.0,474
320113,2003,38.5,18249.0,474
320113,2004,39.40928270042194,18680.0,474
320113,2005,40.10126582278481,19008.0,474
320113,2006,40.744725738396625,19313.0,474
320113,2007,43.61181434599156,20672.0,474
320113,2008,43.69198312236287,20710.0,474
320113,2009,40.68987341772152,19287.0,474
320113,2010,45.70675105485232,21665.0,474
320113,2011,49.56962025316456,23496.0,474
320113,2012,45.5084388185654,21571.0,474
320113,2013,50.63502109704641,24001.0,474
320113,2014,51.767932489451475,24538.0,474
320113,2015,52.64556962025316,24954.0,474
320113,2016,52.79324894514768,25024.0,474
320113,2017,53.73628691983122,25471.0,474
320113,2018,54.09071729957806,25639.0,474
320113,2019,56.278481012658226,26676.0,474
320113,2020,57.36708860759494,27192.0,474
320114,2000,30.803468208092486,5329.0,173
320114,2001,31.84393063583815,5509.0,173
320114,2002,41.809248554913296,7233.0,173
320114,2003,46.27745664739884,8006.0,173
320114,2004,49.52601156069364,8568.0,173
320114,2005,46.23121387283237,7998.0,173
320114,2006,47.48554913294798,8215.0,173
320114,2007,52.59537572254335,9099.0,173
320114,2008,52.421965317919074,9069.0,173
320114,2009,47.01156069364162,8133.0,173
320114,2010,53.15028901734104,9195.0,173
320114,2011,57.98843930635838,10032.0,173
320114,2012,54.6878612716763,9461.0,173
320114,2013,59.433526011560694,10282.0,173
320114,2014,59.28901734104046,10257.0,173
320114,2015,59.76300578034682,10339.0,173
320114,2016,60.0,10380.0,173
320114,2017,60.456647398843934,10459.0,173
320114,2018,60.664739884393065,10495.0,173
320114,2019,61.630057803468205,10662.0,173
320114,2020,61.90173410404624,10709.0,173
320115,2000,10.619874577906415,22015.0,2073
320115,2001,12.102749638205498,25089.0,2073
320115,2002,16.184273999035213,33550.0,2073
320115,2003,18.340086830680175,38019.0,2073
320115,2004,21.264351181862036,44081.0,2073
320115,2005,21.368065605402798,44296.0,2073
320115,2006,22.36565364206464,46364.0,2073
320115,2007,25.461167390255667,52781.0,2073
320115,2008,26.310660877954653,54542.0,2073
320115,2009,22.042450554751568,45694.0,2073
320115,2010,27.50747708634829,57023.0,2073
320115,2011,29.849493487698986,61878.0,2073
320115,2012,28.849011095031354,59804.0,2073
320115,2013,33.56102267245538,69572.0,2073
320115,2014,31.546068499758803,65395.0,2073
320115,2015,31.07332368547998,64415.0,2073
320115,2016,31.356488181379643,65002.0,2073
320115,2017,34.424023154848044,71361.0,2073
320115,2018,35.63048721659431,73862.0,2073
320115,2019,40.51905451037144,83996.0,2073
320115,2020,42.07235890014472,87216.0,2073
320116,2000,10.231519507186858,19931.0,1948
320116,2001,9.6935318275154,18883.0,1948
320116,2002,11.368069815195073,22145.0,1948
320116,2003,13.694558521560575,26677.0,1948
320116,2004,14.569301848049282,28381.0,1948
320116,2005,15.779774127310061,30739.0,1948
320116,2006,15.92299794661191,31018.0,1948
320116,2007,16.51129363449692,32164.0,1948
320116,2008,16.8064681724846,32739.0,1948
320116,2009,15.744866529774127,30671.0,1948
320116,2010,18.929671457905545,36875.0,1948
320116,2011,20.34240246406571,39627.0,1948
320116,2012,19.875256673511295,38717.0,1948
320116,2013,23.702258726899384,46172.0,1948
320116,2014,19.320328542094455,37636.0,1948
320116,2015,18.83264887063655,36686.0,1948
320116,2016,18.561088295687885,36157.0,1948
320116,2017,22.031314168377822,42917.0,1948
320116,2018,22.127310061601644,43104.0,1948
320116,2019,26.279774127310063,51193.0,1948
320116,2020,27.506673511293634,53583.0,1948
320117,2000,4.324479540559943,6024.0,1393
320117,2001,4.779612347451543,6658.0,1393
320117,2002,5.274228284278536,7347.0,1393
320117,2003,6.330222541277817,8818.0,1393
320117,2004,7.511127063890883,10463.0,1393
320117,2005,7.7896625987078245,10851.0,1393
320117,2006,7.659009332376167,10669.0,1393
320117,2007,9.516152189519024,13256.0,1393
320117,2008,10.434314429289303,14535.0,1393
320117,2009,8.198851399856425,11421.0,1393
320117,2010,10.65613783201723,14844.0,1393
320117,2011,12.038047379755923,16769.0,1393
320117,2012,12.000717875089734,16717.0,1393
320117,2013,13.963388370423546,19451.0,1393
320117,2014,11.332376166547022,15786.0,1393
320117,2015,11.254127781765973,15677.0,1393
320117,2016,10.850681981335248,15115.0,1393
320117,2017,16.723618090452263,23296.0,1393
320117,2018,18.177315147164393,25321.0,1393
320117,2019,24.661880832735104,34354.0,1393
320117,2020,26.64608758076095,37118.0,1393
320118,2000,4.516472868217054,4661.0,1032
320118,2001,4.974806201550388,5134.0,1032
320118,2002,5.333333333333333,5504.0,1032
320118,2003,5.775193798449612,5960.0,1032
320118,2004,7.0939922480620154,7321.0,1032
320118,2005,7.170542635658915,7400.0,1032
320118,2006,7.255813953488372,7488.0,1032
320118,2007,8.453488372093023,8724.0,1032
320118,2008,8.950581395348838,9237.0,1032
320118,2009,7.103682170542636,7331.0,1032
320118,2010,9.486434108527131,9790.0,1032
320118,2011,10.747093023255815,11091.0,1032
320118,2012,10.983527131782946,11335.0,1032
320118,2013,12.768410852713178,13177.0,1032
320118,2014,7.849806201550388,8101.0,1032
320118,2015,7.3895348837209305,7626.0,1032
320118,2016,7.564922480620155,7807.0,1032
320118,2017,13.842054263565892,14285.0,1032
320118,2018,15.561046511627907,16059.0,1032
320118,2019,19.044573643410853,19654.0,1032
320118,2020,21.53391472868217,22223.0,1032
320205,2000,14.466367713004484,6452.0,446
320205,2001,16.76233183856502,7476.0,446
320205,2002,23.993273542600896,10701.0,446
320205,2003,27.54932735426009,12287.0,446
320205,2004,32.75336322869955,14608.0,446
320205,2005,36.01793721973094,16064.0,446
320205,2006,38.05829596412556,16974.0,446
320205,2007,43.917040358744394,19587.0,446
320205,2008,47.87892376681614,21354.0,446
320205,2009,40.912556053811656,18247.0,446
320205,2010,49.54035874439462,22095.0,446
320205,2011,54.98654708520179,24524.0,446
320205,2012,49.49103139013453,22073.0,446
320205,2013,56.917040358744394,25385.0,446
320205,2014,50.67488789237668,22601.0,446
320205,2015,50.28251121076233,22426.0,446
320205,2016,50.946188340807176,22722.0,446
320205,2017,52.228699551569505,23294.0,446
320205,2018,52.899103139013455,23593.0,446
320205,2019,55.08520179372197,24568.0,446
320205,2020,56.32959641255606,25123.0,446
320206,2000,22.44764397905759,8575.0,382
320206,2001,25.19371727748691,9624.0,382
320206,2002,34.50785340314136,13182.0,382
320206,2003,40.19895287958115,15356.0,382
320206,2004,43.468586387434556,16605.0,382
320206,2005,45.39528795811518,17341.0,382
320206,2006,49.31675392670157,18839.0,382
320206,2007,50.897905759162306,19443.0,382
320206,2008,54.044502617801044,20645.0,382
320206,2009,44.90052356020942,17152.0,382
320206,2010,54.68586387434555,20890.0,382
320206,2011,58.11256544502618,22199.0,382
320206,2012,53.77225130890052,20541.0,382
320206,2013,58.845549738219894,22479.0,382
320206,2014,53.40052356020942,20399.0,382
320206,2015,52.84293193717277,20186.0,382
320206,2016,54.45811518324607,20803.0,382
320206,2017,56.08115183246073,21423.0,382
320206,2018,56.37434554973822,21535.0,382
320206,2019,58.36910994764398,22297.0,382
320206,2020,58.81413612565445,22467.0,382
320211,2000,12.043914680050188,9599.0,797
320211,2001,12.42534504391468,9903.0,797
320211,2002,17.685069008782936,14095.0,797
320211,2003,17.904642409033876,14270.0,797
320211,2004,22.52948557089084,17956.0,797
320211,2005,22.223337515683813,17712.0,797
320211,2006,24.204516938519447,19291.0,797
320211,2007,24.32496863237139,19387.0,797
320211,2008,25.130489335006274,20029.0,797
320211,2009,24.750313676286073,19726.0,797
320211,2010,29.40276035131744,23434.0,797
320211,2011,31.203262233375156,24869.0,797
320211,2012,28.602258469259723,22796.0,797
320211,2013,32.338770388958594,25774.0,797
320211,2014,29.511919698870766,23521.0,797
320211,2015,29.061480552070265,23162.0,797
320211,2016,29.456712672521956,23477.0,797
320211,2017,32.05771643663739,25550.0,797
320211,2018,32.37264742785445,25801.0,797
320211,2019,35.485570890840656,28282.0,797
320211,2020,35.186951066499375,28044.0,797
320213,2000,54.743801652892564,6624.0,121
320213,2001,54.743801652892564,6624.0,121
320213,2002,60.40495867768595,7309.0,121
320213,2003,60.03305785123967,7264.0,121
320213,2004,58.65289256198347,7097.0,121
320213,2005,58.735537190082646,7107.0,121
320213,2006,60.43801652892562,7313.0,121
320213,2007,59.21487603305785,7165.0,121
320213,2008,59.68595041322314,7222.0,121
320213,2009,56.34710743801653,6818.0,121
320213,2010,58.94214876033058,7132.0,121
320213,2011,62.67768595041322,7584.0,121
320213,2012,61.578512396694215,7451.0,121
320213,2013,62.83471074380165,7603.0,121
320213,2014,62.06611570247934,7510.0,121
320213,2015,61.752066115702476,7472.0,121
320213,2016,62.107438016528924,7515.0,121
320213,2017,62.421487603305785,7553.0,121
320213,2018,62.48760330578512,7561.0,121
320213,2019,62.752066115702476,7593.0,121
320213,2020,62.72727272727273,7590.0,121
320214,2000,21.76608187134503,7444.0,342
320214,2001,25.839181286549707,8837.0,342
320214,2002,38.3421052631579,13113.0,342
320214,2003,42.85964912280702,14658.0,342
320214,2004,47.207602339181285,16145.0,342
320214,2005,47.13742690058479,16121.0,342
320214,2006,49.8859649122807,17061.0,342
320214,2007,50.51169590643275,17275.0,342
320214,2008,52.333333333333336,17898.0,342
320214,2009,47.50292397660819,16246.0,342
320214,2010,54.07309941520468,18493.0,342
320214,2011,58.48830409356725,20003.0,342
320214,2012,54.280701754385966,18564.0,342
320214,2013,58.932748538011694,20155.0,342
320214,2014,57.801169590643276,19768.0,342
320214,2015,57.2953216374269,19595.0,342
320214,2016,57.57017543859649,19689.0,342
320214,2017,58.611111111111114,20045.0,342
320214,2018,58.73099415204678,20086.0,342
320214,2019,60.23391812865497,20600.0,342
320214,2020,60.53508771929825,20703.0,342
320281,2000,18.734520123839008,24205.0,1292
320281,2001,21.688080495356036,28021.0,1292
320281,2002,30.910216718266255,39936.0,1292
320281,2003,35.053405572755416,45289.0,1292
320281,2004,38.76702786377709,50087.0,1292
320281,2005,39.277863777089784,50747.0,1292
320281,2006,43.082043343653254,55662.0,1292
320281,2007,46.03792569659443,59481.0,1292
320281,2008,49.57120743034056,64046.0,1292
320281,2009,41.13312693498452,53144.0,1292
320281,2010,52.44427244582043,67758.0,1292
320281,2011,55.54256965944273,71761.0,1292
320281,2012,51.1625386996904,66102.0,1292
320281,2013,57.161764705882355,73853.0,1292
320281,2014,48.5766253869969,62761.0,1292
320281,2015,48.362229102167184,62484.0,1292
320281,2016,49.30185758513932,63698.0,1292
320281,2017,50.5905572755418,65363.0,1292
320281,2018,51.31346749226006,66297.0,1292
320281,2019,53.8312693498452,69550.0,1292
320281,2020,52.327399380804955,67607.0,1292
320282,2000,8.073003802281368,21232.0,2630
320282,2001,9.355513307984792,24605.0,2630
320282,2002,11.538022813688213,30345.0,2630
320282,2003,13.180988593155893,34666.0,2630
320282,2004,14.125855513307984,37151.0,2630
320282,2005,13.592395437262358,35748.0,2630
320282,2006,15.81787072243346,41601.0,2630
320282,2007,16.494296577946766,43380.0,2630
320282,2008,17.184410646387832,45195.0,2630
320282,2009,14.847528517110266,39049.0,2630
320282,2010,19.935361216730037,52430.0,2630
320282,2011,21.59505703422053,56795.0,2630
320282,2012,22.05133079847909,57995.0,2630
320282,2013,25.18555133079848,66238.0,2630
320282,2014,21.295057034220534,56006.0,2630
320282,2015,21.188212927756656,55725.0,2630
320282,2016,21.064638783269963,55400.0,2630
320282,2017,24.695057034220532,64948.0,2630
320282,2018,25.877566539923954,68058.0,2630
320282,2019,29.524714828897338,77650.0,2630
320282,2020,31.13574144486692,81887.0,2630
320302,2000,41.522222222222226,3737.0,90
320302,2001,42.98888888888889,3869.0,90
320302,2002,42.544444444444444,3829.0,90
320302,2003,50.48888888888889,4544.0,90
320302,2004,50.55555555555556,4550.0,90
320302,2005,54.233333333333334,4881.0,90
320302,2006,55.44444444444444,4990.0,90
320302,2007,56.94444444444444,5125.0,90
320302,2008,57.28888888888889,5156.0,90
320302,2009,54.611111111111114,4915.0,90
320302,2010,56.4,5076.0,90
320302,2011,60.74444444444445,5467.0,90
320302,2012,59.55555555555556,5360.0,90
320302,2013,61.86666666666667,5568.0,90
320302,2014,59.58888888888889,5363.0,90
320302,2015,59.6,5364.0,90
320302,2016,59.94444444444444,5395.0,90
320302,2017,60.46666666666667,5442.0,90
320302,2018,60.044444444444444,5404.0,90
320302,2019,60.87777777777778,5479.0,90
320302,2020,61.577777777777776,5542.0,90
320303,2000,21.204379562043794,2905.0,137
320303,2001,23.94160583941606,3280.0,137
320303,2002,25.240875912408757,3458.0,137
320303,2003,27.153284671532848,3720.0,137
320303,2004,30.10948905109489,4125.0,137
320303,2005,31.67153284671533,4339.0,137
320303,2006,35.47445255474452,4860.0,137
320303,2007,40.97080291970803,5613.0,137
320303,2008,44.051094890510946,6035.0,137
320303,2009,45.065693430656935,6174.0,137
320303,2010,43.97080291970803,6024.0,137
320303,2011,51.53284671532847,7060.0,137
320303,2012,50.32846715328467,6895.0,137
320303,2013,55.7956204379562,7644.0,137
320303,2014,56.52554744525548,7744.0,137
320303,2015,56.68613138686131,7766.0,137
320303,2016,56.59124087591241,7753.0,137
320303,2017,56.76642335766423,7777.0,137
320303,2018,56.86131386861314,7790.0,137
320303,2019,58.941605839416056,8075.0,137
320303,2020,59.824817518248175,8196.0,137
320305,2000,7.754491017964072,7770.0,1002
320305,2001,8.409181636726547,8426.0,1002
320305,2002,9.039920159680639,9058.0,1002
320305,2003,10.399201596806387,10420.0,1002
320305,2004,13.55189620758483,13579.0,1002
320305,2005,12.595808383233534,12621.0,1002
320305,2006,14.052894211576847,14081.0,1002
320305,2007,16.005988023952096,16038.0,1002
320305,2008,15.903193612774452,15935.0,1002
320305,2009,16.934131736526947,16968.0,1002
320305,2010,18.32135728542914,18358.0,1002
320305,2011,20.934131736526947,20976.0,1002
320305,2012,21.570858283433132,21614.0,1002
320305,2013,24.984031936127746,25034.0,1002
320305,2014,22.34630738522954,22391.0,1002
320305,2015,21.836327345309382,21880.0,1002
320305,2016,20.062874251497007,20103.0,1002
320305,2017,23.77145708582834,23819.0,1002
320305,2018,24.548902195608783,24598.0,1002
320305,2019,28.54191616766467,28599.0,1002
320305,2020,29.696606786427147,29756.0,1002
320311,2000,47.66923076923077,6197.0,130
320311,2001,44.707692307692305,5812.0,130
320311,2002,48.00769230769231,6241.0,130
320311,2003,48.9,6357.0,130
320311,2004,50.65384615384615,6585.0,130
320311,2005,52.238461538461536,6791.0,130
320311,2006,54.06153846153846,7028.0,130
320311,2007,54.06923076923077,7029.0,130
320311,2008,52.51538461538462,6827.0,130
320311,2009,50.8,6604.0,130
320311,2010,53.84615384615385,7000.0,130
320311,2011,56.08461538461538,7291.0,130
320311,2012,56.55384615384615,7352.0,130
320311,2013,59.63846153846154,7753.0,130
320311,2014,57.3,7449.0,130
320311,2015,58.06153846153846,7548.0,130
320311,2016,59.12307692307692,7686.0,130
320311,2017,59.51538461538462,7737.0,130
320311,2018,59.46923076923077,7731.0,130
320311,2019,60.33076923076923,7843.0,130
320311,2020,60.92307692307692,7920.0,130
320312,2000,7.443677325581396,20485.0,2752
320312,2001,7.572311046511628,20839.0,2752
320312,2002,8.444404069767442,23239.0,2752
320312,2003,9.053779069767442,24916.0,2752
320312,2004,11.69876453488372,32195.0,2752
320312,2005,11.274345930232558,31027.0,2752
320312,2006,11.503633720930232,31658.0,2752
320312,2007,12.55813953488372,34560.0,2752
320312,2008,11.936773255813954,32850.0,2752
320312,2009,12.430232558139535,34208.0,2752
320312,2010,14.142078488372093,38919.0,2752
320312,2011,15.576671511627907,42867.0,2752
320312,2012,16.472747093023255,45333.0,2752
320312,2013,18.492005813953487,50890.0,2752
320312,2014,15.518895348837209,42708.0,2752
320312,2015,15.280523255813954,42052.0,2752
320312,2016,14.24890988372093,39213.0,2752
320312,2017,18.04360465116279,49656.0,2752
320312,2018,18.117005813953487,49858.0,2752
320312,2019,21.000363372093023,57793.0,2752
320312,2020,21.9796511627907,60488.0,2752
320321,2000,5.440357852882704,10946.0,2012
320321,2001,4.9090457256461235,9877.0,2012
320321,2002,6.278330019880715,12632.0,2012
320321,2003,6.16948310139165,12413.0,2012
320321,2004,6.412027833001988,12901.0,2012
320321,2005,5.753479125248509,11576.0,2012
320321,2006,6.020377733598409,12113.0,2012
320321,2007,7.650596421471173,15393.0,2012
320321,2008,7.415506958250497,14920.0,2012
320321,2009,8.403578528827039,16908.0,2012
320321,2010,8.91699801192843,17941.0,2012
320321,2011,9.601888667992048,19319.0,2012
320321,2012,9.951789264413518,20023.0,2012
320321,2013,11.034791252485089,22202.0,2012
320321,2014,5.4090457256461235,10883.0,2012
320321,2015,4.9473161033797215,9954.0,2012
320321,2016,4.8727634194831015,9804.0,2012
320321,2017,10.180914512922465,20484.0,2012
320321,2018,10.890656063618291,21912.0,2012
320321,2019,12.487574552683897,25125.0,2012
320321,2020,13.673459244532804,27511.0,2012
320322,2000,6.967792207792208,13413.0,1925
320322,2001,6.444675324675325,12406.0,1925
320322,2002,7.370909090909091,14189.0,1925
320322,2003,8.258701298701299,15898.0,1925
320322,2004,9.731428571428571,18733.0,1925
320322,2005,9.653506493506493,18583.0,1925
320322,2006,9.517402597402597,18321.0,1925
320322,2007,10.73922077922078,20673.0,1925
320322,2008,11.265974025974026,21687.0,1925
320322,2009,11.857142857142858,22825.0,1925
320322,2010,12.471168831168832,24007.0,1925
320322,2011,13.641558441558441,26260.0,1925
320322,2012,13.721558441558441,26414.0,1925
320322,2013,15.470649350649351,29781.0,1925
320322,2014,9.103376623376624,17524.0,1925
320322,2015,9.792727272727273,18851.0,1925
320322,2016,8.806233766233767,16952.0,1925
320322,2017,14.085194805194805,27114.0,1925
320322,2018,14.554285714285715,28017.0,1925
320322,2019,17.73922077922078,34148.0,1925
320322,2020,18.314805194805196,35256.0,1925
320324,2000,3.628155755241763,8479.0,2337
320324,2001,4.748823277706461,11098.0,2337
320324,2002,5.288831835686778,12360.0,2337
320324,2003,5.55755241762944,12988.0,2337
320324,2004,6.4266153187847666,15019.0,2337
320324,2005,5.994009413778349,14008.0,2337
320324,2006,6.929396662387677,16194.0,2337
320324,2007,7.34017971758665,17154.0,2337
320324,2008,5.952075310226786,13910.0,2337
320324,2009,5.796747967479675,13547.0,2337
320324,2010,7.611467693624305,17788.0,2337
320324,2011,9.389816003423192,21944.0,2337
320324,2012,8.864356011981172,20716.0,2337
320324,2013,9.92426187419769,23193.0,2337
320324,2014,5.493795464270432,12839.0,2337
320324,2015,5.878048780487805,13737.0,2337
320324,2016,5.655113393239196,13216.0,2337
320324,2017,10.762516046213094,25152.0,2337
320324,2018,11.056482670089858,25839.0,2337
320324,2019,14.558836114676936,34024.0,2337
320324,2020,14.805733846812153,34601.0,2337
320381,2000,4.258532024310425,9109.0,2139
320381,2001,4.755960729312763,10173.0,2139
320381,2002,5.5488546049555865,11869.0,2139
320381,2003,6.009817671809257,12855.0,2139
320381,2004,7.546049555867228,16141.0,2139
320381,2005,6.816269284712482,14580.0,2139
320381,2006,8.452547919588593,18080.0,2139
320381,2007,9.278634876110331,19847.0,2139
320381,2008,8.494623655913978,18170.0,2139
320381,2009,10.336138382421693,22109.0,2139
320381,2010,10.796633941093969,23094.0,2139
320381,2011,11.742870500233755,25118.0,2139
320381,2012,11.495558672276765,24589.0,2139
320381,2013,13.325853202431043,28504.0,2139
320381,2014,8.25619448340346,17660.0,2139
320381,2015,8.496961196820944,18175.0,2139
320381,2016,7.602150537634409,16261.0,2139
320381,2017,12.969611968209444,27742.0,2139
320381,2018,14.12529219261337,30214.0,2139
320381,2019,16.90135577372604,36152.0,2139
320381,2020,17.67274427302478,37802.0,2139
320382,2000,5.047725816784113,15759.0,3122
320382,2001,5.224855861627162,16312.0,3122
320382,2002,6.524023062139654,20368.0,3122
320382,2003,6.7687379884689305,21132.0,3122
320382,2004,8.372837924407431,26140.0,3122
320382,2005,7.711402946828956,24075.0,3122
320382,2006,8.473094170403588,26453.0,3122
320382,2007,9.001921844971172,28104.0,3122
320382,2008,8.485906470211402,26493.0,3122
320382,2009,9.844010249839846,30733.0,3122
320382,2010,9.935297885970531,31018.0,3122
320382,2011,9.762972453555413,30480.0,3122
320382,2012,9.530429212043561,29754.0,3122
320382,2013,11.406790518898141,35612.0,3122
320382,2014,6.800128122998078,21230.0,3122
320382,2015,7.257847533632287,22659.0,3122
320382,2016,7.044522741832159,21993.0,3122
320382,2017,12.87924407431134,40209.0,3122
320382,2018,13.345932094811019,41666.0,3122
320382,2019,15.181294042280589,47396.0,3122
320382,2020,15.482703395259449,48337.0,3122
320402,2000,24.49473684210526,4654.0,190
320402,2001,26.405263157894737,5017.0,190
320402,2002,31.057894736842105,5901.0,190
320402,2003,36.22631578947368,6883.0,190
320402,2004,38.084210526315786,7236.0,190
320402,2005,39.90526315789474,7582.0,190
320402,2006,44.636842105263156,8481.0,190
320402,2007,49.63157894736842,9430.0,190
320402,2008,52.27368421052632,9932.0,190
320402,2009,43.752631578947366,8313.0,190
320402,2010,51.88947368421053,9859.0,190
320402,2011,56.40526315789474,10717.0,190
320402,2012,53.689473684210526,10201.0,190
320402,2013,59.01052631578948,11212.0,190
320402,2014,47.757894736842104,9074.0,190
320402,2015,46.40526315789474,8817.0,190
320402,2016,47.22631578947368,8973.0,190
320402,2017,49.40526315789474,9387.0,190
320402,2018,50.247368421052634,9547.0,190
320402,2019,52.589473684210525,9992.0,190
320402,2020,54.02105263157895,10264.0,190
320404,2000,35.39160839160839,5061.0,143
320404,2001,32.96503496503497,4714.0,143
320404,2002,41.45454545454545,5928.0,143
320404,2003,43.65734265734266,6243.0,143
320404,2004,44.81118881118881,6408.0,143
320404,2005,44.05594405594405,6300.0,143
320404,2006,48.37762237762238,6918.0,143
320404,2007,51.3006993006993,7336.0,143
320404,2008,50.95104895104895,7286.0,143
320404,2009,46.67832167832168,6675.0,143
320404,2010,54.25874125874126,7759.0,143
320404,2011,55.37762237762238,7919.0,143
320404,2012,56.09090909090909,8021.0,143
320404,2013,59.65734265734266,8531.0,143
320404,2014,54.27972027972028,7762.0,143
320404,2015,53.38461538461539,7634.0,143
320404,2016,54.04895104895105,7729.0,143
320404,2017,54.54545454545455,7800.0,143
320404,2018,55.11888111888112,7882.0,143
320404,2019,56.74125874125874,8114.0,143
320404,2020,57.06993006993007,8161.0,143
320411,2000,16.722627737226276,11455.0,685
320411,2001,17.562043795620436,12030.0,685
320411,2002,23.40875912408759,16035.0,685
320411,2003,29.3985401459854,20138.0,685
320411,2004,32.284671532846716,22115.0,685
320411,2005,32.86861313868613,22515.0,685
320411,2006,37.95474452554745,25999.0,685
320411,2007,41.78686131386861,28624.0,685
320411,2008,45.0029197080292,30827.0,685
320411,2009,40.51970802919708,27756.0,685
320411,2010,48.94452554744525,33527.0,685
320411,2011,51.49343065693431,35273.0,685
320411,2012,50.871532846715326,34847.0,685
320411,2013,55.74452554744526,38185.0,685
320411,2014,49.79124087591241,34107.0,685
320411,2015,49.753284671532846,34081.0,685
320411,2016,50.81021897810219,34805.0,685
320411,2017,52.345985401459856,35857.0,685
320411,2018,53.41897810218978,36592.0,685
320411,2019,55.8058394160584,38227.0,685
320411,2020,54.402919708029195,37266.0,685
320412,2000,13.205753595997498,21116.0,1599
320412,2001,14.031894934333959,22437.0,1599
320412,2002,20.47091932457786,32733.0,1599
320412,2003,21.50281425891182,34383.0,1599
320412,2004,25.921200750469044,41448.0,1599
320412,2005,25.730456535334586,41143.0,1599
320412,2006,29.017510944340213,46399.0,1599
320412,2007,32.074421513445905,51287.0,1599
320412,2008,34.239524702939335,54749.0,1599
320412,2009,29.664790494058785,47434.0,1599
320412,2010,37.3089430894309,59657.0,1599
320412,2011,39.832395247029396,63692.0,1599
320412,2012,39.2714196372733,62795.0,1599
320412,2013,44.609756097560975,71331.0,1599
320412,2014,36.82614133833646,58885.0,1599
320412,2015,35.72420262664165,57123.0,1599
320412,2016,36.13883677298311,57786.0,1599
320412,2017,38.21263289555972,61102.0,1599
320412,2018,38.60412757973734,61728.0,1599
320412,2019,42.3552220137586,67726.0,1599
320412,2020,43.350844277673545,69318.0,1599
320413,2000,6.971653543307086,8854.0,1270
320413,2001,7.163779527559055,9098.0,1270
320413,2002,9.474803149606299,12033.0,1270
320413,2003,10.181102362204724,12930.0,1270
320413,2004,11.853543307086614,15054.0,1270
320413,2005,11.773228346456692,14952.0,1270
320413,2006,12.584251968503937,15982.0,1270
320413,2007,13.754330708661417,17468.0,1270
320413,2008,13.967716535433071,17739.0,1270
320413,2009,11.862204724409448,15065.0,1270
320413,2010,14.82992125984252,18834.0,1270
320413,2011,15.937007874015748,20240.0,1270
320413,2012,17.090551181102363,21705.0,1270
320413,2013,19.255905511811022,24455.0,1270
320413,2014,14.722834645669291,18698.0,1270
320413,2015,17.39212598425197,22088.0,1270
320413,2016,20.03307086614173,25442.0,1270
320413,2017,24.107086614173227,30616.0,1270
320413,2018,25.013385826771653,31767.0,1270
320413,2019,31.72047244094488,40285.0,1270
320413,2020,34.35826771653543,43635.0,1270
320481,2000,5.540363975734951,11873.0,2143
320481,2001,5.587960802613159,11975.0,2143
320481,2002,6.909472701819879,14807.0,2143
320481,2003,7.970601959869342,17081.0,2143
320481,2004,10.433037797480168,22358.0,2143
320481,2005,9.942137190853943,21306.0,2143
320481,2006,10.301446570228652,22076.0,2143
320481,2007,12.21091927204853,26168.0,2143
320481,2008,13.489034064395707,28907.0,2143
320481,2009,11.175921605226318,23950.0,2143
320481,2010,12.95333644423705,27759.0,2143
320481,2011,13.278581427904806,28456.0,2143
320481,2012,13.469435370975269,28865.0,2143
320481,2013,15.262715818945404,32708.0,2143
320481,2014,10.195053663089128,21848.0,2143
320481,2015,10.268315445636958,22005.0,2143
320481,2016,9.629491367242183,20636.0,2143
320481,2017,15.078861409239384,32314.0,2143
320481,2018,16.62575828278115,35629.0,2143
320481,2019,19.76948203453103,42366.0,2143
320481,2020,21.140923938404107,45305.0,2143
320505,2000,19.339240506329112,7639.0,395
320505,2001,18.931645569620255,7478.0,395
320505,2002,23.79746835443038,9400.0,395
320505,2003,25.832911392405062,10204.0,395
320505,2004,28.430379746835442,11230.0,395
320505,2005,32.28101265822785,12751.0,395
320505,2006,35.04303797468354,13842.0,395
320505,2007,35.881012658227846,14173.0,395
320505,2008,38.03544303797468,15024.0,395
320505,2009,32.78227848101266,12949.0,395
320505,2010,41.344303797468356,16331.0,395
320505,2011,41.539240506329115,16408.0,395
320505,2012,41.69113924050633,16468.0,395
320505,2013,44.54430379746835,17595.0,395
320505,2014,41.31645569620253,16320.0,395
320505,2015,41.70126582278481,16472.0,395
320505,2016,42.24810126582278,16688.0,395
320505,2017,45.210126582278484,17858.0,395
320505,2018,46.43291139240506,18341.0,395
320505,2019,47.96708860759494,18947.0,395
320505,2020,47.8379746835443,18896.0,395
320506,2000,7.7993911719939115,25621.0,3285
320506,2001,8.554033485540335,28100.0,3285
320506,2002,12.265449010654491,40292.0,3285
320506,2003,14.140639269406392,46452.0,3285
320506,2004,15.804870624048707,51919.0,3285
320506,2005,16.7427701674277,55000.0,3285
320506,2006,18.874581430745813,62003.0,3285
320506,2007,19.937899543378997,65496.0,3285
320506,2008,20.30593607305936,66705.0,3285
320506,2009,18.19117199391172,59758.0,3285
320506,2010,22.364383561643837,73467.0,3285
320506,2011,23.70867579908676,77883.0,3285
320506,2012,23.56773211567732,77420.0,3285
320506,2013,26.003957382039573,85423.0,3285
320506,2014,23.38386605783866,76816.0,3285
320506,2015,24.133942161339423,79280.0,3285
320506,2016,24.34337899543379,79968.0,3285
320506,2017,28.073363774733636,92221.0,3285
320506,2018,28.76316590563166,94487.0,3285
320506,2019,30.36468797564688,99748.0,3285
320506,2020,30.140639269406392,99012.0,3285
320507,2000,13.827089337175792,9596.0,694
320507,2001,16.57348703170029,11502.0,694
320507,2002,24.585014409221902,17062.0,694
320507,2003,32.419308357348704,22499.0,694
320507,2004,35.736311239193085,24801.0,694
320507,2005,38.0014409221902,26373.0,694
320507,2006,41.04322766570605,28484.0,694
320507,2007,43.19308357348703,29976.0,694
320507,2008,45.75504322766571,31754.0,694
320507,2009,40.720461095100866,28260.0,694
320507,2010,50.30835734870317,34914.0,694
320507,2011,52.04899135446686,36122.0,694
320507,2012,49.514409221902014,34363.0,694
320507,2013,54.30259365994236,37686.0,694
320507,2014,49.08933717579251,34068.0,694
320507,2015,49.92219020172911,34646.0,694
320507,2016,51.37896253602305,35657.0,694
320507,2017,53.03746397694525,36808.0,694
320507,2018,53.64553314121037,37230.0,694
320507,2019,56.106628242074926,38938.0,694
320507,2020,56.63544668587896,39305.0,694
320508,2000,56.59027777777778,8149.0,144
320508,2001,56.09027777777778,8077.0,144
320508,2002,59.96527777777778,8635.0,144
320508,2003,60.31944444444444,8686.0,144
320508,2004,58.125,8370.0,144
320508,2005,59.291666666666664,8538.0,144
320508,2006,60.1875,8667.0,144
320508,2007,59.708333333333336,8598.0,144
320508,2008,59.69444444444444,8596.0,144
320508,2009,56.638888888888886,8156.0,144
320508,2010,59.0,8496.0,144
320508,2011,62.861111111111114,9052.0,144
320508,2012,62.65972222222222,9023.0,144
320508,2013,62.86805555555556,9053.0,144
320508,2014,62.875,9054.0,144
320508,2015,62.88194444444444,9055.0,144
320508,2016,62.96527777777778,9067.0,144
320508,2017,62.986111111111114,9070.0,144
320508,2018,62.97222222222222,9068.0,144
320508,2019,63.0,9072.0,144
320508,2020,63.0,9072.0,144
320509,2000,12.084549878345499,19867.0,1644
320509,2001,14.641727493917275,24071.0,1644
320509,2002,19.59367396593674,32212.0,1644
320509,2003,22.740875912408757,37386.0,1644
320509,2004,26.114355231143552,42932.0,1644
320509,2005,27.228102189781023,44763.0,1644
320509,2006,30.27676399026764,49775.0,1644
320509,2007,32.09489051094891,52764.0,1644
320509,2008,32.42579075425791,53308.0,1644
320509,2009,26.485401459854014,43542.0,1644
320509,2010,37.319951338199516,61354.0,1644
320509,2011,39.17761557177616,64408.0,1644
320509,2012,38.811435523114355,63806.0,1644
320509,2013,44.4507299270073,73077.0,1644
320509,2014,40.3169099756691,66281.0,1644
320509,2015,40.69647201946472,66905.0,1644
320509,2016,41.36070559610705,67997.0,1644
320509,2017,44.11678832116788,72528.0,1644
320509,2018,44.83880778588808,73715.0,1644
320509,2019,47.84428223844282,78656.0,1644
320509,2020,49.64294403892944,81613.0,1644
320581,2000,13.557932263814617,22818.0,1683
320581,2001,16.4212715389186,27637.0,1683
320581,2002,23.77124183006536,40007.0,1683
320581,2003,29.35531788472965,49405.0,1683
320581,2004,31.95959595959596,53788.0,1683
320581,2005,30.58407605466429,51473.0,1683
320581,2006,33.80867498514557,56900.0,1683
320581,2007,35.573380867498514,59870.0,1683
320581,2008,36.73380867498515,61823.0,1683
320581,2009,33.5068330362448,56392.0,1683
320581,2010,41.819964349376114,70383.0,1683
320581,2011,45.91740938799762,77279.0,1683
320581,2012,44.00118835412953,74054.0,1683
320581,2013,51.146167557932266,86079.0,1683
320581,2014,45.00475341651812,75743.0,1683
320581,2015,45.03565062388592,75795.0,1683
320581,2016,44.61556743909685,75088.0,1683
320581,2017,45.97682709447415,77379.0,1683
320581,2018,46.46761734997029,78205.0,1683
320581,2019,50.19251336898396,84474.0,1683
320581,2020,47.815210932857994,80473.0,1683
320582,2000,15.904385334291876,22123.0,1391
320582,2001,18.87347232207045,26253.0,1391
320582,2002,25.989935298346513,36152.0,1391
320582,2003,29.67074047447879,41272.0,1391
320582,2004,32.71531272465852,45507.0,1391
320582,2005,34.298346513299784,47709.0,1391
320582,2006,37.30409777138749,51890.0,1391
320582,2007,39.66067577282531,55168.0,1391
320582,2008,40.23652048885694,55969.0,1391
320582,2009,34.37311286843997,47813.0,1391
320582,2010,41.12796549245147,57209.0,1391
320582,2011,45.151689432063264,62806.0,1391
320582,2012,44.39108554996405,61748.0,1391
320582,2013,49.93386053199137,69458.0,1391
320582,2014,44.8842559309849,62434.0,1391
320582,2015,45.05319913731129,62669.0,1391
320582,2016,44.020129403306974,61232.0,1391
320582,2017,45.59597411933861,63424.0,1391
320582,2018,46.06254493170381,64073.0,1391
320582,2019,49.19194823867721,68426.0,1391
320582,2020,45.30265995686556,63016.0,1391
320583,2000,18.941002949852507,25684.0,1356
320583,2001,22.117994100294986,29992.0,1356
320583,2002,29.949115044247787,40611.0,1356
320583,2003,36.13790560471976,49003.0,1356
320583,2004,39.63790560471976,53749.0,1356
320583,2005,41.84660766961652,56744.0,1356
320583,2006,43.32227138643068,58745.0,1356
320583,2007,45.86283185840708,62190.0,1356
320583,2008,46.72861356932153,63364.0,1356
320583,2009,39.977138643067846,54209.0,1356
320583,2010,49.44395280235988,67046.0,1356
320583,2011,51.26327433628319,69513.0,1356
320583,2012,49.69174041297935,67382.0,1356
320583,2013,54.77949852507375,74281.0,1356
320583,2014,51.76843657817109,70198.0,1356
320583,2015,52.38864306784661,71039.0,1356
320583,2016,52.432153392330385,71098.0,1356
320583,2017,54.272861356932154,73594.0,1356
320583,2018,54.453539823008846,73839.0,1356
320583,2019,56.77949852507375,76993.0,1356
320583,2020,57.107669616519175,77438.0,1356
320585,2000,13.539823008849558,16830.0,1243
320585,2001,15.35076427996782,19081.0,1243
320585,2002,19.75784392598552,24559.0,1243
320585,2003,24.301689460981496,30207.0,1243
320585,2004,28.35478680611424,35245.0,1243
320585,2005,30.62912308930008,38072.0,1243
320585,2006,33.14320193081255,41197.0,1243
320585,2007,36.30410297666935,45126.0,1243
320585,2008,37.197103781174576,46236.0,1243
320585,2009,34.144006436041835,42441.0,1243
320585,2010,42.93322606596943,53366.0,1243
320585,2011,46.79485116653258,58166.0,1243
320585,2012,45.193885760257444,56176.0,1243
320585,2013,49.42156074014481,61431.0,1243
320585,2014,45.68785197103781,56790.0,1243
320585,2015,46.25261464199517,57492.0,1243
320585,2016,45.67739340305712,56777.0,1243
320585,2017,47.56637168141593,59125.0,1243
320585,2018,47.902654867256636,59543.0,1243
320585,2019,51.21238938053097,63657.0,1243
320585,2020,43.0756234915527,53543.0,1243
320602,2000,22.190104166666668,17042.0,768
320602,2001,23.940104166666668,18386.0,768
320602,2002,29.001302083333332,22273.0,768
320602,2003,30.096354166666668,23114.0,768
320602,2004,36.703125,28188.0,768
320602,2005,38.8359375,29826.0,768
320602,2006,40.356770833333336,30994.0,768
320602,2007,42.341145833333336,32518.0,768
320602,2008,44.610677083333336,34261.0,768
320602,2009,42.454427083333336,32605.0,768
320602,2010,47.640625,36588.0,768
320602,2011,50.4140625,38718.0,768
320602,2012,49.165364583333336,37759.0,768
320602,2013,52.903645833333336,40630.0,768
320602,2014,52.81640625,40563.0,768
320602,2015,53.12109375,40797.0,768
320602,2016,52.890625,40620.0,768
320602,2017,53.62890625,41187.0,768
320602,2018,53.830729166666664,41342.0,768
320602,2019,55.803385416666664,42857.0,768
320602,2020,40.029947916666664,30743.0,768
320612,2000,8.344381149663388,16113.0,1931
320612,2001,8.802175038839978,16997.0,1931
320612,2002,11.979803210771621,23133.0,1931
320612,2003,12.25064733298809,23656.0,1931
320612,2004,13.634904194717762,26329.0,1931
320612,2005,14.175556706369756,27373.0,1931
320612,2006,16.81046090108752,32461.0,1931
320612,2007,18.96271361988607,36617.0,1931
320612,2008,21.087001553599173,40719.0,1931
320612,2009,21.21853961677887,40973.0,1931
320612,2010,23.253754531330916,44903.0,1931
320612,2011,25.84464008285862,49906.0,1931
320612,2012,27.94199896426722,53956.0,1931
320612,2013,32.658208182288966,63063.0,1931
320612,2014,25.545831175556707,49329.0,1931
320612,2015,28.588814085965822,55205.0,1931
320612,2016,29.116002071465562,56223.0,1931
320612,2017,33.43811496633869,64569.0,1931
320612,2018,33.10823407560849,63932.0,1931
320612,2019,36.01191092698084,69539.0,1931
320612,2020,33.725530813050234,65124.0,1931
320623,2000,4.692714819427148,15073.0,3212
320623,2001,4.747820672478206,15250.0,3212
320623,2002,5.773038605230386,18543.0,3212
320623,2003,5.65628891656289,18168.0,3212
320623,2004,6.4903486924034866,20847.0,3212
320623,2005,6.37453300124533,20475.0,3212
320623,2006,6.583125778331258,21145.0,3212
320623,2007,7.678082191780822,24662.0,3212
320623,2008,6.815068493150685,21890.0,3212
320623,2009,8.290161892901619,26628.0,3212
320623,2010,7.7982565379825655,25048.0,3212
320623,2011,9.027708592777087,28997.0,3212
320623,2012,10.083125778331258,32387.0,3212
320623,2013,12.070983810709839,38772.0,3212
320623,2014,5.62359900373599,18063.0,3212
320623,2015,6.158779576587796,19782.0,3212
320623,2016,5.865815691158157,18841.0,3212
320623,2017,11.789539227895393,37868.0,3212
320623,2018,12.272104607721046,39418.0,3212
320623,2019,15.186176836861769,48778.0,3212
320623,2020,14.27148194271482,45840.0,3212
320681,2000,4.511167298777918,10705.0,2373
320681,2001,4.807838179519595,11409.0,2373
320681,2002,5.55330804888327,13178.0,2373
320681,2003,6.150442477876106,14595.0,2373
320681,2004,7.606826801517067,18051.0,2373
320681,2005,7.794774546986936,18497.0,2373
320681,2006,8.722713864306785,20699.0,2373
320681,2007,9.759797724399494,23160.0,2373
320681,2008,9.938053097345133,23583.0,2373
320681,2009,12.080488832701223,28667.0,2373
320681,2010,11.466498103666245,27210.0,2373
320681,2011,12.762326169405815,30285.0,2373
320681,2012,15.790981879477455,37472.0,2373
320681,2013,17.912347239780868,42506.0,2373
320681,2014,13.256637168141593,31458.0,2373
320681,2015,14.315212810788031,33970.0,2373
320681,2016,12.857142857142858,30510.0,2373
320681,2017,19.080910240202275,45279.0,2373
320681,2018,18.061525495153813,42860.0,2373
320681,2019,21.787610619469028,51702.0,2373
320681,2020,18.873999157184997,44788.0,2373
320682,2000,7.9492078285181735,17059.0,2146
320682,2001,7.998136067101584,17164.0,2146
320682,2002,10.289841565703634,22082.0,2146
320682,2003,11.094594594594595,23809.0,2146
320682,2004,12.08574091332712,25936.0,2146
320682,2005,12.147716682199441,26069.0,2146
320682,2006,13.275396085740914,28489.0,2146
320682,2007,15.988350419384902,34311.0,2146
320682,2008,17.0955265610438,36687.0,2146
320682,2009,16.012581547064304,34363.0,2146
320682,2010,18.235321528424976,39133.0,2146
320682,2011,20.460857409133272,43909.0,2146
320682,2012,21.820596458527493,46827.0,2146
320682,2013,25.112767940354146,53892.0,2146
320682,2014,16.157502329916124,34674.0,2146
320682,2015,15.925442684063373,34176.0,2146
320682,2016,14.601584342963653,31335.0,2146
320682,2017,18.670549860205032,40067.0,2146
320682,2018,19.234389561975767,41277.0,2146
320682,2019,22.42637465051258,48127.0,2146
320682,2020,22.016309412861137,47247.0,2146
320684,2000,7.221176470588235,12276.0,1700
320684,2001,7.471764705882353,12702.0,1700
320684,2002,9.288235294117648,15790.0,1700
320684,2003,9.338235294117647,15875.0,1700
320684,2004,11.197058823529412,19035.0,1700
320684,2005,10.982941176470588,18671.0,1700
320684,2006,13.06,22202.0,1700
320684,2007,14.509411764705883,24666.0,1700
320684,2008,15.681764705882353,26659.0,1700
320684,2009,16.96529411764706,28841.0,1700
320684,2010,18.26235294117647,31046.0,1700
320684,2011,20.795882352941177,35353.0,1700
320684,2012,21.01,35717.0,1700
320684,2013,25.381764705882354,43149.0,1700
320684,2014,16.92823529411765,28778.0,1700
320684,2015,17.708823529411763,30105.0,1700
320684,2016,17.271764705882354,29362.0,1700
320684,2017,21.7,36890.0,1700
320684,2018,21.85058823529412,37146.0,1700
320684,2019,25.03529411764706,42560.0,1700
320684,2020,21.76,36992.0,1700
320685,2000,7.263862332695985,11397.0,1569
320685,2001,7.563416188655195,11867.0,1569
320685,2002,9.068196303377947,14228.0,1569
320685,2003,9.791586998087954,15363.0,1569
320685,2004,10.78521351179095,16922.0,1569
320685,2005,10.665391969407265,16734.0,1569
320685,2006,11.40089228808158,17888.0,1569
320685,2007,14.209050350541746,22294.0,1569
320685,2008,14.15551306564691,22210.0,1569
320685,2009,13.51370299553856,21203.0,1569
320685,2010,14.761631612492033,23161.0,1569
320685,2011,16.48374760994264,25863.0,1569
320685,2012,17.663479923518164,27714.0,1569
320685,2013,22.1395793499044,34737.0,1569
320685,2014,14.725940089228809,23105.0,1569
320685,2015,15.388145315487572,24144.0,1569
320685,2016,14.351816443594647,22518.0,1569
320685,2017,19.061822817080945,29908.0,1569
320685,2018,18.866794136392606,29602.0,1569
320685,2019,21.045251752708733,33020.0,1569
320685,2020,22.261950286806883,34929.0,1569
320703,2000,9.476547842401501,10102.0,1066
320703,2001,9.582551594746716,10215.0,1066
320703,2002,11.227016885553471,11968.0,1066
320703,2003,11.855534709193245,12638.0,1066
320703,2004,13.27016885553471,14146.0,1066
320703,2005,14.159474671669793,15094.0,1066
320703,2006,17.164165103189493,18297.0,1066
320703,2007,17.358348968105066,18504.0,1066
320703,2008,17.158536585365855,18291.0,1066
320703,2009,18.4859287054409,19706.0,1066
320703,2010,19.212007504690433,20480.0,1066
320703,2011,21.295497185741088,22701.0,1066
320703,2012,22.400562851782365,23879.0,1066
320703,2013,26.5328330206379,28284.0,1066
320703,2014,27.163227016885553,28956.0,1066
320703,2015,29.150093808630395,31074.0,1066
320703,2016,29.76360225140713,31728.0,1066
320703,2017,33.93714821763602,36177.0,1066
320703,2018,35.61538461538461,37966.0,1066
320703,2019,38.60037523452158,41148.0,1066
320703,2020,36.27579737335835,38670.0,1066
320706,2000,13.933531746031745,14045.0,1008
320706,2001,14.371031746031745,14486.0,1008
320706,2002,16.78174603174603,16916.0,1008
320706,2003,15.848214285714286,15975.0,1008
320706,2004,17.299603174603174,17438.0,1008
320706,2005,17.279761904761905,17418.0,1008
320706,2006,19.21230158730159,19366.0,1008
320706,2007,20.04563492063492,20206.0,1008
320706,2008,18.91269841269841,19064.0,1008
320706,2009,21.83531746031746,22010.0,1008
320706,2010,20.5734126984127,20738.0,1008
320706,2011,20.81547619047619,20982.0,1008
320706,2012,21.264880952380953,21435.0,1008
320706,2013,24.384920634920636,24580.0,1008
320706,2014,21.262896825396826,21433.0,1008
320706,2015,21.47718253968254,21649.0,1008
320706,2016,21.15277777777778,21322.0,1008
320706,2017,25.57638888888889,25781.0,1008
320706,2018,26.021825396825395,26230.0,1008
320706,2019,28.53769841269841,28766.0,1008
320706,2020,28.735119047619047,28965.0,1008
320707,2000,6.986721611721611,15259.0,2184
320707,2001,7.387362637362638,16134.0,2184
320707,2002,8.530219780219781,18630.0,2184
320707,2003,8.194139194139193,17896.0,2184
320707,2004,9.038919413919414,19741.0,2184
320707,2005,8.101648351648352,17694.0,2184
320707,2006,8.98076923076923,19614.0,2184
320707,2007,10.045787545787546,21940.0,2184
320707,2008,10.256410256410257,22400.0,2184
320707,2009,12.503205128205128,27307.0,2184
320707,2010,11.921245421245422,26036.0,2184
320707,2011,12.34569597069597,26963.0,2184
320707,2012,13.699633699633699,29920.0,2184
320707,2013,15.570970695970695,34007.0,2184
320707,2014,11.411630036630036,24923.0,2184
320707,2015,12.115384615384615,26460.0,2184
320707,2016,11.168498168498168,24392.0,2184
320707,2017,15.152472527472527,33093.0,2184
320707,2018,15.405677655677655,33646.0,2184
320707,2019,18.02335164835165,39363.0,2184
320707,2020,17.368589743589745,37933.0,2184
320722,2000,4.5968010663112295,13795.0,3001
320722,2001,4.591469510163279,13779.0,3001
320722,2002,6.345551482839054,19043.0,3001
320722,2003,5.477507497500833,16438.0,3001
320722,2004,7.155281572809064,21473.0,3001
320722,2005,6.5404865044985,19628.0,3001
320722,2006,7.529156947684105,22595.0,3001
320722,2007,8.914361879373542,26752.0,3001
320722,2008,8.093635454848384,24289.0,3001
320722,2009,10.832389203598801,32508.0,3001
320722,2010,8.680106631122959,26049.0,3001
320722,2011,9.202599133622126,27617.0,3001
320722,2012,10.60113295568144,31814.0,3001
320722,2013,12.411529490169944,37247.0,3001
320722,2014,5.453848717094302,16367.0,3001
320722,2015,5.985671442852382,17963.0,3001
320722,2016,5.211262912362546,15639.0,3001
320722,2017,11.748417194268578,35257.0,3001
320722,2018,12.131289570143286,36406.0,3001
320722,2019,13.699100299900033,41111.0,3001
320722,2020,14.302565811396201,42922.0,3001
320723,2000,4.085541608554161,8788.0,2151
320723,2001,4.191073919107392,9015.0,2151
320723,2002,5.613668061366806,12075.0,2151
320723,2003,5.574616457461646,11991.0,2151
320723,2004,7.099488609948861,15271.0,2151
320723,2005,6.395165039516504,13756.0,2151
320723,2006,7.087401208740121,15245.0,2151
320723,2007,8.603905160390516,18507.0,2151
320723,2008,7.695025569502557,16552.0,2151
320723,2009,9.104602510460252,19584.0,2151
320723,2010,8.400278940027894,18069.0,2151
320723,2011,8.206415620641563,17652.0,2151
320723,2012,9.653184565318456,20764.0,2151
320723,2013,8.721524872152488,18760.0,2151
320723,2014,4.867503486750349,10470.0,2151
320723,2015,5.453742445374244,11731.0,2151
320723,2016,4.939098093909809,10624.0,2151
320723,2017,10.764760576476057,23155.0,2151
320723,2018,11.385402138540213,24490.0,2151
320723,2019,13.466294746629474,28966.0,2151
320723,2020,13.88795908879591,29873.0,2151
320724,2000,5.640680368532955,7959.0,1411
320724,2001,5.803685329553508,8189.0,1411
320724,2002,6.40822111977321,9042.0,1411
320724,2003,6.766123316796598,9547.0,1411
320724,2004,7.736357193479802,10916.0,1411
320724,2005,8.263642806520199,11660.0,1411
320724,2006,9.012048192771084,12716.0,1411
320724,2007,9.585400425230333,13525.0,1411
320724,2008,10.214741318214033,14413.0,1411
320724,2009,11.42735648476258,16124.0,1411
320724,2010,12.267186392629341,17309.0,1411
320724,2011,11.537916371367825,16280.0,1411
320724,2012,12.588944011339475,17763.0,1411
320724,2013,13.594613749114103,19182.0,1411
320724,2014,7.3756201275691,10407.0,1411
320724,2015,7.294826364280652,10293.0,1411
320724,2016,7.304039688164423,10306.0,1411
320724,2017,12.969525159461375,18300.0,1411
320724,2018,13.364280652019843,18857.0,1411
320724,2019,15.856130403968816,22373.0,1411
320724,2020,16.082919914953933,22693.0,1411
320803,2000,4.813192612137203,9121.0,1895
320803,2001,5.696569920844327,10795.0,1895
320803,2002,7.130870712401055,13513.0,1895
320803,2003,7.157255936675462,13563.0,1895
320803,2004,7.516094986807388,14243.0,1895
320803,2005,6.565699208443272,12442.0,1895
320803,2006,7.155672823218997,13560.0,1895
320803,2007,7.572559366754618,14350.0,1895
320803,2008,5.984696569920844,11341.0,1895
320803,2009,8.723482849604222,16531.0,1895
320803,2010,7.998416886543535,15157.0,1895
320803,2011,9.592084432717678,18177.0,1895
320803,2012,9.822691292875989,18614.0,1895
320803,2013,11.26174142480211,21341.0,1895
320803,2014,5.895514511873351,11172.0,1895
320803,2015,6.20263852242744,11754.0,1895
320803,2016,6.269656992084433,11881.0,1895
320803,2017,12.246437994722955,23207.0,1895
320803,2018,12.137730870712401,23001.0,1895
320803,2019,14.664379947229552,27789.0,1895
320803,2020,15.261213720316622,28920.0,1895
320804,2000,7.456495828367104,12512.0,1678
320804,2001,8.568533969010726,14378.0,1678
320804,2002,8.749702026221692,14682.0,1678
320804,2003,9.898688915375446,16610.0,1678
320804,2004,10.131704410011919,17001.0,1678
320804,2005,10.100715137067938,16949.0,1678
320804,2006,10.679380214541121,17920.0,1678
320804,2007,10.630512514898689,17838.0,1678
320804,2008,9.881406436233611,16581.0,1678
320804,2009,11.583432657926103,19437.0,1678
320804,2010,12.687127532777115,21289.0,1678
320804,2011,12.783075089392133,21450.0,1678
320804,2012,13.98212157330155,23462.0,1678
320804,2013,15.49404052443385,25999.0,1678
320804,2014,9.327175208581645,15651.0,1678
320804,2015,9.540524433849821,16009.0,1678
320804,2016,8.82657926102503,14811.0,1678
320804,2017,13.84445768772348,23231.0,1678
320804,2018,13.901668653158522,23327.0,1678
320804,2019,15.923718712753278,26720.0,1678
320804,2020,16.504171632896306,27694.0,1678
320812,2000,15.731927710843374,10446.0,664
320812,2001,16.177710843373493,10742.0,664
320812,2002,19.771084337349397,13128.0,664
320812,2003,23.658132530120483,15709.0,664
320812,2004,25.197289156626507,16731.0,664
320812,2005,23.718373493975903,15749.0,664
320812,2006,26.283132530120483,17452.0,664
320812,2007,26.54066265060241,17623.0,664
320812,2008,25.71536144578313,17075.0,664
320812,2009,29.31777108433735,19467.0,664
320812,2010,32.3855421686747,21504.0,664
320812,2011,36.30421686746988,24106.0,664
320812,2012,36.243975903614455,24066.0,664
320812,2013,41.69427710843374,27685.0,664
320812,2014,41.2183734939759,27369.0,664
320812,2015,41.86144578313253,27796.0,664
320812,2016,41.350903614457835,27457.0,664
320812,2017,44.65813253012048,29653.0,664
320812,2018,45.20783132530121,30018.0,664
320812,2019,48.17168674698795,31986.0,664
320812,2020,49.0933734939759,32598.0,664
320813,2000,3.18931475029036,5492.0,1722
320813,2001,3.2398373983739837,5579.0,1722
320813,2002,3.789198606271777,6525.0,1722
320813,2003,4.102787456445993,7065.0,1722
320813,2004,4.980255516840883,8576.0,1722
320813,2005,4.592334494773519,7908.0,1722
320813,2006,3.8728222996515678,6669.0,1722
320813,2007,5.311265969802555,9146.0,1722
320813,2008,4.416376306620209,7605.0,1722
320813,2009,5.173054587688734,8908.0,1722
320813,2010,5.729965156794425,9867.0,1722
320813,2011,6.411730545876887,11041.0,1722
320813,2012,6.970383275261324,12003.0,1722
320813,2013,8.346689895470384,14373.0,1722
320813,2014,4.185249709639954,7207.0,1722
320813,2015,4.965156794425087,8550.0,1722
320813,2016,4.384436701509872,7550.0,1722
320813,2017,8.433797909407666,14523.0,1722
320813,2018,7.439605110336817,12811.0,1722
320813,2019,9.19047619047619,15826.0,1722
320813,2020,9.829849012775842,16927.0,1722
320826,2000,4.1439299123904885,9933.0,2397
320826,2001,5.5732165206508135,13359.0,2397
320826,2002,5.380892782644973,12898.0,2397
320826,2003,5.516478931998331,13223.0,2397
320826,2004,5.8105965790571545,13928.0,2397
320826,2005,5.929495202336254,14213.0,2397
320826,2006,5.710471422611598,13688.0,2397
320826,2007,6.112223612849395,14651.0,2397
320826,2008,5.691697955778056,13643.0,2397
320826,2009,7.9520233625365035,19061.0,2397
320826,2010,9.088443888193575,21785.0,2397
320826,2011,9.926157697121402,23793.0,2397
320826,2012,10.853566958698373,26016.0,2397
320826,2013,11.53566958698373,27651.0,2397
320826,2014,5.012932832707551,12016.0,2397
320826,2015,5.039632874426366,12080.0,2397
320826,2016,5.022945348352107,12040.0,2397
320826,2017,9.492282019190656,22753.0,2397
320826,2018,9.812682519816438,23521.0,2397
320826,2019,13.337505214851898,31970.0,2397
320826,2020,14.619524405506883,35043.0,2397
320830,2000,2.67874109263658,9022.0,3368
320830,2001,2.7847387173396676,9379.0,3368
320830,2002,2.6995249406175774,9092.0,3368
320830,2003,3.6561757719714962,12314.0,3368
320830,2004,4.345308788598575,14635.0,3368
320830,2005,3.776425178147268,12719.0,3368
320830,2006,3.1754750593824226,10695.0,3368
320830,2007,4.891330166270784,16474.0,3368
320830,2008,4.102434679334917,13817.0,3368
320830,2009,4.885095011876484,16453.0,3368
320830,2010,6.559679334916865,22093.0,3368
320830,2011,7.158847980997625,24111.0,3368
320830,2012,5.278503562945368,17778.0,3368
320830,2013,6.0923396674584325,20519.0,3368
320830,2014,2.5525534441805227,8597.0,3368
320830,2015,2.5249406175771973,8504.0,3368
320830,2016,2.378562945368171,8011.0,3368
320830,2017,4.820368171021378,16235.0,3368
320830,2018,4.475653206650831,15074.0,3368
320830,2019,6.176068883610451,20801.0,3368
320830,2020,6.529691211401425,21992.0,3368
320831,2000,3.357594936708861,6366.0,1896
320831,2001,3.3391350210970465,6331.0,1896
320831,2002,3.930379746835443,7452.0,1896
320831,2003,3.5727848101265822,6774.0,1896
320831,2004,3.7484177215189876,7107.0,1896
320831,2005,3.695675105485232,7007.0,1896
320831,2006,2.9145569620253164,5526.0,1896
320831,2007,4.072784810126582,7722.0,1896
320831,2008,3.4156118143459917,6476.0,1896
320831,2009,4.382911392405063,8310.0,1896
320831,2010,5.060126582278481,9594.0,1896
320831,2011,5.54957805907173,10522.0,1896
320831,2012,5.82542194092827,11045.0,1896
320831,2013,7.015822784810126,13302.0,1896
320831,2014,2.632911392405063,4992.0,1896
320831,2015,3.2046413502109705,6076.0,1896
320831,2016,2.543776371308017,4823.0,1896
320831,2017,5.708860759493671,10824.0,1896
320831,2018,5.128691983122363,9724.0,1896
320831,2019,7.465189873417722,14154.0,1896
320831,2020,9.234177215189874,17508.0,1896
320902,2000,7.759933774834437,9374.0,1208
320902,2001,8.543874172185431,10321.0,1208
320902,2002,9.20364238410596,11118.0,1208
320902,2003,10.343543046357615,12495.0,1208
320902,2004,11.90976821192053,14387.0,1208
320902,2005,11.919701986754967,14399.0,1208
320902,2006,14.235099337748345,17196.0,1208
320902,2007,14.811258278145695,17892.0,1208
320902,2008,13.490066225165563,16296.0,1208
320902,2009,14.832781456953642,17918.0,1208
320902,2010,16.504139072847682,19937.0,1208
320902,2011,19.4635761589404,23512.0,1208
320902,2012,20.064569536423843,24238.0,1208
320902,2013,23.7317880794702,28668.0,1208
320902,2014,18.66390728476821,22546.0,1208
320902,2015,20.204470198675498,24407.0,1208
320902,2016,20.18791390728477,24387.0,1208
320902,2017,24.67798013245033,29811.0,1208
320902,2018,25.026490066225165,30232.0,1208
320902,2019,28.17798013245033,34039.0,1208
320902,2020,29.730132450331126,35914.0,1208
320903,2000,6.267368421052631,8931.0,1425
320903,2001,6.392280701754386,9109.0,1425
320903,2002,8.263859649122807,11776.0,1425
320903,2003,8.495438596491228,12106.0,1425
320903,2004,10.204210526315789,14541.0,1425
320903,2005,9.407017543859649,13405.0,1425
320903,2006,10.234385964912281,14584.0,1425
320903,2007,11.217543859649123,15985.0,1425
320903,2008,10.073684210526316,14355.0,1425
320903,2009,12.83157894736842,18285.0,1425
320903,2010,13.567017543859649,19333.0,1425
320903,2011,15.022456140350878,21407.0,1425
320903,2012,16.043508771929826,22862.0,1425
320903,2013,19.41894736842105,27672.0,1425
320903,2014,12.442105263157895,17730.0,1425
320903,2015,15.23157894736842,21705.0,1425
320903,2016,13.341754385964911,19012.0,1425
320903,2017,19.324912280701753,27538.0,1425
320903,2018,19.709473684210526,28086.0,1425
320903,2019,21.820350877192983,31094.0,1425
320903,2020,22.80421052631579,32496.0,1425
320904,2000,2.844097995545657,11493.0,4041
320904,2001,3.078940856223707,12442.0,4041
320904,2002,3.813907448651324,15412.0,4041
320904,2003,4.147488245483792,16760.0,4041
320904,2004,4.542687453600594,18357.0,4041
320904,2005,4.507795100222717,18216.0,4041
320904,2006,4.729027468448404,19110.0,4041
320904,2007,5.4882454837911405,22178.0,4041
320904,2008,4.802276664192032,19406.0,4041
320904,2009,5.944568176194012,24022.0,4041
320904,2010,6.15887156644395,24888.0,4041
320904,2011,8.132392972036625,32863.0,4041
320904,2012,9.747587230883445,39390.0,4041
320904,2013,11.11036872061371,44897.0,4041
320904,2014,5.558525117545162,22462.0,4041
320904,2015,5.656520663202178,22858.0,4041
320904,2016,5.7354615194258844,23177.0,4041
320904,2017,10.42687453600594,42135.0,4041
320904,2018,10.040336550358822,40573.0,4041
320904,2019,13.0146003464489,52592.0,4041
320904,2020,12.88888888888889,52084.0,4041
320921,2000,2.676717745921898,5415.0,2023
320921,2001,2.5437469105289177,5146.0,2023
320921,2002,3.944636678200692,7980.0,2023
320921,2003,3.6702916460701926,7425.0,2023
320921,2004,4.955017301038063,10024.0,2023
320921,2005,5.246663371230845,10614.0,2023
320921,2006,5.337123084527929,10797.0,2023
320921,2007,5.813148788927336,11760.0,2023
320921,2008,5.288185862580327,10698.0,2023
320921,2009,6.849233811171527,13856.0,2023
320921,2010,6.9817103311913,14124.0,2023
320921,2011,7.788433020266931,15756.0,2023
320921,2012,8.857142857142858,17918.0,2023
320921,2013,7.5299060800790905,15233.0,2023
320921,2014,6.162629757785467,12467.0,2023
320921,2015,7.32377656945131,14816.0,2023
320921,2016,6.881364310430055,13921.0,2023
320921,2017,11.478991596638656,23222.0,2023
320921,2018,11.941176470588236,24157.0,2023
320921,2019,14.210578348986653,28748.0,2023
320921,2020,14.204152249134948,28735.0,2023
320922,2000,2.942846741900255,8084.0,2747
320922,2001,3.375318529304696,9272.0,2747
320922,2002,5.104113578449217,14021.0,2747
320922,2003,4.666909355660721,12820.0,2747
320922,2004,6.010556971241354,16511.0,2747
320922,2005,5.665817255187477,15564.0,2747
320922,2006,4.9981798325445945,13730.0,2747
320922,2007,5.730615216599928,15742.0,2747
320922,2008,4.8059701492537314,13202.0,2747
320922,2009,7.042227884965417,19345.0,2747
320922,2010,7.072806698216236,19429.0,2747
320922,2011,7.610484164543138,20906.0,2747
320922,2012,8.492537313432836,23329.0,2747
320922,2013,7.4834364761558065,20557.0,2747
320922,2014,3.512559155442301,9649.0,2747
320922,2015,3.5100109210047323,9642.0,2747
320922,2016,3.4896250455041864,9586.0,2747
320922,2017,8.674554058973426,23829.0,2747
320922,2018,9.607935930105569,26393.0,2747
320922,2019,12.513287222424463,34374.0,2747
320922,2020,12.890425919184565,35410.0,2747
320923,2000,4.878084896347483,9883.0,2026
320923,2001,5.094274432379072,10321.0,2026
320923,2002,6.8450148075024675,13868.0,2026
320923,2003,5.93928923988154,12033.0,2026
320923,2004,7.224086870681145,14636.0,2026
320923,2005,6.934353405725568,14049.0,2026
320923,2006,7.489141164856861,15173.0,2026
320923,2007,8.416584402764068,17052.0,2026
320923,2008,7.6367226061204345,15472.0,2026
320923,2009,9.89634748272458,20050.0,2026
320923,2010,11.549358341559724,23399.0,2026
320923,2011,13.387956564659428,27124.0,2026
320923,2012,13.748766041461007,27855.0,2026
320923,2013,14.472852912142152,29322.0,2026
320923,2014,6.4565646594274435,13081.0,2026
320923,2015,5.6831194471865745,11514.0,2026
320923,2016,5.970384995064165,12096.0,2026
320923,2017,11.054787759131294,22397.0,2026
320923,2018,11.18065153010859,22652.0,2026
320923,2019,14.952615992102665,30294.0,2026
320923,2020,15.804540967423495,32020.0,2026
320924,2000,2.660189075630252,10130.0,3808
320924,2001,3.3965336134453783,12934.0,3808
320924,2002,4.598476890756302,17511.0,3808
320924,2003,4.140756302521009,15768.0,3808
320924,2004,5.377363445378151,20477.0,3808
320924,2005,4.745010504201681,18069.0,3808
320924,2006,5.290966386554622,20148.0,3808
320924,2007,5.7158613445378155,21766.0,3808
320924,2008,4.6788340336134455,17817.0,3808
320924,2009,6.152836134453781,23430.0,3808
320924,2010,6.17515756302521,23515.0,3808
320924,2011,6.482930672268908,24687.0,3808
320924,2012,7.260766806722689,27649.0,3808
320924,2013,6.632090336134453,25255.0,3808
320924,2014,2.2492121848739495,8565.0,3808
320924,2015,2.7531512605042017,10484.0,3808
320924,2016,2.608455882352941,9933.0,3808
320924,2017,6.763918067226891,25757.0,3808
320924,2018,6.949317226890757,26463.0,3808
320924,2019,8.613970588235293,32802.0,3808
320924,2020,9.226365546218487,35134.0,3808
320925,2000,5.558166862514689,9460.0,1702
320925,2001,5.743830787309048,9776.0,1702
320925,2002,7.484723854289071,12739.0,1702
320925,2003,6.709165687426557,11419.0,1702
320925,2004,7.844300822561692,13351.0,1702
320925,2005,8.050528789659225,13702.0,1702
320925,2006,8.112220916568743,13807.0,1702
320925,2007,8.90011750881316,15148.0,1702
320925,2008,7.552878965922444,12855.0,1702
320925,2009,10.443595769682727,17775.0,1702
320925,2010,11.876615746180963,20214.0,1702
320925,2011,13.522914218566392,23016.0,1702
320925,2012,13.534077555816687,23035.0,1702
320925,2013,16.025264394829613,27275.0,1702
320925,2014,10.096944770857814,17185.0,1702
320925,2015,11.443595769682727,19477.0,1702
320925,2016,11.568742655699177,19690.0,1702
320925,2017,16.341363102232666,27813.0,1702
320925,2018,16.27732079905993,27704.0,1702
320925,2019,18.22032902467685,31011.0,1702
320925,2020,18.804347826086957,32005.0,1702
320981,2000,3.7281207133058984,13589.0,3645
320981,2001,3.88641975308642,14166.0,3645
320981,2002,4.839231824417009,17639.0,3645
320981,2003,5.29437585733882,19298.0,3645
320981,2004,5.925651577503429,21599.0,3645
320981,2005,5.742661179698216,20932.0,3645
320981,2006,5.88477366255144,21450.0,3645
320981,2007,7.287517146776406,26563.0,3645
320981,2008,6.874074074074074,25056.0,3645
320981,2009,7.92153635116598,28874.0,3645
320981,2010,8.098491083676269,29519.0,3645
320981,2011,9.415089163237312,34318.0,3645
320981,2012,10.517421124828532,38336.0,3645
320981,2013,12.350891632373115,45019.0,3645
320981,2014,5.173662551440329,18858.0,3645
320981,2015,4.298491083676269,15668.0,3645
320981,2016,3.613443072702332,13171.0,3645
320981,2017,8.296296296296296,30240.0,3645
320981,2018,8.33991769547325,30399.0,3645
320981,2019,9.890260631001372,36050.0,3645
320981,2020,10.93360768175583,39853.0,3645
321002,2000,15.132124352331607,5841.0,386
321002,2001,15.567357512953368,6009.0,386
321002,2002,21.813471502590673,8420.0,386
321002,2003,22.826424870466322,8811.0,386
321002,2004,25.502590673575128,9844.0,386
321002,2005,25.55440414507772,9864.0,386
321002,2006,28.2720207253886,10913.0,386
321002,2007,32.854922279792746,12682.0,386
321002,2008,33.810880829015545,13051.0,386
321002,2009,35.696891191709845,13779.0,386
321002,2010,40.45336787564767,15615.0,386
321002,2011,43.78238341968912,16900.0,386
321002,2012,40.57253886010363,15661.0,386
321002,2013,46.056994818652846,17778.0,386
321002,2014,38.49740932642487,14860.0,386
321002,2015,38.020725388601036,14676.0,386
321002,2016,39.39119170984456,15205.0,386
321002,2017,44.23834196891192,17076.0,386
321002,2018,44.1139896373057,17028.0,386
321002,2019,48.33160621761658,18656.0,386
321002,2020,48.29015544041451,18640.0,386
321003,2000,18.24043062200957,15249.0,836
321003,2001,17.50598086124402,14635.0,836
321003,2002,23.685406698564595,19801.0,836
321003,2003,27.641148325358852,23108.0,836
321003,2004,27.855263157894736,23287.0,836
321003,2005,30.4366028708134,25445.0,836
321003,2006,32.0,26752.0,836
321003,2007,35.84808612440192,29969.0,836
321003,2008,34.38277511961722,28744.0,836
321003,2009,32.09928229665072,26835.0,836
321003,2010,37.06459330143541,30986.0,836
321003,2011,38.65909090909091,32319.0,836
321003,2012,37.40311004784689,31269.0,836
321003,2013,40.76196172248804,34077.0,836
321003,2014,33.73684210526316,28204.0,836
321003,2015,33.50598086124402,28011.0,836
321003,2016,34.084928229665074,28495.0,836
321003,2017,37.29066985645933,31175.0,836
321003,2018,37.57535885167464,31413.0,836
321003,2019,40.192583732057415,33601.0,836
321003,2020,42.76794258373206,35754.0,836
321012,2000,9.252828054298643,16359.0,1768
321012,2001,9.735859728506787,17213.0,1768
321012,2002,12.139140271493213,21462.0,1768
321012,2003,13.033371040723981,23043.0,1768
321012,2004,13.559389140271493,23973.0,1768
321012,2005,13.425904977375566,23737.0,1768
321012,2006,14.335972850678733,25346.0,1768
321012,2007,15.662330316742082,27691.0,1768
321012,2008,16.373868778280542,28949.0,1768
321012,2009,16.148755656108598,28551.0,1768
321012,2010,17.850113122171944,31559.0,1768
321012,2011,19.392533936651585,34286.0,1768
321012,2012,20.596719457013574,36415.0,1768
321012,2013,23.69626696832579,41895.0,1768
321012,2014,14.186651583710407,25082.0,1768
321012,2015,14.062217194570136,24862.0,1768
321012,2016,14.434389140271493,25520.0,1768
321012,2017,19.262443438914026,34056.0,1768
321012,2018,18.839366515837103,33308.0,1768
321012,2019,21.442307692307693,37910.0,1768
321012,2020,22.1368778280543,39138.0,1768
321023,2000,5.271178419309039,11138.0,2113
321023,2001,5.740653099858021,12130.0,2113
321023,2002,5.702318977756744,12049.0,2113
321023,2003,5.800283956460009,12256.0,2113
321023,2004,6.601514434453383,13949.0,2113
321023,2005,6.808329389493611,14386.0,2113
321023,2006,7.30430667297681,15434.0,2113
321023,2007,7.6568859441552295,16179.0,2113
321023,2008,6.87789872219593,14533.0,2113
321023,2009,8.287269285376242,17511.0,2113
321023,2010,8.66493137718883,18309.0,2113
321023,2011,9.505442498816848,20085.0,2113
321023,2012,9.452437292948414,19973.0,2113
321023,2013,10.559394226218647,22312.0,2113
321023,2014,5.735920492191197,12120.0,2113
321023,2015,7.201135825840038,15216.0,2113
321023,2016,6.395646000946521,13514.0,2113
321023,2017,12.047326076668245,25456.0,2113
321023,2018,11.6280170373876,24570.0,2113
321023,2019,13.840037860861335,29244.0,2113
321023,2020,14.462375769048746,30559.0,2113
321081,2000,9.5953125,12282.0,1280
321081,2001,9.60078125,12289.0,1280
321081,2002,11.97734375,15331.0,1280
321081,2003,13.1515625,16834.0,1280
321081,2004,14.49921875,18559.0,1280
321081,2005,14.8765625,19042.0,1280
321081,2006,16.11875,20632.0,1280
321081,2007,19.11875,24472.0,1280
321081,2008,19.3453125,24762.0,1280
321081,2009,18.14375,23224.0,1280
321081,2010,22.27578125,28513.0,1280
321081,2011,21.99609375,28155.0,1280
321081,2012,23.2328125,29738.0,1280
321081,2013,26.578125,34020.0,1280
321081,2014,17.91328125,22929.0,1280
321081,2015,18.775,24032.0,1280
321081,2016,18.63828125,23857.0,1280
321081,2017,22.23671875,28463.0,1280
321081,2018,22.25078125,28481.0,1280
321081,2019,25.940625,33204.0,1280
321081,2020,27.2828125,34922.0,1280
321084,2000,4.97018263138278,13335.0,2683
321084,2001,4.962728289228475,13315.0,2683
321084,2002,5.890421170331718,15804.0,2683
321084,2003,6.377189713007827,17110.0,2683
321084,2004,7.017890421170332,18829.0,2683
321084,2005,7.1058516585911295,19065.0,2683
321084,2006,7.169213566902721,19235.0,2683
321084,2007,8.483786805814386,22762.0,2683
321084,2008,8.249347745061499,22133.0,2683
321084,2009,9.05255311218785,24288.0,2683
321084,2010,9.55646664181886,25640.0,2683
321084,2011,10.650391352963101,28575.0,2683
321084,2012,10.846067834513605,29100.0,2683
321084,2013,13.126351099515468,35218.0,2683
321084,2014,5.98434588147596,16056.0,2683
321084,2015,6.1263510995154675,16437.0,2683
321084,2016,6.151695862840104,16505.0,2683
321084,2017,11.957510249720462,32082.0,2683
321084,2018,11.545657845695118,30977.0,2683
321084,2019,13.337308982482297,35784.0,2683
321084,2020,13.718598583674991,36807.0,2683
321102,2000,16.462871287128714,6651.0,404
321102,2001,16.762376237623762,6772.0,404
321102,2002,23.198019801980198,9372.0,404
321102,2003,24.56930693069307,9926.0,404
321102,2004,30.774752475247524,12433.0,404
321102,2005,30.32920792079208,12253.0,404
321102,2006,30.64851485148515,12382.0,404
321102,2007,34.25247524752475,13838.0,404
321102,2008,35.28712871287129,14256.0,404
321102,2009,35.257425742574256,14244.0,404
321102,2010,39.33910891089109,15893.0,404
321102,2011,41.475247524752476,16756.0,404
321102,2012,41.74009900990099,16863.0,404
321102,2013,50.28217821782178,20314.0,404
321102,2014,47.66089108910891,19255.0,404
321102,2015,48.64108910891089,19651.0,404
321102,2016,51.383663366336634,20759.0,404
321102,2017,53.87871287128713,21767.0,404
321102,2018,54.272277227722775,21926.0,404
321102,2019,55.06683168316832,22247.0,404
321102,2020,51.98019801980198,21000.0,404
321111,2000,34.33783783783784,5082.0,148
321111,2001,34.38513513513514,5089.0,148
321111,2002,45.236486486486484,6695.0,148
321111,2003,49.86486486486486,7380.0,148
321111,2004,49.24324324324324,7288.0,148
321111,2005,49.236486486486484,7287.0,148
321111,2006,49.358108108108105,7305.0,148
321111,2007,52.560810810810814,7779.0,148
321111,2008,51.36486486486486,7602.0,148
321111,2009,49.07432432432432,7263.0,148
321111,2010,53.66891891891892,7943.0,148
321111,2011,56.2027027027027,8318.0,148
321111,2012,54.57432432432432,8077.0,148
321111,2013,59.17567567567568,8758.0,148
321111,2014,57.513513513513516,8512.0,148
321111,2015,56.53378378378378,8367.0,148
321111,2016,57.358108108108105,8489.0,148
321111,2017,58.41891891891892,8646.0,148
321111,2018,58.74324324324324,8694.0,148
321111,2019,59.979729729729726,8877.0,148
321111,2020,60.189189189189186,8908.0,148
321112,2000,10.210285714285714,8934.0,875
321112,2001,11.11657142857143,9727.0,875
321112,2002,14.86742857142857,13009.0,875
321112,2003,16.934857142857144,14818.0,875
321112,2004,19.213714285714286,16812.0,875
321112,2005,20.186285714285713,17663.0,875
321112,2006,20.513142857142856,17949.0,875
321112,2007,24.281142857142857,21246.0,875
321112,2008,24.589714285714287,21516.0,875
321112,2009,24.676571428571428,21592.0,875
321112,2010,28.53257142857143,24966.0,875
321112,2011,27.421714285714287,23994.0,875
321112,2012,27.213714285714286,23812.0,875
321112,2013,31.442285714285713,27512.0,875
321112,2014,28.921142857142858,25306.0,875
321112,2015,28.174857142857142,24653.0,875
321112,2016,28.356571428571428,24812.0,875
321112,2017,32.31428571428572,28275.0,875
321112,2018,32.088,28077.0,875
321112,2019,35.590857142857146,31142.0,875
321112,2020,34.45257142857143,30146.0,875
321181,2000,9.765503875968992,15117.0,1548
321181,2001,11.031653746770026,17077.0,1548
321181,2002,14.084625322997416,21803.0,1548
321181,2003,14.400516795865633,22292.0,1548
321181,2004,16.087209302325583,24903.0,1548
321181,2005,15.735142118863049,24358.0,1548
321181,2006,18.00904392764858,27878.0,1548
321181,2007,20.55426356589147,31818.0,1548
321181,2008,21.49418604651163,33273.0,1548
321181,2009,20.662790697674417,31986.0,1548
321181,2010,24.57170542635659,38037.0,1548
321181,2011,24.843669250645995,38458.0,1548
321181,2012,25.322351421188632,39199.0,1548
321181,2013,30.1453488372093,46665.0,1548
321181,2014,23.833333333333332,36894.0,1548
321181,2015,24.5,37926.0,1548
321181,2016,25.569767441860463,39582.0,1548
321181,2017,28.46511627906977,44064.0,1548
321181,2018,28.981912144702843,44864.0,1548
321181,2019,32.09496124031008,49683.0,1548
321181,2020,33.19638242894057,51388.0,1548
321182,2000,12.685466377440347,5848.0,461
321182,2001,12.97830802603037,5983.0,461
321182,2002,20.796095444685466,9587.0,461
321182,2003,21.86984815618221,10082.0,461
321182,2004,20.86767895878525,9620.0,461
321182,2005,21.03470715835141,9697.0,461
321182,2006,21.934924078091107,10112.0,461
321182,2007,26.3470715835141,12146.0,461
321182,2008,29.980477223427332,13821.0,461
321182,2009,28.349240780911064,13069.0,461
321182,2010,34.93058568329718,16103.0,461
321182,2011,35.88503253796095,16543.0,461
321182,2012,38.04772234273319,17540.0,461
321182,2013,44.03253796095445,20299.0,461
321182,2014,28.234273318872017,13016.0,461
321182,2015,28.60520607375271,13187.0,461
321182,2016,29.420824295010846,13563.0,461
321182,2017,37.44902386117137,17264.0,461
321182,2018,40.77223427331887,18796.0,461
321182,2019,42.364425162689805,19530.0,461
321182,2020,28.112798264642084,12960.0,461
321183,2000,5.884819277108433,12211.0,2075
321183,2001,5.949879518072289,12346.0,2075
321183,2002,6.7542168674698795,14015.0,2075
321183,2003,7.951325301204819,16499.0,2075
321183,2004,9.56722891566265,19852.0,2075
321183,2005,8.840963855421688,18345.0,2075
321183,2006,8.881927710843373,18430.0,2075
321183,2007,9.928192771084337,20601.0,2075
321183,2008,10.356144578313254,21489.0,2075
321183,2009,10.43855421686747,21660.0,2075
321183,2010,11.353253012048192,23558.0,2075
321183,2011,12.811084337349397,26583.0,2075
321183,2012,13.28433734939759,27565.0,2075
321183,2013,16.408192771084337,34047.0,2075
321183,2014,11.671325301204819,24218.0,2075
321183,2015,12.383132530120482,25695.0,2075
321183,2016,12.0,24900.0,2075
321183,2017,17.363855421686747,36030.0,2075
321183,2018,18.422168674698796,38226.0,2075
321183,2019,21.599036144578314,44818.0,2075
321183,2020,22.904096385542168,47526.0,2075
321202,2000,20.936293436293436,10845.0,518
321202,2001,22.546332046332047,11679.0,518
321202,2002,26.833976833976834,13900.0,518
321202,2003,27.476833976833976,14233.0,518
321202,2004,27.175675675675677,14077.0,518
321202,2005,28.501930501930502,14764.0,518
321202,2006,30.23938223938224,15664.0,518
321202,2007,33.08880308880309,17140.0,518
321202,2008,33.08687258687259,17139.0,518
321202,2009,31.08880308880309,16104.0,518
321202,2010,36.183397683397686,18743.0,518
321202,2011,39.204633204633204,20308.0,518
321202,2012,40.75096525096525,21109.0,518
321202,2013,45.76061776061776,23704.0,518
321202,2014,38.97876447876448,20191.0,518
321202,2015,38.96138996138996,20182.0,518
321202,2016,39.73359073359073,20582.0,518
321202,2017,43.36486486486486,22463.0,518
321202,2018,43.6988416988417,22636.0,518
321202,2019,46.05791505791506,23858.0,518
321202,2020,47.76447876447877,24742.0,518
321203,2000,12.188340807174887,5436.0,446
321203,2001,12.919282511210762,5762.0,446
321203,2002,17.60089686098655,7850.0,446
321203,2003,17.567264573991032,7835.0,446
321203,2004,20.66591928251121,9217.0,446
321203,2005,20.04932735426009,8942.0,446
321203,2006,22.0,9812.0,446
321203,2007,25.89237668161435,11548.0,446
321203,2008,26.3609865470852,11757.0,446
321203,2009,25.59865470852018,11417.0,446
321203,2010,28.19730941704036,12576.0,446
321203,2011,33.30269058295964,14853.0,446
321203,2012,33.573991031390136,14974.0,446
321203,2013,39.8542600896861,17775.0,446
321203,2014,32.60986547085202,14544.0,446
321203,2015,34.587443946188344,15426.0,446
321203,2016,37.473094170403584,16713.0,446
321203,2017,41.90134529147982,18688.0,446
321203,2018,42.89461883408072,19131.0,446
321203,2019,47.67937219730942,21265.0,446
321203,2020,47.98654708520179,21402.0,446
321204,2000,7.561943319838057,9339.0,1235
321204,2001,8.072874493927126,9970.0,1235
321204,2002,10.502024291497976,12970.0,1235
321204,2003,11.996761133603238,14816.0,1235
321204,2004,13.316599190283402,16446.0,1235
321204,2005,13.756275303643724,16989.0,1235
321204,2006,13.97085020242915,17254.0,1235
321204,2007,16.40485829959514,20260.0,1235
321204,2008,16.279352226720647,20105.0,1235
321204,2009,16.08582995951417,19866.0,1235
321204,2010,17.39919028340081,21488.0,1235
321204,2011,19.428340080971658,23994.0,1235
321204,2012,20.05263157894737,24765.0,1235
321204,2013,23.42429149797571,28929.0,1235
321204,2014,16.957085020242914,20942.0,1235
321204,2015,16.591093117408906,20490.0,1235
321204,2016,16.356275303643724,20200.0,1235
321204,2017,23.297165991902833,28772.0,1235
321204,2018,23.49473684210526,29016.0,1235
321204,2019,27.101214574898787,33470.0,1235
321204,2020,29.748178137651824,36739.0,1235
321281,2000,5.217748795009923,18403.0,3527
321281,2001,5.38758151403459,19002.0,3527
321281,2002,6.2302239863907,21974.0,3527
321281,2003,6.511766373688687,22967.0,3527
321281,2004,7.3266231925148855,25841.0,3527
321281,2005,7.193365466402041,25371.0,3527
321281,2006,7.489934788772327,26417.0,3527
321281,2007,8.421037709101219,29701.0,3527
321281,2008,7.943011057555997,28015.0,3527
321281,2009,9.071732350439467,31996.0,3527
321281,2010,9.398922597108024,33150.0,3527
321281,2011,10.254323787921747,36167.0,3527
321281,2012,10.915792458179757,38500.0,3527
321281,2013,12.57839523674511,44364.0,3527
321281,2014,5.553728381060392,19588.0,3527
321281,2015,6.437482279557698,22705.0,3527
321281,2016,5.61922313580947,19819.0,3527
321281,2017,12.28267649560533,43321.0,3527
321281,2018,11.770059540686136,41513.0,3527
321281,2019,14.23646158208109,50212.0,3527
321281,2020,15.937907570172952,56213.0,3527
321282,2000,14.579913606911447,13501.0,926
321282,2001,14.44708423326134,13378.0,926
321282,2002,17.168466522678187,15898.0,926
321282,2003,19.250539956803454,17826.0,926
321282,2004,20.31209503239741,18809.0,926
321282,2005,24.287257019438446,22490.0,926
321282,2006,27.929805615550755,25863.0,926
321282,2007,29.875809935205183,27665.0,926
321282,2008,32.795896328293736,30369.0,926
321282,2009,29.683585313174945,27487.0,926
321282,2010,37.51403887688985,34738.0,926
321282,2011,39.279697624190064,36373.0,926
321282,2012,38.80885529157668,35937.0,926
321282,2013,43.279697624190064,40077.0,926
321282,2014,32.62634989200864,30212.0,926
321282,2015,34.10907127429805,31585.0,926
321282,2016,34.371490280777536,31828.0,926
321282,2017,36.56695464362851,33861.0,926
321282,2018,37.803455723542115,35006.0,926
321282,2019,40.08315334773218,37117.0,926
321282,2020,32.52375809935205,30117.0,926
321283,2000,9.36,16380.0,1750
321283,2001,9.244,16177.0,1750
321283,2002,11.22,19635.0,1750
321283,2003,11.22,19635.0,1750
321283,2004,12.498285714285714,21872.0,1750
321283,2005,11.96342857142857,20936.0,1750
321283,2006,13.0,22750.0,1750
321283,2007,14.964571428571428,26188.0,1750
321283,2008,16.39542857142857,28692.0,1750
321283,2009,16.062285714285714,28109.0,1750
321283,2010,17.721714285714285,31013.0,1750
321283,2011,19.63657142857143,34364.0,1750
321283,2012,21.085142857142856,36899.0,1750
321283,2013,25.47657142857143,44584.0,1750
321283,2014,18.254285714285714,31945.0,1750
321283,2015,18.678285714285714,32687.0,1750
321283,2016,19.913714285714285,34849.0,1750
321283,2017,23.086285714285715,40401.0,1750
321283,2018,23.96457142857143,41938.0,1750
321283,2019,27.06342857142857,47361.0,1750
321283,2020,27.761714285714287,48583.0,1750
321302,2000,6.84407796101949,9130.0,1334
321302,2001,8.26086956521739,11020.0,1334
321302,2002,9.911544227886058,13222.0,1334
321302,2003,9.590704647676162,12794.0,1334
321302,2004,11.005997001499251,14682.0,1334
321302,2005,10.544227886056971,14066.0,1334
321302,2006,12.287856071964018,16392.0,1334
321302,2007,12.89655172413793,17204.0,1334
321302,2008,11.781859070464767,15717.0,1334
321302,2009,13.606446776611694,18151.0,1334
321302,2010,14.558470764617692,19421.0,1334
321302,2011,15.316341829085458,20432.0,1334
321302,2012,15.741379310344827,20999.0,1334
321302,2013,19.659670164917543,26226.0,1334
321302,2014,16.923538230884557,22576.0,1334
321302,2015,16.82983508245877,22451.0,1334
321302,2016,17.804347826086957,23751.0,1334
321302,2017,22.496251874062967,30010.0,1334
321302,2018,23.565967016491754,31437.0,1334
321302,2019,27.101949025487258,36154.0,1334
321302,2020,28.04647676161919,37414.0,1334
321311,2000,3.166966966966967,5273.0,1665
321311,2001,4.733333333333333,7881.0,1665
321311,2002,5.46066066066066,9092.0,1665
321311,2003,6.342342342342342,10560.0,1665
321311,2004,7.564564564564565,12595.0,1665
321311,2005,8.67927927927928,14451.0,1665
321311,2006,10.263663663663664,17089.0,1665
321311,2007,10.784984984984986,17957.0,1665
321311,2008,9.471471471471471,15770.0,1665
321311,2009,10.717717717717719,17845.0,1665
321311,2010,11.645645645645645,19390.0,1665
321311,2011,13.218018018018018,22008.0,1665
321311,2012,13.842042042042042,23047.0,1665
321311,2013,16.603003003003003,27644.0,1665
321311,2014,11.675075075075075,19439.0,1665
321311,2015,11.52912912912913,19196.0,1665
321311,2016,10.419219219219219,17348.0,1665
321311,2017,15.51951951951952,25840.0,1665
321311,2018,16.564564564564563,27580.0,1665
321311,2019,19.559159159159158,32566.0,1665
321311,2020,20.66066066066066,34400.0,1665
321322,2000,4.383205204021289,14824.0,3382
321322,2001,4.655824955647546,15746.0,3382
321322,2002,5.785334121821408,19566.0,3382
321322,2003,5.729154346540509,19376.0,3382
321322,2004,6.858367829686576,23195.0,3382
321322,2005,6.566232998225902,22207.0,3382
321322,2006,7.60408042578356,25717.0,3382
321322,2007,8.45771732702543,28604.0,3382
321322,2008,7.4680662329982255,25257.0,3382
321322,2009,9.981076286221171,33756.0,3382
321322,2010,9.770845653459492,33045.0,3382
321322,2011,10.250739207569486,34668.0,3382
321322,2012,11.133353045535186,37653.0,3382
321322,2013,12.597871082199882,42606.0,3382
321322,2014,5.455056179775281,18449.0,3382
321322,2015,5.77498521584861,19531.0,3382
321322,2016,5.200768775872265,17589.0,3382
321322,2017,10.395623891188645,35158.0,3382
321322,2018,10.617681845062094,35909.0,3382
321322,2019,13.934062684801892,47125.0,3382
321322,2020,14.519515079834418,49105.0,3382
321323,2000,4.2309582309582305,8610.0,2035
321323,2001,4.262407862407862,8674.0,2035
321323,2002,5.172481572481573,10526.0,2035
321323,2003,6.053562653562653,12319.0,2035
321323,2004,6.599508599508599,13430.0,2035
321323,2005,6.443243243243243,13112.0,2035
321323,2006,7.541031941031941,15346.0,2035
321323,2007,7.862899262899263,16001.0,2035
321323,2008,6.599017199017199,13429.0,2035
321323,2009,8.64963144963145,17602.0,2035
321323,2010,8.133660933660934,16552.0,2035
321323,2011,8.946437346437346,18206.0,2035
321323,2012,9.37886977886978,19086.0,2035
321323,2013,11.691891891891892,23793.0,2035
321323,2014,6.018673218673219,12248.0,2035
321323,2015,5.111547911547912,10402.0,2035
321323,2016,5.343980343980344,10875.0,2035
321323,2017,9.531203931203931,19396.0,2035
321323,2018,10.732186732186733,21840.0,2035
321323,2019,13.623095823095824,27723.0,2035
321323,2020,13.975921375921375,28441.0,2035
321324,2000,2.4108506715828284,9154.0,3797
321324,2001,2.2841717145114564,8673.0,3797
321324,2002,2.879905188306558,10935.0,3797
321324,2003,2.801422175401633,10637.0,3797
321324,2004,3.5322623123518566,13412.0,3797
321324,2005,2.9452199104556227,11183.0,3797
321324,2006,3.252567816697393,12350.0,3797
321324,2007,4.297076639452199,16316.0,3797
321324,2008,3.1872530945483275,12102.0,3797
321324,2009,3.007900974453516,11421.0,3797
321324,2010,4.697656044245457,17837.0,3797
321324,2011,5.75375296286542,21847.0,3797
321324,2012,6.055570186989729,22993.0,3797
321324,2013,7.826705293652884,29718.0,3797
321324,2014,2.7903608111667104,10595.0,3797
321324,2015,2.458256518303924,9334.0,3797
321324,2016,2.4137476955491177,9165.0,3797
321324,2017,4.752962865420068,18047.0,3797
321324,2018,4.373979457466421,16608.0,3797
321324,2019,7.523044508822755,28565.0,3797
321324,2020,8.170661048195944,31024.0,3797
330102,2000,50.53211009174312,5508.0,109
330102,2001,52.28440366972477,5699.0,109
330102,2002,55.44954128440367,6044.0,109
330102,2003,58.11926605504587,6335.0,109
330102,2004,55.57798165137615,6058.0,109
330102,2005,57.07339449541284,6221.0,109
330102,2006,57.293577981651374,6245.0,109
330102,2007,57.74311926605505,6294.0,109
330102,2008,58.30275229357798,6355.0,109
330102,2009,54.43119266055046,5933.0,109
330102,2010,56.65137614678899,6175.0,109
330102,2011,60.825688073394495,6630.0,109
330102,2012,59.788990825688074,6517.0,109
330102,2013,61.981651376146786,6756.0,109
330102,2014,61.88990825688074,6746.0,109
330102,2015,62.0,6758.0,109
330102,2016,62.36697247706422,6798.0,109
330102,2017,62.69724770642202,6834.0,109
330102,2018,62.71559633027523,6836.0,109
330102,2019,62.91743119266055,6858.0,109
330102,2020,62.788990825688074,6844.0,109
330105,2000,53.0,6572.0,124
330105,2001,54.07258064516129,6705.0,124
330105,2002,55.79838709677419,6919.0,124
330105,2003,59.17741935483871,7338.0,124
330105,2004,56.24193548387097,6974.0,124
330105,2005,57.99193548387097,7191.0,124
330105,2006,57.03225806451613,7072.0,124
330105,2007,58.693548387096776,7278.0,124
330105,2008,58.58870967741935,7265.0,124
330105,2009,54.774193548387096,6792.0,124
330105,2010,57.54838709677419,7136.0,124
330105,2011,60.645161290322584,7520.0,124
330105,2012,60.95967741935484,7559.0,124
330105,2013,61.58870967741935,7637.0,124
330105,2014,62.024193548387096,7691.0,124
330105,2015,62.153225806451616,7707.0,124
330105,2016,62.58870967741935,7761.0,124
330105,2017,62.75,7781.0,124
330105,2018,62.74193548387097,7780.0,124
330105,2019,62.87903225806452,7797.0,124
330105,2020,62.88709677419355,7798.0,124
330106,2000,33.55702917771883,12651.0,377
330106,2001,34.761273209549074,13105.0,377
330106,2002,38.56763925729443,14540.0,377
330106,2003,41.04244031830239,15473.0,377
330106,2004,42.23076923076923,15921.0,377
330106,2005,42.07161803713528,15861.0,377
330106,2006,44.63925729442971,16829.0,377
330106,2007,46.854111405835546,17664.0,377
330106,2008,46.15119363395225,17399.0,377
330106,2009,40.3448275862069,15210.0,377
330106,2010,48.09549071618037,18132.0,377
330106,2011,49.9920424403183,18847.0,377
330106,2012,50.41909814323608,19008.0,377
330106,2013,50.89920424403183,19189.0,377
330106,2014,51.26790450928382,19328.0,377
330106,2015,51.37931034482759,19370.0,377
330106,2016,53.30238726790451,20095.0,377
330106,2017,55.51458885941645,20929.0,377
330106,2018,55.787798408488065,21032.0,377
330106,2019,57.687002652519894,21748.0,377
330106,2020,58.217506631299734,21948.0,377
330108,2000,39.589473684210525,3761.0,95
330108,2001,43.76842105263158,4158.0,95
330108,2002,52.32631578947368,4971.0,95
330108,2003,52.757894736842104,5012.0,95
330108,2004,52.37894736842105,4976.0,95
330108,2005,53.357894736842105,5069.0,95
330108,2006,54.16842105263158,5146.0,95
330108,2007,55.76842105263158,5298.0,95
330108,2008,55.305263157894736,5254.0,95
330108,2009,49.61052631578947,4713.0,95
330108,2010,54.92631578947368,5218.0,95
330108,2011,58.421052631578945,5550.0,95
330108,2012,58.95789473684211,5601.0,95
330108,2013,59.37894736842105,5641.0,95
330108,2014,60.31578947368421,5730.0,95
330108,2015,60.01052631578948,5701.0,95
330108,2016,60.473684210526315,5745.0,95
330108,2017,61.16842105263158,5811.0,95
330108,2018,61.27368421052632,5821.0,95
330108,2019,61.873684210526314,5878.0,95
330108,2020,61.36842105263158,5830.0,95
330109,2000,18.09967320261438,22154.0,1224
330109,2001,23.52859477124183,28799.0,1224
330109,2002,29.42892156862745,36021.0,1224
330109,2003,31.819444444444443,38947.0,1224
330109,2004,32.51797385620915,39802.0,1224
330109,2005,33.22712418300654,40670.0,1224
330109,2006,34.54656862745098,42285.0,1224
330109,2007,37.01633986928105,45308.0,1224
330109,2008,36.76143790849673,44996.0,1224
330109,2009,30.633986928104576,37496.0,1224
330109,2010,37.428104575163395,45812.0,1224
330109,2011,41.10049019607843,50307.0,1224
330109,2012,40.12418300653595,49112.0,1224
330109,2013,42.42075163398693,51923.0,1224
330109,2014,39.89052287581699,48826.0,1224
330109,2015,40.37581699346405,49420.0,1224
330109,2016,41.55882352941177,50868.0,1224
330109,2017,44.27859477124183,54197.0,1224
330109,2018,44.74183006535948,54764.0,1224
330109,2019,47.95996732026144,58703.0,1224
330109,2020,46.58986928104575,57026.0,1224
330110,2000,10.542570951585976,12630.0,1198
330110,2001,11.781302170283807,14114.0,1198
330110,2002,13.26043405676127,15886.0,1198
330110,2003,17.112687813021704,20501.0,1198
330110,2004,17.836393989983307,21368.0,1198
330110,2005,19.747078464106846,23657.0,1198
330110,2006,21.601836393989984,25879.0,1198
330110,2007,23.742904841402336,28444.0,1198
330110,2008,24.636894824707845,29515.0,1198
330110,2009,20.992487479131885,25149.0,1198
330110,2010,27.283806343906512,32686.0,1198
330110,2011,29.2771285475793,35074.0,1198
330110,2012,28.88397328881469,34603.0,1198
330110,2013,30.829716193656093,36934.0,1198
330110,2014,30.141903171953256,36110.0,1198
330110,2015,29.426544240400666,35253.0,1198
330110,2016,30.32721202003339,36332.0,1198
330110,2017,34.07595993322204,40823.0,1198
330110,2018,35.33889816360601,42336.0,1198
330110,2019,38.45826377295492,46073.0,1198
330110,2020,40.39565943238731,48394.0,1198
330111,2000,4.681780016792612,11152.0,2382
330111,2001,5.500419815281276,13102.0,2382
330111,2002,6.581863979848866,15678.0,2382
330111,2003,8.054995801847188,19187.0,2382
330111,2004,9.550797649034426,22750.0,2382
330111,2005,9.165827036104114,21833.0,2382
330111,2006,9.5088161209068,22650.0,2382
330111,2007,10.537783375314861,25101.0,2382
330111,2008,10.856842989084802,25861.0,2382
330111,2009,9.337531486146096,22242.0,2382
330111,2010,12.473551637279597,29712.0,2382
330111,2011,14.488664987405542,34512.0,2382
330111,2012,14.400083963056256,34301.0,2382
330111,2013,15.183879093198993,36168.0,2382
330111,2014,12.84382871536524,30594.0,2382
330111,2015,12.809823677581864,30513.0,2382
330111,2016,13.316120906801007,31719.0,2382
330111,2017,17.207808564231737,40989.0,2382
330111,2018,17.83459277917716,42482.0,2382
330111,2019,19.612510495382033,46717.0,2382
330111,2020,21.492863140218304,51196.0,2382
330112,2000,1.633544921875,6691.0,4096
330112,2001,2.0234375,8288.0,4096
330112,2002,2.520263671875,10323.0,4096
330112,2003,3.285888671875,13459.0,4096
330112,2004,4.02880859375,16502.0,4096
330112,2005,3.9638671875,16236.0,4096
330112,2006,3.317138671875,13587.0,4096
330112,2007,3.830078125,15688.0,4096
330112,2008,3.771240234375,15447.0,4096
330112,2009,3.138916015625,12857.0,4096
330112,2010,3.796630859375,15551.0,4096
330112,2011,4.4072265625,18052.0,4096
330112,2012,4.128662109375,16911.0,4096
330112,2013,4.65625,19072.0,4096
330112,2014,3.3076171875,13548.0,4096
330112,2015,3.3544921875,13740.0,4096
330112,2016,3.446044921875,14115.0,4096
330112,2017,5.46484375,22384.0,4096
330112,2018,6.011962890625,24625.0,4096
330112,2019,7.307861328125,29933.0,4096
330112,2020,8.42578125,34512.0,4096
330113,2000,24.70801033591731,9562.0,387
330113,2001,27.914728682170544,10803.0,387
330113,2002,31.661498708010335,12253.0,387
330113,2003,38.049095607235145,14725.0,387
330113,2004,39.89147286821706,15438.0,387
330113,2005,44.44702842377261,17201.0,387
330113,2006,46.47803617571059,17987.0,387
330113,2007,50.75452196382429,19642.0,387
330113,2008,50.276485788113696,19457.0,387
330113,2009,40.94315245478036,15845.0,387
330113,2010,50.974160206718345,19727.0,387
330113,2011,54.88630490956072,21241.0,387
330113,2012,53.69767441860465,20781.0,387
330113,2013,55.85012919896641,21614.0,387
330113,2014,54.72093023255814,21177.0,387
330113,2015,53.6640826873385,20768.0,387
330113,2016,54.80103359173127,21208.0,387
330113,2017,56.51679586563308,21872.0,387
330113,2018,56.8062015503876,21984.0,387
330113,2019,59.05167958656331,22853.0,387
330113,2020,59.78552971576227,23137.0,387
330114,2000,12.456241032998566,8682.0,697
330114,2001,14.78909612625538,10308.0,697
330114,2002,17.23816355810617,12015.0,697
330114,2003,19.81348637015782,13810.0,697
330114,2004,21.776183644189384,15178.0,697
330114,2005,22.847919655667145,15925.0,697
330114,2006,25.12912482065997,17515.0,697
330114,2007,26.530846484935438,18492.0,697
330114,2008,27.380200860832137,19084.0,697
330114,2009,22.62697274031564,15771.0,697
330114,2010,29.34863701578192,20456.0,697
330114,2011,35.449067431850786,24708.0,697
330114,2012,35.85796269727403,24993.0,697
330114,2013,38.592539454806314,26899.0,697
330114,2014,39.42611190817791,27480.0,697
330114,2015,40.664275466284074,28343.0,697
330114,2016,41.62984218077475,29016.0,697
330114,2017,44.56671449067432,31063.0,697
330114,2018,44.292682926829265,30872.0,697
330114,2019,46.748923959827835,32584.0,697
330114,2020,18.6987087517934,13033.0,697
330122,2000,1.8322448979591837,4489.0,2450
330122,2001,2.3151020408163263,5672.0,2450
330122,2002,2.7857142857142856,6825.0,2450
330122,2003,3.617142857142857,8862.0,2450
330122,2004,4.44,10878.0,2450
330122,2005,4.180816326530612,10243.0,2450
330122,2006,4.2391836734693875,10386.0,2450
330122,2007,5.023673469387755,12308.0,2450
330122,2008,5.388571428571429,13202.0,2450
330122,2009,4.70734693877551,11533.0,2450
330122,2010,5.788163265306123,14181.0,2450
330122,2011,6.893061224489796,16888.0,2450
330122,2012,7.615510204081633,18658.0,2450
330122,2013,7.617142857142857,18662.0,2450
330122,2014,6.751020408163265,16540.0,2450
330122,2015,6.8461224489795915,16773.0,2450
330122,2016,6.7359183673469385,16503.0,2450
330122,2017,8.677551020408163,21260.0,2450
330122,2018,8.740816326530613,21415.0,2450
330122,2019,9.246938775510204,22655.0,2450
330122,2020,10.471020408163266,25654.0,2450
330127,2000,0.48205659075224294,2794.0,5796
330127,2001,0.5910973084886129,3426.0,5796
330127,2002,0.5719461697722568,3315.0,5796
330127,2003,0.6694271911663217,3880.0,5796
330127,2004,0.7472394755003451,4331.0,5796
330127,2005,0.7351621808143547,4261.0,5796
330127,2006,0.8062456866804693,4673.0,5796
330127,2007,1.136128364389234,6585.0,5796
330127,2008,1.1221532091097308,6504.0,5796
330127,2009,1.0100069013112492,5854.0,5796
330127,2010,1.2819185645272602,7430.0,5796
330127,2011,1.257936507936508,7291.0,5796
330127,2012,1.412870945479641,8189.0,5796
330127,2013,1.4627329192546583,8478.0,5796
330127,2014,0.8894064872325742,5155.0,5796
330127,2015,1.0189786059351276,5906.0,5796
330127,2016,1.063319530710835,6163.0,5796
330127,2017,1.697032436162871,9836.0,5796
330127,2018,1.6104209799861975,9334.0,5796
330127,2019,1.7562111801242235,10179.0,5796
330127,2020,1.7106625258799173,9915.0,5796
330182,2000,1.8951116866299773,5854.0,3089
330182,2001,2.3347361605697636,7212.0,3089
330182,2002,2.631595985755908,8129.0,3089
330182,2003,2.892198122369699,8934.0,3089
330182,2004,3.8682421495629655,11949.0,3089
330182,2005,3.917449012625445,12101.0,3089
330182,2006,3.2945937196503725,10177.0,3089
330182,2007,3.898672709614762,12043.0,3089
330182,2008,3.8967303334412433,12037.0,3089
330182,2009,3.5357720945289737,10922.0,3089
330182,2010,4.384590482356749,13544.0,3089
330182,2011,4.717384266752995,14572.0,3089
330182,2012,4.899967627063774,15136.0,3089
330182,2013,4.880867594690838,15077.0,3089
330182,2014,2.5927484622855292,8009.0,3089
330182,2015,2.861443832955649,8839.0,3089
330182,2016,3.569439948203302,11026.0,3089
330182,2017,6.026222078342506,18615.0,3089
330182,2018,6.081579799287796,18786.0,3089
330182,2019,6.904823567497572,21329.0,3089
330182,2020,8.356426027840724,25813.0,3089
330203,2000,15.487142857142857,10841.0,700
330203,2001,17.03142857142857,11922.0,700
330203,2002,21.01,14707.0,700
330203,2003,22.10857142857143,15476.0,700
330203,2004,22.52857142857143,15770.0,700
330203,2005,24.154285714285713,16908.0,700
330203,2006,25.057142857142857,17540.0,700
330203,2007,25.32857142857143,17730.0,700
330203,2008,24.627142857142857,17239.0,700
330203,2009,21.822857142857142,15276.0,700
330203,2010,29.064285714285713,20345.0,700
330203,2011,27.705714285714286,19394.0,700
330203,2012,29.277142857142856,20494.0,700
330203,2013,28.68857142857143,20082.0,700
330203,2014,27.064285714285713,18945.0,700
330203,2015,26.784285714285716,18749.0,700
330203,2016,27.587142857142858,19311.0,700
330203,2017,30.302857142857142,21212.0,700
330203,2018,30.077142857142857,21054.0,700
330203,2019,31.985714285714284,22390.0,700
330203,2020,33.48428571428571,23439.0,700
330205,2000,25.16269841269841,6341.0,252
330205,2001,26.996031746031747,6803.0,252
330205,2002,35.6031746031746,8972.0,252
330205,2003,40.93650793650794,10316.0,252
330205,2004,38.73809523809524,9762.0,252
330205,2005,43.861111111111114,11053.0,252
330205,2006,44.68650793650794,11261.0,252
330205,2007,44.77777777777778,11284.0,252
330205,2008,45.82936507936508,11549.0,252
330205,2009,39.98015873015873,10075.0,252
330205,2010,49.88095238095238,12570.0,252
330205,2011,50.785714285714285,12798.0,252
330205,2012,52.31349206349206,13183.0,252
330205,2013,52.785714285714285,13302.0,252
330205,2014,53.02777777777778,13363.0,252
330205,2015,53.5,13482.0,252
330205,2016,52.90873015873016,13333.0,252
330205,2017,54.15079365079365,13646.0,252
330205,2018,53.96825396825397,13600.0,252
330205,2019,55.92460317460318,14093.0,252
330205,2020,56.29761904761905,14187.0,252
330206,2000,13.128371089536138,12170.0,927
330206,2001,15.845738942826321,14689.0,927
330206,2002,21.15210355987055,19608.0,927
330206,2003,22.370010787486514,20737.0,927
330206,2004,25.512405609492987,23650.0,927
330206,2005,25.70334412081985,23827.0,927
330206,2006,27.95900755124056,25918.0,927
330206,2007,28.31715210355987,26250.0,927
330206,2008,29.339805825242717,27198.0,927
330206,2009,26.361380798274002,24437.0,927
330206,2010,34.305285868392666,31801.0,927
330206,2011,37.691477885652645,34940.0,927
330206,2012,37.8705501618123,35106.0,927
330206,2013,39.15426105717368,36296.0,927
330206,2014,45.85652642934196,42509.0,927
330206,2015,45.642934196332256,42311.0,927
330206,2016,45.56526429341963,42239.0,927
330206,2017,47.932038834951456,44433.0,927
330206,2018,47.970873786407765,44469.0,927
330206,2019,50.83710895361381,47126.0,927
330206,2020,33.006472491909385,30597.0,927
330211,2000,21.964735516372794,8720.0,397
330211,2001,27.7455919395466,11015.0,397
330211,2002,33.544080604534,13317.0,397
330211,2003,39.03022670025189,15495.0,397
330211,2004,37.455919395466,14870.0,397
330211,2005,41.095717884130984,16315.0,397
330211,2006,42.41309823677582,16838.0,397
330211,2007,43.16624685138539,17137.0,397
330211,2008,44.42065491183879,17635.0,397
330211,2009,36.17632241813602,14362.0,397
330211,2010,48.58690176322418,19289.0,397
330211,2011,49.36272040302267,19597.0,397
330211,2012,50.642317380352644,20105.0,397
330211,2013,51.47103274559194,20434.0,397
330211,2014,53.659949622166245,21303.0,397
330211,2015,54.41813602015113,21604.0,397
330211,2016,53.70025188916877,21319.0,397
330211,2017,54.97229219143577,21824.0,397
330211,2018,54.02518891687657,21448.0,397
330211,2019,56.02518891687657,22242.0,397
330211,2020,40.89168765743073,16234.0,397
330212,2000,13.615859030837004,15454.0,1135
330212,2001,15.384140969162996,17461.0,1135
330212,2002,21.206167400881057,24069.0,1135
330212,2003,21.565638766519825,24477.0,1135
330212,2004,22.68193832599119,25744.0,1135
330212,2005,21.42819383259912,24321.0,1135
330212,2006,23.805286343612334,27019.0,1135
330212,2007,24.78590308370044,28132.0,1135
330212,2008,25.74273127753304,29218.0,1135
330212,2009,23.898678414096917,27125.0,1135
330212,2010,28.99030837004405,32904.0,1135
330212,2011,31.143612334801762,35348.0,1135
330212,2012,30.34008810572687,34436.0,1135
330212,2013,31.513656387665197,35768.0,1135
330212,2014,32.52511013215859,36916.0,1135
330212,2015,32.839647577092514,37273.0,1135
330212,2016,32.74625550660793,37167.0,1135
330212,2017,35.48898678414097,40280.0,1135
330212,2018,35.05991189427313,39793.0,1135
330212,2019,38.60176211453744,43813.0,1135
330212,2020,36.99295154185022,41987.0,1135
330213,2000,5.280841387151791,9289.0,1759
330213,2001,5.702103467879477,10030.0,1759
330213,2002,7.656623081296191,13468.0,1759
330213,2003,7.889710062535531,13878.0,1759
330213,2004,9.15349630471859,16101.0,1759
330213,2005,9.310403638430927,16377.0,1759
330213,2006,9.581011938601478,16853.0,1759
330213,2007,9.967595224559409,17533.0,1759
330213,2008,9.705514496873223,17072.0,1759
330213,2009,8.822626492325185,15519.0,1759
330213,2010,11.193860147811256,19690.0,1759
330213,2011,11.70892552586697,20596.0,1759
330213,2012,12.130756111426948,21338.0,1759
330213,2013,12.469584991472427,21934.0,1759
330213,2014,11.198408186469585,19698.0,1759
330213,2015,12.13757816941444,21350.0,1759
330213,2016,12.494030699260943,21977.0,1759
330213,2017,16.4076179647527,28861.0,1759
330213,2018,16.86185332575327,29660.0,1759
330213,2019,20.21148379761228,35552.0,1759
330213,2020,21.64468447981808,38073.0,1759
330225,2000,4.239449133718347,9543.0,2251
330225,2001,4.449577965348734,10016.0,2251
330225,2002,6.1172812083518435,13770.0,2251
330225,2003,5.754775655264327,12954.0,2251
330225,2004,6.419813416259441,14451.0,2251
330225,2005,5.966237227898712,13430.0,2251
330225,2006,6.126166148378498,13790.0,2251
330225,2007,7.305641936916926,16445.0,2251
330225,2008,7.370501999111506,16591.0,2251
330225,2009,6.846290537538872,15411.0,2251
330225,2010,8.318525099955576,18725.0,2251
330225,2011,9.760995113282986,21972.0,2251
330225,2012,10.913371834740115,24566.0,2251
330225,2013,11.50422034651266,25896.0,2251
330225,2014,10.235895157707686,23041.0,2251
330225,2015,10.66459351399378,24006.0,2251
330225,2016,10.956908040870724,24664.0,2251
330225,2017,15.683696135051088,35304.0,2251
330225,2018,15.828076410484229,35629.0,2251
330225,2019,19.459351399378054,43803.0,2251
330225,2020,15.90270990670813,35797.0,2251
330226,2000,4.811379579111457,12346.0,2566
330226,2001,4.86983632112237,12496.0,2566
330226,2002,6.593920498830865,16920.0,2566
330226,2003,6.27630553390491,16105.0,2566
330226,2004,6.8468433359314105,17569.0,2566
330226,2005,6.641075604053,17041.0,2566
330226,2006,6.7809820732657835,17400.0,2566
330226,2007,7.461028838659392,19145.0,2566
330226,2008,7.287607170693686,18700.0,2566
330226,2009,7.14419329696025,18332.0,2566
330226,2010,8.09158222915043,20763.0,2566
330226,2011,8.899064692127826,22835.0,2566
330226,2012,9.323850350740452,23925.0,2566
330226,2013,8.872564302416212,22767.0,2566
330226,2014,6.012860483242401,15429.0,2566
330226,2015,6.323460639127046,16226.0,2566
330226,2016,7.162120031176929,18378.0,2566
330226,2017,11.530397505845674,29587.0,2566
330226,2018,12.434528448947779,31907.0,2566
330226,2019,15.563133281371785,39935.0,2566
330226,2020,15.349571317225253,39387.0,2566
330281,2000,8.933502538071066,17599.0,1970
330281,2001,10.283248730964466,20258.0,1970
330281,2002,13.644670050761421,26880.0,1970
330281,2003,14.52994923857868,28624.0,1970
330281,2004,16.36497461928934,32239.0,1970
330281,2005,17.4746192893401,34425.0,1970
330281,2006,18.70253807106599,36844.0,1970
330281,2007,19.39492385786802,38208.0,1970
330281,2008,19.84060913705584,39086.0,1970
330281,2009,16.859898477157362,33214.0,1970
330281,2010,22.471065989847716,44268.0,1970
330281,2011,21.95329949238579,43248.0,1970
330281,2012,22.6,44522.0,1970
330281,2013,24.311167512690357,47893.0,1970
330281,2014,23.86294416243655,47010.0,1970
330281,2015,24.418781725888326,48105.0,1970
330281,2016,23.848223350253807,46981.0,1970
330281,2017,27.744162436548223,54656.0,1970
330281,2018,27.8253807106599,54816.0,1970
330281,2019,30.273604060913705,59639.0,1970
330281,2020,29.501015228426397,58117.0,1970
330282,2000,9.572164948453608,20427.0,2134
330282,2001,12.612464854732895,26915.0,2134
330282,2002,17.068884723523897,36425.0,2134
330282,2003,18.226335520149952,38895.0,2134
330282,2004,19.711340206185568,42064.0,2134
330282,2005,20.730552952202437,44239.0,2134
330282,2006,21.3622305529522,45587.0,2134
330282,2007,22.83036551077788,48720.0,2134
330282,2008,24.684629803186503,52677.0,2134
330282,2009,21.353327085285848,45568.0,2134
330282,2010,28.64901593252109,61137.0,2134
330282,2011,31.019681349578256,66196.0,2134
330282,2012,30.878163074039364,65894.0,2134
330282,2013,33.43064667291471,71341.0,2134
330282,2014,35.16260543580131,75037.0,2134
330282,2015,35.66776007497657,76115.0,2134
330282,2016,35.409559512652294,75564.0,2134
330282,2017,38.376288659793815,81895.0,2134
330282,2018,37.836457357075915,80743.0,2134
330282,2019,41.245079662605434,88017.0,2134
330282,2020,30.15135895032802,64343.0,2134
330302,2000,21.31756756756757,6310.0,296
330302,2001,24.44256756756757,7235.0,296
330302,2002,25.18581081081081,7455.0,296
330302,2003,26.347972972972972,7799.0,296
330302,2004,26.631756756756758,7883.0,296
330302,2005,25.24662162162162,7473.0,296
330302,2006,27.60472972972973,8171.0,296
330302,2007,27.68918918918919,8196.0,296
330302,2008,28.48310810810811,8431.0,296
330302,2009,25.530405405405407,7557.0,296
330302,2010,28.29391891891892,8375.0,296
330302,2011,30.111486486486488,8913.0,296
330302,2012,32.16216216216216,9520.0,296
330302,2013,34.28378378378378,10148.0,296
330302,2014,32.070945945945944,9493.0,296
330302,2015,32.71283783783784,9683.0,296
330302,2016,33.01013513513514,9771.0,296
330302,2017,36.4054054054054,10776.0,296
330302,2018,36.20608108108108,10717.0,296
330302,2019,38.861486486486484,11503.0,296
330302,2020,36.96621621621622,10942.0,296
330303,2000,15.721951219512196,6446.0,410
330303,2001,18.119512195121953,7429.0,410
330303,2002,20.94878048780488,8589.0,410
330303,2003,22.678048780487806,9298.0,410
330303,2004,25.073170731707318,10280.0,410
330303,2005,20.946341463414633,8588.0,410
330303,2006,23.302439024390242,9554.0,410
330303,2007,25.0,10250.0,410
330303,2008,27.43658536585366,11249.0,410
330303,2009,26.89268292682927,11026.0,410
330303,2010,26.490243902439026,10861.0,410
330303,2011,31.28780487804878,12828.0,410
330303,2012,30.453658536585365,12486.0,410
330303,2013,34.014634146341464,13946.0,410
330303,2014,40.895121951219515,16767.0,410
330303,2015,40.45609756097561,16587.0,410
330303,2016,40.78536585365854,16722.0,410
330303,2017,44.65853658536585,18310.0,410
330303,2018,44.829268292682926,18380.0,410
330303,2019,47.08048780487805,19303.0,410
330303,2020,30.946341463414633,12688.0,410
330304,2000,15.844884488448844,9602.0,606
330304,2001,19.524752475247524,11832.0,606
330304,2002,22.10891089108911,13398.0,606
330304,2003,21.836633663366335,13233.0,606
330304,2004,23.25082508250825,14090.0,606
330304,2005,19.96039603960396,12096.0,606
330304,2006,23.646864686468646,14330.0,606
330304,2007,23.785478547854787,14414.0,606
330304,2008,24.323432343234323,14740.0,606
330304,2009,24.04785478547855,14573.0,606
330304,2010,26.886138613861387,16293.0,606
330304,2011,28.382838283828384,17200.0,606
330304,2012,27.41089108910891,16611.0,606
330304,2013,31.485148514851485,19080.0,606
330304,2014,32.62541254125413,19771.0,606
330304,2015,32.41914191419142,19646.0,606
330304,2016,32.194719471947195,19510.0,606
330304,2017,35.585808580858085,21565.0,606
330304,2018,35.90759075907591,21760.0,606
330304,2019,38.161716171617165,23126.0,606
330304,2020,39.1056105610561,23698.0,606
330305,2000,3.0368589743589745,1895.0,624
330305,2001,3.2580128205128207,2033.0,624
330305,2002,4.142628205128205,2585.0,624
330305,2003,4.235576923076923,2643.0,624
330305,2004,5.568910256410256,3475.0,624
330305,2005,5.065705128205129,3161.0,624
330305,2006,5.158653846153846,3219.0,624
330305,2007,6.461538461538462,4032.0,624
330305,2008,7.169871794871795,4474.0,624
330305,2009,6.511217948717949,4063.0,624
330305,2010,7.208333333333333,4498.0,624
330305,2011,8.634615384615385,5388.0,624
330305,2012,10.129807692307692,6321.0,624
330305,2013,12.096153846153847,7548.0,624
330305,2014,9.645833333333334,6019.0,624
330305,2015,9.863782051282051,6155.0,624
330305,2016,10.423076923076923,6504.0,624
330305,2017,17.66346153846154,11022.0,624
330305,2018,19.046474358974358,11885.0,624
330305,2019,23.876602564102566,14899.0,624
330305,2020,0.9262820512820513,578.0,624
330324,2000,3.570507182644386,12179.0,3411
330324,2001,4.302843740838464,14677.0,3411
330324,2002,4.2588683670477865,14527.0,3411
330324,2003,4.403693931398417,15021.0,3411
330324,2004,4.457930225740252,15206.0,3411
330324,2005,4.805335678686602,16391.0,3411
330324,2006,5.332746995016124,18190.0,3411
330324,2007,5.411902667839343,18460.0,3411
330324,2008,5.569920844327177,18999.0,3411
330324,2009,4.318088537085899,14729.0,3411
330324,2010,5.222222222222222,17813.0,3411
330324,2011,5.9689240691879215,20360.0,3411
330324,2012,6.2160656698915275,21203.0,3411
330324,2013,6.437701553796541,21959.0,3411
330324,2014,4.844034007622398,16523.0,3411
330324,2015,5.092934623277631,17372.0,3411
330324,2016,5.3896218117854,18384.0,3411
330324,2017,7.885957197302844,26899.0,3411
330324,2018,7.993843447669305,27267.0,3411
330324,2019,9.39665787159191,32052.0,3411
330324,2020,10.773087071240106,36747.0,3411
330326,2000,6.400332225913621,7706.0,1204
330326,2001,7.749169435215947,9330.0,1204
330326,2002,8.249169435215947,9932.0,1204
330326,2003,8.516611295681063,10254.0,1204
330326,2004,9.525747508305647,11469.0,1204
330326,2005,8.205149501661129,9879.0,1204
330326,2006,9.602159468438538,11561.0,1204
330326,2007,10.359634551495017,12473.0,1204
330326,2008,11.26578073089701,13564.0,1204
330326,2009,9.727574750830565,11712.0,1204
330326,2010,12.115448504983389,14587.0,1204
330326,2011,13.131229235880399,15810.0,1204
330326,2012,15.24501661129568,18355.0,1204
330326,2013,16.246677740863788,19561.0,1204
330326,2014,14.828073089700997,17853.0,1204
330326,2015,14.603820598006644,17583.0,1204
330326,2016,14.009136212624584,16867.0,1204
330326,2017,19.361295681063122,23311.0,1204
330326,2018,20.575581395348838,24773.0,1204
330326,2019,22.75249169435216,27394.0,1204
330326,2020,24.932724252491695,30019.0,1204
330327,2000,3.4493183165382337,5819.0,1687
330327,2001,4.152341434499111,7005.0,1687
330327,2002,4.429164196799052,7472.0,1687
330327,2003,4.5074096028452875,7604.0,1687
330327,2004,5.481327800829876,9247.0,1687
330327,2005,4.20746887966805,7098.0,1687
330327,2006,4.32424422050978,7295.0,1687
330327,2007,5.615886188500296,9474.0,1687
330327,2008,5.531120331950207,9331.0,1687
330327,2009,5.736810906935388,9678.0,1687
330327,2010,6.621221102548903,11170.0,1687
330327,2011,6.8802608180201545,11607.0,1687
330327,2012,7.876704208654417,13288.0,1687
330327,2013,8.858328393598104,14944.0,1687
330327,2014,9.005334914048607,15192.0,1687
330327,2015,9.059869590989923,15284.0,1687
330327,2016,9.595732068761114,16188.0,1687
330327,2017,15.359217545939538,25911.0,1687
330327,2018,16.310017783046828,27515.0,1687
330327,2019,19.528156490812094,32944.0,1687
330327,2020,20.967397747480735,35372.0,1687
330328,2000,1.1353196772191185,1829.0,1611
330328,2001,1.312849162011173,2115.0,1611
330328,2002,1.4382371198013657,2317.0,1611
330328,2003,1.5543140906269397,2504.0,1611
330328,2004,1.7473618870266916,2815.0,1611
330328,2005,1.3289882060831781,2141.0,1611
330328,2006,1.1210428305400373,1806.0,1611
330328,2007,1.7628801986343885,2840.0,1611
330328,2008,2.143389199255121,3453.0,1611
330328,2009,2.1527001862197395,3468.0,1611
330328,2010,2.7802607076350094,4479.0,1611
330328,2011,3.004965859714463,4841.0,1611
330328,2012,3.472377405338299,5594.0,1611
330328,2013,3.55431409062694,5726.0,1611
330328,2014,1.7883302296710117,2881.0,1611
330328,2015,1.5195530726256983,2448.0,1611
330328,2016,1.5524518932340161,2501.0,1611
330328,2017,3.899441340782123,6282.0,1611
330328,2018,3.3016759776536313,5319.0,1611
330328,2019,4.073867163252638,6563.0,1611
330328,2020,6.283054003724395,10122.0,1611
330329,2000,0.7093117408906883,1752.0,2470
330329,2001,0.9449392712550607,2334.0,2470
330329,2002,1.1558704453441295,2855.0,2470
330329,2003,1.240080971659919,3063.0,2470
330329,2004,1.234008097165992,3048.0,2470
330329,2005,1.1356275303643724,2805.0,2470
330329,2006,0.794331983805668,1962.0,2470
330329,2007,1.21417004048583,2999.0,2470
330329,2008,1.3445344129554655,3321.0,2470
330329,2009,1.1016194331983806,2721.0,2470
330329,2010,1.7279352226720648,4268.0,2470
330329,2011,1.7230769230769232,4256.0,2470
330329,2012,1.8433198380566802,4553.0,2470
330329,2013,1.9412955465587045,4795.0,2470
330329,2014,1.1813765182186236,2918.0,2470
330329,2015,1.391093117408907,3436.0,2470
330329,2016,1.3979757085020244,3453.0,2470
330329,2017,3.4040485829959515,8408.0,2470
330329,2018,3.4724696356275304,8577.0,2470
330329,2019,4.349392712550607,10743.0,2470
330329,2020,6.115384615384615,15105.0,2470
330381,2000,7.180010465724751,13721.0,1911
330381,2001,7.963893249607535,15219.0,1911
330381,2002,8.910518053375196,17028.0,1911
330381,2003,9.35112506541078,17870.0,1911
330381,2004,10.581371009942439,20221.0,1911
330381,2005,9.271062271062272,17717.0,1911
330381,2006,10.667713239141811,20386.0,1911
330381,2007,10.96232339089482,20949.0,1911
330381,2008,11.734170591313449,22424.0,1911
330381,2009,11.347985347985349,21686.0,1911
330381,2010,12.535321821036106,23955.0,1911
330381,2011,13.552590266875981,25899.0,1911
330381,2012,13.859759288330716,26486.0,1911
330381,2013,15.345368916797488,29325.0,1911
330381,2014,14.904238618524333,28482.0,1911
330381,2015,15.131868131868131,28917.0,1911
330381,2016,15.065410779696494,28790.0,1911
330381,2017,20.428571428571427,39039.0,1911
330381,2018,21.728414442700156,41523.0,1911
330381,2019,24.31658817373103,46469.0,1911
330381,2020,25.859759288330718,49418.0,1911
330382,2000,8.902927580893683,17334.0,1947
330382,2001,10.526964560862867,20496.0,1947
330382,2002,12.200821777092964,23755.0,1947
330382,2003,12.585516178736517,24504.0,1947
330382,2004,14.029275808936825,27315.0,1947
330382,2005,12.654853620955317,24639.0,1947
330382,2006,14.361068310220853,27961.0,1947
330382,2007,14.975860297894195,29158.0,1947
330382,2008,15.469440164355419,30119.0,1947
330382,2009,13.80020544427324,26869.0,1947
330382,2010,15.47919876733436,30138.0,1947
330382,2011,17.337442218798152,33756.0,1947
330382,2012,18.252696456086287,35538.0,1947
330382,2013,19.926553672316384,38797.0,1947
330382,2014,17.42989214175655,33936.0,1947
330382,2015,17.60246533127889,34272.0,1947
330382,2016,18.319465844889574,35668.0,1947
330382,2017,22.934257832562917,44653.0,1947
330382,2018,23.32100667693888,45406.0,1947
330382,2019,26.315356959424754,51236.0,1947
330382,2020,25.18387262455059,49033.0,1947
330383,2000,9.91851851851852,2678.0,270
330383,2001,10.903703703703703,2944.0,270
330383,2002,12.059259259259258,3256.0,270
330383,2003,13.477777777777778,3639.0,270
330383,2004,16.377777777777776,4422.0,270
330383,2005,12.014814814814814,3244.0,270
330383,2006,13.703703703703704,3700.0,270
330383,2007,17.20740740740741,4646.0,270
330383,2008,19.125925925925927,5164.0,270
330383,2009,17.944444444444443,4845.0,270
330383,2010,21.437037037037037,5788.0,270
330383,2011,22.918518518518518,6188.0,270
330383,2012,24.896296296296295,6722.0,270
330383,2013,26.492592592592594,7153.0,270
330383,2014,31.374074074074073,8471.0,270
330383,2015,32.007407407407406,8642.0,270
330383,2016,35.737037037037034,9649.0,270
330383,2017,42.10740740740741,11369.0,270
330383,2018,43.977777777777774,11874.0,270
330383,2019,50.27037037037037,13573.0,270
330383,2020,39.855555555555554,10761.0,270
330402,2000,14.363817097415508,7225.0,503
330402,2001,17.077534791252486,8590.0,503
330402,2002,22.32604373757455,11230.0,503
330402,2003,21.940357852882705,11036.0,503
330402,2004,25.514910536779325,12834.0,503
330402,2005,26.3220675944334,13240.0,503
330402,2006,29.143141153081512,14659.0,503
330402,2007,31.858846918489064,16025.0,503
330402,2008,32.99403578528827,16596.0,503
330402,2009,27.825049701789265,13996.0,503
330402,2010,35.84095427435388,18028.0,503
330402,2011,37.66003976143141,18943.0,503
330402,2012,34.62823061630219,17418.0,503
330402,2013,39.79920477137177,20019.0,503
330402,2014,36.17097415506958,18194.0,503
330402,2015,38.24652087475149,19238.0,503
330402,2016,39.461232604373755,19849.0,503
330402,2017,41.940357852882705,21096.0,503
330402,2018,43.33399602385686,21797.0,503
330402,2019,50.208747514910534,25255.0,503
330402,2020,53.22465208747515,26772.0,503
330411,2000,16.299867899603697,12339.0,757
330411,2001,17.912813738441216,13560.0,757
330411,2002,21.212681638044913,16058.0,757
330411,2003,23.011889035667107,17420.0,757
330411,2004,25.889035667107002,19598.0,757
330411,2005,28.499339498018493,21574.0,757
330411,2006,30.095112285336857,22782.0,757
330411,2007,30.869220607661823,23368.0,757
330411,2008,32.087186261558784,24290.0,757
330411,2009,25.175693527080583,19058.0,757
330411,2010,32.76750330250991,24805.0,757
330411,2011,32.05680317040951,24267.0,757
330411,2012,31.912813738441216,24158.0,757
330411,2013,36.29854689564068,27478.0,757
330411,2014,30.221928665786,22878.0,757
330411,2015,31.941875825627477,24180.0,757
330411,2016,34.32628797886394,25985.0,757
330411,2017,38.69220607661823,29290.0,757
330411,2018,42.14927344782034,31907.0,757
330411,2019,47.920739762219284,36276.0,757
330411,2020,50.45046235138705,38191.0,757
330421,2000,12.756827048114435,9810.0,769
330421,2001,15.299089726918075,11765.0,769
330421,2002,19.456436931079324,14962.0,769
330421,2003,21.0962288686606,16223.0,769
330421,2004,22.79973992197659,17533.0,769
330421,2005,24.47594278283485,18822.0,769
330421,2006,26.78673602080624,20599.0,769
330421,2007,26.80884265279584,20616.0,769
330421,2008,27.797139141742523,21376.0,769
330421,2009,22.105331599479843,16999.0,769
330421,2010,30.875162548764628,23743.0,769
330421,2011,31.788036410923276,24445.0,769
330421,2012,30.19115734720416,23217.0,769
330421,2013,33.507152145643694,25767.0,769
330421,2014,27.71261378413524,21311.0,769
330421,2015,28.96879063719116,22277.0,769
330421,2016,30.65409622886866,23573.0,769
330421,2017,35.48764629388817,27290.0,769
330421,2018,36.11313394018205,27771.0,769
330421,2019,43.19375812743823,33216.0,769
330421,2020,46.250975292587775,35567.0,769
330424,2000,7.3836575875486385,9488.0,1285
330424,2001,8.264591439688717,10620.0,1285
330424,2002,10.557976653696498,13567.0,1285
330424,2003,10.285603112840468,13217.0,1285
330424,2004,12.253696498054476,15746.0,1285
330424,2005,13.073929961089494,16800.0,1285
330424,2006,14.821011673151752,19045.0,1285
330424,2007,14.330739299610896,18415.0,1285
330424,2008,15.02023346303502,19301.0,1285
330424,2009,12.684824902723735,16300.0,1285
330424,2010,16.083268482490272,20667.0,1285
330424,2011,16.889494163424125,21703.0,1285
330424,2012,16.59455252918288,21324.0,1285
330424,2013,17.61556420233463,22636.0,1285
330424,2014,15.089494163424124,19390.0,1285
330424,2015,15.501167315175097,19919.0,1285
330424,2016,14.372762645914397,18469.0,1285
330424,2017,19.638910505836577,25236.0,1285
330424,2018,19.454474708171205,24999.0,1285
330424,2019,23.97431906614786,30807.0,1285
330424,2020,18.551750972762648,23839.0,1285
330481,2000,9.8075,11769.0,1200
330481,2001,10.879166666666666,13055.0,1200
330481,2002,13.7675,16521.0,1200
330481,2003,15.180833333333334,18217.0,1200
330481,2004,18.215833333333332,21859.0,1200
330481,2005,18.966666666666665,22760.0,1200
330481,2006,22.22833333333333,26674.0,1200
330481,2007,24.325833333333332,29191.0,1200
330481,2008,25.113333333333333,30136.0,1200
330481,2009,20.741666666666667,24890.0,1200
330481,2010,27.069166666666668,32483.0,1200
330481,2011,28.659166666666668,34391.0,1200
330481,2012,27.505,33006.0,1200
330481,2013,31.691666666666666,38030.0,1200
330481,2014,28.343333333333334,34012.0,1200
330481,2015,30.263333333333332,36316.0,1200
330481,2016,30.1575,36189.0,1200
330481,2017,34.06,40872.0,1200
330481,2018,34.665,41598.0,1200
330481,2019,38.33416666666667,46001.0,1200
330481,2020,36.41416666666667,43697.0,1200
330482,2000,12.717488789237668,11344.0,892
330482,2001,13.649103139013453,12175.0,892
330482,2002,17.543721973094172,15649.0,892
330482,2003,19.405829596412556,17310.0,892
330482,2004,21.094170403587444,18816.0,892
330482,2005,21.716367713004484,19371.0,892
330482,2006,24.49103139013453,21846.0,892
330482,2007,25.98542600896861,23179.0,892
330482,2008,26.12443946188341,23303.0,892
330482,2009,22.977578475336323,20496.0,892
330482,2010,31.3957399103139,28005.0,892
330482,2011,33.51345291479821,29894.0,892
330482,2012,31.23542600896861,27862.0,892
330482,2013,34.016816143497756,30343.0,892
330482,2014,32.039237668161434,28579.0,892
330482,2015,32.65134529147982,29125.0,892
330482,2016,31.713004484304932,28288.0,892
330482,2017,35.68497757847533,31831.0,892
330482,2018,36.22645739910314,32314.0,892
330482,2019,43.275784753363226,38602.0,892
330482,2020,40.59865470852018,36214.0,892
330483,2000,12.587608906098742,13003.0,1033
330483,2001,14.155856727976767,14623.0,1033
330483,2002,16.22652468538238,16762.0,1033
330483,2003,18.695062923523718,19312.0,1033
330483,2004,21.500484027105518,22210.0,1033
330483,2005,23.278799612778315,24047.0,1033
330483,2006,27.832526621490803,28751.0,1033
330483,2007,30.01161665053243,31002.0,1033
330483,2008,29.731848983543077,30713.0,1033
330483,2009,22.45111326234269,23192.0,1033
330483,2010,30.987415295256536,32010.0,1033
330483,2011,32.83252662149081,33916.0,1033
330483,2012,32.65730880929332,33735.0,1033
330483,2013,36.989351403678604,38210.0,1033
330483,2014,31.729912875121006,32777.0,1033
330483,2015,34.288480154888674,35420.0,1033
330483,2016,35.04840271055179,36205.0,1033
330483,2017,39.74636979670861,41058.0,1033
330483,2018,41.44820909970959,42816.0,1033
330483,2019,46.616650532429816,48155.0,1033
330483,2020,48.952565343659245,50568.0,1033
330502,2000,12.876279069767442,13842.0,1075
330502,2001,15.791627906976744,16976.0,1075
330502,2002,19.731162790697674,21211.0,1075
330502,2003,22.393488372093024,24073.0,1075
330502,2004,23.52,25284.0,1075
330502,2005,23.827906976744185,25615.0,1075
330502,2006,25.101395348837208,26984.0,1075
330502,2007,27.369302325581394,29422.0,1075
330502,2008,26.43813953488372,28421.0,1075
330502,2009,21.157209302325583,22744.0,1075
330502,2010,26.77767441860465,28786.0,1075
330502,2011,26.49767441860465,28485.0,1075
330502,2012,24.628837209302326,26476.0,1075
330502,2013,26.74232558139535,28748.0,1075
330502,2014,23.787906976744186,25572.0,1075
330502,2015,24.88372093023256,26750.0,1075
330502,2016,24.78604651162791,26645.0,1075
330502,2017,29.266046511627906,31461.0,1075
330502,2018,30.57767441860465,32871.0,1075
330502,2019,33.84186046511628,36380.0,1075
330502,2020,36.346046511627904,39072.0,1075
330503,2000,8.851669941060903,9011.0,1018
330503,2001,10.736738703339881,10930.0,1018
330503,2002,12.306483300589392,12528.0,1018
330503,2003,13.607072691552062,13852.0,1018
330503,2004,15.355599214145384,15632.0,1018
330503,2005,15.763261296660119,16047.0,1018
330503,2006,16.033398821218075,16322.0,1018
330503,2007,16.710216110019648,17011.0,1018
330503,2008,16.036345776031435,16325.0,1018
330503,2009,12.919449901768173,13152.0,1018
330503,2010,16.94990176817289,17255.0,1018
330503,2011,17.912573673870334,18235.0,1018
330503,2012,17.19744597249509,17507.0,1018
330503,2013,19.678781925343813,20033.0,1018
330503,2014,17.80157170923379,18122.0,1018
330503,2015,19.465618860510805,19816.0,1018
330503,2016,19.773084479371317,20129.0,1018
330503,2017,26.403732809430256,26879.0,1018
330503,2018,27.612966601178783,28110.0,1018
330503,2019,32.87819253438114,33470.0,1018
330503,2020,36.17878192534381,36830.0,1018
330521,2000,8.415640839971035,11622.0,1381
330521,2001,9.689355539464156,13381.0,1381
330521,2002,11.590876176683564,16007.0,1381
330521,2003,14.38450398262129,19865.0,1381
330521,2004,15.095582910934105,20847.0,1381
330521,2005,15.22302679217958,21023.0,1381
330521,2006,16.670528602461985,23022.0,1381
330521,2007,18.27226647356988,25234.0,1381
330521,2008,17.364952932657495,23981.0,1381
330521,2009,13.488052136133236,18627.0,1381
330521,2010,18.40912382331644,25423.0,1381
330521,2011,19.55684286748733,27008.0,1381
330521,2012,19.74511223750905,27268.0,1381
330521,2013,19.493845039826212,26921.0,1381
330521,2014,14.121650977552498,19502.0,1381
330521,2015,14.692251991310645,20290.0,1381
330521,2016,14.935553946415641,20626.0,1381
330521,2017,19.585807385952208,27048.0,1381
330521,2018,22.10065170166546,30521.0,1381
330521,2019,26.2367849384504,36233.0,1381
330521,2020,27.886314265025344,38511.0,1381
330522,2000,6.282884713052311,12371.0,1969
330522,2001,7.196038598273235,14169.0,1969
330522,2002,9.02133062468258,17763.0,1969
330522,2003,10.627729812087354,20926.0,1969
330522,2004,12.335703402742508,24289.0,1969
330522,2005,11.648552564753683,22936.0,1969
330522,2006,12.192991366175724,24008.0,1969
330522,2007,14.073641442356527,27711.0,1969
330522,2008,13.939055358049771,27446.0,1969
330522,2009,11.694261046216354,23026.0,1969
330522,2010,14.583037074657186,28714.0,1969
330522,2011,15.97054342305739,31446.0,1969
330522,2012,15.1203656678517,29772.0,1969
330522,2013,17.268156424581004,34001.0,1969
330522,2014,13.315388522092432,26218.0,1969
330522,2015,13.116302691721685,25826.0,1969
330522,2016,12.90147282884713,25403.0,1969
330522,2017,18.04266124936516,35526.0,1969
330522,2018,19.35246317927882,38105.0,1969
330522,2019,22.200609446419502,43713.0,1969
330522,2020,23.390553580497716,46056.0,1969
330523,2000,2.3782742681047764,6174.0,2596
330523,2001,3.2684899845916795,8485.0,2596
330523,2002,4.179892141756548,10851.0,2596
330523,2003,4.6440677966101696,12056.0,2596
330523,2004,4.777349768875193,12402.0,2596
330523,2005,4.675654853620955,12138.0,2596
330523,2006,4.246918335901387,11025.0,2596
330523,2007,5.336671802773497,13854.0,2596
330523,2008,5.628274268104777,14611.0,2596
330523,2009,5.502696456086286,14285.0,2596
330523,2010,7.0604776579352855,18329.0,2596
330523,2011,8.220724191063175,21341.0,2596
330523,2012,8.297765793528505,21541.0,2596
330523,2013,9.853235747303543,25579.0,2596
330523,2014,7.382126348228043,19164.0,2596
330523,2015,8.308551617873652,21569.0,2596
330523,2016,8.633281972265022,22412.0,2596
330523,2017,12.690677966101696,32945.0,2596
330523,2018,13.62673343605547,35375.0,2596
330523,2019,15.580893682588599,40448.0,2596
330523,2020,16.64522342064715,43211.0,2596
330602,2000,14.086727989487516,10720.0,761
330602,2001,15.779237844940868,12008.0,761
330602,2002,20.533508541392905,15626.0,761
330602,2003,24.222076215505915,18433.0,761
330602,2004,25.88173455978975,19696.0,761
330602,2005,24.92904073587385,18971.0,761
330602,2006,26.659658344283837,20288.0,761
330602,2007,27.609724047306177,21011.0,761
330602,2008,28.036793692509857,21336.0,761
330602,2009,23.981603153745073,18250.0,761
330602,2010,30.533508541392905,23236.0,761
330602,2011,31.92378449408673,24294.0,761
330602,2012,33.05256241787122,25153.0,761
330602,2013,35.42049934296978,26955.0,761
330602,2014,38.289093298291725,29138.0,761
330602,2015,38.49934296977661,29298.0,761
330602,2016,39.42049934296978,29999.0,761
330602,2017,42.53613666228647,32370.0,761
330602,2018,42.402102496714846,32268.0,761
330602,2019,47.272010512483575,35974.0,761
330602,2020,37.32851511169514,28407.0,761
330603,2000,9.489080079417604,14338.0,1511
330603,2001,10.658504301786897,16105.0,1511
330603,2002,15.028457974851092,22708.0,1511
330603,2003,17.27796161482462,26107.0,1511
330603,2004,19.44407677035076,29380.0,1511
330603,2005,19.494374586366643,29456.0,1511
330603,2006,20.666446062210458,31227.0,1511
330603,2007,22.058901389808074,33331.0,1511
330603,2008,21.953011250827267,33171.0,1511
330603,2009,18.832561217736597,28456.0,1511
330603,2010,23.41958967571145,35387.0,1511
330603,2011,24.26671078755791,36667.0,1511
330603,2012,24.84778292521509,37545.0,1511
330603,2013,26.089344804765055,39421.0,1511
330603,2014,25.413633355393777,38400.0,1511
330603,2015,25.86366644606221,39080.0,1511
330603,2016,26.134348113831898,39489.0,1511
330603,2017,30.748510919920584,46461.0,1511
330603,2018,31.317008603573793,47320.0,1511
330603,2019,33.51489080079418,50641.0,1511
330603,2020,29.617471872931834,44752.0,1511
330604,2000,7.219224283305228,12843.0,1779
330604,2001,7.486228218100056,13318.0,1779
330604,2002,9.093872962338393,16178.0,1779
330604,2003,10.585722315907814,18832.0,1779
330604,2004,11.32433951658235,20146.0,1779
330604,2005,11.720629567172569,20851.0,1779
330604,2006,13.116357504215852,23334.0,1779
330604,2007,14.556492411467117,25896.0,1779
330604,2008,15.436762225969646,27462.0,1779
330604,2009,13.81169196177628,24571.0,1779
330604,2010,17.01911186059584,30277.0,1779
330604,2011,17.32096683530073,30814.0,1779
330604,2012,17.288926363125352,30757.0,1779
330604,2013,18.4345137717819,32795.0,1779
330604,2014,17.45025295109612,31044.0,1779
330604,2015,18.22540753232153,32423.0,1779
330604,2016,17.82462057335582,31710.0,1779
330604,2017,22.238898257448003,39563.0,1779
330604,2018,21.711073636874648,38624.0,1779
330604,2019,26.243395165823497,46687.0,1779
330604,2020,23.31478358628443,41477.0,1779
330624,2000,3.387138263665595,5267.0,1555
330624,2001,3.094533762057878,4812.0,1555
330624,2002,4.348553054662379,6762.0,1555
330624,2003,4.546623794212219,7070.0,1555
330624,2004,5.946623794212218,9247.0,1555
330624,2005,4.80192926045016,7467.0,1555
330624,2006,4.310610932475885,6703.0,1555
330624,2007,4.723472668810289,7345.0,1555
330624,2008,4.736334405144695,7365.0,1555
330624,2009,4.544051446945337,7066.0,1555
330624,2010,4.965273311897106,7721.0,1555
330624,2011,6.116398713826366,9511.0,1555
330624,2012,6.398713826366559,9950.0,1555
330624,2013,6.684887459807074,10395.0,1555
330624,2014,4.909967845659164,7635.0,1555
330624,2015,4.614147909967846,7175.0,1555
330624,2016,4.55048231511254,7076.0,1555
330624,2017,7.9504823151125406,12363.0,1555
330624,2018,8.45016077170418,13140.0,1555
330624,2019,9.85337620578778,15322.0,1555
330624,2020,10.9491961414791,17026.0,1555
330681,2000,5.391023571197933,16696.0,3097
330681,2001,6.058766548272522,18764.0,3097
330681,2002,7.31772683241847,22663.0,3097
330681,2003,8.002583144979011,24784.0,3097
330681,2004,9.040684533419439,27999.0,3097
330681,2005,9.030674846625766,27968.0,3097
330681,2006,9.146270584436552,28326.0,3097
330681,2007,10.29641588634162,31888.0,3097
330681,2008,10.272844688408137,31815.0,3097
330681,2009,9.72747820471424,30126.0,3097
330681,2010,11.202131094607685,34693.0,3097
330681,2011,12.514368743945754,38757.0,3097
330681,2012,13.438488860187277,41619.0,3097
330681,2013,13.99160477881821,43332.0,3097
330681,2014,10.75234097513723,33300.0,3097
330681,2015,10.725217952857603,33216.0,3097
330681,2016,11.128188569583468,34464.0,3097
330681,2017,15.409428479173394,47723.0,3097
330681,2018,15.35356796900226,47550.0,3097
330681,2019,17.208588957055216,53295.0,3097
330681,2020,18.979980626412658,58781.0,3097
330683,2000,3.825169255276782,9605.0,2511
330683,2001,4.103146156909598,10303.0,2511
330683,2002,5.585025886101155,14024.0,2511
330683,2003,6.494623655913978,16308.0,2511
330683,2004,6.558343289526086,16468.0,2511
330683,2005,7.05973715651135,17727.0,2511
330683,2006,6.978892871365989,17524.0,2511
330683,2007,6.776981282357626,17017.0,2511
330683,2008,7.142174432497013,17934.0,2511
330683,2009,6.305455993628037,15833.0,2511
330683,2010,7.308243727598566,18351.0,2511
330683,2011,7.187176423735563,18047.0,2511
330683,2012,7.882118677817602,19792.0,2511
330683,2013,8.32536837913182,20905.0,2511
330683,2014,5.244125846276384,13168.0,2511
330683,2015,5.350059737156512,13434.0,2511
330683,2016,6.446037435284747,16186.0,2511
330683,2017,9.918757467144564,24906.0,2511
330683,2018,9.863799283154123,24768.0,2511
330683,2019,11.086818000796496,27839.0,2511
330683,2020,13.019912385503783,32693.0,2511
330702,2000,5.1989405532666275,8833.0,1699
330702,2001,5.809888169511478,9871.0,1699
330702,2002,6.350206003531489,10789.0,1699
330702,2003,7.716303708063567,13110.0,1699
330702,2004,7.840494408475574,13321.0,1699
330702,2005,7.46380223660977,12681.0,1699
330702,2006,7.366097704532078,12515.0,1699
330702,2007,8.01648028251913,13620.0,1699
330702,2008,8.065332548557976,13703.0,1699
330702,2009,7.317245438493232,12432.0,1699
330702,2010,9.101824602707476,15464.0,1699
330702,2011,9.88875809299588,16801.0,1699
330702,2012,11.033549146556798,18746.0,1699
330702,2013,11.92642731018246,20263.0,1699
330702,2014,9.59329017068864,16299.0,1699
330702,2015,9.61389052383755,16334.0,1699
330702,2016,11.13007651559741,18910.0,1699
330702,2017,13.330782813419658,22649.0,1699
330702,2018,14.437904649793996,24530.0,1699
330702,2019,17.13007651559741,29104.0,1699
330702,2020,17.755150088287227,30166.0,1699
330703,2000,6.182448036951501,5354.0,866
330703,2001,6.882217090069284,5960.0,866
330703,2002,7.780600461893765,6738.0,866
330703,2003,11.310623556581985,9795.0,866
330703,2004,12.860277136258661,11137.0,866
330703,2005,12.128175519630485,10503.0,866
330703,2006,11.053117782909931,9572.0,866
330703,2007,12.675519630484988,10977.0,866
330703,2008,12.808314087759815,11092.0,866
330703,2009,11.115473441108545,9626.0,866
330703,2010,12.617782909930716,10927.0,866
330703,2011,15.479214780600461,13405.0,866
330703,2012,16.648960739030024,14418.0,866
330703,2013,17.79445727482679,15410.0,866
330703,2014,15.34526558891455,13289.0,866
330703,2015,15.152424942263279,13122.0,866
330703,2016,18.71593533487298,16208.0,866
330703,2017,23.494226327944574,20346.0,866
330703,2018,25.155889145496534,21785.0,866
330703,2019,31.15935334872979,26984.0,866
330703,2020,34.146651270207855,29571.0,866
330723,2000,1.84814453125,3785.0,2048
330723,2001,2.4443359375,5006.0,2048
330723,2002,2.98583984375,6115.0,2048
330723,2003,3.123046875,6396.0,2048
330723,2004,4.0322265625,8258.0,2048
330723,2005,3.8525390625,7890.0,2048
330723,2006,3.935546875,8060.0,2048
330723,2007,4.77294921875,9775.0,2048
330723,2008,4.66259765625,9549.0,2048
330723,2009,4.06591796875,8327.0,2048
330723,2010,4.80908203125,9849.0,2048
330723,2011,5.4013671875,11062.0,2048
330723,2012,6.2392578125,12778.0,2048
330723,2013,6.1103515625,12514.0,2048
330723,2014,4.86376953125,9961.0,2048
330723,2015,4.97998046875,10199.0,2048
330723,2016,5.08447265625,10413.0,2048
330723,2017,7.00146484375,14339.0,2048
330723,2018,7.203125,14752.0,2048
330723,2019,8.27392578125,16945.0,2048
330723,2020,8.78759765625,17997.0,2048
330726,2000,3.262551440329218,3964.0,1215
330726,2001,4.300411522633745,5225.0,1215
330726,2002,4.922633744855967,5981.0,1215
330726,2003,5.867489711934156,7129.0,1215
330726,2004,6.808230452674897,8272.0,1215
330726,2005,7.304526748971194,8875.0,1215
330726,2006,7.393415637860082,8983.0,1215
330726,2007,8.246913580246913,10020.0,1215
330726,2008,8.63127572016461,10487.0,1215
330726,2009,7.08641975308642,8610.0,1215
330726,2010,8.736625514403292,10615.0,1215
330726,2011,9.361316872427983,11374.0,1215
330726,2012,10.33991769547325,12563.0,1215
330726,2013,11.11275720164609,13502.0,1215
330726,2014,8.863374485596708,10769.0,1215
330726,2015,9.699588477366255,11785.0,1215
330726,2016,10.783539094650205,13102.0,1215
330726,2017,13.766255144032922,16726.0,1215
330726,2018,14.42962962962963,17532.0,1215
330726,2019,17.39835390946502,21139.0,1215
330726,2020,19.031275720164608,23123.0,1215
330727,2000,0.46597222222222223,671.0,1440
330727,2001,0.46805555555555556,674.0,1440
330727,2002,1.23125,1773.0,1440
330727,2003,1.0444444444444445,1504.0,1440
330727,2004,1.5229166666666667,2193.0,1440
330727,2005,1.448611111111111,2086.0,1440
330727,2006,1.1881944444444446,1711.0,1440
330727,2007,1.5222222222222221,2192.0,1440
330727,2008,1.6541666666666666,2382.0,1440
330727,2009,1.4430555555555555,2078.0,1440
330727,2010,1.9951388888888888,2873.0,1440
330727,2011,2.676388888888889,3854.0,1440
330727,2012,2.8270833333333334,4071.0,1440
330727,2013,3.1215277777777777,4495.0,1440
330727,2014,0.9576388888888889,1379.0,1440
330727,2015,1.0368055555555555,1493.0,1440
330727,2016,1.1083333333333334,1596.0,1440
330727,2017,3.1618055555555555,4553.0,1440
330727,2018,3.6979166666666665,5325.0,1440
330727,2019,3.875,5580.0,1440
330727,2020,4.493055555555555,6470.0,1440
330781,2000,3.494617868675996,6493.0,1858
330781,2001,4.715823466092573,8762.0,1858
330781,2002,4.962863293864371,9221.0,1858
330781,2003,6.378363832077503,11851.0,1858
330781,2004,6.855220667384284,12737.0,1858
330781,2005,6.7029063509149625,12454.0,1858
330781,2006,5.901506996770721,10965.0,1858
330781,2007,7.186221743810549,13352.0,1858
330781,2008,7.382669537136706,13717.0,1858
330781,2009,5.916038751345533,10992.0,1858
330781,2010,6.942411194833154,12899.0,1858
330781,2011,7.670613562970937,14252.0,1858
330781,2012,8.971474703982777,16669.0,1858
330781,2013,9.193218514531754,17081.0,1858
330781,2014,6.652852529601723,12361.0,1858
330781,2015,7.343918191603875,13645.0,1858
330781,2016,8.062970936490851,14981.0,1858
330781,2017,11.73573735199139,21805.0,1858
330781,2018,12.243810548977395,22749.0,1858
330781,2019,13.579117330462863,25230.0,1858
330781,2020,15.236275565123789,28309.0,1858
330782,2000,9.811926605504587,14973.0,1526
330782,2001,11.75557011795544,17939.0,1526
330782,2002,14.47051114023591,22082.0,1526
330782,2003,17.115989515072084,26119.0,1526
330782,2004,18.434469200524248,28131.0,1526
330782,2005,18.95150720838794,28920.0,1526
330782,2006,20.700524246395805,31589.0,1526
330782,2007,22.45150720838794,34261.0,1526
330782,2008,24.464613368283093,37333.0,1526
330782,2009,21.34076015727392,32566.0,1526
330782,2010,23.80078636959371,36320.0,1526
330782,2011,27.700524246395805,42271.0,1526
330782,2012,28.102228047182177,42884.0,1526
330782,2013,29.3564875491481,44798.0,1526
330782,2014,28.692660550458715,43785.0,1526
330782,2015,29.165792922673656,44507.0,1526
330782,2016,30.15203145478375,46012.0,1526
330782,2017,33.33879423328965,50875.0,1526
330782,2018,34.49475753604194,52639.0,1526
330782,2019,39.10157273918742,59669.0,1526
330782,2020,40.984927916120576,62543.0,1526
330783,2000,4.976885644768856,12273.0,2466
330783,2001,5.7798053527980535,14253.0,2466
330783,2002,7.138280616382806,17603.0,2466
330783,2003,7.042984590429846,17368.0,2466
330783,2004,7.70316301703163,18996.0,2466
330783,2005,7.807380373073804,19253.0,2466
330783,2006,8.44728304947283,20831.0,2466
330783,2007,8.91727493917275,21990.0,2466
330783,2008,9.670316301703163,23847.0,2466
330783,2009,8.58029197080292,21159.0,2466
330783,2010,9.894566098945662,24400.0,2466
330783,2011,11.849959448499595,29222.0,2466
330783,2012,13.170316301703163,32478.0,2466
330783,2013,13.840632603406325,34131.0,2466
330783,2014,11.037307380373074,27218.0,2466
330783,2015,11.279805352798054,27816.0,2466
330783,2016,12.49918896999189,30823.0,2466
330783,2017,15.61719383617194,38512.0,2466
330783,2018,16.384833738848336,40405.0,2466
330783,2019,18.03446877534469,44473.0,2466
330783,2020,19.666666666666668,48498.0,2466
330784,2000,7.0217238962859145,10020.0,1427
330784,2001,8.056061667834618,11496.0,1427
330784,2002,9.895585143658025,14121.0,1427
330784,2003,10.355290819901892,14777.0,1427
330784,2004,10.61177295024527,15143.0,1427
330784,2005,10.973370707778557,15659.0,1427
330784,2006,11.646811492641906,16620.0,1427
330784,2007,12.074982480728801,17231.0,1427
330784,2008,12.343377715487035,17614.0,1427
330784,2009,10.97687456201822,15664.0,1427
330784,2010,12.521373510861949,17868.0,1427
330784,2011,14.030133146461107,20021.0,1427
330784,2012,15.583041345480028,22237.0,1427
330784,2013,17.06377014716188,24350.0,1427
330784,2014,12.524877365101611,17873.0,1427
330784,2015,13.562718990889978,19354.0,1427
330784,2016,14.512263489838823,20709.0,1427
330784,2017,18.641205325858444,26601.0,1427
330784,2018,18.729502452697968,26727.0,1427
330784,2019,20.7687456201822,29637.0,1427
330784,2020,22.417659425367905,31990.0,1427
330802,2000,7.672340425531915,5409.0,705
330802,2001,9.14468085106383,6447.0,705
330802,2002,9.973049645390072,7031.0,705
330802,2003,11.557446808510639,8148.0,705
330802,2004,12.02836879432624,8480.0,705
330802,2005,12.04113475177305,8489.0,705
330802,2006,12.327659574468084,8691.0,705
330802,2007,12.904964539007093,9098.0,705
330802,2008,12.22695035460993,8620.0,705
330802,2009,10.782978723404256,7602.0,705
330802,2010,13.171631205673759,9286.0,705
330802,2011,13.127659574468085,9255.0,705
330802,2012,14.44822695035461,10186.0,705
330802,2013,14.353191489361702,10119.0,705
330802,2014,11.527659574468085,8127.0,705
330802,2015,12.12340425531915,8547.0,705
330802,2016,12.66950354609929,8932.0,705
330802,2017,15.937588652482269,11236.0,705
330802,2018,16.51631205673759,11644.0,705
330802,2019,19.065248226950356,13441.0,705
330802,2020,20.7531914893617,14631.0,705
330803,2000,2.118914261094356,4918.0,2321
330803,2001,2.4179233089185694,5612.0,2321
330803,2002,2.625592417061611,6094.0,2321
330803,2003,3.275312365359759,7602.0,2321
330803,2004,3.7091770788453253,8609.0,2321
330803,2005,3.5096940973718227,8146.0,2321
330803,2006,3.131839724256786,7269.0,2321
330803,2007,3.8819474364498063,9010.0,2321
330803,2008,3.766479965532098,8742.0,2321
330803,2009,3.4355881085738904,7974.0,2321
330803,2010,4.155536406721241,9645.0,2321
330803,2011,4.678155967255494,10858.0,2321
330803,2012,5.101249461439035,11840.0,2321
330803,2013,5.2408444635932785,12164.0,2321
330803,2014,3.4769495906936667,8070.0,2321
330803,2015,3.7376130978026714,8675.0,2321
330803,2016,4.034037052994399,9363.0,2321
330803,2017,6.18095648427402,14346.0,2321
330803,2018,6.258078414476519,14525.0,2321
330803,2019,7.71133132270573,17898.0,2321
330803,2020,9.015510555794917,20925.0,2321
330822,2000,2.1619115549215406,3031.0,1402
330822,2001,3.4750356633380886,4872.0,1402
330822,2002,3.3559201141226818,4705.0,1402
330822,2003,4.461483594864479,6255.0,1402
330822,2004,4.633380884450784,6496.0,1402
330822,2005,4.011412268188303,5624.0,1402
330822,2006,3.5356633380884452,4957.0,1402
330822,2007,4.345221112696148,6092.0,1402
330822,2008,4.587731811697575,6432.0,1402
330822,2009,3.8088445078459343,5340.0,1402
330822,2010,4.511412268188303,6325.0,1402
330822,2011,5.313124108416548,7449.0,1402
330822,2012,5.8644793152639085,8222.0,1402
330822,2013,5.927246790299572,8310.0,1402
330822,2014,4.873038516405136,6832.0,1402
330822,2015,5.134094151212554,7198.0,1402
330822,2016,5.067047075606276,7104.0,1402
330822,2017,8.449358059914408,11846.0,1402
330822,2018,8.004992867332382,11223.0,1402
330822,2019,9.332382310984308,13084.0,1402
330822,2020,10.360199714693294,14525.0,1402
330824,2000,0.5702256652071405,1693.0,2969
330824,2001,0.8154260693836308,2421.0,2969
330824,2002,1.0107780397440216,3001.0,2969
330824,2003,1.081508925564163,3211.0,2969
330824,2004,1.2667564836645335,3761.0,2969
330824,2005,1.3533176153587065,4018.0,2969
330824,2006,0.8905355338497811,2644.0,2969
330824,2007,1.2273492758504547,3644.0,2969
330824,2008,1.9376894577298753,5753.0,2969
330824,2009,1.4553721791849108,4321.0,2969
330824,2010,1.5978443920511958,4744.0,2969
330824,2011,2.0077467160660154,5961.0,2969
330824,2012,1.8622431795217245,5529.0,2969
330824,2013,2.2020882452004042,6538.0,2969
330824,2014,1.3553384978107106,4024.0,2969
330824,2015,1.4388683058268776,4272.0,2969
330824,2016,1.468507915122937,4360.0,2969
330824,2017,2.8440552374536883,8444.0,2969
330824,2018,2.5166722802290336,7472.0,2969
330824,2019,2.765914449309532,8212.0,2969
330824,2020,3.0336813742000674,9007.0,2969
330825,2000,2.8452599388379203,4652.0,1635
330825,2001,3.7155963302752295,6075.0,1635
330825,2002,4.1186544342507645,6734.0,1635
330825,2003,5.18960244648318,8485.0,1635
330825,2004,5.764525993883792,9425.0,1635
330825,2005,5.299694189602446,8665.0,1635
330825,2006,4.627522935779816,7566.0,1635
330825,2007,5.420795107033639,8863.0,1635
330825,2008,5.3565749235474005,8758.0,1635
330825,2009,4.285015290519878,7006.0,1635
330825,2010,5.668501529051988,9268.0,1635
330825,2011,6.102140672782874,9977.0,1635
330825,2012,6.6452599388379205,10865.0,1635
330825,2013,6.791437308868502,11104.0,1635
330825,2014,4.251987767584098,6952.0,1635
330825,2015,4.579816513761468,7488.0,1635
330825,2016,5.414067278287462,8852.0,1635
330825,2017,8.593272171253822,14050.0,1635
330825,2018,8.921100917431193,14586.0,1635
330825,2019,11.650152905198777,19048.0,1635
330825,2020,13.396941896024465,21904.0,1635
330881,2000,1.4363163757890829,3868.0,2693
330881,2001,1.9710360193093204,5308.0,2693
330881,2002,2.240252506498329,6033.0,2693
330881,2003,2.508726327515782,6756.0,2693
330881,2004,2.8860007426661713,7772.0,2693
330881,2005,2.9004827330115113,7811.0,2693
330881,2006,2.928332714444857,7886.0,2693
330881,2007,3.416635722242852,9201.0,2693
330881,2008,3.487931674712217,9393.0,2693
330881,2009,3.1600445599702933,8510.0,2693
330881,2010,4.008169327887114,10794.0,2693
330881,2011,4.178239881173413,11252.0,2693
330881,2012,4.4864463423691054,12082.0,2693
330881,2013,4.649461567025622,12521.0,2693
330881,2014,2.1659858893427404,5833.0,2693
330881,2015,2.120683252877831,5711.0,2693
330881,2016,2.095803936130709,5644.0,2693
330881,2017,3.8871147419235053,10468.0,2693
330881,2018,3.6008169327887116,9697.0,2693
330881,2019,4.2952098031934645,11567.0,2693
330881,2020,4.949870033419978,13330.0,2693
330902,2000,8.612043435340572,8724.0,1013
330902,2001,10.615004935834156,10753.0,1013
330902,2002,11.925962487660415,12081.0,1013
330902,2003,13.862783810463968,14043.0,1013
330902,2004,14.49457058242843,14683.0,1013
330902,2005,16.377097729516287,16590.0,1013
330902,2006,18.14412635735439,18380.0,1013
330902,2007,19.23395853899309,19484.0,1013
330902,2008,19.9822309970385,20242.0,1013
330902,2009,17.013820335636723,17235.0,1013
330902,2010,25.469891411648568,25801.0,1013
330902,2011,26.913129318854885,27263.0,1013
330902,2012,27.690029615004935,28050.0,1013
330902,2013,29.681145113524185,30067.0,1013
330902,2014,30.402764067127343,30798.0,1013
330902,2015,30.384995064165842,30780.0,1013
330902,2016,30.079960513326753,30471.0,1013
330902,2017,34.192497532082925,34637.0,1013
330902,2018,35.262586377097726,35721.0,1013
330902,2019,41.6436327739388,42185.0,1013
330902,2020,25.23593287265548,25564.0,1013
330903,2000,6.048571428571429,6351.0,1050
330903,2001,6.698095238095238,7033.0,1050
330903,2002,8.238095238095237,8650.0,1050
330903,2003,9.208571428571428,9669.0,1050
330903,2004,10.925714285714285,11472.0,1050
330903,2005,11.01047619047619,11561.0,1050
330903,2006,11.086666666666666,11641.0,1050
330903,2007,12.111428571428572,12717.0,1050
330903,2008,12.115238095238094,12721.0,1050
330903,2009,12.003809523809524,12604.0,1050
330903,2010,14.655238095238095,15388.0,1050
330903,2011,16.751428571428573,17589.0,1050
330903,2012,16.525714285714287,17352.0,1050
330903,2013,17.283809523809524,18148.0,1050
330903,2014,16.86190476190476,17705.0,1050
330903,2015,17.76952380952381,18658.0,1050
330903,2016,17.35333333333333,18221.0,1050
330903,2017,21.963809523809523,23062.0,1050
330903,2018,22.663809523809523,23797.0,1050
330903,2019,25.826666666666668,27118.0,1050
330903,2020,12.519047619047619,13145.0,1050
330921,2000,2.88860103626943,2230.0,772
330921,2001,2.8186528497409324,2176.0,772
330921,2002,3.7914507772020727,2927.0,772
330921,2003,3.783678756476684,2921.0,772
330921,2004,4.581606217616581,3537.0,772
330921,2005,5.006476683937824,3865.0,772
330921,2006,6.339378238341969,4894.0,772
330921,2007,7.510362694300518,5798.0,772
330921,2008,8.844559585492227,6828.0,772
330921,2009,8.244818652849741,6365.0,772
330921,2010,10.761658031088082,8308.0,772
330921,2011,12.841968911917098,9914.0,772
330921,2012,11.933937823834198,9213.0,772
330921,2013,12.040155440414507,9295.0,772
330921,2014,9.441709844559586,7289.0,772
330921,2015,10.284974093264248,7940.0,772
330921,2016,10.967616580310882,8467.0,772
330921,2017,16.830310880829014,12993.0,772
330921,2018,16.762953367875646,12941.0,772
330921,2019,22.019430051813472,16999.0,772
330921,2020,6.900259067357513,5327.0,772
330922,2000,1.9304932735426008,861.0,446
330922,2001,2.286995515695067,1020.0,446
330922,2002,4.060538116591928,1811.0,446
330922,2003,7.2847533632287,3249.0,446
330922,2004,10.15695067264574,4530.0,446
330922,2005,11.163677130044842,4979.0,446
330922,2006,15.641255605381167,6976.0,446
330922,2007,17.506726457399104,7808.0,446
330922,2008,16.17713004484305,7215.0,446
330922,2009,15.376681614349776,6858.0,446
330922,2010,16.23766816143498,7242.0,446
330922,2011,18.793721973094172,8382.0,446
330922,2012,16.742152466367713,7467.0,446
330922,2013,18.47982062780269,8242.0,446
330922,2014,19.385650224215247,8646.0,446
330922,2015,19.2152466367713,8570.0,446
330922,2016,18.84304932735426,8404.0,446
330922,2017,22.573991031390136,10068.0,446
330922,2018,22.30493273542601,9948.0,446
330922,2019,23.233183856502244,10362.0,446
330922,2020,0.0,0.0,446
331002,2000,18.720408163265308,9173.0,490
331002,2001,20.451020408163266,10021.0,490
331002,2002,25.053061224489795,12276.0,490
331002,2003,26.57551020408163,13022.0,490
331002,2004,25.56530612244898,12527.0,490
331002,2005,25.06734693877551,12283.0,490
331002,2006,26.351020408163265,12912.0,490
331002,2007,28.308163265306124,13871.0,490
331002,2008,30.544897959183672,14967.0,490
331002,2009,27.287755102040816,13371.0,490
331002,2010,29.006122448979593,14213.0,490
331002,2011,33.371428571428574,16352.0,490
331002,2012,33.54081632653061,16435.0,490
331002,2013,34.18163265306122,16749.0,490
331002,2014,34.755102040816325,17030.0,490
331002,2015,35.65102040816326,17469.0,490
331002,2016,37.11224489795919,18185.0,490
331002,2017,41.265306122448976,20220.0,490
331002,2018,41.10612244897959,20142.0,490
331002,2019,44.07551020408163,21597.0,490
331002,2020,36.19795918367347,17737.0,490
331003,2000,6.162204724409449,7826.0,1270
331003,2001,6.962204724409449,8842.0,1270
331003,2002,9.055905511811023,11501.0,1270
331003,2003,9.307874015748032,11821.0,1270
331003,2004,9.418897637795276,11962.0,1270
331003,2005,8.848818897637795,11238.0,1270
331003,2006,10.254330708661417,13023.0,1270
331003,2007,10.462992125984252,13288.0,1270
331003,2008,10.358267716535433,13155.0,1270
331003,2009,10.451181102362204,13273.0,1270
331003,2010,11.766141732283465,14943.0,1270
331003,2011,12.074015748031496,15334.0,1270
331003,2012,12.130708661417323,15406.0,1270
331003,2013,12.818110236220473,16279.0,1270
331003,2014,11.915748031496063,15133.0,1270
331003,2015,11.940944881889763,15165.0,1270
331003,2016,12.046456692913386,15299.0,1270
331003,2017,14.661417322834646,18620.0,1270
331003,2018,14.007086614173229,17789.0,1270
331003,2019,15.737795275590551,19987.0,1270
331003,2020,16.756692913385827,21281.0,1270
331004,2000,15.916,7958.0,500
331004,2001,16.626,8313.0,500
331004,2002,20.952,10476.0,500
331004,2003,23.26,11630.0,500
331004,2004,23.738,11869.0,500
331004,2005,22.096,11048.0,500
331004,2006,24.682,12341.0,500
331004,2007,26.714,13357.0,500
331004,2008,27.906,13953.0,500
331004,2009,24.366,12183.0,500
331004,2010,27.61,13805.0,500
331004,2011,31.408,15704.0,500
331004,2012,31.516,15758.0,500
331004,2013,33.654,16827.0,500
331004,2014,34.874,17437.0,500
331004,2015,36.88,18440.0,500
331004,2016,37.526,18763.0,500
331004,2017,41.488,20744.0,500
331004,2018,41.966,20983.0,500
331004,2019,44.708,22354.0,500
331004,2020,35.638,17819.0,500
331022,2000,1.803433984606276,3046.0,1689
331022,2001,1.7625814091178211,2977.0,1689
331022,2002,2.9425695677915926,4970.0,1689
331022,2003,2.6814683244523385,4529.0,1689
331022,2004,3.719360568383659,6282.0,1689
331022,2005,3.9082297217288335,6601.0,1689
331022,2006,4.417998815867377,7462.0,1689
331022,2007,5.246299585553582,8861.0,1689
331022,2008,5.566015393724097,9401.0,1689
331022,2009,5.524570751924215,9331.0,1689
331022,2010,6.315571343990527,10667.0,1689
331022,2011,7.19360568383659,12150.0,1689
331022,2012,7.230313795145056,12212.0,1689
331022,2013,7.363528715216105,12437.0,1689
331022,2014,5.873889875666075,9921.0,1689
331022,2015,5.554766133806987,9382.0,1689
331022,2016,5.848431024274719,9878.0,1689
331022,2017,10.293072824156306,17385.0,1689
331022,2018,10.169330965068088,17176.0,1689
331022,2019,12.346358792184725,20853.0,1689
331022,2020,10.079928952042629,17025.0,1689
331023,2000,2.9655521783181356,5854.0,1974
331023,2001,3.1752786220871325,6268.0,1974
331023,2002,3.8617021276595747,7623.0,1974
331023,2003,3.896656534954407,7692.0,1974
331023,2004,4.428571428571429,8742.0,1974
331023,2005,4.492401215805471,8868.0,1974
331023,2006,4.546099290780142,8974.0,1974
331023,2007,5.005065856129686,9880.0,1974
331023,2008,5.071428571428571,10011.0,1974
331023,2009,4.3166160081053695,8521.0,1974
331023,2010,4.868794326241135,9611.0,1974
331023,2011,5.554711246200608,10965.0,1974
331023,2012,5.844478216818643,11537.0,1974
331023,2013,5.663120567375887,11179.0,1974
331023,2014,4.224417426545086,8339.0,1974
331023,2015,4.442249240121581,8769.0,1974
331023,2016,4.541033434650456,8964.0,1974
331023,2017,7.386524822695035,14581.0,1974
331023,2018,8.002532928064843,15797.0,1974
331023,2019,9.654508611955421,19058.0,1974
331023,2020,10.495440729483283,20718.0,1974
331024,2000,1.4040103973264018,3781.0,2693
331024,2001,1.5558856294095804,4190.0,2693
331024,2002,2.134793910137393,5749.0,2693
331024,2003,2.3535090976606017,6338.0,2693
331024,2004,2.6854808763460825,7232.0,2693
331024,2005,2.871147419235054,7732.0,2693
331024,2006,2.741552172298552,7383.0,2693
331024,2007,2.9361307092461937,7907.0,2693
331024,2008,2.86817675454883,7724.0,2693
331024,2009,2.4701076865948757,6652.0,2693
331024,2010,3.1711845525436315,8540.0,2693
331024,2011,3.605272929818047,9709.0,2693
331024,2012,3.838470107686595,10337.0,2693
331024,2013,4.019309320460453,10824.0,2693
331024,2014,2.7044188637207576,7283.0,2693
331024,2015,2.7033048644634237,7280.0,2693
331024,2016,2.5217229855180094,6791.0,2693
331024,2017,4.055699962866691,10922.0,2693
331024,2018,3.857036761975492,10387.0,2693
331024,2019,4.841440772372819,13038.0,2693
331024,2020,5.54697363535091,14938.0,2693
331081,2000,9.856962025316456,15574.0,1580
331081,2001,11.258227848101265,17788.0,1580
331081,2002,13.963291139240507,22062.0,1580
331081,2003,14.762658227848101,23325.0,1580
331081,2004,17.274050632911393,27293.0,1580
331081,2005,15.23860759493671,24077.0,1580
331081,2006,17.02341772151899,26897.0,1580
331081,2007,18.26518987341772,28859.0,1580
331081,2008,19.90253164556962,31446.0,1580
331081,2009,18.814556962025318,29727.0,1580
331081,2010,20.679113924050633,32673.0,1580
331081,2011,22.635443037974685,35764.0,1580
331081,2012,22.60632911392405,35718.0,1580
331081,2013,24.366455696202532,38499.0,1580
331081,2014,24.696202531645568,39020.0,1580
331081,2015,25.653164556962025,40532.0,1580
331081,2016,25.684177215189873,40581.0,1580
331081,2017,29.391772151898735,46439.0,1580
331081,2018,29.394936708860758,46444.0,1580
331081,2019,35.049367088607596,55378.0,1580
331081,2020,31.159493670886075,49232.0,1580
331082,2000,4.46508803885853,14708.0,3294
331082,2001,4.721918639951427,15554.0,3294
331082,2002,5.772616879174256,19015.0,3294
331082,2003,6.431086824529448,21184.0,3294
331082,2004,6.950212507589557,22894.0,3294
331082,2005,6.7119004250151795,22109.0,3294
331082,2006,7.407407407407407,24400.0,3294
331082,2007,8.249544626593806,27174.0,3294
331082,2008,8.782938676381299,28931.0,3294
331082,2009,8.533697632058288,28110.0,3294
331082,2010,8.805707346690953,29006.0,3294
331082,2011,9.656344869459623,31808.0,3294
331082,2012,10.367334547662416,34150.0,3294
331082,2013,10.94869459623558,36065.0,3294
331082,2014,8.69277474195507,28634.0,3294
331082,2015,9.352155434122647,30806.0,3294
331082,2016,9.312689738919246,30676.0,3294
331082,2017,13.595931997571341,44785.0,3294
331082,2018,14.02701882210079,46205.0,3294
331082,2019,15.785063752276868,51996.0,3294
331082,2020,15.678506375227686,51645.0,3294
331083,2000,8.633946830265849,8444.0,978
331083,2001,9.992842535787322,9773.0,978
331083,2002,11.552147239263803,11298.0,978
331083,2003,12.39161554192229,12119.0,978
331083,2004,13.975460122699387,13668.0,978
331083,2005,12.4560327198364,12182.0,978
331083,2006,14.149284253578733,13838.0,978
331083,2007,16.35071574642127,15991.0,978
331083,2008,17.998977505112475,17603.0,978
331083,2009,17.314928425357873,16934.0,978
331083,2010,18.834355828220858,18420.0,978
331083,2011,20.498977505112475,20048.0,978
331083,2012,20.469325153374232,20019.0,978
331083,2013,23.72597137014315,23204.0,978
331083,2014,23.78118609406953,23258.0,978
331083,2015,23.683026584867076,23162.0,978
331083,2016,23.975460122699385,23448.0,978
331083,2017,28.468302658486706,27842.0,978
331083,2018,27.766871165644172,27156.0,978
331083,2019,31.185071574642127,30499.0,978
331083,2020,24.51329243353783,23974.0,978
331102,2000,3.2731182795698923,6088.0,1860
331102,2001,3.9655913978494626,7376.0,1860
331102,2002,3.8344086021505377,7132.0,1860
331102,2003,4.538709677419355,8442.0,1860
331102,2004,4.934946236559139,9179.0,1860
331102,2005,5.905376344086021,10984.0,1860
331102,2006,6.16505376344086,11467.0,1860
331102,2007,6.405913978494624,11915.0,1860
331102,2008,7.694086021505377,14311.0,1860
331102,2009,6.474731182795699,12043.0,1860
331102,2010,7.409139784946237,13781.0,1860
331102,2011,8.090860215053764,15049.0,1860
331102,2012,8.97258064516129,16689.0,1860
331102,2013,8.724731182795699,16228.0,1860
331102,2014,8.074193548387097,15018.0,1860
331102,2015,8.248387096774193,15342.0,1860
331102,2016,8.631720430107526,16055.0,1860
331102,2017,10.575268817204302,19670.0,1860
331102,2018,10.628494623655914,19769.0,1860
331102,2019,12.570967741935483,23382.0,1860
331102,2020,12.764516129032257,23742.0,1860
331121,2000,1.2399289099526067,4186.0,3376
331121,2001,1.5891587677725119,5365.0,3376
331121,2002,1.731042654028436,5844.0,3376
331121,2003,2.2994668246445498,7763.0,3376
331121,2004,3.2893957345971563,11105.0,3376
331121,2005,2.4324644549763033,8212.0,3376
331121,2006,2.5373222748815167,8566.0,3376
331121,2007,3.099229857819905,10463.0,3376
331121,2008,3.3681872037914693,11371.0,3376
331121,2009,2.4570497630331753,8295.0,3376
331121,2010,2.946090047393365,9946.0,3376
331121,2011,3.396919431279621,11468.0,3376
331121,2012,3.7114928909952605,12530.0,3376
331121,2013,3.608708530805687,12183.0,3376
331121,2014,2.423281990521327,8181.0,3376
331121,2015,2.5550947867298577,8626.0,3376
331121,2016,2.268661137440758,7659.0,3376
331121,2017,3.691350710900474,12462.0,3376
331121,2018,3.4970379146919433,11806.0,3376
331121,2019,4.285545023696683,14468.0,3376
331121,2020,4.706457345971564,15889.0,3376
331122,2000,1.8722627737226278,4104.0,2192
331122,2001,2.2203467153284673,4867.0,2192
331122,2002,2.7020985401459856,5923.0,2192
331122,2003,2.9425182481751824,6450.0,2192
331122,2004,3.3508211678832116,7345.0,2192
331122,2005,2.7746350364963503,6082.0,2192
331122,2006,2.5574817518248176,5606.0,2192
331122,2007,3.2367700729927007,7095.0,2192
331122,2008,3.4101277372262775,7475.0,2192
331122,2009,3.258211678832117,7142.0,2192
331122,2010,3.5077554744525545,7689.0,2192
331122,2011,3.996806569343066,8761.0,2192
331122,2012,4.467153284671533,9792.0,2192
331122,2013,4.41514598540146,9678.0,2192
331122,2014,3.383211678832117,7416.0,2192
331122,2015,3.2317518248175183,7084.0,2192
331122,2016,2.8622262773722627,6274.0,2192
331122,2017,4.695255474452555,10292.0,2192
331122,2018,5.015054744525547,10993.0,2192
331122,2019,5.863138686131387,12852.0,2192
331122,2020,6.579379562043796,14422.0,2192
331123,2000,0.4192126909518214,1427.0,3404
331123,2001,0.7056404230317274,2402.0,3404
331123,2002,0.6944770857814336,2364.0,3404
331123,2003,0.8325499412455935,2834.0,3404
331123,2004,0.9853113983548766,3354.0,3404
331123,2005,0.9221504112808461,3139.0,3404
331123,2006,0.7693889541715628,2619.0,3404
331123,2007,1.122502937720329,3821.0,3404
331123,2008,1.1122209165687427,3786.0,3404
331123,2009,0.936545240893067,3188.0,3404
331123,2010,1.1618683901292597,3955.0,3404
331123,2011,1.3005287896592244,4427.0,3404
331123,2012,1.390716803760282,4734.0,3404
331123,2013,1.2975910693301997,4417.0,3404
331123,2014,0.9970622796709753,3394.0,3404
331123,2015,1.0522914218566393,3582.0,3404
331123,2016,1.1172150411280846,3803.0,3404
331123,2017,1.721797884841363,5861.0,3404
331123,2018,1.7270857814336076,5879.0,3404
331123,2019,1.8607520564042304,6334.0,3404
331123,2020,2.119858989424207,7216.0,3404
331124,2000,0.7424802110817942,1407.0,1895
331124,2001,1.0385224274406333,1968.0,1895
331124,2002,1.1736147757255937,2224.0,1895
331124,2003,1.7366754617414248,3291.0,1895
331124,2004,1.6612137203166226,3148.0,1895
331124,2005,1.6559366754617415,3138.0,1895
331124,2006,1.763060686015831,3341.0,1895
331124,2007,1.8485488126649077,3503.0,1895
331124,2008,2.15778364116095,4089.0,1895
331124,2009,2.2554089709762533,4274.0,1895
331124,2010,2.3139841688654355,4385.0,1895
331124,2011,2.56622691292876,4863.0,1895
331124,2012,2.862269129287599,5424.0,1895
331124,2013,3.137203166226913,5945.0,1895
331124,2014,2.1319261213720315,4040.0,1895
331124,2015,2.650131926121372,5022.0,1895
331124,2016,2.7319261213720316,5177.0,1895
331124,2017,3.741952506596306,7091.0,1895
331124,2018,3.8279683377308706,7254.0,1895
331124,2019,4.170448548812665,7903.0,1895
331124,2020,4.75778364116095,9016.0,1895
331125,2000,0.6425734710087371,809.0,1259
331125,2001,1.2025416997617155,1514.0,1259
331125,2002,1.7243844320889594,2171.0,1259
331125,2003,2.448768864177919,3083.0,1259
331125,2004,2.4066719618745034,3030.0,1259
331125,2005,2.483717235901509,3127.0,1259
331125,2006,2.551231135822081,3212.0,1259
331125,2007,2.669579030976966,3361.0,1259
331125,2008,2.7259729944400317,3432.0,1259
331125,2009,2.0468625893566323,2577.0,1259
331125,2010,2.4352660841938047,3066.0,1259
331125,2011,2.6409849086576647,3325.0,1259
331125,2012,3.01032565528197,3790.0,1259
331125,2013,2.885623510722796,3633.0,1259
331125,2014,1.8657664813343924,2349.0,1259
331125,2015,1.6735504368546466,2107.0,1259
331125,2016,1.710881652104845,2154.0,1259
331125,2017,3.556791104050834,4478.0,1259
331125,2018,3.2764098490865767,4125.0,1259
331125,2019,3.669579030976966,4620.0,1259
331125,2020,4.568705321683876,5752.0,1259
331126,2000,0.2381521306252489,598.0,2511
331126,2001,0.5252887295898049,1319.0,2511
331126,2002,0.4460374352847471,1120.0,2511
331126,2003,0.6041417761847869,1517.0,2511
331126,2004,0.6228594185583433,1564.0,2511
331126,2005,0.5830346475507766,1464.0,2511
331126,2006,0.5463958582238152,1372.0,2511
331126,2007,0.665073675826364,1670.0,2511
331126,2008,0.620868180007965,1559.0,2511
331126,2009,0.5583432895260853,1402.0,2511
331126,2010,0.8223815213062525,2065.0,2511
331126,2011,0.899641577060932,2259.0,2511
331126,2012,0.8486658701712465,2131.0,2511
331126,2013,0.9765033851055357,2452.0,2511
331126,2014,0.4440461967343688,1115.0,2511
331126,2015,0.4233373158104341,1063.0,2511
331126,2016,0.43130227001194743,1083.0,2511
331126,2017,1.0199123855037833,2561.0,2511
331126,2018,0.918757467144564,2307.0,2511
331126,2019,1.1581043409000398,2908.0,2511
331126,2020,1.5392273994424532,3865.0,2511
331127,2000,0.2692307692307692,735.0,2730
331127,2001,0.48424908424908425,1322.0,2730
331127,2002,0.2956043956043956,807.0,2730
331127,2003,0.31648351648351647,864.0,2730
331127,2004,0.5146520146520146,1405.0,2730
331127,2005,0.38461538461538464,1050.0,2730
331127,2006,0.367032967032967,1002.0,2730
331127,2007,0.4981684981684982,1360.0,2730
331127,2008,0.6285714285714286,1716.0,2730
331127,2009,0.6384615384615384,1743.0,2730
331127,2010,0.6274725274725275,1713.0,2730
331127,2011,0.7153846153846154,1953.0,2730
331127,2012,0.8435897435897436,2303.0,2730
331127,2013,0.9234432234432235,2521.0,2730
331127,2014,0.4824175824175824,1317.0,2730
331127,2015,0.567032967032967,1548.0,2730
331127,2016,0.4989010989010989,1362.0,2730
331127,2017,0.8670329670329671,2367.0,2730
331127,2018,0.8175824175824176,2232.0,2730
331127,2019,0.9274725274725275,2532.0,2730
331127,2020,1.2846153846153847,3507.0,2730
331181,2000,0.41889985895627646,1782.0,4254
331181,2001,0.685942642219088,2918.0,4254
331181,2002,0.7811471556182417,3323.0,4254
331181,2003,0.9713211095439587,4132.0,4254
331181,2004,0.9590973201692524,4080.0,4254
331181,2005,0.8857545839210155,3768.0,4254
331181,2006,0.6567936060178655,2794.0,4254
331181,2007,1.1577338975082276,4925.0,4254
331181,2008,1.0935590032910203,4652.0,4254
331181,2009,1.0286788904560413,4376.0,4254
331181,2010,1.2023977433004231,5115.0,4254
331181,2011,1.277150916784203,5433.0,4254
331181,2012,1.30841560883874,5566.0,4254
331181,2013,1.616361071932299,6876.0,4254
331181,2014,1.218147625763987,5182.0,4254
331181,2015,1.1335213916314058,4822.0,4254
331181,2016,1.1753643629525152,5000.0,4254
331181,2017,1.8664786083685942,7940.0,4254
331181,2018,1.7531734837799717,7458.0,4254
331181,2019,1.8566055477197931,7898.0,4254
331181,2020,2.0564174894217206,8748.0,4254
340102,2000,20.07509881422925,5079.0,253
340102,2001,20.205533596837945,5112.0,253
340102,2002,23.42292490118577,5926.0,253
340102,2003,26.276679841897234,6648.0,253
340102,2004,27.35177865612648,6920.0,253
340102,2005,30.57707509881423,7736.0,253
340102,2006,32.34387351778656,8183.0,253
340102,2007,36.48616600790514,9231.0,253
340102,2008,37.88537549407115,9585.0,253
340102,2009,33.5296442687747,8483.0,253
340102,2010,39.89328063241107,10093.0,253
340102,2011,47.18577075098814,11938.0,253
340102,2012,44.67193675889328,11302.0,253
340102,2013,52.466403162055336,13274.0,253
340102,2014,51.644268774703555,13066.0,253
340102,2015,52.32411067193676,13238.0,253
340102,2016,54.972332015810274,13908.0,253
340102,2017,55.723320158102766,14098.0,253
340102,2018,55.640316205533594,14077.0,253
340102,2019,57.92885375494071,14656.0,253
340102,2020,58.15415019762846,14713.0,253
340103,2000,32.86805555555556,4733.0,144
340103,2001,31.881944444444443,4591.0,144
340103,2002,34.53472222222222,4973.0,144
340103,2003,38.541666666666664,5550.0,144
340103,2004,36.40277777777778,5242.0,144
340103,2005,39.72222222222222,5720.0,144
340103,2006,42.125,6066.0,144
340103,2007,43.53472222222222,6269.0,144
340103,2008,44.1875,6363.0,144
340103,2009,38.97222222222222,5612.0,144
340103,2010,43.99305555555556,6335.0,144
340103,2011,45.708333333333336,6582.0,144
340103,2012,44.06944444444444,6346.0,144
340103,2013,48.65277777777778,7006.0,144
340103,2014,44.3125,6381.0,144
340103,2015,43.854166666666664,6315.0,144
340103,2016,43.86805555555556,6317.0,144
340103,2017,47.59722222222222,6854.0,144
340103,2018,48.861111111111114,7036.0,144
340103,2019,49.74305555555556,7163.0,144
340103,2020,50.9375,7335.0,144
340104,2000,12.236093943139679,9899.0,809
340104,2001,12.032138442521632,9734.0,809
340104,2002,15.352286773794809,12420.0,809
340104,2003,16.02966625463535,12968.0,809
340104,2004,16.705809641532756,13515.0,809
340104,2005,17.687268232385662,14309.0,809
340104,2006,17.987639060568604,14552.0,809
340104,2007,19.949320148331275,16139.0,809
340104,2008,20.84796044499382,16866.0,809
340104,2009,19.276885043263288,15595.0,809
340104,2010,24.07416563658838,19476.0,809
340104,2011,24.84672435105068,20101.0,809
340104,2012,24.892459826946848,20138.0,809
340104,2013,29.980222496909764,24254.0,809
340104,2014,28.762669962917183,23269.0,809
340104,2015,30.79975278121137,24917.0,809
340104,2016,31.31644004944376,25335.0,809
340104,2017,35.26081582200247,28526.0,809
340104,2018,36.156983930778736,29251.0,809
340104,2019,40.040791100123606,32393.0,809
340104,2020,40.99629171817058,33166.0,809
340111,2000,15.138424821002387,6343.0,419
340111,2001,14.58233890214797,6110.0,419
340111,2002,20.694510739856803,8671.0,419
340111,2003,20.634844868735083,8646.0,419
340111,2004,23.763723150357997,9957.0,419
340111,2005,23.75656324582339,9954.0,419
340111,2006,24.02386634844869,10066.0,419
340111,2007,29.00477326968974,12153.0,419
340111,2008,30.971360381861576,12977.0,419
340111,2009,30.832935560859188,12919.0,419
340111,2010,33.28400954653938,13946.0,419
340111,2011,39.463007159904535,16535.0,419
340111,2012,34.4964200477327,14454.0,419
340111,2013,42.011933174224346,17603.0,419
340111,2014,46.069212410501194,19303.0,419
340111,2015,46.295942720763726,19398.0,419
340111,2016,48.01670644391408,20119.0,419
340111,2017,50.066825775656326,20978.0,419
340111,2018,50.463007159904535,21144.0,419
340111,2019,52.25059665871122,21893.0,419
340111,2020,53.08114558472554,22241.0,419
340121,2000,2.483127572016461,6034.0,2430
340121,2001,2.6506172839506172,6441.0,2430
340121,2002,2.9851851851851854,7254.0,2430
340121,2003,3.7991769547325105,9232.0,2430
340121,2004,5.135390946502057,12479.0,2430
340121,2005,4.8502057613168725,11786.0,2430
340121,2006,5.169135802469135,12561.0,2430
340121,2007,6.783127572016461,16483.0,2430
340121,2008,7.381481481481481,17937.0,2430
340121,2009,6.082716049382716,14781.0,2430
340121,2010,8.063374485596707,19594.0,2430
340121,2011,9.114814814814816,22149.0,2430
340121,2012,9.051440329218106,21995.0,2430
340121,2013,11.190946502057614,27194.0,2430
340121,2014,8.516460905349794,20695.0,2430
340121,2015,8.041975308641975,19542.0,2430
340121,2016,8.01440329218107,19475.0,2430
340121,2017,11.962139917695474,29068.0,2430
340121,2018,13.279012345679012,32268.0,2430
340121,2019,15.171604938271605,36867.0,2430
340121,2020,16.974897119341563,41249.0,2430
340122,2000,2.7135610415962126,8024.0,2957
340122,2001,3.0923233006425432,9144.0,2957
340122,2002,3.8011498140006763,11240.0,2957
340122,2003,4.089956036523503,12094.0,2957
340122,2004,5.679404802164356,16794.0,2957
340122,2005,5.137639499492729,15192.0,2957
340122,2006,4.5951978356442345,13588.0,2957
340122,2007,6.357118701386541,18798.0,2957
340122,2008,6.722353736895502,19878.0,2957
340122,2009,5.605343253297261,16575.0,2957
340122,2010,7.032465336489685,20795.0,2957
340122,2011,8.525870815015217,25211.0,2957
340122,2012,6.912411227595536,20440.0,2957
340122,2013,9.347311464321947,27640.0,2957
340122,2014,7.966181941156577,23556.0,2957
340122,2015,7.119377747717281,21052.0,2957
340122,2016,7.743659113966858,22898.0,2957
340122,2017,11.297598917822118,33407.0,2957
340122,2018,11.154886709502875,32985.0,2957
340122,2019,14.373351369631383,42502.0,2957
340122,2020,16.091985120054108,47584.0,2957
340123,2000,3.162710401381096,7328.0,2317
340123,2001,3.2982304704359087,7642.0,2317
340123,2002,4.582649978420371,10618.0,2317
340123,2003,4.482088908070781,10385.0,2317
340123,2004,5.4656883901596895,12664.0,2317
340123,2005,5.63314630988347,13052.0,2317
340123,2006,4.949935261113509,11469.0,2317
340123,2007,6.613724643936124,15324.0,2317
340123,2008,7.709969788519637,17864.0,2317
340123,2009,6.012947777298231,13932.0,2317
340123,2010,8.38368580060423,19425.0,2317
340123,2011,10.036685369011654,23255.0,2317
340123,2012,8.403539059128184,19471.0,2317
340123,2013,10.701337936987484,24795.0,2317
340123,2014,7.987483815278377,18507.0,2317
340123,2015,8.714285714285714,20191.0,2317
340123,2016,8.940008631851532,20714.0,2317
340123,2017,15.351316357358654,35569.0,2317
340123,2018,15.424687095381959,35739.0,2317
340123,2019,17.43159257660768,40389.0,2317
340123,2020,18.285714285714285,42368.0,2317
340124,2000,3.146991869918699,9677.0,3075
340124,2001,3.484878048780488,10716.0,3075
340124,2002,3.6351219512195123,11178.0,3075
340124,2003,3.3317073170731706,10245.0,3075
340124,2004,3.9229268292682926,12063.0,3075
340124,2005,3.8295934959349593,11776.0,3075
340124,2006,2.395121951219512,7365.0,3075
340124,2007,3.8829268292682926,11940.0,3075
340124,2008,4.314471544715447,13267.0,3075
340124,2009,2.325528455284553,7151.0,3075
340124,2010,3.924552845528455,12068.0,3075
340124,2011,4.62959349593496,14236.0,3075
340124,2012,4.294634146341464,13206.0,3075
340124,2013,6.000975609756098,18453.0,3075
340124,2014,2.734308943089431,8408.0,3075
340124,2015,3.203252032520325,9850.0,3075
340124,2016,3.905691056910569,12010.0,3075
340124,2017,7.819186991869919,24044.0,3075
340124,2018,7.819512195121951,24045.0,3075
340124,2019,9.903414634146342,30453.0,3075
340124,2020,10.35349593495935,31837.0,3075
340181,2000,3.1851720468251155,8979.0,2819
340181,2001,3.3355799929052856,9403.0,2819
340181,2002,4.120255409719759,11615.0,2819
340181,2003,4.194395175594182,11824.0,2819
340181,2004,4.858460446967009,13696.0,2819
340181,2005,4.6332032635686415,13061.0,2819
340181,2006,3.7956722241929763,10700.0,2819
340181,2007,5.65235899255055,15934.0,2819
340181,2008,5.877261440227031,16568.0,2819
340181,2009,4.113515431003902,11596.0,2819
340181,2010,6.0716566158212135,17116.0,2819
340181,2011,6.788222774033345,19136.0,2819
340181,2012,5.268889677190493,14853.0,2819
340181,2013,6.631784320681093,18695.0,2819
340181,2014,4.738914508691026,13359.0,2819
340181,2015,4.868038311457964,13723.0,2819
340181,2016,5.067399787158567,14285.0,2819
340181,2017,8.32245477119546,23461.0,2819
340181,2018,8.582121319616885,24193.0,2819
340181,2019,10.472153245831855,29521.0,2819
340181,2020,11.412202908832919,32171.0,2819
340202,2000,19.735294117647058,2013.0,102
340202,2001,20.205882352941178,2061.0,102
340202,2002,21.54901960784314,2198.0,102
340202,2003,21.41176470588235,2184.0,102
340202,2004,21.735294117647058,2217.0,102
340202,2005,21.49019607843137,2192.0,102
340202,2006,21.49019607843137,2192.0,102
340202,2007,22.735294117647058,2319.0,102
340202,2008,23.58823529411765,2406.0,102
340202,2009,21.392156862745097,2182.0,102
340202,2010,24.362745098039216,2485.0,102
340202,2011,26.80392156862745,2734.0,102
340202,2012,25.735294117647058,2625.0,102
340202,2013,27.264705882352942,2781.0,102
340202,2014,27.352941176470587,2790.0,102
340202,2015,27.892156862745097,2845.0,102
340202,2016,27.745098039215687,2830.0,102
340202,2017,30.65686274509804,3127.0,102
340202,2018,34.71568627450981,3541.0,102
340202,2019,36.11764705882353,3684.0,102
340202,2020,36.77450980392157,3751.0,102
340207,2000,10.18241347053321,10885.0,1069
340207,2001,10.157156220767073,10858.0,1069
340207,2002,11.496725912067353,12290.0,1069
340207,2003,12.627689429373246,13499.0,1069
340207,2004,13.502338634237605,14434.0,1069
340207,2005,14.028063610851262,14996.0,1069
340207,2006,14.062675397567821,15033.0,1069
340207,2007,15.369504209541628,16430.0,1069
340207,2008,17.452759588400376,18657.0,1069
340207,2009,14.857811038353601,15883.0,1069
340207,2010,20.911131898971,22354.0,1069
340207,2011,23.052385406922358,24643.0,1069
340207,2012,22.404115996258184,23950.0,1069
340207,2013,25.768942937324603,27547.0,1069
340207,2014,23.73152478952292,25369.0,1069
340207,2015,24.24134705332086,25914.0,1069
340207,2016,24.12067352666043,25785.0,1069
340207,2017,27.57530402245089,29478.0,1069
340207,2018,27.605238540692234,29510.0,1069
340207,2019,29.502338634237606,31538.0,1069
340207,2020,30.949485500467727,33085.0,1069
340209,2000,6.551136363636363,4612.0,704
340209,2001,7.329545454545454,5160.0,704
340209,2002,9.025568181818182,6354.0,704
340209,2003,9.463068181818182,6662.0,704
340209,2004,12.813920454545455,9021.0,704
340209,2005,11.569602272727273,8145.0,704
340209,2006,12.552556818181818,8837.0,704
340209,2007,14.911931818181818,10498.0,704
340209,2008,18.458806818181817,12995.0,704
340209,2009,16.542613636363637,11646.0,704
340209,2010,22.438920454545453,15797.0,704
340209,2011,25.48153409090909,17939.0,704
340209,2012,25.014204545454547,17610.0,704
340209,2013,27.448863636363637,19324.0,704
340209,2014,27.728693181818183,19521.0,704
340209,2015,28.43465909090909,20018.0,704
340209,2016,29.319602272727273,20641.0,704
340209,2017,32.92755681818182,23181.0,704
340209,2018,33.99289772727273,23931.0,704
340209,2019,36.94318181818182,26008.0,704
340209,2020,36.90767045454545,25983.0,704
340210,2000,4.163814180929095,3406.0,818
340210,2001,3.7163814180929093,3040.0,818
340210,2002,3.793398533007335,3103.0,818
340210,2003,3.2762836185819073,2680.0,818
340210,2004,5.018337408312958,4105.0,818
340210,2005,4.898533007334963,4007.0,818
340210,2006,5.658924205378973,4629.0,818
340210,2007,7.685819070904645,6287.0,818
340210,2008,8.82640586797066,7220.0,818
340210,2009,7.638141809290953,6248.0,818
340210,2010,10.465770171149144,8561.0,818
340210,2011,12.407090464547677,10149.0,818
340210,2012,12.17114914425428,9956.0,818
340210,2013,14.136919315403423,11564.0,818
340210,2014,11.440097799511003,9358.0,818
340210,2015,12.006112469437653,9821.0,818
340210,2016,10.555012224938876,8634.0,818
340210,2017,17.058679706601467,13954.0,818
340210,2018,17.514669926650367,14327.0,818
340210,2019,20.272616136919314,16583.0,818
340210,2020,21.493887530562347,17582.0,818
340211,2000,4.307591623036649,3291.0,764
340211,2001,3.946335078534031,3015.0,764
340211,2002,5.05890052356021,3865.0,764
340211,2003,6.303664921465969,4816.0,764
340211,2004,8.536649214659686,6522.0,764
340211,2005,8.090314136125654,6181.0,764
340211,2006,9.086387434554974,6942.0,764
340211,2007,11.227748691099476,8578.0,764
340211,2008,12.548429319371728,9587.0,764
340211,2009,9.589005235602095,7326.0,764
340211,2010,13.820680628272251,10559.0,764
340211,2011,16.06544502617801,12274.0,764
340211,2012,15.929319371727749,12170.0,764
340211,2013,16.19764397905759,12375.0,764
340211,2014,14.763089005235603,11279.0,764
340211,2015,14.909685863874346,11391.0,764
340211,2016,15.299738219895287,11689.0,764
340211,2017,18.98821989528796,14507.0,764
340211,2018,18.884816753926703,14428.0,764
340211,2019,20.612565445026178,15748.0,764
340211,2020,21.31806282722513,16287.0,764
340223,2000,1.5922155688622754,2659.0,1670
340223,2001,2.0850299401197603,3482.0,1670
340223,2002,2.3437125748502994,3914.0,1670
340223,2003,2.392814371257485,3996.0,1670
340223,2004,3.1838323353293414,5317.0,1670
340223,2005,3.2149700598802395,5369.0,1670
340223,2006,2.612574850299401,4363.0,1670
340223,2007,3.218562874251497,5375.0,1670
340223,2008,4.131736526946108,6900.0,1670
340223,2009,3.1820359281437125,5314.0,1670
340223,2010,4.975449101796407,8309.0,1670
340223,2011,5.812574850299401,9707.0,1670
340223,2012,5.705389221556886,9528.0,1670
340223,2013,6.7604790419161676,11290.0,1670
340223,2014,4.764670658682634,7957.0,1670
340223,2015,5.038323353293413,8414.0,1670
340223,2016,6.297604790419162,10517.0,1670
340223,2017,10.305988023952096,17211.0,1670
340223,2018,10.135329341317366,16926.0,1670
340223,2019,11.614371257485029,19396.0,1670
340223,2020,11.489820359281437,19188.0,1670
340281,2000,2.593536804308797,7223.0,2785
340281,2001,2.8021543985637343,7804.0,2785
340281,2002,3.2420107719928186,9029.0,2785
340281,2003,3.319569120287253,9245.0,2785
340281,2004,3.86427289048474,10762.0,2785
340281,2005,3.7673249551166967,10492.0,2785
340281,2006,2.8473967684021546,7930.0,2785
340281,2007,4.877199281867146,13583.0,2785
340281,2008,4.8940754039497305,13630.0,2785
340281,2009,2.845601436265709,7925.0,2785
340281,2010,5.659964093357271,15763.0,2785
340281,2011,5.662836624775584,15771.0,2785
340281,2012,4.715260323159785,13132.0,2785
340281,2013,6.2754039497307,17477.0,2785
340281,2014,3.703411131059246,10314.0,2785
340281,2015,4.409694793536804,12281.0,2785
340281,2016,3.9680430879712745,11051.0,2785
340281,2017,7.456373429084381,20766.0,2785
340281,2018,8.04524236983842,22406.0,2785
340281,2019,9.733931777378816,27109.0,2785
340281,2020,10.862118491921006,30251.0,2785
340302,2000,11.521212121212121,1901.0,165
340302,2001,11.212121212121213,1850.0,165
340302,2002,13.066666666666666,2156.0,165
340302,2003,15.915151515151516,2626.0,165
340302,2004,18.654545454545456,3078.0,165
340302,2005,17.96969696969697,2965.0,165
340302,2006,18.684848484848484,3083.0,165
340302,2007,21.363636363636363,3525.0,165
340302,2008,21.842424242424244,3604.0,165
340302,2009,23.315151515151516,3847.0,165
340302,2010,26.612121212121213,4391.0,165
340302,2011,32.8969696969697,5428.0,165
340302,2012,30.03030303030303,4955.0,165
340302,2013,34.04242424242424,5617.0,165
340302,2014,35.21212121212121,5810.0,165
340302,2015,40.2060606060606,6634.0,165
340302,2016,42.24848484848485,6971.0,165
340302,2017,45.38787878787879,7489.0,165
340302,2018,48.93333333333333,8074.0,165
340302,2019,49.95757575757576,8243.0,165
340302,2020,50.5030303030303,8333.0,165
340303,2000,15.719298245614034,1792.0,114
340303,2001,14.368421052631579,1638.0,114
340303,2002,20.55263157894737,2343.0,114
340303,2003,21.29824561403509,2428.0,114
340303,2004,25.657894736842106,2925.0,114
340303,2005,21.42105263157895,2442.0,114
340303,2006,22.92105263157895,2613.0,114
340303,2007,24.473684210526315,2790.0,114
340303,2008,23.45614035087719,2674.0,114
340303,2009,26.12280701754386,2978.0,114
340303,2010,28.342105263157894,3231.0,114
340303,2011,33.85087719298246,3859.0,114
340303,2012,28.93859649122807,3299.0,114
340303,2013,35.94736842105263,4098.0,114
340303,2014,44.43859649122807,5066.0,114
340303,2015,48.5,5529.0,114
340303,2016,50.71052631578947,5781.0,114
340303,2017,50.824561403508774,5794.0,114
340303,2018,53.166666666666664,6061.0,114
340303,2019,53.03508771929825,6046.0,114
340303,2020,52.75438596491228,6014.0,114
340304,2000,11.209476309226932,4495.0,401
340304,2001,10.743142144638403,4308.0,401
340304,2002,14.182044887780549,5687.0,401
340304,2003,14.369077306733168,5762.0,401
340304,2004,15.708229426433915,6299.0,401
340304,2005,14.790523690773068,5931.0,401
340304,2006,15.733167082294264,6309.0,401
340304,2007,17.43640897755611,6992.0,401
340304,2008,16.59850374064838,6656.0,401
340304,2009,15.481296758104738,6208.0,401
340304,2010,19.478802992518702,7811.0,401
340304,2011,22.5785536159601,9054.0,401
340304,2012,23.438902743142144,9399.0,401
340304,2013,28.164588528678305,11294.0,401
340304,2014,27.623441396508728,11077.0,401
340304,2015,28.433915211970074,11402.0,401
340304,2016,29.22443890274314,11719.0,401
340304,2017,29.75062344139651,11930.0,401
340304,2018,30.428927680798004,12202.0,401
340304,2019,31.448877805486283,12611.0,401
340304,2020,31.418952618453865,12599.0,401
340311,2000,9.497098646034816,4910.0,517
340311,2001,9.479690522243713,4901.0,517
340311,2002,8.375241779497099,4330.0,517
340311,2003,11.147001934235977,5763.0,517
340311,2004,10.528046421663444,5443.0,517
340311,2005,11.58220502901354,5988.0,517
340311,2006,11.16247582205029,5771.0,517
340311,2007,13.328820116054159,6891.0,517
340311,2008,13.361702127659575,6908.0,517
340311,2009,11.063829787234043,5720.0,517
340311,2010,13.203094777562862,6826.0,517
340311,2011,15.30560928433269,7913.0,517
340311,2012,16.849129593810446,8711.0,517
340311,2013,19.081237911025145,9865.0,517
340311,2014,16.321083172147002,8438.0,517
340311,2015,17.328820116054157,8959.0,517
340311,2016,17.11605415860735,8849.0,517
340311,2017,21.562862669245646,11148.0,517
340311,2018,23.557059961315282,12179.0,517
340311,2019,26.152804642166345,13521.0,517
340311,2020,27.547388781431334,14242.0,517
340321,2000,2.0765886287625417,6209.0,2990
340321,2001,2.7986622073578595,8368.0,2990
340321,2002,3.2755852842809365,9794.0,2990
340321,2003,2.4438127090301003,7307.0,2990
340321,2004,3.4277591973244146,10249.0,2990
340321,2005,3.457190635451505,10337.0,2990
340321,2006,3.028428093645485,9055.0,2990
340321,2007,4.835451505016723,14458.0,2990
340321,2008,3.6561872909699,10932.0,2990
340321,2009,2.332441471571906,6974.0,2990
340321,2010,4.388963210702341,13123.0,2990
340321,2011,5.023076923076923,15019.0,2990
340321,2012,4.0946488294314385,12243.0,2990
340321,2013,5.237792642140469,15661.0,2990
340321,2014,2.9391304347826086,8788.0,2990
340321,2015,3.4240802675585282,10238.0,2990
340321,2016,3.4264214046822743,10245.0,2990
340321,2017,6.3705685618729095,19048.0,2990
340321,2018,6.547491638795987,19577.0,2990
340321,2019,7.6926421404682275,23001.0,2990
340321,2020,9.097658862876255,27202.0,2990
340322,2000,1.5654008438818565,2968.0,1896
340322,2001,1.844409282700422,3497.0,1896
340322,2002,1.4419831223628692,2734.0,1896
340322,2003,1.8987341772151898,3600.0,1896
340322,2004,2.2642405063291138,4293.0,1896
340322,2005,2.1139240506329116,4008.0,1896
340322,2006,1.7273206751054853,3275.0,1896
340322,2007,3.098101265822785,5874.0,1896
340322,2008,2.482594936708861,4707.0,1896
340322,2009,1.6824894514767932,3190.0,1896
340322,2010,3.1007383966244726,5879.0,1896
340322,2011,4.618670886075949,8757.0,1896
340322,2012,3.7668776371308015,7142.0,1896
340322,2013,4.1118143459915615,7796.0,1896
340322,2014,2.310126582278481,4380.0,1896
340322,2015,3.0195147679324896,5725.0,1896
340322,2016,2.4630801687763713,4670.0,1896
340322,2017,5.007911392405063,9495.0,1896
340322,2018,5.856540084388186,11104.0,1896
340322,2019,8.929852320675106,16931.0,1896
340322,2020,9.915084388185655,18799.0,1896
340323,2000,1.2646137787056368,2423.0,1916
340323,2001,1.4227557411273486,2726.0,1916
340323,2002,1.6920668058455115,3242.0,1916
340323,2003,1.4274530271398747,2735.0,1916
340323,2004,2.183194154488518,4183.0,1916
340323,2005,2.0824634655532357,3990.0,1916
340323,2006,1.9937369519832986,3820.0,1916
340323,2007,3.190501043841336,6113.0,1916
340323,2008,2.682672233820459,5140.0,1916
340323,2009,1.9681628392484343,3771.0,1916
340323,2010,2.701461377870564,5176.0,1916
340323,2011,3.7640918580375784,7212.0,1916
340323,2012,3.12839248434238,5994.0,1916
340323,2013,3.7667014613778704,7217.0,1916
340323,2014,2.640918580375783,5060.0,1916
340323,2015,2.2734864300626305,4356.0,1916
340323,2016,2.3251565762004174,4455.0,1916
340323,2017,5.361169102296451,10272.0,1916
340323,2018,5.838204592901879,11186.0,1916
340323,2019,7.930062630480167,15194.0,1916
340323,2020,9.377870563674321,17968.0,1916
340402,2000,5.3906633906633905,2194.0,407
340402,2001,5.535626535626536,2253.0,407
340402,2002,6.803439803439804,2769.0,407
340402,2003,6.884520884520884,2802.0,407
340402,2004,9.014742014742014,3669.0,407
340402,2005,8.513513513513514,3465.0,407
340402,2006,8.960687960687961,3647.0,407
340402,2007,10.243243243243244,4169.0,407
340402,2008,9.105651105651106,3706.0,407
340402,2009,8.992628992628992,3660.0,407
340402,2010,13.658476658476658,5559.0,407
340402,2011,15.638820638820638,6365.0,407
340402,2012,13.717444717444717,5583.0,407
340402,2013,16.488943488943487,6711.0,407
340402,2014,16.815724815724817,6844.0,407
340402,2015,17.95085995085995,7306.0,407
340402,2016,15.314496314496315,6233.0,407
340402,2017,19.0982800982801,7773.0,407
340402,2018,20.027027027027028,8151.0,407
340402,2019,21.137592137592137,8603.0,407
340402,2020,23.029484029484028,9373.0,407
340403,2000,14.117302052785924,4814.0,341
340403,2001,13.258064516129032,4521.0,341
340403,2002,16.80058651026393,5729.0,341
340403,2003,17.029325513196483,5807.0,341
340403,2004,19.771260997067447,6742.0,341
340403,2005,19.824046920821115,6760.0,341
340403,2006,21.319648093841643,7270.0,341
340403,2007,22.639296187683286,7720.0,341
340403,2008,23.076246334310852,7869.0,341
340403,2009,22.24926686217009,7587.0,341
340403,2010,27.80058651026393,9480.0,341
340403,2011,32.401759530791786,11049.0,341
340403,2012,29.316715542521994,9997.0,341
340403,2013,33.516129032258064,11429.0,341
340403,2014,31.565982404692082,10764.0,341
340403,2015,32.29618768328446,11013.0,341
340403,2016,33.360703812316714,11376.0,341
340403,2017,35.95894428152493,12262.0,341
340403,2018,36.74486803519061,12530.0,341
340403,2019,38.12023460410557,12999.0,341
340403,2020,38.44574780058651,13110.0,341
340404,2000,5.481586402266289,1935.0,353
340404,2001,4.81586402266289,1700.0,353
340404,2002,6.198300283286119,2188.0,353
340404,2003,6.580736543909349,2323.0,353
340404,2004,9.076487252124647,3204.0,353
340404,2005,8.161473087818697,2881.0,353
340404,2006,8.328611898016996,2940.0,353
340404,2007,9.637393767705383,3402.0,353
340404,2008,8.623229461756374,3044.0,353
340404,2009,8.124645892351275,2868.0,353
340404,2010,10.798866855524079,3812.0,353
340404,2011,11.776203966005665,4157.0,353
340404,2012,9.756373937677054,3444.0,353
340404,2013,13.835694050991501,4884.0,353
340404,2014,13.742209631728045,4851.0,353
340404,2015,12.909348441926346,4557.0,353
340404,2016,12.475920679886686,4404.0,353
340404,2017,15.38243626062323,5430.0,353
340404,2018,15.031161473087819,5306.0,353
340404,2019,16.943342776203966,5981.0,353
340404,2020,18.03399433427762,6366.0,353
340405,2000,20.16304347826087,1855.0,92
340405,2001,18.217391304347824,1676.0,92
340405,2002,22.054347826086957,2029.0,92
340405,2003,25.695652173913043,2364.0,92
340405,2004,25.619565217391305,2357.0,92
340405,2005,28.141304347826086,2589.0,92
340405,2006,31.641304347826086,2911.0,92
340405,2007,34.43478260869565,3168.0,92
340405,2008,31.17391304347826,2868.0,92
340405,2009,24.01086956521739,2209.0,92
340405,2010,34.72826086956522,3195.0,92
340405,2011,35.19565217391305,3238.0,92
340405,2012,33.55434782608695,3087.0,92
340405,2013,38.48913043478261,3541.0,92
340405,2014,31.01086956521739,2853.0,92
340405,2015,27.641304347826086,2543.0,92
340405,2016,26.304347826086957,2420.0,92
340405,2017,30.152173913043477,2774.0,92
340405,2018,29.52173913043478,2716.0,92
340405,2019,34.26086956521739,3152.0,92
340405,2020,35.18478260869565,3237.0,92
340406,2000,7.188722669735328,6247.0,869
340406,2001,6.8457997698504025,5949.0,869
340406,2002,6.434982738780207,5592.0,869
340406,2003,7.453394706559264,6477.0,869
340406,2004,8.324510932105868,7234.0,869
340406,2005,10.609896432681243,9220.0,869
340406,2006,12.164556962025317,10571.0,869
340406,2007,14.453394706559264,12560.0,869
340406,2008,14.447640966628308,12555.0,869
340406,2009,12.344073647871117,10727.0,869
340406,2010,15.446490218642117,13423.0,869
340406,2011,17.289988492520138,15025.0,869
340406,2012,18.035673187571923,15673.0,869
340406,2013,19.331415420023013,16799.0,869
340406,2014,16.531645569620252,14366.0,869
340406,2015,15.600690448791715,13557.0,869
340406,2016,12.83084004602992,11150.0,869
340406,2017,17.379746835443036,15103.0,869
340406,2018,17.79976985040276,15468.0,869
340406,2019,21.665132336018413,18827.0,869
340406,2020,22.27848101265823,19360.0,869
340421,2000,3.87611837577426,5632.0,1453
340421,2001,4.650378527185135,6757.0,1453
340421,2002,5.22367515485203,7590.0,1453
340421,2003,6.188575361321404,8992.0,1453
340421,2004,7.9132828630419825,11498.0,1453
340421,2005,8.026152787336546,11662.0,1453
340421,2006,10.445973847212663,15178.0,1453
340421,2007,12.155540261527873,17662.0,1453
340421,2008,10.880247763248452,15809.0,1453
340421,2009,9.59050240880936,13935.0,1453
340421,2010,11.335856847900894,16471.0,1453
340421,2011,12.333792154163799,17921.0,1453
340421,2012,12.29938059187887,17871.0,1453
340421,2013,13.772883688919476,20012.0,1453
340421,2014,10.472814865794907,15217.0,1453
340421,2015,10.0,14530.0,1453
340421,2016,7.244322092222987,10526.0,1453
340421,2017,12.484514796971782,18140.0,1453
340421,2018,12.775636613902272,18563.0,1453
340421,2019,14.130075705437028,20531.0,1453
340421,2020,15.163799036476256,22033.0,1453
340422,2000,0.8757930697901415,3589.0,4098
340422,2001,0.8616398243045388,3531.0,4098
340422,2002,0.9587603709126403,3929.0,4098
340422,2003,1.3140556368960468,5385.0,4098
340422,2004,2.0107369448511467,8240.0,4098
340422,2005,1.5131771595900438,6201.0,4098
340422,2006,0.9941434846266471,4074.0,4098
340422,2007,1.6898487066861885,6925.0,4098
340422,2008,1.9043435822352368,7804.0,4098
340422,2009,1.2650073206442167,5184.0,4098
340422,2010,1.7010736944851146,6971.0,4098
340422,2011,3.029526598340654,12415.0,4098
340422,2012,2.682528062469497,10993.0,4098
340422,2013,3.2454856027330403,13300.0,4098
340422,2014,1.972913616398243,8085.0,4098
340422,2015,1.8326012689116642,7510.0,4098
340422,2016,1.5453879941434847,6333.0,4098
340422,2017,3.668862859931674,15035.0,4098
340422,2018,3.945827232796486,16170.0,4098
340422,2019,5.0222059541239625,20581.0,4098
340422,2020,6.153733528550513,25218.0,4098
340503,2000,21.441295546558706,5296.0,247
340503,2001,23.133603238866396,5714.0,247
340503,2002,25.59919028340081,6323.0,247
340503,2003,27.62348178137652,6823.0,247
340503,2004,29.94736842105263,7397.0,247
340503,2005,32.10931174089069,7931.0,247
340503,2006,32.473684210526315,8021.0,247
340503,2007,35.020242914979754,8650.0,247
340503,2008,36.59514170040486,9039.0,247
340503,2009,28.02834008097166,6923.0,247
340503,2010,34.534412955465584,8530.0,247
340503,2011,38.88663967611336,9605.0,247
340503,2012,36.311740890688256,8969.0,247
340503,2013,41.08906882591093,10149.0,247
340503,2014,40.21862348178138,9934.0,247
340503,2015,39.582995951417004,9777.0,247
340503,2016,38.94736842105263,9620.0,247
340503,2017,40.32388663967611,9960.0,247
340503,2018,40.554655870445345,10017.0,247
340503,2019,42.53846153846154,10507.0,247
340503,2020,43.51417004048583,10748.0,247
340504,2000,17.801762114537446,4041.0,227
340504,2001,19.788546255506606,4492.0,227
340504,2002,26.97797356828194,6124.0,227
340504,2003,26.889867841409693,6104.0,227
340504,2004,33.841409691629956,7682.0,227
340504,2005,31.568281938325992,7166.0,227
340504,2006,32.07929515418502,7282.0,227
340504,2007,34.92070484581498,7927.0,227
340504,2008,35.48898678414097,8056.0,227
340504,2009,29.33920704845815,6660.0,227
340504,2010,37.29515418502203,8466.0,227
340504,2011,43.07929515418502,9779.0,227
340504,2012,37.5726872246696,8529.0,227
340504,2013,44.62114537444934,10129.0,227
340504,2014,48.440528634361236,10996.0,227
340504,2015,47.414096916299556,10763.0,227
340504,2016,46.93392070484582,10654.0,227
340504,2017,48.436123348017624,10995.0,227
340504,2018,48.180616740088105,10937.0,227
340504,2019,50.18942731277533,11393.0,227
340504,2020,50.713656387665196,11512.0,227
340506,2000,3.5889101338432123,1877.0,523
340506,2001,3.4225621414913956,1790.0,523
340506,2002,3.9063097514340344,2043.0,523
340506,2003,3.5124282982791586,1837.0,523
340506,2004,5.451242829827916,2851.0,523
340506,2005,5.508604206500956,2881.0,523
340506,2006,5.038240917782026,2635.0,523
340506,2007,6.915869980879541,3617.0,523
340506,2008,8.045889101338432,4208.0,523
340506,2009,6.208413001912046,3247.0,523
340506,2010,8.764818355640536,4584.0,523
340506,2011,9.862332695984703,5158.0,523
340506,2012,9.848948374760994,5151.0,523
340506,2013,11.711281070745699,6125.0,523
340506,2014,7.866156787762907,4114.0,523
340506,2015,7.424474187380497,3883.0,523
340506,2016,7.627151051625239,3989.0,523
340506,2017,13.019120458891013,6809.0,523
340506,2018,12.349904397705545,6459.0,523
340506,2019,14.598470363288719,7635.0,523
340506,2020,17.21032504780115,9001.0,523
340521,2000,4.352487736510161,6211.0,1427
340521,2001,3.8815697266993694,5539.0,1427
340521,2002,5.43447792571829,7755.0,1427
340521,2003,5.948843728100911,8489.0,1427
340521,2004,7.941836019621584,11333.0,1427
340521,2005,7.964260686755431,11365.0,1427
340521,2006,7.2088297126839525,10287.0,1427
340521,2007,8.986685353889278,12824.0,1427
340521,2008,10.63209530483532,15172.0,1427
340521,2009,8.663629992992291,12363.0,1427
340521,2010,12.817098808689558,18290.0,1427
340521,2011,14.93062368605466,21306.0,1427
340521,2012,15.130343377715487,21591.0,1427
340521,2013,17.71478626489138,25279.0,1427
340521,2014,13.469516468114927,19221.0,1427
340521,2015,13.831814996496146,19738.0,1427
340521,2016,13.91730903994394,19860.0,1427
340521,2017,18.35809390329362,26197.0,1427
340521,2018,18.1135248773651,25848.0,1427
340521,2019,19.57112824106517,27928.0,1427
340521,2020,20.46531184302733,29204.0,1427
340522,2000,2.8197633959638133,4052.0,1437
340522,2001,3.490605427974948,5016.0,1437
340522,2002,3.722338204592902,5349.0,1437
340522,2003,3.649965205288796,5245.0,1437
340522,2004,4.240779401530967,6094.0,1437
340522,2005,4.111343075852471,5908.0,1437
340522,2006,2.9603340292275573,4254.0,1437
340522,2007,5.275574112734864,7581.0,1437
340522,2008,6.0403618649965205,8680.0,1437
340522,2009,4.376478775226166,6289.0,1437
340522,2010,5.955462769659012,8558.0,1437
340522,2011,7.173973556019485,10309.0,1437
340522,2012,5.8865692414752955,8459.0,1437
340522,2013,7.926235212247739,11390.0,1437
340522,2014,4.679888656924147,6725.0,1437
340522,2015,5.245650661099513,7538.0,1437
340522,2016,5.307585247042449,7627.0,1437
340522,2017,9.827418232428672,14122.0,1437
340522,2018,9.57759220598469,13763.0,1437
340522,2019,11.136395267919276,16003.0,1437
340522,2020,12.423103688239388,17852.0,1437
340523,2000,4.284437434279705,8149.0,1902
340523,2001,3.8380651945320716,7300.0,1902
340523,2002,4.125657202944269,7847.0,1902
340523,2003,4.302839116719243,8184.0,1902
340523,2004,5.14248159831756,9781.0,1902
340523,2005,6.035751840168244,11480.0,1902
340523,2006,5.099894847528917,9700.0,1902
340523,2007,6.493690851735016,12351.0,1902
340523,2008,8.339642481598318,15862.0,1902
340523,2009,7.0262881177707674,13364.0,1902
340523,2010,9.782860147213459,18607.0,1902
340523,2011,10.45583596214511,19887.0,1902
340523,2012,10.171398527865405,19346.0,1902
340523,2013,12.621451104100947,24006.0,1902
340523,2014,9.375920084121978,17833.0,1902
340523,2015,9.961619348054679,18947.0,1902
340523,2016,9.759726603575183,18563.0,1902
340523,2017,14.15509989484753,26923.0,1902
340523,2018,14.085699263932703,26791.0,1902
340523,2019,15.656151419558359,29778.0,1902
340523,2020,16.47844374342797,31342.0,1902
340602,2000,8.818181818181818,2425.0,275
340602,2001,10.05090909090909,2764.0,275
340602,2002,11.26909090909091,3099.0,275
340602,2003,11.923636363636364,3279.0,275
340602,2004,15.396363636363636,4234.0,275
340602,2005,16.06909090909091,4419.0,275
340602,2006,17.425454545454546,4792.0,275
340602,2007,20.214545454545455,5559.0,275
340602,2008,16.938181818181818,4658.0,275
340602,2009,17.356363636363636,4773.0,275
340602,2010,17.33818181818182,4768.0,275
340602,2011,21.09090909090909,5800.0,275
340602,2012,19.73818181818182,5428.0,275
340602,2013,22.643636363636364,6227.0,275
340602,2014,18.62181818181818,5121.0,275
340602,2015,18.341818181818184,5044.0,275
340602,2016,18.26909090909091,5024.0,275
340602,2017,23.26181818181818,6397.0,275
340602,2018,23.643636363636364,6502.0,275
340602,2019,30.80727272727273,8472.0,275
340602,2020,35.28727272727273,9704.0,275
340603,2000,21.90173410404624,3789.0,173
340603,2001,23.329479768786126,4036.0,173
340603,2002,24.786127167630056,4288.0,173
340603,2003,26.90751445086705,4655.0,173
340603,2004,28.78034682080925,4979.0,173
340603,2005,31.930635838150287,5524.0,173
340603,2006,33.06936416184971,5721.0,173
340603,2007,33.6878612716763,5828.0,173
340603,2008,32.092485549132945,5552.0,173
340603,2009,30.826589595375722,5333.0,173
340603,2010,33.323699421965316,5765.0,173
340603,2011,35.809248554913296,6195.0,173
340603,2012,35.46820809248555,6136.0,173
340603,2013,37.91907514450867,6560.0,173
340603,2014,34.0635838150289,5893.0,173
340603,2015,33.421965317919074,5782.0,173
340603,2016,32.27745664739884,5584.0,173
340603,2017,35.23121387283237,6095.0,173
340603,2018,36.32947976878613,6285.0,173
340603,2019,39.58381502890173,6848.0,173
340603,2020,40.90173410404624,7076.0,173
340604,2000,6.290258449304175,3164.0,503
340604,2001,7.856858846918489,3952.0,503
340604,2002,8.550695825049702,4301.0,503
340604,2003,7.343936381709741,3694.0,503
340604,2004,10.534791252485089,5299.0,503
340604,2005,10.489065606361828,5276.0,503
340604,2006,11.423459244532804,5746.0,503
340604,2007,12.673956262425447,6375.0,503
340604,2008,10.85089463220676,5458.0,503
340604,2009,10.59840954274354,5331.0,503
340604,2010,11.433399602385686,5751.0,503
340604,2011,13.825049701789265,6954.0,503
340604,2012,13.77534791252485,6929.0,503
340604,2013,16.85089463220676,8476.0,503
340604,2014,16.86679920477137,8484.0,503
340604,2015,18.92047713717694,9517.0,503
340604,2016,17.840954274353876,8974.0,503
340604,2017,22.819085487077533,11478.0,503
340604,2018,23.47713717693837,11809.0,503
340604,2019,27.98807157057654,14078.0,503
340604,2020,32.90059642147117,16549.0,503
340621,2000,3.7247906807426285,10232.0,2747
340621,2001,3.470695303967965,9534.0,2747
340621,2002,4.282489989078996,11764.0,2747
340621,2003,4.0928285402257005,11243.0,2747
340621,2004,5.7560975609756095,15812.0,2747
340621,2005,6.544958136148526,17979.0,2747
340621,2006,6.599927193301784,18130.0,2747
340621,2007,8.545686203130687,23475.0,2747
340621,2008,7.764470331270477,21329.0,2747
340621,2009,6.5602475427739355,18021.0,2747
340621,2010,8.613396432471788,23661.0,2747
340621,2011,9.396432471787405,25812.0,2747
340621,2012,9.473971605387696,26025.0,2747
340621,2013,10.809246450673461,29693.0,2747
340621,2014,8.554423006916636,23499.0,2747
340621,2015,7.584637786676375,20835.0,2747
340621,2016,6.519839825263924,17910.0,2747
340621,2017,10.973061521659993,30143.0,2747
340621,2018,11.545686203130687,31716.0,2747
340621,2019,13.0367673825992,35812.0,2747
340621,2020,14.26538041499818,39187.0,2747
340705,2000,16.441176470588236,2236.0,136
340705,2001,19.404411764705884,2639.0,136
340705,2002,21.779411764705884,2962.0,136
340705,2003,23.360294117647058,3177.0,136
340705,2004,28.75,3910.0,136
340705,2005,30.198529411764707,4107.0,136
340705,2006,34.00735294117647,4625.0,136
340705,2007,34.99264705882353,4759.0,136
340705,2008,37.13235294117647,5050.0,136
340705,2009,28.91176470588235,3932.0,136
340705,2010,35.01470588235294,4762.0,136
340705,2011,41.52205882352941,5647.0,136
340705,2012,37.94117647058823,5160.0,136
340705,2013,43.60294117647059,5930.0,136
340705,2014,44.470588235294116,6048.0,136
340705,2015,44.404411764705884,6039.0,136
340705,2016,50.4485294117647,6861.0,136
340705,2017,52.919117647058826,7197.0,136
340705,2018,53.279411764705884,7246.0,136
340705,2019,55.345588235294116,7527.0,136
340705,2020,56.35294117647059,7664.0,136
340706,2000,4.454702329594478,5163.0,1159
340706,2001,4.756686798964624,5513.0,1159
340706,2002,5.026747195858499,5826.0,1159
340706,2003,5.030198446937015,5830.0,1159
340706,2004,6.155306298533218,7134.0,1159
340706,2005,6.539257981018119,7579.0,1159
340706,2006,6.877480586712683,7971.0,1159
340706,2007,7.619499568593615,8831.0,1159
340706,2008,7.866264020707506,9117.0,1159
340706,2009,6.254529767040553,7249.0,1159
340706,2010,9.724762726488352,11271.0,1159
340706,2011,10.729939603106127,12436.0,1159
340706,2012,10.103537532355478,11710.0,1159
340706,2013,12.011216566005176,13921.0,1159
340706,2014,10.459016393442623,12122.0,1159
340706,2015,10.741156169111303,12449.0,1159
340706,2016,10.28990509059534,11926.0,1159
340706,2017,14.28300258843831,16554.0,1159
340706,2018,13.38481449525453,15513.0,1159
340706,2019,15.735979292493528,18238.0,1159
340706,2020,17.122519413287318,19845.0,1159
340711,2000,5.005625879043601,3559.0,711
340711,2001,5.3164556962025316,3780.0,711
340711,2002,6.70323488045007,4766.0,711
340711,2003,6.888888888888889,4898.0,711
340711,2004,9.547116736990155,6788.0,711
340711,2005,9.424753867791843,6701.0,711
340711,2006,9.814345991561181,6978.0,711
340711,2007,10.029535864978904,7131.0,711
340711,2008,9.424753867791843,6701.0,711
340711,2009,7.648382559774965,5438.0,711
340711,2010,11.31082981715893,8042.0,711
340711,2011,11.573839662447257,8229.0,711
340711,2012,11.769338959212376,8368.0,711
340711,2013,12.936708860759493,9198.0,711
340711,2014,9.724331926863572,6914.0,711
340711,2015,9.137834036568213,6497.0,711
340711,2016,8.755274261603375,6225.0,711
340711,2017,11.673699015471167,8300.0,711
340711,2018,11.523206751054852,8193.0,711
340711,2019,13.225035161744023,9403.0,711
340711,2020,13.852320675105485,9849.0,711
340722,2000,1.0783251231527093,2189.0,2030
340722,2001,1.3862068965517242,2814.0,2030
340722,2002,1.9635467980295567,3986.0,2030
340722,2003,2.3423645320197046,4755.0,2030
340722,2004,2.1620689655172414,4389.0,2030
340722,2005,2.43448275862069,4942.0,2030
340722,2006,1.5527093596059114,3152.0,2030
340722,2007,3.247290640394089,6592.0,2030
340722,2008,3.5714285714285716,7250.0,2030
340722,2009,1.854679802955665,3765.0,2030
340722,2010,3.5330049261083745,7172.0,2030
340722,2011,3.72512315270936,7562.0,2030
340722,2012,3.42807881773399,6959.0,2030
340722,2013,3.660591133004926,7431.0,2030
340722,2014,0.5689655172413793,1155.0,2030
340722,2015,0.632512315270936,1284.0,2030
340722,2016,0.5714285714285714,1160.0,2030
340722,2017,1.5216748768472907,3089.0,2030
340722,2018,1.7980295566502462,3650.0,2030
340722,2019,3.323152709359606,6746.0,2030
340722,2020,4.1123152709359605,8348.0,2030
340802,2000,5.543933054393306,1325.0,239
340802,2001,5.682008368200837,1358.0,239
340802,2002,8.506276150627615,2033.0,239
340802,2003,9.493723849372385,2269.0,239
340802,2004,10.414225941422593,2489.0,239
340802,2005,10.602510460251047,2534.0,239
340802,2006,6.945606694560669,1660.0,239
340802,2007,9.05857740585774,2165.0,239
340802,2008,9.96234309623431,2381.0,239
340802,2009,8.682008368200837,2075.0,239
340802,2010,12.912133891213388,3086.0,239
340802,2011,16.192468619246863,3870.0,239
340802,2012,15.98326359832636,3820.0,239
340802,2013,22.02510460251046,5264.0,239
340802,2014,20.673640167364017,4941.0,239
340802,2015,21.648535564853557,5174.0,239
340802,2016,22.276150627615063,5324.0,239
340802,2017,25.803347280334727,6167.0,239
340802,2018,27.11297071129707,6480.0,239
340802,2019,35.52719665271967,8491.0,239
340802,2020,36.27615062761506,8670.0,239
340803,2000,10.318181818181818,3178.0,308
340803,2001,8.5487012987013,2633.0,308
340803,2002,11.49025974025974,3539.0,308
340803,2003,10.62012987012987,3271.0,308
340803,2004,10.853896103896103,3343.0,308
340803,2005,10.746753246753247,3310.0,308
340803,2006,8.597402597402597,2648.0,308
340803,2007,10.61038961038961,3268.0,308
340803,2008,10.03896103896104,3092.0,308
340803,2009,9.396103896103897,2894.0,308
340803,2010,12.659090909090908,3899.0,308
340803,2011,11.847402597402597,3649.0,308
340803,2012,12.824675324675324,3950.0,308
340803,2013,14.324675324675324,4412.0,308
340803,2014,12.662337662337663,3900.0,308
340803,2015,12.844155844155845,3956.0,308
340803,2016,12.772727272727273,3934.0,308
340803,2017,15.136363636363637,4662.0,308
340803,2018,16.113636363636363,4963.0,308
340803,2019,20.8474025974026,6421.0,308
340803,2020,25.07792207792208,7724.0,308
340811,2000,6.871186440677966,4054.0,590
340811,2001,7.793220338983051,4598.0,590
340811,2002,8.996610169491525,5308.0,590
340811,2003,11.086440677966102,6541.0,590
340811,2004,10.101694915254237,5960.0,590
340811,2005,11.501694915254237,6786.0,590
340811,2006,9.49322033898305,5601.0,590
340811,2007,11.693220338983052,6899.0,590
340811,2008,12.661016949152541,7470.0,590
340811,2009,9.313559322033898,5495.0,590
340811,2010,13.162711864406779,7766.0,590
340811,2011,14.686440677966102,8665.0,590
340811,2012,16.167796610169493,9539.0,590
340811,2013,17.269491525423728,10189.0,590
340811,2014,10.767796610169492,6353.0,590
340811,2015,11.45593220338983,6759.0,590
340811,2016,11.976271186440679,7066.0,590
340811,2017,16.316949152542374,9627.0,590
340811,2018,18.2,10738.0,590
340811,2019,20.708474576271186,12218.0,590
340811,2020,22.776271186440677,13438.0,590
340822,2000,3.2541033434650455,5353.0,1645
340822,2001,2.970820668693009,4887.0,1645
340822,2002,4.0249240121580545,6621.0,1645
340822,2003,4.356231003039514,7166.0,1645
340822,2004,5.0656534954407295,8333.0,1645
340822,2005,5.132522796352584,8443.0,1645
340822,2006,3.559270516717325,5855.0,1645
340822,2007,5.15015197568389,8472.0,1645
340822,2008,5.460790273556231,8983.0,1645
340822,2009,3.3525835866261398,5515.0,1645
340822,2010,5.332522796352584,8772.0,1645
340822,2011,6.018237082066869,9900.0,1645
340822,2012,6.262613981762918,10302.0,1645
340822,2013,7.1562310030395135,11772.0,1645
340822,2014,3.6066869300911852,5933.0,1645
340822,2015,3.534954407294833,5815.0,1645
340822,2016,3.451063829787234,5677.0,1645
340822,2017,6.044376899696049,9943.0,1645
340822,2018,6.990273556231003,11499.0,1645
340822,2019,9.226747720364742,15178.0,1645
340822,2020,11.13434650455927,18316.0,1645
340825,2000,1.0267338240991863,2650.0,2581
340825,2001,1.0240216970166602,2643.0,2581
340825,2002,0.8496706702828362,2193.0,2581
340825,2003,1.0891127469972879,2811.0,2581
340825,2004,1.2111584657109646,3126.0,2581
340825,2005,1.218907400232468,3146.0,2581
340825,2006,1.0786516853932584,2784.0,2581
340825,2007,1.4366524602867106,3708.0,2581
340825,2008,1.2216195273149941,3153.0,2581
340825,2009,0.5215032932971716,1346.0,2581
340825,2010,1.4238667183262301,3675.0,2581
340825,2011,1.6288260364199922,4204.0,2581
340825,2012,1.7686943045331267,4565.0,2581
340825,2013,2.2006974041069354,5680.0,2581
340825,2014,0.7380860131731887,1905.0,2581
340825,2015,0.8461836497481596,2184.0,2581
340825,2016,0.7931034482758621,2047.0,2581
340825,2017,1.5346764819837273,3961.0,2581
340825,2018,1.7191011235955056,4437.0,2581
340825,2019,2.3304920573421155,6015.0,2581
340825,2020,2.8616815187911664,7386.0,2581
340826,2000,0.7051691129546905,2210.0,3134
340826,2001,0.8190810465858328,2567.0,3134
340826,2002,0.7705807275047862,2415.0,3134
340826,2003,1.2393107849393745,3884.0,3134
340826,2004,1.3426930440331843,4208.0,3134
340826,2005,1.8688576898532228,5857.0,3134
340826,2006,1.3353541799617104,4185.0,3134
340826,2007,2.324505424377792,7285.0,3134
340826,2008,1.978940650925335,6202.0,3134
340826,2009,0.9926611359285259,3111.0,3134
340826,2010,1.880025526483727,5892.0,3134
340826,2011,1.9974473516273132,6260.0,3134
340826,2012,1.4901084875558392,4670.0,3134
340826,2013,1.828334396936822,5730.0,3134
340826,2014,0.5181876196553925,1624.0,3134
340826,2015,0.5765794511805998,1807.0,3134
340826,2016,0.6955966815571155,2180.0,3134
340826,2017,1.7409061901723037,5456.0,3134
340826,2018,2.0970006381620934,6572.0,3134
340826,2019,2.990427568602425,9372.0,3134
340826,2020,3.376196553924697,10581.0,3134
340827,2000,0.9022515101592532,1643.0,1821
340827,2001,0.9632070291048874,1754.0,1821
340827,2002,1.14277869302581,2081.0,1821
340827,2003,0.9928610653487095,1808.0,1821
340827,2004,1.4338275672707304,2611.0,1821
340827,2005,1.9203734211971444,3497.0,1821
340827,2006,0.900604063701263,1640.0,1821
340827,2007,2.8610653487095004,5210.0,1821
340827,2008,3.238879736408567,5898.0,1821
340827,2009,2.227896760021966,4057.0,1821
340827,2010,3.4629324546952223,6306.0,1821
340827,2011,3.4766611751784735,6331.0,1821
340827,2012,3.1691378363536518,5771.0,1821
340827,2013,3.5074135090609557,6387.0,1821
340827,2014,1.100494233937397,2004.0,1821
340827,2015,1.0587589236683141,1928.0,1821
340827,2016,1.013728720483251,1846.0,1821
340827,2017,2.471169686985173,4500.0,1821
340827,2018,2.946732564524986,5366.0,1821
340827,2019,4.322899505766062,7872.0,1821
340827,2020,5.8270181219110375,10611.0,1821
340828,2000,0.3325820991629105,1033.0,3106
340828,2001,0.3245331616226658,1008.0,3106
340828,2002,0.3032839665164198,942.0,3106
340828,2003,0.3792659368963297,1178.0,3106
340828,2004,0.5502253702511268,1709.0,3106
340828,2005,0.6191242755956213,1923.0,3106
340828,2006,1.004829362524147,3121.0,3106
340828,2007,1.262395363811977,3921.0,3106
340828,2008,1.0321957501609786,3206.0,3106
340828,2009,0.45202833226014166,1404.0,3106
340828,2010,0.8155183515775918,2533.0,3106
340828,2011,1.007405022537025,3129.0,3106
340828,2012,1.0524790727623954,3269.0,3106
340828,2013,1.522537025112685,4729.0,3106
340828,2014,0.4558918222794591,1416.0,3106
340828,2015,0.3573728267868641,1110.0,3106
340828,2016,0.40309079201545395,1252.0,3106
340828,2017,0.8271088216355441,2569.0,3106
340828,2018,0.8950418544752092,2780.0,3106
340828,2019,1.074050225370251,3336.0,3106
340828,2020,1.1838377334191887,3677.0,3106
340881,2000,2.264,4811.0,2125
340881,2001,2.3971764705882355,5094.0,2125
340881,2002,2.8338823529411763,6022.0,2125
340881,2003,2.7576470588235296,5860.0,2125
340881,2004,2.943058823529412,6254.0,2125
340881,2005,3.0974117647058823,6582.0,2125
340881,2006,2.4545882352941177,5216.0,2125
340881,2007,3.7016470588235295,7866.0,2125
340881,2008,3.992,8483.0,2125
340881,2009,2.8861176470588235,6133.0,2125
340881,2010,4.298823529411765,9135.0,2125
340881,2011,5.165176470588236,10976.0,2125
340881,2012,5.701176470588235,12115.0,2125
340881,2013,6.905882352941177,14675.0,2125
340881,2014,2.9576470588235293,6285.0,2125
340881,2015,2.8583529411764705,6074.0,2125
340881,2016,3.023529411764706,6425.0,2125
340881,2017,5.169411764705882,10985.0,2125
340881,2018,5.337411764705882,11342.0,2125
340881,2019,6.979764705882353,14832.0,2125
340881,2020,7.5218823529411765,15984.0,2125
340882,2000,1.0597014925373134,2556.0,2412
340882,2001,0.9734660033167496,2348.0,2412
340882,2002,1.1782752902155886,2842.0,2412
340882,2003,1.484660033167496,3581.0,2412
340882,2004,1.5717247097844114,3791.0,2412
340882,2005,1.8619402985074627,4491.0,2412
340882,2006,1.949419568822554,4702.0,2412
340882,2007,2.415422885572139,5826.0,2412
340882,2008,2.157545605306799,5204.0,2412
340882,2009,1.2433665008291874,2999.0,2412
340882,2010,2.5825041459369817,6229.0,2412
340882,2011,2.6318407960199006,6348.0,2412
340882,2012,2.9112769485903813,7022.0,2412
340882,2013,3.381011608623549,8155.0,2412
340882,2014,1.1127694859038142,2684.0,2412
340882,2015,1.1276948590381426,2720.0,2412
340882,2016,1.322139303482587,3189.0,2412
340882,2017,2.3665008291873963,5708.0,2412
340882,2018,2.609452736318408,6294.0,2412
340882,2019,2.9734660033167497,7172.0,2412
340882,2020,3.55016583747927,8563.0,2412
341002,2000,12.576530612244898,2465.0,196
341002,2001,17.642857142857142,3458.0,196
341002,2002,19.301020408163264,3783.0,196
341002,2003,21.647959183673468,4243.0,196
341002,2004,25.341836734693878,4967.0,196
341002,2005,29.132653061224488,5710.0,196
341002,2006,29.535714285714285,5789.0,196
341002,2007,32.31122448979592,6333.0,196
341002,2008,32.26020408163265,6323.0,196
341002,2009,27.071428571428573,5306.0,196
341002,2010,30.260204081632654,5931.0,196
341002,2011,34.265306122448976,6716.0,196
341002,2012,34.816326530612244,6824.0,196
341002,2013,38.857142857142854,7616.0,196
341002,2014,24.183673469387756,4740.0,196
341002,2015,25.163265306122447,4932.0,196
341002,2016,21.98469387755102,4309.0,196
341002,2017,28.663265306122447,5618.0,196
341002,2018,28.48469387755102,5583.0,196
341002,2019,33.045918367346935,6477.0,196
341002,2020,33.91326530612245,6647.0,196
341003,2000,0.44750114626318205,976.0,2181
341003,2001,0.8239339752407153,1797.0,2181
341003,2002,0.8950022925263641,1952.0,2181
341003,2003,1.1403026134800551,2487.0,2181
341003,2004,2.4034846400733607,5242.0,2181
341003,2005,2.4392480513525907,5320.0,2181
341003,2006,1.8615314076111875,4060.0,2181
341003,2007,2.5635029802842735,5591.0,2181
341003,2008,2.500229252636405,5453.0,2181
341003,2009,1.6414488766620816,3580.0,2181
341003,2010,2.2585969738651994,4926.0,2181
341003,2011,2.2040348464007335,4807.0,2181
341003,2012,1.9367262723521321,4224.0,2181
341003,2013,2.3507565337001375,5127.0,2181
341003,2014,0.312242090784044,681.0,2181
341003,2015,0.292067858780376,637.0,2181
341003,2016,0.33608436497019717,733.0,2181
341003,2017,0.8959193030719853,1954.0,2181
341003,2018,0.7941311325080238,1732.0,2181
341003,2019,0.8720770288858322,1902.0,2181
341003,2020,0.9431453461714809,2057.0,2181
341004,2000,1.2014652014652014,656.0,546
341004,2001,1.4395604395604396,786.0,546
341004,2002,1.934065934065934,1056.0,546
341004,2003,2.5366300366300365,1385.0,546
341004,2004,4.642857142857143,2535.0,546
341004,2005,4.858974358974359,2653.0,546
341004,2006,3.5842490842490844,1957.0,546
341004,2007,4.774725274725275,2607.0,546
341004,2008,4.619047619047619,2522.0,546
341004,2009,3.521978021978022,1923.0,546
341004,2010,4.972527472527473,2715.0,546
341004,2011,5.763736263736264,3147.0,546
341004,2012,7.327838827838828,4001.0,546
341004,2013,9.15018315018315,4996.0,546
341004,2014,1.4945054945054945,816.0,546
341004,2015,1.4725274725274726,804.0,546
341004,2016,1.2783882783882783,698.0,546
341004,2017,4.967032967032967,2712.0,546
341004,2018,4.754578754578755,2596.0,546
341004,2019,4.954212454212454,2705.0,546
341004,2020,4.485347985347985,2449.0,546
341021,2000,0.728021978021978,2120.0,2912
341021,2001,0.9261675824175825,2697.0,2912
341021,2002,1.435782967032967,4181.0,2912
341021,2003,1.6775412087912087,4885.0,2912
341021,2004,1.946771978021978,5669.0,2912
341021,2005,1.9677197802197801,5730.0,2912
341021,2006,1.5982142857142858,4654.0,2912
341021,2007,2.1253434065934065,6189.0,2912
341021,2008,2.206730769230769,6426.0,2912
341021,2009,1.799793956043956,5241.0,2912
341021,2010,2.2276785714285716,6487.0,2912
341021,2011,2.5309065934065935,7370.0,2912
341021,2012,2.4347527472527473,7090.0,2912
341021,2013,2.7472527472527473,8000.0,2912
341021,2014,0.7256181318681318,2113.0,2912
341021,2015,0.685782967032967,1997.0,2912
341021,2016,0.5896291208791209,1717.0,2912
341021,2017,1.5999313186813187,4659.0,2912
341021,2018,1.3097527472527473,3814.0,2912
341021,2019,1.3241758241758241,3856.0,2912
341021,2020,1.6311813186813187,4750.0,2912
341022,2000,0.4850958126330731,1367.0,2818
341022,2001,0.45351312987934705,1278.0,2818
341022,2002,0.7306600425833925,2059.0,2818
341022,2003,0.8307310149041873,2341.0,2818
341022,2004,1.304471256210078,3676.0,2818
341022,2005,1.5525195173882187,4375.0,2818
341022,2006,1.6731724627395317,4715.0,2818
341022,2007,2.1841731724627396,6155.0,2818
341022,2008,1.7075940383250532,4812.0,2818
341022,2009,1.5695528743789922,4423.0,2818
341022,2010,2.2569198012775016,6360.0,2818
341022,2011,2.045777146912704,5765.0,2818
341022,2012,2.1100070972320797,5946.0,2818
341022,2013,2.59652235628105,7317.0,2818
341022,2014,0.861958836053939,2429.0,2818
341022,2015,0.7824698367636622,2205.0,2818
341022,2016,0.6990773598296665,1970.0,2818
341022,2017,1.350958126330731,3807.0,2818
341022,2018,1.2902767920511,3636.0,2818
341022,2019,1.843151171043293,5194.0,2818
341022,2020,1.8236337828246985,5139.0,2818
341023,2000,0.1119724375538329,130.0,1161
341023,2001,0.26442721791559,307.0,1161
341023,2002,0.34194659776055125,397.0,1161
341023,2003,0.657192075796727,763.0,1161
341023,2004,0.9888027562446167,1148.0,1161
341023,2005,0.8070628768303187,937.0,1161
341023,2006,0.6037898363479759,701.0,1161
341023,2007,1.5710594315245479,1824.0,1161
341023,2008,1.5322997416020672,1779.0,1161
341023,2009,1.0103359173126616,1173.0,1161
341023,2010,1.558139534883721,1809.0,1161
341023,2011,1.6890611541774332,1961.0,1161
341023,2012,1.5934539190353143,1850.0,1161
341023,2013,2.0757967269595174,2410.0,1161
341023,2014,0.09646856158484066,112.0,1161
341023,2015,0.11972437553832903,139.0,1161
341023,2016,0.14556416881998277,169.0,1161
341023,2017,0.491817398794143,571.0,1161
341023,2018,0.5150732127476314,598.0,1161
341023,2019,0.9026701119724375,1048.0,1161
341023,2020,0.8389319552110249,974.0,1161
341024,2000,0.1556987788331072,459.0,2948
341024,2001,0.22896879240162823,675.0,2948
341024,2002,0.29274084124830396,863.0,2948
341024,2003,0.4386024423337856,1293.0,2948
341024,2004,0.3816146540027137,1125.0,2948
341024,2005,0.41451831750339213,1222.0,2948
341024,2006,0.27951153324287653,824.0,2948
341024,2007,0.5580054274084125,1645.0,2948
341024,2008,0.5440976933514247,1604.0,2948
341024,2009,0.37449118046132973,1104.0,2948
341024,2010,1.0189959294436906,3004.0,2948
341024,2011,0.9223202170963365,2719.0,2948
341024,2012,0.7262550881953868,2141.0,2948
341024,2013,0.8025780189959294,2366.0,2948
341024,2014,0.13772048846675713,406.0,2948
341024,2015,0.14348710990502037,423.0,2948
341024,2016,0.12788331071913162,377.0,2948
341024,2017,0.2791723202170963,823.0,2948
341024,2018,0.26526458616010856,782.0,2948
341024,2019,0.32632293080054275,962.0,2948
341024,2020,0.48100407055630934,1418.0,2948
341102,2000,12.738983050847457,3758.0,295
341102,2001,13.206779661016949,3896.0,295
341102,2002,15.945762711864408,4704.0,295
341102,2003,18.674576271186442,5509.0,295
341102,2004,17.73220338983051,5231.0,295
341102,2005,20.62372881355932,6084.0,295
341102,2006,22.674576271186442,6689.0,295
341102,2007,21.73220338983051,6411.0,295
341102,2008,23.64406779661017,6975.0,295
341102,2009,23.34237288135593,6886.0,295
341102,2010,27.74576271186441,8185.0,295
341102,2011,30.26779661016949,8929.0,295
341102,2012,29.83728813559322,8802.0,295
341102,2013,36.96949152542373,10906.0,295
341102,2014,32.21694915254237,9504.0,295
341102,2015,35.003389830508475,10326.0,295
341102,2016,34.86440677966102,10285.0,295
341102,2017,36.9593220338983,10903.0,295
341102,2018,37.64745762711864,11106.0,295
341102,2019,40.0,11800.0,295
341102,2020,40.657627118644065,11994.0,295
341103,2000,2.7652645861601086,4076.0,1474
341103,2001,2.5386702849389415,3742.0,1474
341103,2002,3.6139755766621438,5327.0,1474
341103,2003,3.775440976933514,5565.0,1474
341103,2004,4.239484396200814,6249.0,1474
341103,2005,4.3168249660786975,6363.0,1474
341103,2006,4.325644504748983,6376.0,1474
341103,2007,4.770691994572592,7032.0,1474
341103,2008,5.9728629579375845,8804.0,1474
341103,2009,6.217774762550882,9165.0,1474
341103,2010,7.629579375848032,11246.0,1474
341103,2011,9.346675712347354,13777.0,1474
341103,2012,8.752374491180461,12901.0,1474
341103,2013,11.101085481682496,16363.0,1474
341103,2014,9.333785617367706,13758.0,1474
341103,2015,9.30529172320217,13716.0,1474
341103,2016,9.836499321573948,14499.0,1474
341103,2017,12.753731343283581,18799.0,1474
341103,2018,13.223202170963365,19491.0,1474
341103,2019,15.496607869742197,22842.0,1474
341103,2020,16.280189959294436,23997.0,1474
341122,2000,3.12562358276644,6892.0,2205
341122,2001,2.326984126984127,5131.0,2205
341122,2002,2.365532879818594,5216.0,2205
341122,2003,3.1387755102040815,6921.0,2205
341122,2004,3.9891156462585036,8796.0,2205
341122,2005,4.498866213151928,9920.0,2205
341122,2006,3.8997732426303853,8599.0,2205
341122,2007,4.840816326530613,10674.0,2205
341122,2008,4.727437641723356,10424.0,2205
341122,2009,4.555555555555555,10045.0,2205
341122,2010,5.9800453514739225,13186.0,2205
341122,2011,7.688888888888889,16954.0,2205
341122,2012,6.956916099773243,15340.0,2205
341122,2013,9.370068027210884,20661.0,2205
341122,2014,6.204081632653061,13680.0,2205
341122,2015,6.3664399092970525,14038.0,2205
341122,2016,6.67936507936508,14728.0,2205
341122,2017,10.877097505668933,23984.0,2205
341122,2018,11.59954648526077,25577.0,2205
341122,2019,14.627210884353742,32253.0,2205
341122,2020,15.229024943310657,33580.0,2205
341124,2000,2.7136048526863084,6263.0,2308
341124,2001,2.5212305025996535,5819.0,2308
341124,2002,2.402946273830156,5546.0,2308
341124,2003,2.617850953206239,6042.0,2308
341124,2004,3.0732235701906414,7093.0,2308
341124,2005,3.231802426343154,7459.0,2308
341124,2006,2.8084922010398614,6482.0,2308
341124,2007,3.679376083188908,8492.0,2308
341124,2008,4.072790294627383,9400.0,2308
341124,2009,3.8760831889081455,8946.0,2308
341124,2010,5.101819757365685,11775.0,2308
341124,2011,6.68630849220104,15432.0,2308
341124,2012,5.679376083188908,13108.0,2308
341124,2013,7.215337954939342,16653.0,2308
341124,2014,4.998266897746967,11536.0,2308
341124,2015,4.999133448873484,11538.0,2308
341124,2016,5.4033795493934145,12471.0,2308
341124,2017,7.990467937608319,18442.0,2308
341124,2018,8.204072790294628,18935.0,2308
341124,2019,9.050693240901213,20889.0,2308
341124,2020,10.38214904679376,23962.0,2308
341125,2000,0.7676695319961796,3215.0,4188
341125,2001,0.8292741165234002,3473.0,4188
341125,2002,0.8784622731614136,3679.0,4188
341125,2003,1.2662368672397326,5303.0,4188
341125,2004,2.1599808978032473,9046.0,4188
341125,2005,1.6955587392550144,7101.0,4188
341125,2006,1.3244985673352436,5547.0,4188
341125,2007,2.5950334288443173,10868.0,4188
341125,2008,2.7655205348615093,11582.0,4188
341125,2009,1.5618433619866285,6541.0,4188
341125,2010,3.372015281757402,14122.0,4188
341125,2011,3.826647564469914,16026.0,4188
341125,2012,2.6657115568290353,11164.0,4188
341125,2013,3.8801337153772684,16250.0,4188
341125,2014,2.092645654250239,8764.0,4188
341125,2015,1.7645654250238778,7390.0,4188
341125,2016,1.5131327602674307,6337.0,4188
341125,2017,3.469914040114613,14532.0,4188
341125,2018,4.000477554918816,16754.0,4188
341125,2019,5.109360076408787,21398.0,4188
341125,2020,5.967048710601719,24990.0,4188
341126,2000,2.1512875536480687,6015.0,2796
341126,2001,2.2703862660944205,6348.0,2796
341126,2002,2.513233190271817,7027.0,2796
341126,2003,3.051502145922747,8532.0,2796
341126,2004,3.918097281831187,10955.0,2796
341126,2005,3.6051502145922747,10080.0,2796
341126,2006,2.745708154506438,7677.0,2796
341126,2007,4.3944921316165955,12287.0,2796
341126,2008,4.801859799713877,13426.0,2796
341126,2009,3.7496423462088697,10484.0,2796
341126,2010,5.722818311874106,16001.0,2796
341126,2011,6.984263233190272,19528.0,2796
341126,2012,5.5257510729613735,15450.0,2796
341126,2013,7.214592274678112,20172.0,2796
341126,2014,4.236409155937053,11845.0,2796
341126,2015,4.327968526466381,12101.0,2796
341126,2016,4.5400572246065805,12694.0,2796
341126,2017,7.978540772532189,22308.0,2796
341126,2018,8.413447782546495,23524.0,2796
341126,2019,9.76967095851216,27316.0,2796
341126,2020,10.055793991416309,28116.0,2796
341181,2000,4.635488837567359,12043.0,2598
341181,2001,4.277136258660508,11112.0,2598
341181,2002,4.455735180908391,11576.0,2598
341181,2003,4.941108545034642,12837.0,2598
341181,2004,5.887990762124711,15297.0,2598
341181,2005,5.404926866820631,14042.0,2598
341181,2006,5.436874518860662,14125.0,2598
341181,2007,6.869130100076982,17846.0,2598
341181,2008,5.814857582755966,15107.0,2598
341181,2009,6.189761354888375,16081.0,2598
341181,2010,7.255196304849885,18849.0,2598
341181,2011,8.287913779830639,21532.0,2598
341181,2012,7.92147806004619,20580.0,2598
341181,2013,9.978444957659738,25924.0,2598
341181,2014,4.879522709776752,12677.0,2598
341181,2015,4.698229407236336,12206.0,2598
341181,2016,4.137413394919169,10749.0,2598
341181,2017,8.516166281755197,22125.0,2598
341181,2018,8.683217859892224,22559.0,2598
341181,2019,10.524634334103157,27343.0,2598
341181,2020,11.260200153964588,29254.0,2598
341182,2000,1.0489690721649485,3663.0,3492
341182,2001,1.1151202749140894,3894.0,3492
341182,2002,1.088487972508591,3801.0,3492
341182,2003,1.6088201603665522,5618.0,3492
341182,2004,1.9132302405498283,6681.0,3492
341182,2005,1.8960481099656357,6621.0,3492
341182,2006,1.4023482245131729,4897.0,3492
341182,2007,2.1469072164948453,7497.0,3492
341182,2008,2.080183276059565,7264.0,3492
341182,2009,1.8006872852233677,6288.0,3492
341182,2010,2.986254295532646,10428.0,3492
341182,2011,3.832474226804124,13383.0,3492
341182,2012,2.6265750286368843,9172.0,3492
341182,2013,2.9647766323024056,10353.0,3492
341182,2014,1.9198167239404353,6704.0,3492
341182,2015,2.3868843069873997,8335.0,3492
341182,2016,2.663230240549828,9300.0,3492
341182,2017,4.514318442153494,15764.0,3492
341182,2018,5.150057273768614,17984.0,3492
341182,2019,6.242268041237113,21798.0,3492
341182,2020,6.718499427262314,23461.0,3492
341202,2000,6.921458625525947,4935.0,713
341202,2001,6.4081346423562415,4569.0,713
341202,2002,8.345021037868163,5950.0,713
341202,2003,9.126227208976157,6507.0,713
341202,2004,11.0,7843.0,713
341202,2005,10.025245441795231,7148.0,713
341202,2006,10.506311360448807,7491.0,713
341202,2007,11.791023842917252,8407.0,713
341202,2008,11.831697054698457,8436.0,713
341202,2009,12.287517531556801,8761.0,713
341202,2010,14.368863955119215,10245.0,713
341202,2011,17.423562412342218,12423.0,713
341202,2012,18.31837307152875,13061.0,713
341202,2013,21.15147265077139,15081.0,713
341202,2014,18.584852734922862,13251.0,713
341202,2015,23.67461430575035,16880.0,713
341202,2016,24.1781206171108,17239.0,713
341202,2017,28.817671809256662,20547.0,713
341202,2018,30.4109396914446,21683.0,713
341202,2019,33.02244039270687,23545.0,713
341202,2020,35.45582047685834,25280.0,713
341203,2000,2.405747126436782,2093.0,870
341203,2001,2.566666666666667,2233.0,870
341203,2002,3.7091954022988505,3227.0,870
341203,2003,4.089655172413793,3558.0,870
341203,2004,5.249425287356321,4567.0,870
341203,2005,5.063218390804598,4405.0,870
341203,2006,4.885057471264368,4250.0,870
341203,2007,6.980459770114942,6073.0,870
341203,2008,5.617241379310345,4887.0,870
341203,2009,5.5264367816091955,4808.0,870
341203,2010,5.785057471264368,5033.0,870
341203,2011,8.705747126436782,7574.0,870
341203,2012,7.906896551724138,6879.0,870
341203,2013,8.73103448275862,7596.0,870
341203,2014,6.031034482758621,5247.0,870
341203,2015,6.75632183908046,5878.0,870
341203,2016,6.1689655172413795,5367.0,870
341203,2017,12.702298850574712,11051.0,870
341203,2018,15.093103448275862,13131.0,870
341203,2019,19.5,16965.0,870
341203,2020,22.882758620689657,19908.0,870
341204,2000,6.452954048140044,5898.0,914
341204,2001,5.956236323851203,5444.0,914
341204,2002,6.87746170678337,6286.0,914
341204,2003,7.170678336980306,6554.0,914
341204,2004,7.3457330415754925,6714.0,914
341204,2005,9.130196936542669,8345.0,914
341204,2006,8.828227571115974,8069.0,914
341204,2007,10.047045951859957,9183.0,914
341204,2008,9.556892778993435,8735.0,914
341204,2009,8.080962800875273,7386.0,914
341204,2010,10.548140043763675,9641.0,914
341204,2011,12.405908096280088,11339.0,914
341204,2012,13.967177242888402,12766.0,914
341204,2013,14.905908096280088,13624.0,914
341204,2014,10.557986870897155,9650.0,914
341204,2015,11.026258205689278,10078.0,914
341204,2016,10.643326039387308,9728.0,914
341204,2017,16.102844638949673,14718.0,914
341204,2018,16.60831509846827,15180.0,914
341204,2019,18.74398249452954,17132.0,914
341204,2020,21.080962800875273,19268.0,914
341221,2000,2.2631779984721163,5925.0,2618
341221,2001,2.454927425515661,6427.0,2618
341221,2002,4.247135217723453,11119.0,2618
341221,2003,4.224216959511077,11059.0,2618
341221,2004,3.613827349121467,9461.0,2618
341221,2005,4.377005347593583,11459.0,2618
341221,2006,2.828113063407181,7404.0,2618
341221,2007,4.836516424751719,12662.0,2618
341221,2008,4.464858670741024,11689.0,2618
341221,2009,3.3762414056531704,8839.0,2618
341221,2010,4.374713521772345,11453.0,2618
341221,2011,5.884262796027502,15405.0,2618
341221,2012,5.628342245989304,14735.0,2618
341221,2013,6.291443850267379,16471.0,2618
341221,2014,2.3200916730328496,6074.0,2618
341221,2015,2.831932773109244,7414.0,2618
341221,2016,4.811306340718105,12596.0,2618
341221,2017,9.882734912146677,25873.0,2618
341221,2018,10.83651642475172,28370.0,2618
341221,2019,12.638655462184873,33088.0,2618
341221,2020,14.901069518716577,39011.0,2618
341222,2000,3.4542225730071032,8753.0,2534
341222,2001,2.9187056037884767,7396.0,2534
341222,2002,4.392659826361484,11131.0,2534
341222,2003,3.956590370955012,10026.0,2534
341222,2004,4.082872928176796,10346.0,2534
341222,2005,4.318863456985004,10944.0,2534
341222,2006,2.9909234411996843,7579.0,2534
341222,2007,5.310970797158642,13458.0,2534
341222,2008,4.765193370165746,12075.0,2534
341222,2009,4.166140489344909,10557.0,2534
341222,2010,4.850828729281768,12292.0,2534
341222,2011,6.668902920284136,16899.0,2534
341222,2012,6.707971586424625,16998.0,2534
341222,2013,6.798342541436464,17227.0,2534
341222,2014,3.387529597474349,8584.0,2534
341222,2015,4.417127071823204,11193.0,2534
341222,2016,4.619968429360695,11707.0,2534
341222,2017,9.472770323599052,24004.0,2534
341222,2018,11.41988950276243,28938.0,2534
341222,2019,13.412786108918706,33988.0,2534
341222,2020,14.084451460142068,35690.0,2534
341225,2000,1.4740381023533806,3946.0,2677
341225,2001,1.2629809488233097,3381.0,2677
341225,2002,3.286514755323123,8798.0,2677
341225,2003,3.233096750093388,8655.0,2677
341225,2004,3.4729174449010087,9297.0,2677
341225,2005,3.8647740007471048,10346.0,2677
341225,2006,2.5121404557340306,6725.0,2677
341225,2007,4.0295106462457975,10787.0,2677
341225,2008,3.4437803511393352,9219.0,2677
341225,2009,2.524467687710123,6758.0,2677
341225,2010,3.2936122525214793,8817.0,2677
341225,2011,4.964512514008218,13290.0,2677
341225,2012,4.39223010833022,11758.0,2677
341225,2013,4.515128875607023,12087.0,2677
341225,2014,2.352633545013074,6298.0,2677
341225,2015,3.3537542024654465,8978.0,2677
341225,2016,2.667538289129623,7141.0,2677
341225,2017,8.228987672768024,22029.0,2677
341225,2018,9.199477026522226,24627.0,2677
341225,2019,11.732536421367202,31408.0,2677
341225,2020,12.867388868135974,34446.0,2677
341226,2000,2.813565340909091,7923.0,2816
341226,2001,2.6697443181818183,7518.0,2816
341226,2002,3.8022017045454546,10707.0,2816
341226,2003,3.790127840909091,10673.0,2816
341226,2004,5.1484375,14498.0,2816
341226,2005,4.80078125,13519.0,2816
341226,2006,4.5656960227272725,12857.0,2816
341226,2007,6.330965909090909,17828.0,2816
341226,2008,5.884232954545454,16570.0,2816
341226,2009,5.861150568181818,16505.0,2816
341226,2010,6.431818181818182,18112.0,2816
341226,2011,7.620028409090909,21458.0,2816
341226,2012,7.502130681818182,21126.0,2816
341226,2013,8.221590909090908,23152.0,2816
341226,2014,4.4797585227272725,12615.0,2816
341226,2015,4.728693181818182,13316.0,2816
341226,2016,4.239346590909091,11938.0,2816
341226,2017,10.014914772727273,28202.0,2816
341226,2018,10.356534090909092,29164.0,2816
341226,2019,12.959161931818182,36493.0,2816
341226,2020,14.046875,39556.0,2816
341282,2000,4.563567362428842,4810.0,1054
341282,2001,4.478178368121442,4720.0,1054
341282,2002,5.463946869070209,5759.0,1054
341282,2003,5.092979127134725,5368.0,1054
341282,2004,5.239089184060721,5522.0,1054
341282,2005,5.582542694497154,5884.0,1054
341282,2006,5.162239089184061,5441.0,1054
341282,2007,7.092030360531309,7475.0,1054
341282,2008,6.997153700189753,7375.0,1054
341282,2009,6.308349146110057,6649.0,1054
341282,2010,6.301707779886148,6642.0,1054
341282,2011,9.100569259962048,9592.0,1054
341282,2012,9.335863377609108,9840.0,1054
341282,2013,10.452561669829223,11017.0,1054
341282,2014,7.050284629981024,7431.0,1054
341282,2015,8.12618595825427,8565.0,1054
341282,2016,7.852941176470588,8277.0,1054
341282,2017,14.680265654648956,15473.0,1054
341282,2018,15.740986717267551,16591.0,1054
341282,2019,17.92979127134725,18898.0,1054
341282,2020,19.20967741935484,20247.0,1054
341302,2000,2.9297232250300844,12173.0,4155
341302,2001,3.2690734055354995,13583.0,4155
341302,2002,3.8531889290012034,16010.0,4155
341302,2003,3.5925391095066184,14927.0,4155
341302,2004,4.824548736462094,20046.0,4155
341302,2005,5.103971119133574,21207.0,4155
341302,2006,5.411070998796631,22483.0,4155
341302,2007,6.560529482551143,27259.0,4155
341302,2008,6.22719614921781,25874.0,4155
341302,2009,5.202647412755716,21617.0,4155
341302,2010,7.202647412755716,29927.0,4155
341302,2011,8.437063778580024,35056.0,4155
341302,2012,8.469314079422382,35190.0,4155
341302,2013,11.136221419975932,46271.0,4155
341302,2014,9.066666666666666,37672.0,4155
341302,2015,8.944645006016847,37165.0,4155
341302,2016,7.957160048134777,33062.0,4155
341302,2017,11.114560770156437,46181.0,4155
341302,2018,10.880385078219014,45208.0,4155
341302,2019,14.42430806257521,59933.0,4155
341302,2020,16.00361010830325,66495.0,4155
341321,2000,3.748314606741573,6672.0,1780
341321,2001,2.4887640449438204,4430.0,1780
341321,2002,4.751685393258427,8458.0,1780
341321,2003,4.242696629213484,7552.0,1780
341321,2004,3.7775280898876407,6724.0,1780
341321,2005,4.178089887640449,7437.0,1780
341321,2006,2.6393258426966293,4698.0,1780
341321,2007,5.321348314606742,9472.0,1780
341321,2008,5.057303370786517,9002.0,1780
341321,2009,5.370786516853933,9560.0,1780
341321,2010,5.701685393258427,10149.0,1780
341321,2011,7.209550561797752,12833.0,1780
341321,2012,7.812921348314607,13907.0,1780
341321,2013,8.12247191011236,14458.0,1780
341321,2014,3.6157303370786518,6436.0,1780
341321,2015,3.50561797752809,6240.0,1780
341321,2016,3.588202247191011,6387.0,1780
341321,2017,8.395505617977529,14944.0,1780
341321,2018,9.273595505617978,16507.0,1780
341321,2019,11.175280898876405,19892.0,1780
341321,2020,11.889325842696628,21163.0,1780
341322,2000,4.4281650071123755,12452.0,2812
341322,2001,3.9011379800853483,10970.0,2812
341322,2002,5.323968705547653,14971.0,2812
341322,2003,4.810099573257468,13526.0,2812
341322,2004,5.798364153627311,16305.0,2812
341322,2005,5.876955903271693,16526.0,2812
341322,2006,5.428876244665719,15266.0,2812
341322,2007,6.932076813655761,19493.0,2812
341322,2008,6.467638691322902,18187.0,2812
341322,2009,5.717638691322902,16078.0,2812
341322,2010,7.42176386913229,20870.0,2812
341322,2011,8.145803698435277,22906.0,2812
341322,2012,8.83570412517781,24846.0,2812
341322,2013,9.849573257467995,27697.0,2812
341322,2014,5.657894736842105,15910.0,2812
341322,2015,4.266002844950213,11996.0,2812
341322,2016,3.708036984352774,10427.0,2812
341322,2017,9.145092460881935,25716.0,2812
341322,2018,9.743243243243244,27398.0,2812
341322,2019,12.505334281650072,35165.0,2812
341322,2020,13.350284495021338,37541.0,2812
341323,2000,1.1468009093861644,3531.0,3079
341323,2001,1.1104254628126016,3419.0,3079
341323,2002,1.4397531666125365,4433.0,3079
341323,2003,1.537836960051965,4735.0,3079
341323,2004,2.161091263397207,6654.0,3079
341323,2005,1.9733679766157843,6076.0,3079
341323,2006,2.064956154595648,6358.0,3079
341323,2007,2.655732380643066,8177.0,3079
341323,2008,2.1130237089964274,6506.0,3079
341323,2009,1.3419941539460865,4132.0,3079
341323,2010,3.174732055862293,9775.0,3079
341323,2011,4.115946735953232,12673.0,3079
341323,2012,4.220526144852225,12995.0,3079
341323,2013,4.968496265021111,15298.0,3079
341323,2014,2.1591425787593375,6648.0,3079
341323,2015,1.9301721338096784,5943.0,3079
341323,2016,1.6687236115621955,5138.0,3079
341323,2017,4.407275089314712,13570.0,3079
341323,2018,4.461838259175057,13738.0,3079
341323,2019,7.026632023384216,21635.0,3079
341323,2020,8.973692757388763,27630.0,3079
341324,2000,1.2557377049180327,3447.0,2745
341324,2001,1.1832422586520948,3248.0,2745
341324,2002,1.44408014571949,3964.0,2745
341324,2003,1.3344262295081968,3663.0,2745
341324,2004,2.3475409836065575,6444.0,2745
341324,2005,1.8972677595628415,5208.0,2745
341324,2006,1.984335154826958,5447.0,2745
341324,2007,3.2553734061930784,8936.0,2745
341324,2008,2.1923497267759564,6018.0,2745
341324,2009,1.6593806921675773,4555.0,2745
341324,2010,3.5785063752276867,9823.0,2745
341324,2011,4.378870673952641,12020.0,2745
341324,2012,3.7253187613843353,10226.0,2745
341324,2013,4.23752276867031,11632.0,2745
341324,2014,1.4295081967213115,3924.0,2745
341324,2015,1.534790528233151,4213.0,2745
341324,2016,1.4269581056466303,3917.0,2745
341324,2017,4.8553734061930784,13328.0,2745
341324,2018,5.6145719489981785,15412.0,2745
341324,2019,9.987978142076503,27417.0,2745
341324,2020,10.347540983606557,28404.0,2745
341502,2000,1.6216704288939052,3592.0,2215
341502,2001,1.3873589164785554,3073.0,2215
341502,2002,2.5404063205417606,5627.0,2215
341502,2003,2.856433408577878,6327.0,2215
341502,2004,4.03431151241535,8936.0,2215
341502,2005,4.201354401805869,9306.0,2215
341502,2006,3.3927765237020315,7515.0,2215
341502,2007,4.860045146726862,10765.0,2215
341502,2008,5.183295711060948,11481.0,2215
341502,2009,3.7747178329571107,8361.0,2215
341502,2010,5.006320541760722,11089.0,2215
341502,2011,7.59548532731377,16824.0,2215
341502,2012,7.383747178329571,16355.0,2215
341502,2013,8.790067720090294,19470.0,2215
341502,2014,5.120541760722348,11342.0,2215
341502,2015,5.7909706546275395,12827.0,2215
341502,2016,5.959367945823928,13200.0,2215
341502,2017,10.539503386004515,23345.0,2215
341502,2018,10.576975169300226,23428.0,2215
341502,2019,12.791422121896163,28333.0,2215
341502,2020,13.838374717832957,30652.0,2215
341503,2000,2.3266272189349113,5898.0,2535
341503,2001,2.11163708086785,5353.0,2535
341503,2002,3.1660749506903354,8026.0,2535
341503,2003,3.598422090729783,9122.0,2535
341503,2004,4.907692307692308,12441.0,2535
341503,2005,5.14792899408284,13050.0,2535
341503,2006,4.983037475345168,12632.0,2535
341503,2007,5.613806706114398,14231.0,2535
341503,2008,5.358185404339251,13583.0,2535
341503,2009,4.341222879684418,11005.0,2535
341503,2010,5.732938856015779,14533.0,2535
341503,2011,6.959763313609468,17643.0,2535
341503,2012,6.541222879684418,16582.0,2535
341503,2013,8.143589743589743,20644.0,2535
341503,2014,4.370019723865878,11078.0,2535
341503,2015,4.772386587771203,12098.0,2535
341503,2016,4.858382642998028,12316.0,2535
341503,2017,7.439447731755424,18859.0,2535
341503,2018,8.214990138067062,20825.0,2535
341503,2019,10.659171597633136,27021.0,2535
341503,2020,12.393688362919132,31418.0,2535
341504,2000,1.66796875,1281.0,768
341504,2001,2.06640625,1587.0,768
341504,2002,2.69921875,2073.0,768
341504,2003,2.7747395833333335,2131.0,768
341504,2004,3.25390625,2499.0,768
341504,2005,3.3346354166666665,2561.0,768
341504,2006,2.70703125,2079.0,768
341504,2007,4.045572916666667,3107.0,768
341504,2008,3.8046875,2922.0,768
341504,2009,3.01171875,2313.0,768
341504,2010,3.9309895833333335,3019.0,768
341504,2011,5.438802083333333,4177.0,768
341504,2012,4.640625,3564.0,768
341504,2013,5.588541666666667,4292.0,768
341504,2014,1.9088541666666667,1466.0,768
341504,2015,2.2252604166666665,1709.0,768
341504,2016,2.3541666666666665,1808.0,768
341504,2017,6.358072916666667,4883.0,768
341504,2018,7.079427083333333,5437.0,768
341504,2019,10.451822916666666,8027.0,768
341504,2020,11.240885416666666,8633.0,768
341522,2000,0.7811361200428725,3644.0,4665
341522,2001,0.8392282958199357,3915.0,4665
341522,2002,1.2467309753483387,5816.0,4665
341522,2003,1.5129689174705252,7058.0,4665
341522,2004,2.2516613076098606,10504.0,4665
341522,2005,2.0439442658092175,9535.0,4665
341522,2006,1.289817792068596,6017.0,4665
341522,2007,2.0360128617363342,9498.0,4665
341522,2008,2.033011789924973,9484.0,4665
341522,2009,1.4911039657020364,6956.0,4665
341522,2010,2.1931404072883174,10231.0,4665
341522,2011,3.1764201500535907,14818.0,4665
341522,2012,2.869453376205788,13386.0,4665
341522,2013,3.3009646302250806,15399.0,4665
341522,2014,1.7234726688102895,8040.0,4665
341522,2015,1.6312968917470525,7610.0,4665
341522,2016,1.5942122186495178,7437.0,4665
341522,2017,3.6229367631296894,16901.0,4665
341522,2018,3.742550911039657,17459.0,4665
341522,2019,5.532475884244373,25809.0,4665
341522,2020,6.873526259378349,32065.0,4665
341523,2000,2.0618051013734466,6305.0,3058
341523,2001,1.9637017658600393,6005.0,3058
341523,2002,2.431981687377371,7437.0,3058
341523,2003,2.0438194898626554,6250.0,3058
341523,2004,2.3492478744277308,7184.0,3058
341523,2005,2.0820797907128843,6367.0,3058
341523,2006,1.5621321124918248,4777.0,3058
341523,2007,2.4110529758011774,7373.0,3058
341523,2008,2.672334859385219,8172.0,3058
341523,2009,1.8790058862001309,5746.0,3058
341523,2010,2.514388489208633,7689.0,3058
341523,2011,3.1396337475474168,9601.0,3058
341523,2012,3.4803793328973187,10643.0,3058
341523,2013,4.176913015042511,12773.0,3058
341523,2014,2.5412034009156312,7771.0,3058
341523,2015,2.607259646827992,7973.0,3058
341523,2016,2.6350555918901244,8058.0,3058
341523,2017,5.877697841726619,17974.0,3058
341523,2018,5.166121648136037,15798.0,3058
341523,2019,5.9431000654022235,18174.0,3058
341523,2020,6.67724002616089,20419.0,3058
341524,2000,0.1825470818571695,979.0,5363
341524,2001,0.191310833488719,1026.0,5363
341524,2002,0.27465970538877493,1473.0,5363
341524,2003,0.437255267574119,2345.0,5363
341524,2004,0.4419168375909006,2370.0,5363
341524,2005,0.5457766175647958,2927.0,5363
341524,2006,1.1245571508484058,6031.0,5363
341524,2007,1.4243893343278016,7639.0,5363
341524,2008,1.0559388402013798,5663.0,5363
341524,2009,0.44210330039157186,2371.0,5363
341524,2010,0.7406302442662689,3972.0,5363
341524,2011,0.9610292746597053,5154.0,5363
341524,2012,0.9914227111691217,5317.0,5363
341524,2013,1.2576915905276898,6745.0,5363
341524,2014,0.8284542233824352,4443.0,5363
341524,2015,0.8681707999254149,4656.0,5363
341524,2016,1.027223568898005,5509.0,5363
341524,2017,1.8295730001864627,9812.0,5363
341524,2018,2.0689912362483684,11096.0,5363
341524,2019,2.5593884020137985,13726.0,5363
341524,2020,2.6813350736528063,14380.0,5363
341525,2000,0.9450474898236092,2786.0,2948
341525,2001,0.9419945725915875,2777.0,2948
341525,2002,1.1543419267299864,3403.0,2948
341525,2003,1.3263229308005426,3910.0,2948
341525,2004,1.60719131614654,4738.0,2948
341525,2005,1.5563093622795114,4588.0,2948
341525,2006,2.1957259158751694,6473.0,2948
341525,2007,2.648236092265943,7807.0,2948
341525,2008,2.226933514246947,6565.0,2948
341525,2009,1.5797150610583446,4657.0,2948
341525,2010,1.9443690637720488,5732.0,2948
341525,2011,2.5725915875169605,7584.0,2948
341525,2012,2.8195386702849388,8312.0,2948
341525,2013,3.185549525101764,9391.0,2948
341525,2014,1.3673677069199457,4031.0,2948
341525,2015,1.3154681139755766,3878.0,2948
341525,2016,1.3931478968792401,4107.0,2948
341525,2017,1.966078697421981,5796.0,2948
341525,2018,1.7455902306648576,5146.0,2948
341525,2019,1.8673677069199457,5505.0,2948
341525,2020,2.385345997286296,7032.0,2948
341602,2000,3.442237163814181,11263.0,3272
341602,2001,2.839242053789731,9290.0,3272
341602,2002,4.587713936430318,15011.0,3272
341602,2003,4.403422982885085,14408.0,3272
341602,2004,4.976161369193154,16282.0,3272
341602,2005,5.471577017114915,17903.0,3272
341602,2006,4.875611246943765,15953.0,3272
341602,2007,6.663814180929095,21804.0,3272
341602,2008,5.655867970660147,18506.0,3272
341602,2009,5.637224938875305,18445.0,3272
341602,2010,6.534229828850855,21380.0,3272
341602,2011,7.7530562347188265,25368.0,3272
341602,2012,7.8178484107579465,25580.0,3272
341602,2013,8.746026894865526,28617.0,3272
341602,2014,5.62377750611247,18401.0,3272
341602,2015,6.350244498777506,20778.0,3272
341602,2016,6.698960880195599,21919.0,3272
341602,2017,13.709963325183374,44859.0,3272
341602,2018,14.908924205378973,48782.0,3272
341602,2019,16.228300733496333,53099.0,3272
341602,2020,16.402200488997554,53668.0,3272
341621,2000,2.2473368841544605,6751.0,3004
341621,2001,1.952063914780293,5864.0,3004
341621,2002,3.1254993342210384,9389.0,3004
341621,2003,2.6820905459387485,8057.0,3004
341621,2004,2.835219707057257,8517.0,3004
341621,2005,3.6820905459387485,11061.0,3004
341621,2006,2.88115845539281,8655.0,3004
341621,2007,5.167776298268975,15524.0,3004
341621,2008,4.447736351531292,13361.0,3004
341621,2009,3.2316910785619175,9708.0,3004
341621,2010,4.524633821571238,13592.0,3004
341621,2011,6.163448735019974,18515.0,3004
341621,2012,5.932756324900133,17822.0,3004
341621,2013,6.031957390146472,18120.0,3004
341621,2014,3.2043941411451398,9626.0,3004
341621,2015,2.8931424766977365,8691.0,3004
341621,2016,2.5479360852197073,7654.0,3004
341621,2017,8.538615179760319,25650.0,3004
341621,2018,9.888482023968043,29705.0,3004
341621,2019,10.732689747003995,32241.0,3004
341621,2020,11.437416777629826,34358.0,3004
341622,2000,2.25359477124183,6896.0,3060
341622,2001,1.9071895424836602,5836.0,3060
341622,2002,2.4274509803921567,7428.0,3060
341622,2003,2.2058823529411766,6750.0,3060
341622,2004,3.053267973856209,9343.0,3060
341622,2005,2.880065359477124,8813.0,3060
341622,2006,2.816013071895425,8617.0,3060
341622,2007,4.1683006535947715,12755.0,3060
341622,2008,3.0977124183006537,9479.0,3060
341622,2009,1.434313725490196,4389.0,3060
341622,2010,3.4323529411764704,10503.0,3060
341622,2011,5.6303921568627455,17229.0,3060
341622,2012,4.7140522875816995,14425.0,3060
341622,2013,5.23921568627451,16032.0,3060
341622,2014,3.608169934640523,11041.0,3060
341622,2015,4.35718954248366,13333.0,3060
341622,2016,3.6918300653594773,11297.0,3060
341622,2017,8.976470588235294,27468.0,3060
341622,2018,10.1718954248366,31126.0,3060
341622,2019,10.930392156862744,33447.0,3060
341622,2020,11.704901960784314,35817.0,3060
341623,2000,1.7946218487394958,5339.0,2975
341623,2001,1.2117647058823529,3605.0,2975
341623,2002,2.3969747899159666,7131.0,2975
341623,2003,2.0810084033613445,6191.0,2975
341623,2004,2.746890756302521,8172.0,2975
341623,2005,2.831596638655462,8424.0,2975
341623,2006,2.095798319327731,6235.0,2975
341623,2007,3.7630252100840336,11195.0,2975
341623,2008,3.070924369747899,9136.0,2975
341623,2009,2.3136134453781514,6883.0,2975
341623,2010,3.15327731092437,9381.0,2975
341623,2011,5.420168067226891,16125.0,2975
341623,2012,5.173109243697479,15390.0,2975
341623,2013,5.648067226890756,16803.0,2975
341623,2014,2.0050420168067227,5965.0,2975
341623,2015,2.9959663865546218,8913.0,2975
341623,2016,1.973781512605042,5872.0,2975
341623,2017,7.116974789915966,21173.0,2975
341623,2018,8.310252100840335,24723.0,2975
341623,2019,9.212773109243697,27408.0,2975
341623,2020,10.111932773109244,30083.0,2975
341702,2000,0.9594150999701582,3215.0,3351
341702,2001,1.3560131304088332,4544.0,3351
341702,2002,1.8880931065353626,6327.0,3351
341702,2003,1.9477767830498358,6527.0,3351
341702,2004,2.6233960011936737,8791.0,3351
341702,2005,2.9346463742166518,9834.0,3351
341702,2006,2.2276932259027156,7465.0,3351
341702,2007,3.765741569680692,12619.0,3351
341702,2008,4.337212772306774,14534.0,3351
341702,2009,3.499253954043569,11726.0,3351
341702,2010,5.572366457773799,18673.0,3351
341702,2011,5.746941211578633,19258.0,3351
341702,2012,4.680692330647568,15685.0,3351
341702,2013,5.579528498955535,18697.0,3351
341702,2014,3.2169501641301106,10780.0,3351
341702,2015,3.2059086839749327,10743.0,3351
341702,2016,3.0378991345866906,10180.0,3351
341702,2017,4.627872276932259,15508.0,3351
341702,2018,4.854371829304685,16267.0,3351
341702,2019,6.6786034019695615,22380.0,3351
341702,2020,7.656222023276634,25656.0,3351
341721,2000,0.5672921009960621,2449.0,4317
341721,2001,0.546444290016215,2359.0,4317
341721,2002,0.8262682418346073,3567.0,4317
341721,2003,0.7857308315960158,3392.0,4317
341721,2004,1.1236970118137595,4851.0,4317
341721,2005,1.2992819087329164,5609.0,4317
341721,2006,0.8350706509149872,3605.0,4317
341721,2007,1.5983321751216122,6900.0,4317
341721,2008,1.1299513551077136,4878.0,4317
341721,2009,0.8248783877692842,3561.0,4317
341721,2010,1.3771137363910122,5945.0,4317
341721,2011,1.4357192494788047,6198.0,4317
341721,2012,1.3470002316423442,5815.0,4317
341721,2013,1.910586055130878,8248.0,4317
341721,2014,0.8417882788973824,3634.0,4317
341721,2015,0.8851053972666203,3821.0,4317
341721,2016,0.8841788278897382,3817.0,4317
341721,2017,1.718554551772064,7419.0,4317
341721,2018,1.8452629140606902,7966.0,4317
341721,2019,2.201760481816076,9505.0,4317
341721,2020,2.3486217280518877,10139.0,4317
341722,2000,0.15476760900814565,323.0,2087
341722,2001,0.10781025395304264,225.0,2087
341722,2002,0.14183037853378055,296.0,2087
341722,2003,0.13991375179683757,292.0,2087
341722,2004,0.2807858169621466,586.0,2087
341722,2005,0.23814087206516532,497.0,2087
341722,2006,0.13416387158600862,280.0,2087
341722,2007,0.20028749401054144,418.0,2087
341722,2008,0.19166267369429804,400.0,2087
341722,2009,0.1126018207954001,235.0,2087
341722,2010,0.44609487302347867,931.0,2087
341722,2011,0.5563009103977,1161.0,2087
341722,2012,0.4724484906564447,986.0,2087
341722,2013,0.5448011499760421,1137.0,2087
341722,2014,0.14278869190225205,298.0,2087
341722,2015,0.1169142309535218,244.0,2087
341722,2016,0.14518447532343076,303.0,2087
341722,2017,0.30857690464781984,644.0,2087
341722,2018,0.3368471490177288,703.0,2087
341722,2019,0.49784379492093916,1039.0,2087
341722,2020,0.5366554863440345,1120.0,2087
341723,2000,0.7326328079392878,1255.0,1713
341723,2001,0.890251021599533,1525.0,1713
341723,2002,1.1179217746643315,1915.0,1713
341723,2003,1.6853473438412143,2887.0,1713
341723,2004,2.5621716287215412,4389.0,1713
341723,2005,2.9976649153531816,5135.0,1713
341723,2006,2.404553415061296,4119.0,1713
341723,2007,3.6590776415645068,6268.0,1713
341723,2008,3.49620548744892,5989.0,1713
341723,2009,2.249854057209574,3854.0,1713
341723,2010,3.7302977232924692,6390.0,1713
341723,2011,4.2936368943374195,7355.0,1713
341723,2012,3.4816112084063047,5964.0,1713
341723,2013,4.6795096322241685,8016.0,1713
341723,2014,1.8552247518972562,3178.0,1713
341723,2015,2.0058377116170463,3436.0,1713
341723,2016,1.884413309982487,3228.0,1713
341723,2017,3.582019848219498,6136.0,1713
341723,2018,3.7915936952714535,6495.0,1713
341723,2019,4.252772913018097,7285.0,1713
341723,2020,4.551663747810858,7797.0,1713
341802,2000,1.7418447694038246,6194.0,3556
341802,2001,1.9609111361079865,6973.0,3556
341802,2002,2.233970753655793,7944.0,3556
341802,2003,2.213442069741282,7871.0,3556
341802,2004,3.264623172103487,11609.0,3556
341802,2005,3.097019122609674,11013.0,3556
341802,2006,2.7179415073115862,9665.0,3556
341802,2007,3.969066366704162,14114.0,3556
341802,2008,4.372609673790776,15549.0,3556
341802,2009,3.481158605174353,12379.0,3556
341802,2010,4.906636670416198,17448.0,3556
341802,2011,5.556242969628796,19758.0,3556
341802,2012,5.681102362204724,20202.0,3556
341802,2013,6.973284589426322,24797.0,3556
341802,2014,4.16029246344207,14794.0,3556
341802,2015,4.137514060742407,14713.0,3556
341802,2016,3.9606299212598426,14084.0,3556
341802,2017,7.168447694038245,25491.0,3556
341802,2018,7.3700787401574805,26208.0,3556
341802,2019,8.275309336332958,29427.0,3556
341802,2020,8.995219347581552,31987.0,3556
341821,2000,1.2708333333333333,1952.0,1536
341821,2001,1.3606770833333333,2090.0,1536
341821,2002,2.04296875,3138.0,1536
341821,2003,2.181640625,3351.0,1536
341821,2004,3.1223958333333335,4796.0,1536
341821,2005,3.0989583333333335,4760.0,1536
341821,2006,3.0345052083333335,4661.0,1536
341821,2007,3.6555989583333335,5615.0,1536
341821,2008,4.255208333333333,6536.0,1536
341821,2009,3.388671875,5205.0,1536
341821,2010,5.029947916666667,7726.0,1536
341821,2011,6.51171875,10002.0,1536
341821,2012,6.616536458333333,10163.0,1536
341821,2013,7.375,11328.0,1536
341821,2014,4.380859375,6729.0,1536
341821,2015,4.160807291666667,6391.0,1536
341821,2016,3.513671875,5397.0,1536
341821,2017,6.236328125,9579.0,1536
341821,2018,7.251302083333333,11138.0,1536
341821,2019,10.715494791666666,16459.0,1536
341821,2020,9.774088541666666,15013.0,1536
341823,2000,0.46062717770034844,1322.0,2870
341823,2001,0.5630662020905923,1616.0,2870
341823,2002,0.564808362369338,1621.0,2870
341823,2003,0.586411149825784,1683.0,2870
341823,2004,0.8777003484320558,2519.0,2870
341823,2005,0.9637630662020906,2766.0,2870
341823,2006,0.7142857142857143,2050.0,2870
341823,2007,0.9662020905923345,2773.0,2870
341823,2008,1.024390243902439,2940.0,2870
341823,2009,0.6773519163763067,1944.0,2870
341823,2010,1.3066202090592334,3750.0,2870
341823,2011,1.670731707317073,4795.0,2870
341823,2012,1.6909407665505227,4853.0,2870
341823,2013,1.9209059233449477,5513.0,2870
341823,2014,1.2885017421602787,3698.0,2870
341823,2015,1.1421602787456446,3278.0,2870
341823,2016,1.0909407665505226,3131.0,2870
341823,2017,1.7473867595818815,5015.0,2870
341823,2018,1.9247386759581881,5524.0,2870
341823,2019,2.177700348432056,6250.0,2870
341823,2020,2.5317073170731708,7266.0,2870
341824,2000,0.4217419777341192,644.0,1527
341824,2001,0.6240995415848068,953.0,1527
341824,2002,0.5828421741977734,890.0,1527
341824,2003,0.6784544859201048,1036.0,1527
341824,2004,1.0,1527.0,1527
341824,2005,1.0491159135559922,1602.0,1527
341824,2006,0.6751800916830386,1031.0,1527
341824,2007,1.0333988212180747,1578.0,1527
341824,2008,1.272429600523903,1943.0,1527
341824,2009,1.3745907007203668,2099.0,1527
341824,2010,1.8441388343156515,2816.0,1527
341824,2011,2.0825147347740667,3180.0,1527
341824,2012,2.280943025540275,3483.0,1527
341824,2013,2.056319580877538,3140.0,1527
341824,2014,1.1244269810085135,1717.0,1527
341824,2015,1.315651604453176,2009.0,1527
341824,2016,1.0903732809430255,1665.0,1527
341824,2017,1.5638506876227898,2388.0,1527
341824,2018,1.4950884086444007,2283.0,1527
341824,2019,1.5769482645710544,2408.0,1527
341824,2020,1.6070726915520628,2454.0,1527
341825,2000,0.2557427258805513,334.0,1306
341825,2001,0.36906584992343033,482.0,1306
341825,2002,0.32695252679938747,427.0,1306
341825,2003,0.3330781010719755,435.0,1306
341825,2004,0.503062787136294,657.0,1306
341825,2005,0.49693721286370596,649.0,1306
341825,2006,0.37442572741194485,489.0,1306
341825,2007,0.6110260336906586,798.0,1306
341825,2008,0.6332312404287902,827.0,1306
341825,2009,0.44180704441041346,577.0,1306
341825,2010,1.0934150076569678,1428.0,1306
341825,2011,1.3116385911179174,1713.0,1306
341825,2012,1.401990811638591,1831.0,1306
341825,2013,1.829249617151608,2389.0,1306
341825,2014,0.3774885145482389,493.0,1306
341825,2015,0.1891271056661562,247.0,1306
341825,2016,0.2304747320061256,301.0,1306
341825,2017,0.6110260336906586,798.0,1306
341825,2018,0.7664624808575804,1001.0,1306
341825,2019,0.7442572741194488,972.0,1306
341825,2020,0.9211332312404288,1203.0,1306
341881,2000,1.0096237970253719,3462.0,3429
341881,2001,1.1242344706911636,3855.0,3429
341881,2002,1.300087489063867,4458.0,3429
341881,2003,1.4966462525517643,5132.0,3429
341881,2004,1.8658501020705744,6398.0,3429
341881,2005,1.5447652376786236,5297.0,3429
341881,2006,1.4552347623213764,4990.0,3429
341881,2007,2.088947214931467,7163.0,3429
341881,2008,2.2796733741615633,7817.0,3429
341881,2009,1.557888597258676,5342.0,3429
341881,2010,2.1676873724117818,7433.0,3429
341881,2011,2.478856809565471,8500.0,3429
341881,2012,2.7710702828813063,9502.0,3429
341881,2013,3.2980460775736367,11309.0,3429
341881,2014,2.3172936716243804,7946.0,3429
341881,2015,2.6019247594050743,8922.0,3429
341881,2016,2.706620005832604,9281.0,3429
341881,2017,3.6704578594342374,12586.0,3429
341881,2018,3.6809565470982792,12622.0,3429
341881,2019,3.9235928842228054,13454.0,3429
341881,2020,4.153980752405949,14244.0,3429
341882,2000,1.3150819672131147,4011.0,3050
341882,2001,1.3445901639344262,4101.0,3050
341882,2002,1.7255737704918033,5263.0,3050
341882,2003,2.4524590163934428,7480.0,3050
341882,2004,3.4236065573770493,10442.0,3050
341882,2005,3.082622950819672,9402.0,3050
341882,2006,2.9862295081967214,9108.0,3050
341882,2007,3.855409836065574,11759.0,3050
341882,2008,3.733770491803279,11388.0,3050
341882,2009,2.634426229508197,8035.0,3050
341882,2010,4.201311475409836,12814.0,3050
341882,2011,4.513442622950819,13766.0,3050
341882,2012,4.528852459016393,13813.0,3050
341882,2013,5.475737704918033,16701.0,3050
341882,2014,3.162622950819672,9646.0,3050
341882,2015,3.2511475409836064,9916.0,3050
341882,2016,3.1055737704918034,9472.0,3050
341882,2017,6.1819672131147545,18855.0,3050
341882,2018,6.467540983606558,19726.0,3050
341882,2019,7.35311475409836,22427.0,3050
341882,2020,7.397377049180328,22562.0,3050
360102,2000,35.69047619047619,1499.0,42
360102,2001,41.666666666666664,1750.0,42
360102,2002,45.11904761904762,1895.0,42
360102,2003,50.357142857142854,2115.0,42
360102,2004,46.285714285714285,1944.0,42
360102,2005,48.214285714285715,2025.0,42
360102,2006,46.80952380952381,1966.0,42
360102,2007,51.42857142857143,2160.0,42
360102,2008,50.38095238095238,2116.0,42
360102,2009,43.88095238095238,1843.0,42
360102,2010,49.04761904761905,2060.0,42
360102,2011,51.04761904761905,2144.0,42
360102,2012,53.357142857142854,2241.0,42
360102,2013,53.38095238095238,2242.0,42
360102,2014,47.214285714285715,1983.0,42
360102,2015,47.19047619047619,1982.0,42
360102,2016,49.54761904761905,2081.0,42
360102,2017,50.80952380952381,2134.0,42
360102,2018,53.214285714285715,2235.0,42
360102,2019,56.166666666666664,2359.0,42
360102,2020,57.42857142857143,2412.0,42
360103,2000,39.03030303030303,1288.0,33
360103,2001,43.36363636363637,1431.0,33
360103,2002,52.63636363636363,1737.0,33
360103,2003,54.06060606060606,1784.0,33
360103,2004,54.27272727272727,1791.0,33
360103,2005,49.60606060606061,1637.0,33
360103,2006,52.42424242424242,1730.0,33
360103,2007,56.36363636363637,1860.0,33
360103,2008,55.78787878787879,1841.0,33
360103,2009,50.36363636363637,1662.0,33
360103,2010,55.696969696969695,1838.0,33
360103,2011,59.303030303030305,1957.0,33
360103,2012,57.121212121212125,1885.0,33
360103,2013,59.93939393939394,1978.0,33
360103,2014,60.15151515151515,1985.0,33
360103,2015,60.18181818181818,1986.0,33
360103,2016,61.42424242424242,2027.0,33
360103,2017,61.57575757575758,2032.0,33
360103,2018,61.57575757575758,2032.0,33
360103,2019,62.333333333333336,2057.0,33
360103,2020,62.39393939393939,2059.0,33
360104,2000,32.5609756097561,1335.0,41
360104,2001,40.09756097560975,1644.0,41
360104,2002,50.97560975609756,2090.0,41
360104,2003,53.853658536585364,2208.0,41
360104,2004,54.58536585365854,2238.0,41
360104,2005,49.951219512195124,2048.0,41
360104,2006,50.390243902439025,2066.0,41
360104,2007,55.609756097560975,2280.0,41
360104,2008,54.707317073170735,2243.0,41
360104,2009,47.97560975609756,1967.0,41
360104,2010,52.292682926829265,2144.0,41
360104,2011,57.36585365853659,2352.0,41
360104,2012,55.1219512195122,2260.0,41
360104,2013,58.048780487804876,2380.0,41
360104,2014,58.390243902439025,2394.0,41
360104,2015,58.829268292682926,2412.0,41
360104,2016,59.75609756097561,2450.0,41
360104,2017,60.170731707317074,2467.0,41
360104,2018,60.41463414634146,2477.0,41
360104,2019,61.75609756097561,2532.0,41
360104,2020,62.146341463414636,2548.0,41
360111,2000,18.58843537414966,5465.0,294
360111,2001,24.612244897959183,7236.0,294
360111,2002,31.904761904761905,9380.0,294
360111,2003,40.08163265306123,11784.0,294
360111,2004,41.17006802721088,12104.0,294
360111,2005,39.31972789115646,11560.0,294
360111,2006,39.17687074829932,11518.0,294
360111,2007,44.86054421768708,13189.0,294
360111,2008,44.32993197278912,13033.0,294
360111,2009,37.45578231292517,11012.0,294
360111,2010,41.65986394557823,12248.0,294
360111,2011,44.765306122448976,13161.0,294
360111,2012,46.925170068027214,13796.0,294
360111,2013,49.3469387755102,14508.0,294
360111,2014,45.904761904761905,13496.0,294
360111,2015,46.87074829931973,13780.0,294
360111,2016,48.39115646258504,14227.0,294
360111,2017,50.435374149659864,14828.0,294
360111,2018,51.904761904761905,15260.0,294
360111,2019,54.22108843537415,15941.0,294
360111,2020,56.02721088435374,16472.0,294
360112,2000,2.478325859491779,6632.0,2676
360112,2001,2.595665171898356,6946.0,2676
360112,2002,3.290732436472347,8806.0,2676
360112,2003,4.801943198804185,12850.0,2676
360112,2004,5.0142002989536625,13418.0,2676
360112,2005,5.099775784753363,13647.0,2676
360112,2006,4.563901345291479,12213.0,2676
360112,2007,6.214499252615845,16630.0,2676
360112,2008,5.900971599402093,15791.0,2676
360112,2009,5.2974588938714495,14176.0,2676
360112,2010,6.225710014947683,16660.0,2676
360112,2011,6.578849028400598,17605.0,2676
360112,2012,7.0257847533632285,18801.0,2676
360112,2013,7.660313901345291,20499.0,2676
360112,2014,4.603139013452915,12318.0,2676
360112,2015,5.124439461883408,13713.0,2676
360112,2016,5.563527653213752,14888.0,2676
360112,2017,8.385650224215247,22440.0,2676
360112,2018,9.325112107623319,24954.0,2676
360112,2019,10.519058295964125,28149.0,2676
360112,2020,12.526158445440956,33520.0,2676
360113,2000,12.681818181818182,3906.0,308
360113,2001,14.477272727272727,4459.0,308
360113,2002,19.074675324675326,5875.0,308
360113,2003,21.97077922077922,6767.0,308
360113,2004,24.133116883116884,7433.0,308
360113,2005,22.67207792207792,6983.0,308
360113,2006,23.40909090909091,7210.0,308
360113,2007,25.66883116883117,7906.0,308
360113,2008,25.931818181818183,7987.0,308
360113,2009,24.76948051948052,7629.0,308
360113,2010,28.003246753246753,8625.0,308
360113,2011,30.318181818181817,9338.0,308
360113,2012,29.594155844155843,9115.0,308
360113,2013,34.422077922077925,10602.0,308
360113,2014,35.20454545454545,10843.0,308
360113,2015,37.074675324675326,11419.0,308
360113,2016,40.47077922077922,12465.0,308
360113,2017,42.785714285714285,13178.0,308
360113,2018,44.72077922077922,13774.0,308
360113,2019,48.116883116883116,14820.0,308
360113,2020,48.48376623376623,14933.0,308
360121,2000,4.09432387312187,9810.0,2396
360121,2001,4.247495826377295,10177.0,2396
360121,2002,5.936978297161937,14225.0,2396
360121,2003,7.570951585976628,18140.0,2396
360121,2004,9.709098497495827,23263.0,2396
360121,2005,8.165692821368948,19565.0,2396
360121,2006,7.258764607679466,17392.0,2396
360121,2007,8.886477462437396,21292.0,2396
360121,2008,8.592237061769616,20587.0,2396
360121,2009,8.58889816360601,20579.0,2396
360121,2010,8.875626043405676,21266.0,2396
360121,2011,10.396911519198664,24911.0,2396
360121,2012,10.076794657762939,24144.0,2396
360121,2013,11.170701168614357,26765.0,2396
360121,2014,9.348497495826377,22399.0,2396
360121,2015,9.93864774624374,23813.0,2396
360121,2016,10.679048414023372,25587.0,2396
360121,2017,15.67821368948247,37565.0,2396
360121,2018,17.546744574290486,42042.0,2396
360121,2019,19.956176961602672,47815.0,2396
360121,2020,21.930300500834726,52545.0,2396
360123,2000,1.010688836104513,851.0,842
360123,2001,0.6923990498812351,583.0,842
360123,2002,1.2434679334916865,1047.0,842
360123,2003,2.6033254156769594,2192.0,842
360123,2004,2.486935866983373,2094.0,842
360123,2005,3.2268408551068886,2717.0,842
360123,2006,2.3954869358669835,2017.0,842
360123,2007,4.327790973871734,3644.0,842
360123,2008,3.827790973871734,3223.0,842
360123,2009,3.334916864608076,2808.0,842
360123,2010,4.192399049881235,3530.0,842
360123,2011,4.9168646080760094,4140.0,842
360123,2012,5.665083135391924,4770.0,842
360123,2013,4.492874109263658,3783.0,842
360123,2014,1.1021377672209025,928.0,842
360123,2015,1.168646080760095,984.0,842
360123,2016,1.700712589073634,1432.0,842
360123,2017,5.353919239904988,4508.0,842
360123,2018,7.0605700712589075,5945.0,842
360123,2019,7.648456057007126,6440.0,842
360123,2020,9.064133016627078,7632.0,842
360124,2000,1.098147418210485,2786.0,2537
360124,2001,1.541190382341348,3910.0,2537
360124,2002,2.04927079227434,5199.0,2537
360124,2003,2.8904217579818683,7333.0,2537
360124,2004,3.221127315727237,8172.0,2537
360124,2005,2.5392195506503743,6442.0,2537
360124,2006,1.8624359479700434,4725.0,2537
360124,2007,2.762317698068585,7008.0,2537
360124,2008,2.1935356720536068,5565.0,2537
360124,2009,2.4146629877808437,6126.0,2537
360124,2010,2.539613716988569,6443.0,2537
360124,2011,2.8892392589672844,7330.0,2537
360124,2012,2.526212061489949,6409.0,2537
360124,2013,2.906582577847852,7374.0,2537
360124,2014,1.1044540796216002,2802.0,2537
360124,2015,0.9542767047694127,2421.0,2537
360124,2016,1.1501773748521875,2918.0,2537
360124,2017,2.43358297201419,6174.0,2537
360124,2018,2.727236893969255,6919.0,2537
360124,2019,2.9010642491131255,7360.0,2537
360124,2020,3.820654316121403,9693.0,2537
360202,2000,3.958677685950413,1437.0,363
360202,2001,4.134986225895317,1501.0,363
360202,2002,7.264462809917355,2637.0,363
360202,2003,8.553719008264462,3105.0,363
360202,2004,10.399449035812673,3775.0,363
360202,2005,7.870523415977962,2857.0,363
360202,2006,7.669421487603306,2784.0,363
360202,2007,9.002754820936639,3268.0,363
360202,2008,7.914600550964187,2873.0,363
360202,2009,10.118457300275482,3673.0,363
360202,2010,13.038567493112948,4733.0,363
360202,2011,13.234159779614325,4804.0,363
360202,2012,11.589531680440771,4207.0,363
360202,2013,13.223140495867769,4800.0,363
360202,2014,9.710743801652892,3525.0,363
360202,2015,10.550964187327823,3830.0,363
360202,2016,11.195592286501377,4064.0,363
360202,2017,14.658402203856749,5321.0,363
360202,2018,17.696969696969695,6424.0,363
360202,2019,23.633608815426996,8579.0,363
360202,2020,24.87878787878788,9031.0,363
360203,2000,15.472602739726028,2259.0,146
360203,2001,17.931506849315067,2618.0,146
360203,2002,22.102739726027398,3227.0,146
360203,2003,24.21232876712329,3535.0,146
360203,2004,30.123287671232877,4398.0,146
360203,2005,24.506849315068493,3578.0,146
360203,2006,21.746575342465754,3175.0,146
360203,2007,25.78082191780822,3764.0,146
360203,2008,26.0,3796.0,146
360203,2009,25.095890410958905,3664.0,146
360203,2010,23.315068493150687,3404.0,146
360203,2011,29.52054794520548,4310.0,146
360203,2012,26.45205479452055,3862.0,146
360203,2013,30.404109589041095,4439.0,146
360203,2014,29.67808219178082,4333.0,146
360203,2015,30.993150684931507,4525.0,146
360203,2016,34.21917808219178,4996.0,146
360203,2017,38.06164383561644,5557.0,146
360203,2018,39.89041095890411,5824.0,146
360203,2019,45.24657534246575,6606.0,146
360203,2020,46.25342465753425,6753.0,146
360222,2000,0.6900417101147028,2647.0,3836
360222,2001,0.8115224191866528,3113.0,3836
360222,2002,0.9189259645464025,3525.0,3836
360222,2003,1.322471324296142,5073.0,3836
360222,2004,1.610531803962461,6178.0,3836
360222,2005,1.8574035453597497,7125.0,3836
360222,2006,1.8563607924921794,7121.0,3836
360222,2007,1.9434306569343065,7455.0,3836
360222,2008,1.7101147028154327,6560.0,3836
360222,2009,1.4343065693430657,5502.0,3836
360222,2010,1.8375912408759123,7049.0,3836
360222,2011,1.9298748696558916,7403.0,3836
360222,2012,2.0823774765380603,7988.0,3836
360222,2013,2.177007299270073,8351.0,3836
360222,2014,0.987747653806048,3789.0,3836
360222,2015,1.0156412930135559,3896.0,3836
360222,2016,1.3498435870698644,5178.0,3836
360222,2017,2.1399895724713245,8209.0,3836
360222,2018,2.374087591240876,9107.0,3836
360222,2019,3.4053701772679874,13063.0,3836
360222,2020,3.7286235662148073,14303.0,3836
360281,2000,1.3234362628661915,3343.0,2526
360281,2001,1.1773555027711797,2974.0,2526
360281,2002,1.678147268408551,4239.0,2526
360281,2003,1.6294536817102139,4116.0,2526
360281,2004,2.0688836104513064,5226.0,2526
360281,2005,2.151623119556611,5435.0,2526
360281,2006,1.7909738717339667,4524.0,2526
360281,2007,2.642517814726841,6675.0,2526
360281,2008,2.3701504354711007,5987.0,2526
360281,2009,2.3871733966745845,6030.0,2526
360281,2010,2.7759303246239115,7012.0,2526
360281,2011,2.9695170229612033,7501.0,2526
360281,2012,2.3226444972288203,5867.0,2526
360281,2013,2.553840063341251,6451.0,2526
360281,2014,1.3547110055423595,3422.0,2526
360281,2015,1.2866191607284243,3250.0,2526
360281,2016,1.2442596991290578,3143.0,2526
360281,2017,2.4275534441805227,6132.0,2526
360281,2018,2.450514647664291,6190.0,2526
360281,2019,3.325811559778306,8401.0,2526
360281,2020,4.182501979414093,10565.0,2526
360302,2000,9.65137614678899,2104.0,218
360302,2001,11.174311926605505,2436.0,218
360302,2002,15.954128440366972,3478.0,218
360302,2003,19.65137614678899,4284.0,218
360302,2004,26.43577981651376,5763.0,218
360302,2005,20.344036697247706,4435.0,218
360302,2006,18.912844036697248,4123.0,218
360302,2007,20.65137614678899,4502.0,218
360302,2008,18.34862385321101,4000.0,218
360302,2009,15.637614678899082,3409.0,218
360302,2010,19.15137614678899,4175.0,218
360302,2011,21.059633027522935,4591.0,218
360302,2012,19.288990825688074,4205.0,218
360302,2013,23.28440366972477,5076.0,218
360302,2014,20.665137614678898,4505.0,218
360302,2015,21.178899082568808,4617.0,218
360302,2016,19.5,4251.0,218
360302,2017,24.619266055045873,5367.0,218
360302,2018,26.51834862385321,5781.0,218
360302,2019,30.09633027522936,6561.0,218
360302,2020,31.137614678899084,6788.0,218
360313,2000,1.7092469018112488,1793.0,1049
360313,2001,2.17349857006673,2280.0,1049
360313,2002,2.5815061963775023,2708.0,1049
360313,2003,3.3841754051477597,3550.0,1049
360313,2004,5.554814108674928,5827.0,1049
360313,2005,4.044804575786463,4243.0,1049
360313,2006,2.861773117254528,3002.0,1049
360313,2007,3.2602478551000953,3420.0,1049
360313,2008,2.8284080076263107,2967.0,1049
360313,2009,2.599618684461392,2727.0,1049
360313,2010,3.253574833174452,3413.0,1049
360313,2011,3.873212583412774,4063.0,1049
360313,2012,3.4499523355576738,3619.0,1049
360313,2013,3.4299332697807436,3598.0,1049
360313,2014,2.754051477597712,2889.0,1049
360313,2015,2.317445185891325,2431.0,1049
360313,2016,1.3584366062917064,1425.0,1049
360313,2017,3.2497616777883698,3409.0,1049
360313,2018,3.6606291706387037,3840.0,1049
360313,2019,4.504289799809342,4725.0,1049
360313,2020,5.2335557673975215,5490.0,1049
360321,2000,0.2816136539953452,363.0,1289
360321,2001,0.34367726920093095,443.0,1289
360321,2002,0.7362296353762606,949.0,1289
360321,2003,0.8820791311093871,1137.0,1289
360321,2004,1.352211016291699,1743.0,1289
360321,2005,1.1458494957331264,1477.0,1289
360321,2006,1.0977501939487975,1415.0,1289
360321,2007,1.4251357641582623,1837.0,1289
360321,2008,0.7944142746314973,1024.0,1289
360321,2009,0.6136539953452289,791.0,1289
360321,2010,0.8308766485647789,1071.0,1289
360321,2011,1.3366951124903026,1723.0,1289
360321,2012,1.634600465477114,2107.0,1289
360321,2013,1.4468580294802171,1865.0,1289
360321,2014,0.24747866563227308,319.0,1289
360321,2015,0.29635376260667184,382.0,1289
360321,2016,0.2924747866563227,377.0,1289
360321,2017,1.2979053529868114,1673.0,1289
360321,2018,2.1155934833204033,2727.0,1289
360321,2019,1.8417377812257565,2374.0,1289
360321,2020,1.686578743211792,2174.0,1289
360322,2000,1.9823788546255507,1800.0,908
360322,2001,2.6244493392070485,2383.0,908
360322,2002,3.36784140969163,3058.0,908
360322,2003,5.287444933920705,4801.0,908
360322,2004,6.318281938325991,5737.0,908
360322,2005,6.157488986784141,5591.0,908
360322,2006,5.318281938325991,4829.0,908
360322,2007,7.011013215859031,6366.0,908
360322,2008,5.737885462555066,5210.0,908
360322,2009,3.4559471365638768,3138.0,908
360322,2010,5.533039647577093,5024.0,908
360322,2011,7.322687224669603,6649.0,908
360322,2012,7.7323788546255505,7021.0,908
360322,2013,8.648678414096917,7853.0,908
360322,2014,4.0561674008810575,3683.0,908
360322,2015,3.5055066079295156,3183.0,908
360322,2016,3.4019823788546257,3089.0,908
360322,2017,6.433920704845815,5842.0,908
360322,2018,7.53193832599119,6839.0,908
360322,2019,8.821585903083701,8010.0,908
360322,2020,9.693832599118943,8802.0,908
360323,2000,0.7965162311955661,1006.0,1263
360323,2001,0.9184481393507522,1160.0,1263
360323,2002,1.536025336500396,1940.0,1263
360323,2003,2.060965954077593,2603.0,1263
360323,2004,2.8463974663499605,3595.0,1263
360323,2005,1.8677751385589865,2359.0,1263
360323,2006,1.5376088677751385,1942.0,1263
360323,2007,1.8772763262074426,2371.0,1263
360323,2008,1.5708630245447348,1984.0,1263
360323,2009,1.0166270783847982,1284.0,1263
360323,2010,1.6967537608867775,2143.0,1263
360323,2011,2.4220110847189233,3059.0,1263
360323,2012,2.1274742676167855,2687.0,1263
360323,2013,2.0316706254948533,2566.0,1263
360323,2014,1.2177355502771179,1538.0,1263
360323,2015,1.0205859065716547,1289.0,1263
360323,2016,0.7767220902612827,981.0,1263
360323,2017,2.125890736342043,2685.0,1263
360323,2018,2.2121931908155186,2794.0,1263
360323,2019,2.59778305621536,3281.0,1263
360323,2020,3.1678543151227236,4001.0,1263
360402,2000,6.235154394299287,2625.0,421
360402,2001,6.401425178147268,2695.0,421
360402,2002,8.522565320665084,3588.0,421
360402,2003,12.014251781472684,5058.0,421
360402,2004,15.34916864608076,6462.0,421
360402,2005,12.695961995249407,5345.0,421
360402,2006,14.394299287410927,6060.0,421
360402,2007,14.451306413301662,6084.0,421
360402,2008,13.180522565320665,5549.0,421
360402,2009,13.211401425178147,5562.0,421
360402,2010,16.133016627078383,6792.0,421
360402,2011,20.707838479809975,8718.0,421
360402,2012,20.17814726840855,8495.0,421
360402,2013,28.389548693586697,11952.0,421
360402,2014,24.394299287410927,10270.0,421
360402,2015,24.116389548693586,10153.0,421
360402,2016,23.641330166270784,9953.0,421
360402,2017,28.24228028503563,11890.0,421
360402,2018,28.577197149643705,12031.0,421
360402,2019,32.13064133016627,13527.0,421
360402,2020,35.572446555819475,14976.0,421
360403,2000,30.48,2286.0,75
360403,2001,32.54666666666667,2441.0,75
360403,2002,43.21333333333333,3241.0,75
360403,2003,44.54666666666667,3341.0,75
360403,2004,45.72,3429.0,75
360403,2005,43.92,3294.0,75
360403,2006,45.586666666666666,3419.0,75
360403,2007,47.29333333333334,3547.0,75
360403,2008,46.38666666666666,3479.0,75
360403,2009,37.48,2811.0,75
360403,2010,43.54666666666667,3266.0,75
360403,2011,50.21333333333333,3766.0,75
360403,2012,46.92,3519.0,75
360403,2013,55.49333333333333,4162.0,75
360403,2014,53.92,4044.0,75
360403,2015,56.13333333333333,4210.0,75
360403,2016,57.026666666666664,4277.0,75
360403,2017,58.733333333333334,4405.0,75
360403,2018,57.666666666666664,4325.0,75
360403,2019,59.586666666666666,4469.0,75
360403,2020,60.2,4515.0,75
360404,2000,3.072398190045249,3395.0,1105
360404,2001,2.838009049773756,3136.0,1105
360404,2002,2.8126696832579188,3108.0,1105
360404,2003,4.277828054298642,4727.0,1105
360404,2004,4.644343891402715,5132.0,1105
360404,2005,4.909502262443439,5425.0,1105
360404,2006,4.618099547511312,5103.0,1105
360404,2007,5.477828054298643,6053.0,1105
360404,2008,5.369230769230769,5933.0,1105
360404,2009,4.905882352941177,5421.0,1105
360404,2010,7.869683257918552,8696.0,1105
360404,2011,8.285972850678734,9156.0,1105
360404,2012,8.793665158371041,9717.0,1105
360404,2013,11.41447963800905,12613.0,1105
360404,2014,7.746606334841629,8560.0,1105
360404,2015,7.587330316742081,8384.0,1105
360404,2016,6.634389140271494,7331.0,1105
360404,2017,10.733031674208144,11860.0,1105
360404,2018,10.76289592760181,11893.0,1105
360404,2019,13.246153846153845,14637.0,1105
360404,2020,14.26425339366516,15762.0,1105
360423,2000,0.19299820466786355,860.0,4456
360423,2001,0.26817773788150806,1195.0,4456
360423,2002,0.3242818671454219,1445.0,4456
360423,2003,0.43245062836624776,1927.0,4456
360423,2004,0.604802513464991,2695.0,4456
360423,2005,0.4959605026929982,2210.0,4456
360423,2006,0.5242369838420108,2336.0,4456
360423,2007,0.7556104129263914,3367.0,4456
360423,2008,0.37814183123877915,1685.0,4456
360423,2009,0.2634649910233393,1174.0,4456
360423,2010,0.8429084380610413,3756.0,4456
360423,2011,0.7726660682226212,3443.0,4456
360423,2012,0.9452423698384201,4212.0,4456
360423,2013,1.090439856373429,4859.0,4456
360423,2014,0.5644075403949731,2515.0,4456
360423,2015,0.6135547576301615,2734.0,4456
360423,2016,0.7201526032315978,3209.0,4456
360423,2017,1.002019748653501,4465.0,4456
360423,2018,1.0641831238779174,4742.0,4456
360423,2019,1.3090215439856374,5833.0,4456
360423,2020,1.281867145421903,5712.0,4456
360424,2000,0.14443876681996254,848.0,5871
360424,2001,0.1774825413047181,1042.0,5871
360424,2002,0.3561573837506387,2091.0,5871
360424,2003,0.5065576562766139,2974.0,5871
360424,2004,0.7036280020439448,4131.0,5871
360424,2005,0.540112416964742,3171.0,5871
360424,2006,0.7210015329586101,4233.0,5871
360424,2007,1.052801907681826,6181.0,5871
360424,2008,0.48918412536194855,2872.0,5871
360424,2009,0.2525975132004769,1483.0,5871
360424,2010,0.6247657979901209,3668.0,5871
360424,2011,0.8364844149207972,4911.0,5871
360424,2012,1.1897462101856584,6985.0,5871
360424,2013,1.2638392096746722,7420.0,5871
360424,2014,0.3486629194345086,2047.0,5871
360424,2015,0.3093169817748254,1816.0,5871
360424,2016,0.258048032703117,1515.0,5871
360424,2017,0.5276784193493442,3098.0,5871
360424,2018,0.5872934764094703,3448.0,5871
360424,2019,0.769715551013456,4519.0,5871
360424,2020,0.8760006813149378,5143.0,5871
360425,2000,0.8627374951531601,2225.0,2579
360425,2001,1.0174486234974796,2624.0,2579
360425,2002,1.2062815044590927,3111.0,2579
360425,2003,1.5854982551376502,4089.0,2579
360425,2004,1.5951919348584722,4114.0,2579
360425,2005,1.8227995347033734,4701.0,2579
360425,2006,1.3195036835982938,3403.0,2579
360425,2007,2.629701434664599,6782.0,2579
360425,2008,2.278014734393176,5875.0,2579
360425,2009,1.813881349360217,4678.0,2579
360425,2010,2.8030244280728964,7229.0,2579
360425,2011,2.5626211709965103,6609.0,2579
360425,2012,2.752617293524622,7099.0,2579
360425,2013,3.072120977122916,7923.0,2579
360425,2014,1.267157813105855,3268.0,2579
360425,2015,1.1229158588600232,2896.0,2579
360425,2016,0.9744086855370299,2513.0,2579
360425,2017,2.3827064753780536,6145.0,2579
360425,2018,2.8069018999612254,7239.0,2579
360425,2019,3.3955021326095385,8757.0,2579
360425,2020,4.4459092671578135,11466.0,2579
360426,2000,0.7142857142857143,815.0,1141
360426,2001,0.7642418930762489,872.0,1141
360426,2002,0.8816827344434707,1006.0,1141
360426,2003,1.5407537248028045,1758.0,1141
360426,2004,1.3198948290972832,1506.0,1141
360426,2005,1.6196319018404908,1848.0,1141
360426,2006,1.315512708150745,1501.0,1141
360426,2007,1.9149868536371604,2185.0,1141
360426,2008,1.7326906222611744,1977.0,1141
360426,2009,1.4864154250657318,1696.0,1141
360426,2010,2.503067484662577,2856.0,1141
360426,2011,2.6529360210341806,3027.0,1141
360426,2012,3.0359333917616125,3464.0,1141
360426,2013,3.538124452234882,4037.0,1141
360426,2014,1.3865030674846626,1582.0,1141
360426,2015,1.1349693251533743,1295.0,1141
360426,2016,1.1411042944785277,1302.0,1141
360426,2017,2.485539000876424,2836.0,1141
360426,2018,2.0990359333917614,2395.0,1141
360426,2019,3.0122699386503067,3437.0,1141
360426,2020,3.750219106047327,4279.0,1141
360428,2000,0.2953135768435562,857.0,2902
360428,2001,0.27015851137146796,784.0,2902
360428,2002,0.4982770503101309,1446.0,2902
360428,2003,0.5830461750516885,1692.0,2902
360428,2004,0.6274982770503101,1821.0,2902
360428,2005,0.740868366643694,2150.0,2902
360428,2006,0.4807029634734666,1395.0,2902
360428,2007,0.9720882150241213,2821.0,2902
360428,2008,0.8976567884217781,2605.0,2902
360428,2009,0.6512749827705031,1890.0,2902
360428,2010,1.2019297036526533,3488.0,2902
360428,2011,1.6612680909717437,4821.0,2902
360428,2012,1.406960716747071,4083.0,2902
360428,2013,1.491040661612681,4327.0,2902
360428,2014,0.4906960716747071,1424.0,2902
360428,2015,0.6702274293590628,1945.0,2902
360428,2016,0.5099931082012406,1480.0,2902
360428,2017,1.169882839421089,3395.0,2902
360428,2018,1.4789800137835976,4292.0,2902
360428,2019,1.9228118538938663,5580.0,2902
360428,2020,2.6726395589248795,7756.0,2902
360429,2000,0.9484978540772532,884.0,932
360429,2001,0.8079399141630901,753.0,932
360429,2002,1.5675965665236051,1461.0,932
360429,2003,2.0836909871244633,1942.0,932
360429,2004,2.3948497854077253,2232.0,932
360429,2005,1.871244635193133,1744.0,932
360429,2006,1.8605150214592274,1734.0,932
360429,2007,2.9087982832618025,2711.0,932
360429,2008,3.234978540772532,3015.0,932
360429,2009,2.5858369098712446,2410.0,932
360429,2010,3.8680257510729614,3605.0,932
360429,2011,5.079399141630901,4734.0,932
360429,2012,4.477467811158799,4173.0,932
360429,2013,5.76931330472103,5377.0,932
360429,2014,3.694206008583691,3443.0,932
360429,2015,3.7467811158798283,3492.0,932
360429,2016,3.2478540772532187,3027.0,932
360429,2017,5.952789699570816,5548.0,932
360429,2018,7.32618025751073,6828.0,932
360429,2019,8.954935622317597,8346.0,932
360429,2020,9.92167381974249,9247.0,932
360430,2000,0.24197195838986885,535.0,2211
360430,2001,0.16779737675260065,371.0,2211
360430,2002,0.45680687471732245,1010.0,2211
360430,2003,0.4843962008141113,1071.0,2211
360430,2004,0.6580732700135685,1455.0,2211
360430,2005,0.8697421981004071,1923.0,2211
360430,2006,0.8426051560379919,1863.0,2211
360430,2007,1.2781546811397557,2826.0,2211
360430,2008,1.32157394843962,2922.0,2211
360430,2009,0.8335594753505201,1843.0,2211
360430,2010,1.6426956128448666,3632.0,2211
360430,2011,1.6503844414292175,3649.0,2211
360430,2012,1.3573043871551334,3001.0,2211
360430,2013,1.7060153776571687,3772.0,2211
360430,2014,0.7630031659882406,1687.0,2211
360430,2015,0.7394843962008141,1635.0,2211
360430,2016,0.911352329262777,2015.0,2211
360430,2017,2.551334237901402,5641.0,2211
360430,2018,3.151062867480778,6967.0,2211
360430,2019,3.426503844414292,7576.0,2211
360430,2020,4.412030755314337,9755.0,2211
360481,2000,1.0209397344228806,1999.0,1958
360481,2001,1.2104187946884577,2370.0,1958
360481,2002,1.4581205311542391,2855.0,1958
360481,2003,1.853932584269663,3630.0,1958
360481,2004,2.157814096016343,4225.0,1958
360481,2005,2.032686414708887,3980.0,1958
360481,2006,1.6521961184882534,3235.0,1958
360481,2007,1.9356486210418795,3790.0,1958
360481,2008,1.801838610827375,3528.0,1958
360481,2009,1.5776302349336058,3089.0,1958
360481,2010,2.264555669050051,4434.0,1958
360481,2011,2.6123595505617976,5115.0,1958
360481,2012,3.0822267620020427,6035.0,1958
360481,2013,4.276302349336057,8373.0,1958
360481,2014,3.4632277834525027,6781.0,1958
360481,2015,3.832482124616956,7504.0,1958
360481,2016,3.536261491317671,6924.0,1958
360481,2017,4.8212461695607765,9440.0,1958
360481,2018,4.8600612870275794,9516.0,1958
360481,2019,6.034729315628192,11816.0,1958
360481,2020,6.350868232890705,12435.0,1958
360482,2000,1.7915690866510539,765.0,427
360482,2001,2.423887587822014,1035.0,427
360482,2002,2.6276346604215455,1122.0,427
360482,2003,3.601873536299766,1538.0,427
360482,2004,4.229508196721311,1806.0,427
360482,2005,4.695550351288056,2005.0,427
360482,2006,3.576112412177986,1527.0,427
360482,2007,4.9203747072599535,2101.0,427
360482,2008,5.0936768149882905,2175.0,427
360482,2009,4.337236533957846,1852.0,427
360482,2010,7.126463700234192,3043.0,427
360482,2011,9.430913348946136,4027.0,427
360482,2012,9.47072599531616,4044.0,427
360482,2013,12.533957845433255,5352.0,427
360482,2014,4.730679156908665,2020.0,427
360482,2015,5.967213114754099,2548.0,427
360482,2016,6.384074941451991,2726.0,427
360482,2017,14.388758782201405,6144.0,427
360482,2018,15.028103044496486,6417.0,427
360482,2019,18.147540983606557,7749.0,427
360482,2020,20.241217798594846,8643.0,427
360483,2000,1.2413502109704642,1471.0,1185
360483,2001,1.3147679324894515,1558.0,1185
360483,2002,2.4244725738396626,2873.0,1185
360483,2003,3.5054852320675107,4154.0,1185
360483,2004,3.933333333333333,4661.0,1185
360483,2005,3.8540084388185654,4567.0,1185
360483,2006,3.4472573839662446,4085.0,1185
360483,2007,4.6177215189873415,5472.0,1185
360483,2008,4.129957805907173,4894.0,1185
360483,2009,3.4118143459915613,4043.0,1185
360483,2010,4.755274261603375,5635.0,1185
360483,2011,5.528270042194093,6551.0,1185
360483,2012,5.610126582278481,6648.0,1185
360483,2013,6.913080168776371,8192.0,1185
360483,2014,2.2253164556962024,2637.0,1185
360483,2015,1.9924050632911392,2361.0,1185
360483,2016,2.286075949367089,2709.0,1185
360483,2017,4.819409282700422,5711.0,1185
360483,2018,4.785654008438819,5671.0,1185
360483,2019,5.163713080168776,6119.0,1185
360483,2020,7.195780590717299,8527.0,1185
360502,2000,2.0664527956003664,4509.0,2182
360502,2001,3.3808432630614114,7377.0,2182
360502,2002,5.639780018331805,12306.0,2182
360502,2003,5.868927589367552,12806.0,2182
360502,2004,6.72685609532539,14678.0,2182
360502,2005,5.855178735105408,12776.0,2182
360502,2006,6.376718606782768,13914.0,2182
360502,2007,7.854262144821265,17138.0,2182
360502,2008,7.140238313473877,15580.0,2182
360502,2009,6.081576535288726,13270.0,2182
360502,2010,7.951879010082493,17351.0,2182
360502,2011,8.58890925756187,18741.0,2182
360502,2012,7.5412465627864345,16455.0,2182
360502,2013,7.790559120073327,16999.0,2182
360502,2014,5.68698441796517,12409.0,2182
360502,2015,5.472502291475711,11941.0,2182
360502,2016,5.607699358386801,12236.0,2182
360502,2017,7.9908340971585705,17436.0,2182
360502,2018,8.069202566452796,17607.0,2182
360502,2019,8.50916590284143,18567.0,2182
360502,2020,9.031622364802933,19707.0,2182
360521,2000,0.7768166089965398,1347.0,1734
360521,2001,0.9256055363321799,1605.0,1734
360521,2002,1.6551326412918108,2870.0,1734
360521,2003,1.9878892733564013,3447.0,1734
360521,2004,2.108419838523645,3656.0,1734
360521,2005,2.0374855824682814,3533.0,1734
360521,2006,1.7814302191464821,3089.0,1734
360521,2007,2.9625144175317186,5137.0,1734
360521,2008,2.245674740484429,3894.0,1734
360521,2009,1.322952710495963,2294.0,1734
360521,2010,2.4250288350634372,4205.0,1734
360521,2011,2.6153402537485584,4535.0,1734
360521,2012,2.596885813148789,4503.0,1734
360521,2013,2.245674740484429,3894.0,1734
360521,2014,1.1401384083044983,1977.0,1734
360521,2015,1.07439446366782,1863.0,1734
360521,2016,1.063437139561707,1844.0,1734
360521,2017,2.1914648212226067,3800.0,1734
360521,2018,2.4734717416378316,4289.0,1734
360521,2019,3.1683967704728953,5494.0,1734
360521,2020,3.13840830449827,5442.0,1734
360602,2000,12.652173913043478,1746.0,138
360602,2001,15.5,2139.0,138
360602,2002,20.82608695652174,2874.0,138
360602,2003,23.644927536231883,3263.0,138
360602,2004,27.028985507246375,3730.0,138
360602,2005,19.5,2691.0,138
360602,2006,18.666666666666668,2576.0,138
360602,2007,21.68840579710145,2993.0,138
360602,2008,23.565217391304348,3252.0,138
360602,2009,24.89855072463768,3436.0,138
360602,2010,22.920289855072465,3163.0,138
360602,2011,29.10144927536232,4016.0,138
360602,2012,27.333333333333332,3772.0,138
360602,2013,32.35507246376812,4465.0,138
360602,2014,25.992753623188406,3587.0,138
360602,2015,27.17391304347826,3750.0,138
360602,2016,30.18840579710145,4166.0,138
360602,2017,32.905797101449274,4541.0,138
360602,2018,33.072463768115945,4564.0,138
360602,2019,40.21739130434783,5550.0,138
360602,2020,42.84057971014493,5912.0,138
360603,2000,1.4356164383561645,1572.0,1095
360603,2001,2.434703196347032,2666.0,1095
360603,2002,2.404566210045662,2633.0,1095
360603,2003,2.3990867579908675,2627.0,1095
360603,2004,3.76986301369863,4128.0,1095
360603,2005,3.2867579908675797,3599.0,1095
360603,2006,3.8684931506849316,4236.0,1095
360603,2007,4.473972602739726,4899.0,1095
360603,2008,4.5479452054794525,4980.0,1095
360603,2009,4.385388127853881,4802.0,1095
360603,2010,4.94337899543379,5413.0,1095
360603,2011,5.090410958904109,5574.0,1095
360603,2012,4.938812785388128,5408.0,1095
360603,2013,5.752511415525114,6299.0,1095
360603,2014,1.519634703196347,1664.0,1095
360603,2015,1.7251141552511415,1889.0,1095
360603,2016,2.007305936073059,2198.0,1095
360603,2017,5.237442922374429,5735.0,1095
360603,2018,4.806392694063927,5263.0,1095
360603,2019,6.20365296803653,6793.0,1095
360603,2020,6.760730593607306,7403.0,1095
360681,2000,0.982131854590265,3188.0,3246
360681,2001,1.3016019716574245,4225.0,3246
360681,2002,1.4559457794208257,4726.0,3246
360681,2003,2.081022797288971,6755.0,3246
360681,2004,2.4654959950708566,8003.0,3246
360681,2005,2.2409118915588415,7274.0,3246
360681,2006,2.14664202094886,6968.0,3246
360681,2007,2.456253850893407,7973.0,3246
360681,2008,2.4217498459642637,7861.0,3246
360681,2009,2.429143561306223,7885.0,3246
360681,2010,2.387553912507702,7750.0,3246
360681,2011,2.7332101047443005,8872.0,3246
360681,2012,2.819162045594578,9151.0,3246
360681,2013,3.186691312384473,10344.0,3246
360681,2014,2.187615526802218,7101.0,3246
360681,2015,2.2760320394331486,7388.0,3246
360681,2016,2.312384473197782,7506.0,3246
360681,2017,3.4162045594577943,11089.0,3246
360681,2018,3.5582255083179297,11550.0,3246
360681,2019,4.324707332101047,14038.0,3246
360681,2020,4.97935921133703,16163.0,3246
360702,2000,8.072180451127819,5368.0,665
360702,2001,9.186466165413535,6109.0,665
360702,2002,12.846616541353383,8543.0,665
360702,2003,14.803007518796992,9844.0,665
360702,2004,15.329323308270677,10194.0,665
360702,2005,14.16390977443609,9419.0,665
360702,2006,14.854135338345865,9878.0,665
360702,2007,16.82406015037594,11188.0,665
360702,2008,17.416541353383458,11582.0,665
360702,2009,18.05263157894737,12005.0,665
360702,2010,17.98796992481203,11962.0,665
360702,2011,21.41203007518797,14239.0,665
360702,2012,21.849624060150376,14530.0,665
360702,2013,25.83157894736842,17178.0,665
360702,2014,24.15187969924812,16061.0,665
360702,2015,24.16390977443609,16069.0,665
360702,2016,25.108270676691728,16697.0,665
360702,2017,28.923308270676692,19234.0,665
360702,2018,30.66766917293233,20394.0,665
360702,2019,33.6796992481203,22397.0,665
360702,2020,34.49924812030075,22942.0,665
360703,2000,1.4179595674659144,3016.0,2127
360703,2001,1.8105312646920546,3851.0,2127
360703,2002,3.054066760695816,6496.0,2127
360703,2003,3.291490362012224,7001.0,2127
360703,2004,3.0465444287729198,6480.0,2127
360703,2005,2.893747061589093,6155.0,2127
360703,2006,2.8819934179595674,6130.0,2127
360703,2007,3.695815702867889,7861.0,2127
360703,2008,3.5035260930888574,7452.0,2127
360703,2009,3.935590032910202,8371.0,2127
360703,2010,4.375646450399624,9307.0,2127
360703,2011,5.0968500235072876,10841.0,2127
360703,2012,5.347437705688764,11374.0,2127
360703,2013,6.324870709920075,13453.0,2127
360703,2014,3.4908321579689705,7425.0,2127
360703,2015,3.5792195580629995,7613.0,2127
360703,2016,3.8420310296191817,8172.0,2127
360703,2017,6.19181946403385,13170.0,2127
360703,2018,7.102021626704278,15106.0,2127
360703,2019,9.86412787964269,20981.0,2127
360703,2020,11.34602726845322,24133.0,2127
360704,2000,0.5153276955602537,1950.0,3784
360704,2001,0.6564482029598309,2484.0,3784
360704,2002,0.879492600422833,3328.0,3784
360704,2003,0.7600422832980972,2876.0,3784
360704,2004,0.8261099365750528,3126.0,3784
360704,2005,0.7822410147991543,2960.0,3784
360704,2006,0.6131078224101479,2320.0,3784
360704,2007,1.2032241014799154,4553.0,3784
360704,2008,1.2019027484143763,4548.0,3784
360704,2009,0.888477801268499,3362.0,3784
360704,2010,1.0367336152219873,3923.0,3784
360704,2011,1.3858350951374208,5244.0,3784
360704,2012,1.5055496828752644,5697.0,3784
360704,2013,2.056025369978858,7780.0,3784
360704,2014,1.102536997885835,4172.0,3784
360704,2015,1.1379492600422834,4306.0,3784
360704,2016,1.2418076109936576,4699.0,3784
360704,2017,1.9859936575052854,7515.0,3784
360704,2018,2.084830866807611,7889.0,3784
360704,2019,2.4693446088794926,9344.0,3784
360704,2020,2.936575052854123,11112.0,3784
360722,2000,0.7016063163626464,2577.0,3673
360722,2001,0.8973591069970052,3296.0,3673
360722,2002,1.4225428804791724,5225.0,3673
360722,2003,1.813231690716036,6660.0,3673
360722,2004,1.4516743806153007,5332.0,3673
360722,2005,1.2507487067791996,4594.0,3673
360722,2006,0.987748434522189,3628.0,3673
360722,2007,1.0985570378437244,4035.0,3673
360722,2008,0.9833923223523006,3612.0,3673
360722,2009,1.0402940375714675,3821.0,3673
360722,2010,1.2594609311189764,4626.0,3673
360722,2011,1.3416825483256194,4928.0,3673
360722,2012,1.2872311462020147,4728.0,3673
360722,2013,1.8260277702150831,6707.0,3673
360722,2014,0.9665123876939831,3550.0,3673
360722,2015,0.8058807514293493,2960.0,3673
360722,2016,1.011162537435339,3714.0,3673
360722,2017,1.7517016063163626,6434.0,3673
360722,2018,2.188946365368908,8040.0,3673
360722,2019,2.4617478900081675,9042.0,3673
360722,2020,3.2711679825755513,12015.0,3673
360723,2000,1.0229306487695748,1829.0,1788
360723,2001,1.2343400447427293,2207.0,1788
360723,2002,2.0458612975391497,3658.0,1788
360723,2003,1.9440715883668904,3476.0,1788
360723,2004,2.3702460850111855,4238.0,1788
360723,2005,2.225391498881432,3979.0,1788
360723,2006,2.3568232662192394,4214.0,1788
360723,2007,2.500559284116331,4471.0,1788
360723,2008,2.045302013422819,3657.0,1788
360723,2009,1.4837807606263982,2653.0,1788
360723,2010,2.1677852348993287,3876.0,1788
360723,2011,2.390939597315436,4275.0,1788
360723,2012,2.1375838926174495,3822.0,1788
360723,2013,2.7102908277404922,4846.0,1788
360723,2014,0.6303131991051454,1127.0,1788
360723,2015,0.7220357941834452,1291.0,1788
360723,2016,0.6079418344519015,1087.0,1788
360723,2017,1.720917225950783,3077.0,1788
360723,2018,2.0587248322147653,3681.0,1788
360723,2019,2.2237136465324383,3976.0,1788
360723,2020,2.647091722595078,4733.0,1788
360724,2000,0.533160621761658,1029.0,1930
360724,2001,0.6658031088082902,1285.0,1930
360724,2002,0.6901554404145078,1332.0,1930
360724,2003,1.0689119170984456,2063.0,1930
360724,2004,1.0740932642487047,2073.0,1930
360724,2005,0.9730569948186528,1878.0,1930
360724,2006,1.133678756476684,2188.0,1930
360724,2007,1.4233160621761658,2747.0,1930
360724,2008,0.9911917098445596,1913.0,1930
360724,2009,0.7663212435233161,1479.0,1930
360724,2010,1.0295336787564766,1987.0,1930
360724,2011,1.4823834196891192,2861.0,1930
360724,2012,1.3072538860103626,2523.0,1930
360724,2013,1.5518134715025906,2995.0,1930
360724,2014,0.41347150259067356,798.0,1930
360724,2015,0.4772020725388601,921.0,1930
360724,2016,0.5362694300518135,1035.0,1930
360724,2017,1.2072538860103628,2330.0,1930
360724,2018,1.8310880829015543,3534.0,1930
360724,2019,2.1963730569948186,4239.0,1930
360724,2020,2.701036269430052,5213.0,1930
360725,2000,0.3579373104145602,1062.0,2967
360725,2001,0.25042130097741827,743.0,2967
360725,2002,0.43714189416919447,1297.0,2967
360725,2003,0.5931917762049208,1760.0,2967
360725,2004,0.7708122682844624,2287.0,2967
360725,2005,0.7138523761375126,2118.0,2967
360725,2006,0.5352207617121671,1588.0,2967
360725,2007,0.8705763397371082,2583.0,2967
360725,2008,0.5972362655881361,1772.0,2967
360725,2009,0.33704078193461406,1000.0,2967
360725,2010,0.5621840242669363,1668.0,2967
360725,2011,1.3262554769127064,3935.0,2967
360725,2012,0.9298955173576002,2759.0,2967
360725,2013,1.1226828446241994,3331.0,2967
360725,2014,0.20997640714526458,623.0,2967
360725,2015,0.23255813953488372,690.0,2967
360725,2016,0.21166161105493764,628.0,2967
360725,2017,0.5429726996966633,1611.0,2967
360725,2018,0.7165487023929895,2126.0,2967
360725,2019,0.854061341422312,2534.0,2967
360725,2020,0.7890124705089315,2341.0,2967
360726,2000,0.2589105581708137,770.0,2974
360726,2001,0.3439811701412239,1023.0,2974
360726,2002,0.5205110961667787,1548.0,2974
360726,2003,0.4583053127101547,1363.0,2974
360726,2004,0.5110961667787491,1520.0,2974
360726,2005,0.394418291862811,1173.0,2974
360726,2006,0.5813718897108272,1729.0,2974
360726,2007,0.7222595830531271,2148.0,2974
360726,2008,0.5648957632817754,1680.0,2974
360726,2009,0.5299260255548084,1576.0,2974
360726,2010,0.7175521183591123,2134.0,2974
360726,2011,0.8096839273705447,2408.0,2974
360726,2012,0.8739071956960323,2599.0,2974
360726,2013,1.3053127101546738,3882.0,2974
360726,2014,0.22831203765971755,679.0,2974
360726,2015,0.36213853396099527,1077.0,2974
360726,2016,0.3379287155346335,1005.0,2974
360726,2017,0.9626765299260256,2863.0,2974
360726,2018,1.382649630127774,4112.0,2974
360726,2019,1.448554135843981,4308.0,2974
360726,2020,1.4673839946200404,4364.0,2974
360728,2000,0.47758620689655173,831.0,1740
360728,2001,0.6724137931034483,1170.0,1740
360728,2002,0.9408045977011494,1637.0,1740
360728,2003,1.3431034482758621,2337.0,1740
360728,2004,1.7982758620689656,3129.0,1740
360728,2005,1.1339080459770114,1973.0,1740
360728,2006,1.2919540229885058,2248.0,1740
360728,2007,1.8080459770114943,3146.0,1740
360728,2008,1.5666666666666667,2726.0,1740
360728,2009,1.2908045977011495,2246.0,1740
360728,2010,1.5080459770114942,2624.0,1740
360728,2011,2.2005747126436783,3829.0,1740
360728,2012,2.0126436781609196,3502.0,1740
360728,2013,2.2471264367816093,3910.0,1740
360728,2014,1.282183908045977,2231.0,1740
360728,2015,1.3551724137931034,2358.0,1740
360728,2016,1.139655172413793,1983.0,1740
360728,2017,2.2005747126436783,3829.0,1740
360728,2018,2.372413793103448,4128.0,1740
360728,2019,2.9931034482758623,5208.0,1740
360728,2020,3.0913793103448275,5379.0,1740
360729,2000,0.3246753246753247,650.0,2002
360729,2001,0.44105894105894106,883.0,2002
360729,2002,0.7102897102897103,1422.0,2002
360729,2003,0.7727272727272727,1547.0,2002
360729,2004,0.9485514485514486,1899.0,2002
360729,2005,0.6038961038961039,1209.0,2002
360729,2006,0.6588411588411588,1319.0,2002
360729,2007,0.9300699300699301,1862.0,2002
360729,2008,0.7677322677322678,1537.0,2002
360729,2009,0.8121878121878122,1626.0,2002
360729,2010,0.9895104895104895,1981.0,2002
360729,2011,1.1828171828171827,2368.0,2002
360729,2012,1.1828171828171827,2368.0,2002
360729,2013,1.3346653346653348,2672.0,2002
360729,2014,0.2982017982017982,597.0,2002
360729,2015,0.32167832167832167,644.0,2002
360729,2016,0.2977022977022977,596.0,2002
360729,2017,1.2317682317682317,2466.0,2002
360729,2018,2.4035964035964037,4812.0,2002
360729,2019,2.3171828171828173,4639.0,2002
360729,2020,2.101898101898102,4208.0,2002
360730,2000,0.18785084202085003,937.0,4988
360730,2001,0.2289494787489976,1142.0,4988
360730,2002,0.3053327987169206,1523.0,4988
360730,2003,0.2756615878107458,1375.0,4988
360730,2004,0.46952686447473935,2342.0,4988
360730,2005,0.36186848436246993,1805.0,4988
360730,2006,0.37670408981555736,1879.0,4988
360730,2007,0.5425020048115478,2706.0,4988
360730,2008,0.4318364073777065,2154.0,4988
360730,2009,0.9340417000801925,4659.0,4988
360730,2010,0.5864073777064955,2925.0,4988
360730,2011,0.7014835605453087,3499.0,4988
360730,2012,0.6908580593424218,3446.0,4988
360730,2013,0.9145950280673617,4562.0,4988
360730,2014,0.6333199679230153,3159.0,4988
360730,2015,0.5721732157177225,2854.0,4988
360730,2016,0.6303127506014434,3144.0,4988
360730,2017,1.3137530072173216,6553.0,4988
360730,2018,1.3474338412189255,6721.0,4988
360730,2019,1.3690858059342421,6829.0,4988
360730,2020,1.5170408981555734,7567.0,4988
360731,2000,0.2863387978142076,1048.0,3660
360731,2001,0.3448087431693989,1262.0,3660
360731,2002,0.9114754098360656,3336.0,3660
360731,2003,0.7480874316939891,2738.0,3660
360731,2004,0.8316939890710382,3044.0,3660
360731,2005,0.7013661202185792,2567.0,3660
360731,2006,0.6409836065573771,2346.0,3660
360731,2007,1.3240437158469944,4846.0,3660
360731,2008,0.8997267759562841,3293.0,3660
360731,2009,0.826775956284153,3026.0,3660
360731,2010,0.9483606557377049,3471.0,3660
360731,2011,1.3543715846994535,4957.0,3660
360731,2012,1.4166666666666667,5185.0,3660
360731,2013,1.8707650273224044,6847.0,3660
360731,2014,1.0295081967213116,3768.0,3660
360731,2015,1.1459016393442623,4194.0,3660
360731,2016,1.2510928961748633,4579.0,3660
360731,2017,2.4090163934426227,8817.0,3660
360731,2018,2.6814207650273225,9814.0,3660
360731,2019,2.769125683060109,10135.0,3660
360731,2020,3.248087431693989,11888.0,3660
360732,2000,0.45334278289629104,1919.0,4233
360732,2001,0.5719347980155918,2421.0,4233
360732,2002,0.7429718875502008,3145.0,4233
360732,2003,0.7479329081030003,3166.0,4233
360732,2004,0.7637609260571698,3233.0,4233
360732,2005,0.6557996692652964,2776.0,4233
360732,2006,0.545239782660052,2308.0,4233
360732,2007,0.7061185920151193,2989.0,4233
360732,2008,0.5166548547129696,2187.0,4233
360732,2009,0.8240018899125915,3488.0,4233
360732,2010,0.7486416253248287,3169.0,4233
360732,2011,0.703756201275691,2979.0,4233
360732,2012,0.9626742263170328,4075.0,4233
360732,2013,1.246161115048429,5275.0,4233
360732,2014,0.671863926293409,2844.0,4233
360732,2015,0.6331207181667848,2680.0,4233
360732,2016,0.7035199622017482,2978.0,4233
360732,2017,1.2605716985589417,5336.0,4233
360732,2018,1.5362626978502245,6503.0,4233
360732,2019,1.6699740137018664,7069.0,4233
360732,2020,1.8445546893456177,7808.0,4233
360733,2000,0.2509204191447182,886.0,3531
360733,2001,0.2625318606627018,927.0,3531
360733,2002,0.6097422826394789,2153.0,3531
360733,2003,0.5531011045029737,1953.0,3531
360733,2004,0.5375247805154347,1898.0,3531
360733,2005,0.34211271594449166,1208.0,3531
360733,2006,0.3797790994052676,1341.0,3531
360733,2007,0.7499291985273294,2648.0,3531
360733,2008,0.4854148966298499,1714.0,3531
360733,2009,0.4777683375814217,1687.0,3531
360733,2010,0.8714245256301331,3077.0,3531
360733,2011,0.9617672047578589,3396.0,3531
360733,2012,0.9954687057490795,3515.0,3531
360733,2013,1.355706598697253,4787.0,3531
360733,2014,0.5471537807986406,1932.0,3531
360733,2015,0.5375247805154347,1898.0,3531
360733,2016,0.6357972245822713,2245.0,3531
360733,2017,1.124893797790994,3972.0,3531
360733,2018,1.1257434154630417,3975.0,3531
360733,2019,1.265930331350892,4470.0,3531
360733,2020,1.431039365618805,5053.0,3531
360734,2000,0.35802089735709897,1165.0,3254
360734,2001,0.4200983405039951,1367.0,3254
360734,2002,0.43761524277811925,1424.0,3254
360734,2003,0.5338045482483098,1737.0,3254
360734,2004,0.5261216963736939,1712.0,3254
360734,2005,0.4074984634296251,1326.0,3254
360734,2006,0.5961893054701906,1940.0,3254
360734,2007,0.892440073755378,2904.0,3254
360734,2008,0.7077443146896127,2303.0,3254
360734,2009,0.6241548862937922,2031.0,3254
360734,2010,1.167178856791641,3798.0,3254
360734,2011,1.1256914566687155,3663.0,3254
360734,2012,1.452059004302397,4725.0,3254
360734,2013,1.842040565457898,5994.0,3254
360734,2014,0.576521204671174,1876.0,3254
360734,2015,0.4766441303011678,1551.0,3254
360734,2016,0.544560540872772,1772.0,3254
360734,2017,1.1130915795943455,3622.0,3254
360734,2018,1.3693915181315304,4456.0,3254
360734,2019,1.5522433927473878,5051.0,3254
360734,2020,1.5316533497234173,4984.0,3254
360735,2000,0.19953051643192488,425.0,2130
360735,2001,0.2765258215962441,589.0,2130
360735,2002,0.32582159624413143,694.0,2130
360735,2003,0.3427230046948357,730.0,2130
360735,2004,0.4126760563380282,879.0,2130
360735,2005,0.32253521126760565,687.0,2130
360735,2006,0.3032863849765258,646.0,2130
360735,2007,0.4089201877934272,871.0,2130
360735,2008,0.6384976525821596,1360.0,2130
360735,2009,0.9075117370892019,1933.0,2130
360735,2010,1.1502347417840375,2450.0,2130
360735,2011,1.2389671361502348,2639.0,2130
360735,2012,1.3460093896713614,2867.0,2130
360735,2013,1.7328638497652582,3691.0,2130
360735,2014,0.6253521126760564,1332.0,2130
360735,2015,0.7690140845070422,1638.0,2130
360735,2016,0.8976525821596244,1912.0,2130
360735,2017,1.660093896713615,3536.0,2130
360735,2018,1.5938967136150235,3395.0,2130
360735,2019,1.7624413145539906,3754.0,2130
360735,2020,1.967605633802817,4191.0,2130
360781,2000,0.5674108437228182,1957.0,3449
360781,2001,0.7492026674398377,2584.0,3449
360781,2002,0.9101188750362423,3139.0,3449
360781,2003,1.1609162075964048,4004.0,3449
360781,2004,1.3215424760800232,4558.0,3449
360781,2005,1.0739344737605103,3704.0,3449
360781,2006,1.1568570600173964,3990.0,3449
360781,2007,1.5494346187300667,5344.0,3449
360781,2008,1.1820817628298057,4077.0,3449
360781,2009,1.8390837924035952,6343.0,3449
360781,2010,1.9109886923746013,6591.0,3449
360781,2011,2.176572919686866,7507.0,3449
360781,2012,2.2760220353725718,7850.0,3449
360781,2013,3.0069585387068716,10371.0,3449
360781,2014,1.5532038271962887,5357.0,3449
360781,2015,1.39576688895332,4814.0,3449
360781,2016,1.3589446216294578,4687.0,3449
360781,2017,2.2536967236880256,7773.0,3449
360781,2018,2.374891272832705,8191.0,3449
360781,2019,2.5517541316323573,8801.0,3449
360781,2020,3.0942302116555522,10672.0,3449
360783,2000,1.2502172024326672,2878.0,2302
360783,2001,1.6429192006950477,3782.0,2302
360783,2002,2.218505647263249,5107.0,2302
360783,2003,2.6429192006950477,6084.0,2302
360783,2004,2.4800173761946134,5709.0,2302
360783,2005,1.8696785403996525,4304.0,2302
360783,2006,1.7093831450912251,3935.0,2302
360783,2007,1.996524761077324,4596.0,2302
360783,2008,2.089052997393571,4809.0,2302
360783,2009,1.677671589921807,3862.0,2302
360783,2010,2.1329278887923544,4910.0,2302
360783,2011,2.673761946133797,6155.0,2302
360783,2012,2.228062554300608,5129.0,2302
360783,2013,2.3314509122502174,5367.0,2302
360783,2014,1.1155516941789747,2568.0,2302
360783,2015,1.0256298870547351,2361.0,2302
360783,2016,1.1151172893136403,2567.0,2302
360783,2017,2.2823631624674197,5254.0,2302
360783,2018,3.3258036490008687,7656.0,2302
360783,2019,3.6576889661164205,8420.0,2302
360783,2020,3.924847958297133,9035.0,2302
360802,2000,5.700413223140496,2759.0,484
360802,2001,7.37603305785124,3570.0,484
360802,2002,8.650826446280991,4187.0,484
360802,2003,8.615702479338843,4170.0,484
360802,2004,9.22107438016529,4463.0,484
360802,2005,10.229338842975206,4951.0,484
360802,2006,10.820247933884298,5237.0,484
360802,2007,11.636363636363637,5632.0,484
360802,2008,13.97107438016529,6762.0,484
360802,2009,12.27892561983471,5943.0,484
360802,2010,15.59504132231405,7548.0,484
360802,2011,15.727272727272727,7612.0,484
360802,2012,18.526859504132233,8967.0,484
360802,2013,20.479338842975206,9912.0,484
360802,2014,15.361570247933884,7435.0,484
360802,2015,13.942148760330578,6748.0,484
360802,2016,14.77892561983471,7153.0,484
360802,2017,19.880165289256198,9622.0,484
360802,2018,20.75206611570248,10044.0,484
360802,2019,22.202479338842974,10746.0,484
360802,2020,24.89669421487603,12050.0,484
360803,2000,1.2138939670932358,1328.0,1094
360803,2001,1.653564899451554,1809.0,1094
360803,2002,2.226691042047532,2436.0,1094
360803,2003,1.86654478976234,2042.0,1094
360803,2004,2.486288848263254,2720.0,1094
360803,2005,2.0950639853747717,2292.0,1094
360803,2006,1.7925045703839122,1961.0,1094
360803,2007,2.3446069469835464,2565.0,1094
360803,2008,2.363802559414991,2586.0,1094
360803,2009,1.9314442413162705,2113.0,1094
360803,2010,2.0009140767824496,2189.0,1094
360803,2011,3.0521023765996342,3339.0,1094
360803,2012,2.851005484460695,3119.0,1094
360803,2013,3.6078610603290677,3947.0,1094
360803,2014,3.5228519195612433,3854.0,1094
360803,2015,3.326325411334552,3639.0,1094
360803,2016,3.4680073126142594,3794.0,1094
360803,2017,4.926873857404022,5390.0,1094
360803,2018,4.836380255941499,5291.0,1094
360803,2019,5.211151736745887,5701.0,1094
360803,2020,5.572212065813528,6096.0,1094
360821,2000,0.36576168929110103,970.0,2652
360821,2001,0.6289592760180995,1668.0,2652
360821,2002,0.8815987933634992,2338.0,2652
360821,2003,0.6757164404223228,1792.0,2652
360821,2004,1.2779034690799396,3389.0,2652
360821,2005,1.18815987933635,3151.0,2652
360821,2006,1.0727752639517345,2845.0,2652
360821,2007,1.5746606334841629,4176.0,2652
360821,2008,1.2526395173453997,3322.0,2652
360821,2009,0.9351432880844646,2480.0,2652
360821,2010,1.4996229260935143,3977.0,2652
360821,2011,2.0312971342383106,5387.0,2652
360821,2012,1.7337858220211162,4598.0,2652
360821,2013,2.195324283559578,5822.0,2652
360821,2014,1.7560331825037707,4657.0,2652
360821,2015,1.7541478129713424,4652.0,2652
360821,2016,2.5505279034690798,6764.0,2652
360821,2017,3.1538461538461537,8364.0,2652
360821,2018,3.2164404223227754,8530.0,2652
360821,2019,3.679864253393665,9759.0,2652
360821,2020,4.106334841628959,10890.0,2652
360822,2000,0.4106650321789764,1340.0,3263
360822,2001,0.6920012258657677,2258.0,3263
360822,2002,0.7998774134232302,2610.0,3263
360822,2003,0.45878026356114004,1497.0,3263
360822,2004,0.6978240882623353,2277.0,3263
360822,2005,0.5798345081213607,1892.0,3263
360822,2006,0.47778118296046584,1559.0,3263
360822,2007,0.7232608029420778,2360.0,3263
360822,2008,0.5853509040760037,1910.0,3263
360822,2009,0.5415262028807846,1767.0,3263
360822,2010,0.702727551333129,2293.0,3263
360822,2011,1.003064664419246,3273.0,3263
360822,2012,0.9212381244253754,3006.0,3263
360822,2013,1.3521299417713761,4412.0,3263
360822,2014,0.7735212994177137,2524.0,3263
360822,2015,0.47594238430891816,1553.0,3263
360822,2016,0.37174379405455105,1213.0,3263
360822,2017,1.0922463990193074,3564.0,3263
360822,2018,1.2614158749616917,4116.0,3263
360822,2019,1.1247318418633159,3670.0,3263
360822,2020,1.1642660128715905,3799.0,3263
360823,2000,0.3812785388127854,668.0,1752
360823,2001,0.91837899543379,1609.0,1752
360823,2002,0.920662100456621,1613.0,1752
360823,2003,0.5062785388127854,887.0,1752
360823,2004,0.702054794520548,1230.0,1752
360823,2005,0.5422374429223744,950.0,1752
360823,2006,0.5536529680365296,970.0,1752
360823,2007,0.8498858447488584,1489.0,1752
360823,2008,0.6198630136986302,1086.0,1752
360823,2009,0.3881278538812785,680.0,1752
360823,2010,0.9914383561643836,1737.0,1752
360823,2011,1.3396118721461188,2347.0,1752
360823,2012,1.1255707762557077,1972.0,1752
360823,2013,1.3144977168949772,2303.0,1752
360823,2014,0.5422374429223744,950.0,1752
360823,2015,0.3065068493150685,537.0,1752
360823,2016,0.4594748858447489,805.0,1752
360823,2017,0.6221461187214612,1090.0,1752
360823,2018,0.6015981735159818,1054.0,1752
360823,2019,0.4514840182648402,791.0,1752
360823,2020,0.6341324200913242,1111.0,1752
360824,2000,0.6951672862453532,1122.0,1614
360824,2001,0.9423791821561338,1521.0,1614
360824,2002,0.9807930607187113,1583.0,1614
360824,2003,0.661090458488228,1067.0,1614
360824,2004,0.9640644361833953,1556.0,1614
360824,2005,0.9962825278810409,1608.0,1614
360824,2006,1.3159851301115242,2124.0,1614
360824,2007,1.4671623296158611,2368.0,1614
360824,2008,1.5353159851301115,2478.0,1614
360824,2009,1.181536555142503,1907.0,1614
360824,2010,1.4584882280049567,2354.0,1614
360824,2011,1.731722428748451,2795.0,1614
360824,2012,1.724287484510533,2783.0,1614
360824,2013,2.2905824039653035,3697.0,1614
360824,2014,0.4281288723667906,691.0,1614
360824,2015,0.6895910780669146,1113.0,1614
360824,2016,0.8965303593556382,1447.0,1614
360824,2017,2.1053283767038415,3398.0,1614
360824,2018,1.6728624535315986,2700.0,1614
360824,2019,2.171003717472119,3504.0,1614
360824,2020,2.0675340768277573,3337.0,1614
360825,2000,0.13344226579520696,490.0,3672
360825,2001,0.19961873638344227,733.0,3672
360825,2002,0.27124183006535946,996.0,3672
360825,2003,0.35266884531590414,1295.0,3672
360825,2004,0.45206971677559915,1660.0,3672
360825,2005,0.35076252723311546,1288.0,3672
360825,2006,0.2750544662309368,1010.0,3672
360825,2007,0.3474945533769063,1276.0,3672
360825,2008,0.2366557734204793,869.0,3672
360825,2009,0.24482570806100218,899.0,3672
360825,2010,0.5514705882352942,2025.0,3672
360825,2011,0.8085511982570807,2969.0,3672
360825,2012,0.5789760348583878,2126.0,3672
360825,2013,0.8123638344226579,2983.0,3672
360825,2014,0.8605664488017429,3160.0,3672
360825,2015,0.7325708061002179,2690.0,3672
360825,2016,0.6808278867102396,2500.0,3672
360825,2017,1.1424291938997821,4195.0,3672
360825,2018,1.1015795206971677,4045.0,3672
360825,2019,1.269880174291939,4663.0,3672
360825,2020,1.2380174291938997,4546.0,3672
360826,2000,0.622836319465533,2051.0,3293
360826,2001,0.7233525660491953,2382.0,3293
360826,2002,1.1111448527178864,3659.0,3293
360826,2003,0.8849073792894018,2914.0,3293
360826,2004,1.5068326753720012,4962.0,3293
360826,2005,1.019738839963559,3358.0,3293
360826,2006,0.6477376252657151,2133.0,3293
360826,2007,0.9365320376556332,3084.0,3293
360826,2008,0.8654722137868205,2850.0,3293
360826,2009,0.7746735499544488,2551.0,3293
360826,2010,0.9702399028241725,3195.0,3293
360826,2011,1.07561494078348,3542.0,3293
360826,2012,1.028849073792894,3388.0,3293
360826,2013,1.1682356513817187,3847.0,3293
360826,2014,0.8542362587306408,2813.0,3293
360826,2015,1.0409960522320072,3428.0,3293
360826,2016,1.1582143941694503,3814.0,3293
360826,2017,1.9526267840874583,6430.0,3293
360826,2018,2.0370482842392956,6708.0,3293
360826,2019,2.373519587002733,7816.0,3293
360826,2020,2.64287883389007,8703.0,3293
360827,2000,0.3643170668732249,1411.0,3873
360827,2001,0.4433255873999484,1717.0,3873
360827,2002,0.6470436354247353,2506.0,3873
360827,2003,0.8329460366640847,3226.0,3873
360827,2004,0.8058352698166795,3121.0,3873
360827,2005,0.6880970823650917,2665.0,3873
360827,2006,0.592563903950426,2295.0,3873
360827,2007,0.678285566744126,2627.0,3873
360827,2008,0.5845597727859541,2264.0,3873
360827,2009,0.34624322230828813,1341.0,3873
360827,2010,0.5153627678801962,1996.0,3873
360827,2011,0.683707720113607,2648.0,3873
360827,2012,0.6361993286857733,2464.0,3873
360827,2013,0.774593338497289,3000.0,3873
360827,2014,0.5520268525690679,2138.0,3873
360827,2015,0.33849728892331526,1311.0,3873
360827,2016,0.3077717531629228,1192.0,3873
360827,2017,0.6899044668215853,2672.0,3873
360827,2018,0.7650400206558223,2963.0,3873
360827,2019,0.9981926155435064,3866.0,3873
360827,2020,1.0526723470178156,4077.0,3873
360828,2000,0.24704244954766874,710.0,2874
360828,2001,0.4328462073764788,1244.0,2874
360828,2002,0.7341684064022269,2110.0,2874
360828,2003,0.7713987473903967,2217.0,2874
360828,2004,0.7188587334725122,2066.0,2874
360828,2005,0.7070285316631872,2032.0,2874
360828,2006,0.5654140570633264,1625.0,2874
360828,2007,0.615866388308977,1770.0,2874
360828,2008,0.5675017397355602,1631.0,2874
360828,2009,0.28983994432846205,833.0,2874
360828,2010,0.42971468336812807,1235.0,2874
360828,2011,0.5935977731384829,1706.0,2874
360828,2012,0.6332637439109255,1820.0,2874
360828,2013,0.8110647181628392,2331.0,2874
360828,2014,0.11343075852470424,326.0,2874
360828,2015,0.13917884481558804,400.0,2874
360828,2016,0.19206680584551147,552.0,2874
360828,2017,0.41579679888656923,1195.0,2874
360828,2018,0.3420320111343076,983.0,2874
360828,2019,0.4349338900487126,1250.0,2874
360828,2020,0.6022964509394572,1731.0,2874
360829,2000,0.1840769436281058,689.0,3743
360829,2001,0.2815923056371894,1054.0,3743
360829,2002,0.3665508950040075,1372.0,3743
360829,2003,0.21453379641998396,803.0,3743
360829,2004,0.4643334223884585,1738.0,3743
360829,2005,0.4776916911568261,1788.0,3743
360829,2006,0.5177664974619289,1938.0,3743
360829,2007,0.7352391130109538,2752.0,3743
360829,2008,0.5661234304034197,2119.0,3743
360829,2009,0.41196900881645737,1542.0,3743
360829,2010,0.6056639059577879,2267.0,3743
360829,2011,0.7119957253539941,2665.0,3743
360829,2012,0.7368421052631579,2758.0,3743
360829,2013,0.8071065989847716,3021.0,3743
360829,2014,0.3534597916110072,1323.0,3743
360829,2015,0.2762489981298424,1034.0,3743
360829,2016,0.17205450173657494,644.0,3743
360829,2017,0.5776115415442159,2162.0,3743
360829,2018,0.6900881645738712,2583.0,3743
360829,2019,0.9471012556772642,3545.0,3743
360829,2020,0.9014159764894469,3374.0,3743
360830,2000,0.15917798676419367,457.0,2871
360830,2001,0.22187391152908395,637.0,2871
360830,2002,0.35841170323928945,1029.0,2871
360830,2003,0.35841170323928945,1029.0,2871
360830,2004,0.587251828631139,1686.0,2871
360830,2005,0.4284221525600836,1230.0,2871
360830,2006,0.40264716126785094,1156.0,2871
360830,2007,0.5412748171368861,1554.0,2871
360830,2008,0.5245559038662487,1506.0,2871
360830,2009,0.36189481017067227,1039.0,2871
360830,2010,0.5053988157436433,1451.0,2871
360830,2011,0.9867641936607454,2833.0,2871
360830,2012,0.8899338209683038,2555.0,2871
360830,2013,0.7938000696621387,2279.0,2871
360830,2014,0.3037269244165796,872.0,2871
360830,2015,0.24695228143504006,709.0,2871
360830,2016,0.25879484500174155,743.0,2871
360830,2017,0.7074190177638453,2031.0,2871
360830,2018,0.7903169627307558,2269.0,2871
360830,2019,0.7913618948101707,2272.0,2871
360830,2020,0.8523162661093695,2447.0,2871
360881,2000,0.2901606425702811,578.0,1992
360881,2001,0.5928714859437751,1181.0,1992
360881,2002,0.7766064257028112,1547.0,1992
360881,2003,0.9176706827309237,1828.0,1992
360881,2004,1.872991967871486,3731.0,1992
360881,2005,1.1927710843373494,2376.0,1992
360881,2006,0.9076305220883534,1808.0,1992
360881,2007,1.5672690763052208,3122.0,1992
360881,2008,1.1571285140562249,2305.0,1992
360881,2009,1.0602409638554218,2112.0,1992
360881,2010,1.2781124497991967,2546.0,1992
360881,2011,1.911144578313253,3807.0,1992
360881,2012,1.9407630522088353,3866.0,1992
360881,2013,2.1265060240963853,4236.0,1992
360881,2014,0.9553212851405622,1903.0,1992
360881,2015,0.9929718875502008,1978.0,1992
360881,2016,0.7921686746987951,1578.0,1992
360881,2017,1.3353413654618473,2660.0,1992
360881,2018,1.6706827309236947,3328.0,1992
360881,2019,1.3348393574297188,2659.0,1992
360881,2020,1.4312248995983936,2851.0,1992
360902,2000,0.8470725313137197,2908.0,3433
360902,2001,1.1203029420332071,3846.0,3433
360902,2002,1.714244101369065,5885.0,3433
360902,2003,2.4998543547917276,8582.0,3433
360902,2004,2.991261287503641,10269.0,3433
360902,2005,2.9076609379551415,9982.0,3433
360902,2006,2.265074279056219,7776.0,3433
360902,2007,2.8881444800466065,9915.0,3433
360902,2008,2.4986891931255464,8578.0,3433
360902,2009,1.7352170113603262,5957.0,3433
360902,2010,3.0614622778910574,10510.0,3433
360902,2011,3.9382464316923973,13520.0,3433
360902,2012,3.9630061170987476,13605.0,3433
360902,2013,4.4972327410428194,15439.0,3433
360902,2014,2.6070492280803963,8950.0,3433
360902,2015,2.6519079522283717,9104.0,3433
360902,2016,2.6338479464025633,9042.0,3433
360902,2017,4.436061753568308,15229.0,3433
360902,2018,4.903291581706962,16833.0,3433
360902,2019,5.743373143023595,19717.0,3433
360902,2020,6.756189921351588,23194.0,3433
360921,2000,0.5369668246445498,1133.0,2110
360921,2001,0.5943127962085308,1254.0,2110
360921,2002,1.2682464454976303,2676.0,2110
360921,2003,2.2350710900473936,4716.0,2110
360921,2004,2.31042654028436,4875.0,2110
360921,2005,2.08436018957346,4398.0,2110
360921,2006,1.6080568720379147,3393.0,2110
360921,2007,2.44218009478673,5153.0,2110
360921,2008,2.0976303317535545,4426.0,2110
360921,2009,1.7379146919431279,3667.0,2110
360921,2010,2.233175355450237,4712.0,2110
360921,2011,2.4919431279620854,5258.0,2110
360921,2012,2.4109004739336495,5087.0,2110
360921,2013,2.1246445497630333,4483.0,2110
360921,2014,0.6867298578199053,1449.0,2110
360921,2015,0.8028436018957346,1694.0,2110
360921,2016,0.8469194312796209,1787.0,2110
360921,2017,1.9080568720379147,4026.0,2110
360921,2018,1.909478672985782,4029.0,2110
360921,2019,2.4151658767772513,5096.0,2110
360921,2020,3.1478672985781992,6642.0,2110
360922,2000,0.45812584880036217,1012.0,2209
360922,2001,0.5391579900407424,1191.0,2209
360922,2002,0.6496152105024898,1435.0,2209
360922,2003,1.0226346763241285,2259.0,2209
360922,2004,1.330466274332277,2939.0,2209
360922,2005,1.3236758714350385,2924.0,2209
360922,2006,1.0054323223177908,2221.0,2209
360922,2007,1.5604345857854234,3447.0,2209
360922,2008,1.1887732005432323,2626.0,2209
360922,2009,0.7387958352195564,1632.0,2209
360922,2010,0.9769126301493889,2158.0,2209
360922,2011,1.2209144409234949,2697.0,2209
360922,2012,1.1190583974649162,2472.0,2209
360922,2013,1.4246265278406518,3147.0,2209
360922,2014,0.6867360796740607,1517.0,2209
360922,2015,0.7999094612947035,1767.0,2209
360922,2016,0.7175192394748755,1585.0,2209
360922,2017,1.4852874603893165,3281.0,2209
360922,2018,1.7320054323223177,3826.0,2209
360922,2019,2.2159348121321867,4895.0,2209
360922,2020,2.5540968764146674,5642.0,2209
360923,2000,0.6067605633802817,1077.0,1775
360923,2001,0.8647887323943662,1535.0,1775
360923,2002,1.1149295774647887,1979.0,1775
360923,2003,1.6529577464788732,2934.0,1775
360923,2004,2.131830985915493,3784.0,1775
360923,2005,2.019718309859155,3585.0,1775
360923,2006,2.103098591549296,3733.0,1775
360923,2007,3.335211267605634,5920.0,1775
360923,2008,2.1684507042253522,3849.0,1775
360923,2009,1.6653521126760564,2956.0,1775
360923,2010,2.976338028169014,5283.0,1775
360923,2011,3.31943661971831,5892.0,1775
360923,2012,2.96056338028169,5255.0,1775
360923,2013,3.5092957746478874,6229.0,1775
360923,2014,1.8174647887323945,3226.0,1775
360923,2015,1.688450704225352,2997.0,1775
360923,2016,2.0140845070422535,3575.0,1775
360923,2017,4.811267605633803,8540.0,1775
360923,2018,5.0552112676056336,8973.0,1775
360923,2019,5.738591549295775,10186.0,1775
360923,2020,6.332394366197183,11240.0,1775
360924,2000,0.49636711281070744,1298.0,2615
360924,2001,0.464244741873805,1214.0,2615
360924,2002,0.595793499043977,1558.0,2615
360924,2003,0.7483747609942638,1957.0,2615
360924,2004,1.3789674952198854,3606.0,2615
360924,2005,1.4470363288718928,3784.0,2615
360924,2006,1.5292543021032505,3999.0,2615
360924,2007,2.2508604206500955,5886.0,2615
360924,2008,1.3904397705544933,3636.0,2615
360924,2009,0.7889101338432123,2063.0,2615
360924,2010,1.7996175908221796,4706.0,2615
360924,2011,2.0340344168260036,5319.0,2615
360924,2012,1.864244741873805,4875.0,2615
360924,2013,1.8309751434034416,4788.0,2615
360924,2014,0.8535372848948375,2232.0,2615
360924,2015,0.9782026768642448,2558.0,2615
360924,2016,1.0080305927342257,2636.0,2615
360924,2017,2.3449330783938813,6132.0,2615
360924,2018,2.7434034416826005,7174.0,2615
360924,2019,3.01453154875717,7883.0,2615
360924,2020,3.3709369024856595,8815.0,2615
360925,2000,0.41468354430379745,819.0,1975
360925,2001,0.39746835443037976,785.0,1975
360925,2002,0.5544303797468354,1095.0,1975
360925,2003,1.2744303797468355,2517.0,1975
360925,2004,1.1453164556962026,2262.0,1975
360925,2005,0.9893670886075949,1954.0,1975
360925,2006,0.8212658227848101,1622.0,1975
360925,2007,1.3235443037974683,2614.0,1975
360925,2008,1.1088607594936708,2190.0,1975
360925,2009,0.9630379746835444,1902.0,1975
360925,2010,1.2227848101265824,2415.0,1975
360925,2011,1.3164556962025316,2600.0,1975
360925,2012,1.7843037974683544,3524.0,1975
360925,2013,2.3848101265822783,4710.0,1975
360925,2014,0.7088607594936709,1400.0,1975
360925,2015,0.5665822784810126,1119.0,1975
360925,2016,0.42632911392405065,842.0,1975
360925,2017,0.9331645569620253,1843.0,1975
360925,2018,0.9934177215189873,1962.0,1975
360925,2019,1.4318987341772151,2828.0,1975
360925,2020,1.6030379746835444,3166.0,1975
360926,2000,0.22461394478240523,480.0,2137
360926,2001,0.13008890968647638,278.0,2137
360926,2002,0.21385119326158167,457.0,2137
360926,2003,0.3191389798783341,682.0,2137
360926,2004,0.4384651380439869,937.0,2137
360926,2005,0.4244267664950866,907.0,2137
360926,2006,0.5105287786616752,1091.0,2137
360926,2007,0.8717828731867103,1863.0,2137
360926,2008,0.5133364529714554,1097.0,2137
360926,2009,0.36452971455311184,779.0,2137
360926,2010,0.685072531586336,1464.0,2137
360926,2011,0.9326158165652785,1993.0,2137
360926,2012,0.6579316799251287,1406.0,2137
360926,2013,0.7103416003743566,1518.0,2137
360926,2014,0.30088909686476367,643.0,2137
360926,2015,0.38511932615816563,823.0,2137
360926,2016,0.27702386523163314,592.0,2137
360926,2017,0.6223678053345811,1330.0,2137
360926,2018,0.5732335049134301,1225.0,2137
360926,2019,0.5634066448291998,1204.0,2137
360926,2020,0.7365465605989705,1574.0,2137
360981,2000,1.206530612244898,4434.0,3675
360981,2001,1.6824489795918367,6183.0,3675
360981,2002,1.915374149659864,7039.0,3675
360981,2003,2.530068027210884,9298.0,3675
360981,2004,3.635374149659864,13360.0,3675
360981,2005,3.3564625850340137,12335.0,3675
360981,2006,3.365442176870748,12368.0,3675
360981,2007,3.9695238095238095,14588.0,3675
360981,2008,3.59156462585034,13199.0,3675
360981,2009,3.4522448979591838,12687.0,3675
360981,2010,4.121360544217687,15146.0,3675
360981,2011,4.454421768707483,16370.0,3675
360981,2012,3.898503401360544,14327.0,3675
360981,2013,4.382312925170068,16105.0,3675
360981,2014,3.3401360544217686,12275.0,3675
360981,2015,2.6579591836734693,9768.0,3675
360981,2016,2.7654421768707484,10163.0,3675
360981,2017,4.8631292517006806,17872.0,3675
360981,2018,4.795918367346939,17625.0,3675
360981,2019,4.7765986394557824,17554.0,3675
360981,2020,5.8565986394557825,21523.0,3675
360982,2000,1.390326209223847,2472.0,1778
360982,2001,2.5303712035995503,4499.0,1778
360982,2002,2.6692913385826773,4746.0,1778
360982,2003,2.389201349831271,4248.0,1778
360982,2004,3.482564679415073,6192.0,1778
360982,2005,3.0230596175478066,5375.0,1778
360982,2006,2.655793025871766,4722.0,1778
360982,2007,3.9803149606299213,7077.0,1778
360982,2008,3.173228346456693,5642.0,1778
360982,2009,2.1445444319460067,3813.0,1778
360982,2010,3.186164229471316,5665.0,1778
360982,2011,3.8863892013498313,6910.0,1778
360982,2012,3.139482564679415,5582.0,1778
360982,2013,4.046119235095613,7194.0,1778
360982,2014,3.303712035995501,5874.0,1778
360982,2015,3.142294713160855,5587.0,1778
360982,2016,3.233970753655793,5750.0,1778
360982,2017,5.280089988751406,9388.0,1778
360982,2018,5.841394825646794,10386.0,1778
360982,2019,6.155793025871766,10945.0,1778
360982,2020,7.631608548931384,13569.0,1778
360983,2000,1.0201845444059976,3538.0,3468
360983,2001,1.1320645905420992,3926.0,3468
360983,2002,1.6900230680507498,5861.0,3468
360983,2003,2.107843137254902,7310.0,3468
360983,2004,2.4691464821222606,8563.0,3468
360983,2005,2.073529411764706,7191.0,3468
360983,2006,1.5178777393310265,5264.0,3468
360983,2007,2.701845444059977,9370.0,3468
360983,2008,2.2549019607843137,7820.0,3468
360983,2009,1.6577277970011535,5749.0,3468
360983,2010,2.7641291810841984,9586.0,3468
360983,2011,3.486159169550173,12090.0,3468
360983,2012,2.952710495963091,10240.0,3468
360983,2013,3.1681084198385236,10987.0,3468
360983,2014,2.043829296424452,7088.0,3468
360983,2015,2.1006343713956173,7285.0,3468
360983,2016,2.0126874279123412,6980.0,3468
360983,2017,4.589677047289504,15917.0,3468
360983,2018,4.826124567474048,16737.0,3468
360983,2019,5.679642445213379,19697.0,3468
360983,2020,6.171280276816609,21402.0,3468
361002,2000,1.2019410227696903,3220.0,2679
361002,2001,1.567002612915267,4198.0,2679
361002,2002,2.8768197088465843,7707.0,2679
361002,2003,3.8174692049272116,10227.0,2679
361002,2004,3.6099290780141846,9671.0,2679
361002,2005,3.354609929078014,8987.0,2679
361002,2006,3.210153042179918,8600.0,2679
361002,2007,3.8615154908547966,10345.0,2679
361002,2008,4.056364315042926,10867.0,2679
361002,2009,4.045166106756253,10837.0,2679
361002,2010,4.437849944008959,11889.0,2679
361002,2011,5.1452034341172075,13784.0,2679
361002,2012,5.11123553564763,13693.0,2679
361002,2013,5.2665173572228445,14109.0,2679
361002,2014,3.754385964912281,10058.0,2679
361002,2015,4.134751773049645,11077.0,2679
361002,2016,4.116461366181411,11028.0,2679
361002,2017,6.391190742814483,17122.0,2679
361002,2018,6.740574841358716,18058.0,2679
361002,2019,7.412840612168719,19859.0,2679
361002,2020,8.492721164613663,22752.0,2679
361003,2000,0.8356890459363958,1419.0,1698
361003,2001,1.1878680800942285,2017.0,1698
361003,2002,1.3692579505300353,2325.0,1698
361003,2003,1.8722025912838633,3179.0,1698
361003,2004,1.9028268551236749,3231.0,1698
361003,2005,1.886336866902238,3203.0,1698
361003,2006,1.453474676089517,2468.0,1698
361003,2007,2.022968197879859,3435.0,1698
361003,2008,2.176678445229682,3696.0,1698
361003,2009,1.7461719670200235,2965.0,1698
361003,2010,2.6625441696113072,4521.0,1698
361003,2011,3.3015312131919905,5606.0,1698
361003,2012,3.012367491166078,5115.0,1698
361003,2013,3.877502944640754,6584.0,1698
361003,2014,2.6095406360424027,4431.0,1698
361003,2015,3.2249705535924615,5476.0,1698
361003,2016,3.2449941107184923,5510.0,1698
361003,2017,4.89281507656066,8308.0,1698
361003,2018,4.875147232037691,8278.0,1698
361003,2019,5.255005889281508,8923.0,1698
361003,2020,6.413427561837456,10890.0,1698
361021,2000,0.3842897460018815,817.0,2126
361021,2001,0.6665098777046096,1417.0,2126
361021,2002,1.0931326434619002,2324.0,2126
361021,2003,1.2836312323612418,2729.0,2126
361021,2004,1.2803386641580432,2722.0,2126
361021,2005,1.132173095014111,2407.0,2126
361021,2006,0.8908748824082785,1894.0,2126
361021,2007,1.3269049858889934,2821.0,2126
361021,2008,1.0531514581373471,2239.0,2126
361021,2009,1.4967074317968014,3182.0,2126
361021,2010,1.5456255879586076,3286.0,2126
361021,2011,1.751175917215428,3723.0,2126
361021,2012,1.6086547507055504,3420.0,2126
361021,2013,2.07761053621825,4417.0,2126
361021,2014,0.839134524929445,1784.0,2126
361021,2015,0.7605832549388523,1617.0,2126
361021,2016,0.9205079962370649,1957.0,2126
361021,2017,1.6204139228598307,3445.0,2126
361021,2018,1.5738476011288804,3346.0,2126
361021,2019,1.7704609595484477,3764.0,2126
361021,2020,2.2220131702728128,4724.0,2126
361022,2000,0.16537132987910189,383.0,2316
361022,2001,0.22322970639032816,517.0,2316
361022,2002,0.6675302245250432,1546.0,2316
361022,2003,0.9395509499136442,2176.0,2316
361022,2004,0.57426597582038,1330.0,2316
361022,2005,0.36053540587219346,835.0,2316
361022,2006,0.3635578583765112,842.0,2316
361022,2007,0.7659758203799655,1774.0,2316
361022,2008,0.6101036269430051,1413.0,2316
361022,2009,0.6360103626943006,1473.0,2316
361022,2010,0.9093264248704663,2106.0,2316
361022,2011,1.1170120898100173,2587.0,2316
361022,2012,0.9430051813471503,2184.0,2316
361022,2013,1.057426597582038,2449.0,2316
361022,2014,0.25734024179620035,596.0,2316
361022,2015,0.29620034542314333,686.0,2316
361022,2016,0.2918825561312608,676.0,2316
361022,2017,0.5038860103626943,1167.0,2316
361022,2018,0.9231433506044905,2138.0,2316
361022,2019,1.1174438687392054,2588.0,2316
361022,2020,1.3126079447322971,3040.0,2316
361023,2000,0.36342136381553014,922.0,2537
361023,2001,0.5983445013795822,1518.0,2537
361023,2002,0.6168703192747339,1565.0,2537
361023,2003,0.7780843515963737,1974.0,2537
361023,2004,1.1166732361056366,2833.0,2537
361023,2005,1.0796216003153332,2739.0,2537
361023,2006,0.8789909341742215,2230.0,2537
361023,2007,1.1781631848640126,2989.0,2537
361023,2008,0.8115884903429247,2059.0,2537
361023,2009,1.176192353173039,2984.0,2537
361023,2010,1.1143082380764682,2827.0,2537
361023,2011,1.2830114308238076,3255.0,2537
361023,2012,1.0500591249507292,2664.0,2537
361023,2013,1.3823413480488767,3507.0,2537
361023,2014,0.6625936145053213,1681.0,2537
361023,2015,0.8971225857311785,2276.0,2537
361023,2016,0.8159243200630666,2070.0,2537
361023,2017,1.3957430035474971,3541.0,2537
361023,2018,1.541190382341348,3910.0,2537
361023,2019,1.686637761135199,4279.0,2537
361023,2020,1.90894757587702,4843.0,2537
361024,2000,0.17180394138453764,340.0,1979
361024,2001,0.3168266801414856,627.0,1979
361024,2002,0.5199595755432036,1029.0,1979
361024,2003,0.6043456291056089,1196.0,1979
361024,2004,0.9090449722081859,1799.0,1979
361024,2005,0.751389590702375,1487.0,1979
361024,2006,0.7731177362304194,1530.0,1979
361024,2007,1.257200606366852,2488.0,1979
361024,2008,0.8332491157150076,1649.0,1979
361024,2009,0.4861040929762506,962.0,1979
361024,2010,1.0353713996968166,2049.0,1979
361024,2011,1.2501263264274887,2474.0,1979
361024,2012,1.1339060131379484,2244.0,1979
361024,2013,1.223345123799899,2421.0,1979
361024,2014,0.449722081859525,890.0,1979
361024,2015,0.5558362809499747,1100.0,1979
361024,2016,0.9338049519959576,1848.0,1979
361024,2017,1.7200606366851945,3404.0,1979
361024,2018,2.1440121273370387,4243.0,1979
361024,2019,2.5022738756947955,4952.0,1979
361024,2020,3.1283476503284486,6191.0,1979
361025,2000,0.12058023572076156,399.0,3309
361025,2001,0.19673617407071622,651.0,3309
361025,2002,0.16802659413720158,556.0,3309
361025,2003,0.12571773949833787,416.0,3309
361025,2004,0.2985796313085524,988.0,3309
361025,2005,0.27682079177999397,916.0,3309
361025,2006,0.21668177697189483,717.0,3309
361025,2007,0.352372317920822,1166.0,3309
361025,2008,0.2387428226050166,790.0,3309
361025,2009,0.2611060743427017,864.0,3309
361025,2010,0.37866424901783013,1253.0,3309
361025,2011,0.5893019038984587,1950.0,3309
361025,2012,0.2825627077666969,935.0,3309
361025,2013,0.4932003626473255,1632.0,3309
361025,2014,0.3306134783922635,1094.0,3309
361025,2015,0.19250528860682986,637.0,3309
361025,2016,0.17407071622846781,576.0,3309
361025,2017,0.3584164400120882,1186.0,3309
361025,2018,0.4986400725294651,1650.0,3309
361025,2019,0.5738893925657298,1899.0,3309
361025,2020,0.6258688425506195,2071.0,3309
361026,2000,0.07845303867403315,213.0,2715
361026,2001,0.10865561694290976,295.0,2715
361026,2002,0.12007366482504604,326.0,2715
361026,2003,0.18747697974217312,509.0,2715
361026,2004,0.2847145488029466,773.0,2715
361026,2005,0.15948434622467772,433.0,2715
361026,2006,0.10644567219152855,289.0,2715
361026,2007,0.3966850828729282,1077.0,2715
361026,2008,0.40736648250460405,1106.0,2715
361026,2009,0.4445672191528545,1207.0,2715
361026,2010,0.5815837937384899,1579.0,2715
361026,2011,0.6784530386740332,1842.0,2715
361026,2012,0.49281767955801103,1338.0,2715
361026,2013,0.6379373848987109,1732.0,2715
361026,2014,0.15469613259668508,420.0,2715
361026,2015,0.13885819521178638,377.0,2715
361026,2016,0.10165745856353592,276.0,2715
361026,2017,0.38047882136279926,1033.0,2715
361026,2018,0.30939226519337015,840.0,2715
361026,2019,0.3797421731123389,1031.0,2715
361026,2020,0.49576427255985267,1346.0,2715
361027,2000,0.2013669821240799,383.0,1902
361027,2001,0.286540483701367,545.0,1902
361027,2002,0.5383806519453207,1024.0,1902
361027,2003,0.8291272344900105,1577.0,1902
361027,2004,0.9800210304942166,1864.0,1902
361027,2005,0.9484752891692955,1804.0,1902
361027,2006,0.7939011566771819,1510.0,1902
361027,2007,1.3990536277602523,2661.0,1902
361027,2008,1.6708727655099895,3178.0,1902
361027,2009,1.2329127234490012,2345.0,1902
361027,2010,1.535751840168244,2921.0,1902
361027,2011,1.8958990536277602,3606.0,1902
361027,2012,1.8354363827549947,3491.0,1902
361027,2013,1.934279705573081,3679.0,1902
361027,2014,0.6366982124079916,1211.0,1902
361027,2015,0.4879074658254469,928.0,1902
361027,2016,0.4800210304942166,913.0,1902
361027,2017,1.3937960042060988,2651.0,1902
361027,2018,1.3333333333333333,2536.0,1902
361027,2019,1.359621451104101,2586.0,1902
361027,2020,1.6451104100946372,3129.0,1902
361028,2000,0.15104740904079383,274.0,1814
361028,2001,0.20782800441014332,377.0,1814
361028,2002,0.27783902976846747,504.0,1814
361028,2003,0.26405733186328556,479.0,1814
361028,2004,0.2894156560088203,525.0,1814
361028,2005,0.27839029768467477,505.0,1814
361028,2006,0.14002205071664828,254.0,1814
361028,2007,0.45148842337375966,819.0,1814
361028,2008,0.6719955898566703,1219.0,1814
361028,2009,0.35667034178610807,647.0,1814
361028,2010,0.5920617420066152,1074.0,1814
361028,2011,0.7502756339581036,1361.0,1814
361028,2012,0.7023153252480706,1274.0,1814
361028,2013,0.7883131201764058,1430.0,1814
361028,2014,0.40959206174200663,743.0,1814
361028,2015,0.3671444321940463,666.0,1814
361028,2016,0.308710033076075,560.0,1814
361028,2017,0.7557883131201764,1371.0,1814
361028,2018,0.8252480705622933,1497.0,1814
361028,2019,0.7861080485115767,1426.0,1814
361028,2020,1.0970231532524808,1990.0,1814
361030,2000,0.26336898395721925,591.0,2244
361030,2001,0.33511586452762926,752.0,2244
361030,2002,0.35962566844919786,807.0,2244
361030,2003,0.2696078431372549,605.0,2244
361030,2004,0.3894830659536542,874.0,2244
361030,2005,0.3890374331550802,873.0,2244
361030,2006,0.3360071301247772,754.0,2244
361030,2007,0.5329768270944741,1196.0,2244
361030,2008,0.44696969696969696,1003.0,2244
361030,2009,0.6524064171122995,1464.0,2244
361030,2010,0.6813725490196079,1529.0,2244
361030,2011,0.7798573975044564,1750.0,2244
361030,2012,0.8449197860962567,1896.0,2244
361030,2013,1.1524064171122994,2586.0,2244
361030,2014,0.5508021390374331,1236.0,2244
361030,2015,0.7237076648841355,1624.0,2244
361030,2016,0.6448306595365418,1447.0,2244
361030,2017,1.089126559714795,2444.0,2244
361030,2018,1.0334224598930482,2319.0,2244
361030,2019,1.36096256684492,3054.0,2244
361030,2020,1.2905525846702317,2896.0,2244
361102,2000,5.327272727272727,1758.0,330
361102,2001,6.633333333333334,2189.0,330
361102,2002,9.43939393939394,3115.0,330
361102,2003,9.915151515151516,3272.0,330
361102,2004,13.684848484848485,4516.0,330
361102,2005,11.366666666666667,3751.0,330
361102,2006,9.663636363636364,3189.0,330
361102,2007,11.754545454545454,3879.0,330
361102,2008,13.596969696969698,4487.0,330
361102,2009,11.93030303030303,3937.0,330
361102,2010,12.642424242424243,4172.0,330
361102,2011,16.90909090909091,5580.0,330
361102,2012,17.181818181818183,5670.0,330
361102,2013,17.927272727272726,5916.0,330
361102,2014,11.848484848484848,3910.0,330
361102,2015,12.251515151515152,4043.0,330
361102,2016,12.93939393939394,4270.0,330
361102,2017,18.97878787878788,6263.0,330
361102,2018,19.666666666666668,6490.0,330
361102,2019,22.32121212121212,7366.0,330
361102,2020,23.854545454545455,7872.0,330
361103,2000,1.1946710168569874,2197.0,1839
361103,2001,1.6367591082109842,3010.0,1839
361103,2002,2.0027188689505167,3683.0,1839
361103,2003,1.7656334964654703,3247.0,1839
361103,2004,2.8531810766721044,5247.0,1839
361103,2005,2.6851549755301796,4938.0,1839
361103,2006,2.0201196302338227,3715.0,1839
361103,2007,2.7482327351821643,5054.0,1839
361103,2008,3.1408374116367592,5776.0,1839
361103,2009,2.4067427949972813,4426.0,1839
361103,2010,2.4725394235997826,4547.0,1839
361103,2011,3.2838499184339316,6039.0,1839
361103,2012,3.3181076672104406,6102.0,1839
361103,2013,4.386623164763458,8067.0,1839
361103,2014,1.1658510059815117,2144.0,1839
361103,2015,0.8912452419793366,1639.0,1839
361103,2016,0.9418162044589451,1732.0,1839
361103,2017,2.7041870581837957,4973.0,1839
361103,2018,2.6943991299619356,4955.0,1839
361103,2019,3.3887982599238717,6232.0,1839
361103,2020,3.7476889613920608,6892.0,1839
361104,2000,0.9066347469220246,2651.0,2924
361104,2001,1.606703146374829,4698.0,2924
361104,2002,2.230848153214774,6523.0,2924
361104,2003,2.2606019151846786,6610.0,2924
361104,2004,2.7356361149110806,7999.0,2924
361104,2005,2.874829001367989,8406.0,2924
361104,2006,2.233926128590971,6532.0,2924
361104,2007,2.8826949384404923,8429.0,2924
361104,2008,3.2151162790697674,9401.0,2924
361104,2009,2.8430232558139537,8313.0,2924
361104,2010,3.768467852257182,11019.0,2924
361104,2011,4.556429548563612,13323.0,2924
361104,2012,4.409712722298222,12894.0,2924
361104,2013,4.719904240766074,13801.0,2924
361104,2014,3.528043775649795,10316.0,2924
361104,2015,2.8272913816689464,8267.0,2924
361104,2016,3.140902872777018,9184.0,2924
361104,2017,5.185020519835842,15161.0,2924
361104,2018,5.470246238030096,15995.0,2924
361104,2019,6.560875512995896,19184.0,2924
361104,2020,7.090287277701778,20732.0,2924
361123,2000,0.7524793388429752,1821.0,2420
361123,2001,1.2975206611570247,3140.0,2420
361123,2002,1.4504132231404958,3510.0,2420
361123,2003,1.4855371900826446,3595.0,2420
361123,2004,2.187190082644628,5293.0,2420
361123,2005,2.28099173553719,5520.0,2420
361123,2006,1.6165289256198347,3912.0,2420
361123,2007,2.080578512396694,5035.0,2420
361123,2008,2.178099173553719,5271.0,2420
361123,2009,1.8830578512396694,4557.0,2420
361123,2010,2.6714876033057853,6465.0,2420
361123,2011,3.628099173553719,8780.0,2420
361123,2012,3.5661157024793386,8630.0,2420
361123,2013,3.763223140495868,9107.0,2420
361123,2014,1.2475206611570249,3019.0,2420
361123,2015,1.212396694214876,2934.0,2420
361123,2016,1.2640495867768595,3059.0,2420
361123,2017,2.4739669421487602,5987.0,2420
361123,2018,2.224793388429752,5384.0,2420
361123,2019,3.4144628099173553,8263.0,2420
361123,2020,3.8024793388429754,9202.0,2420
361124,2000,0.516728624535316,1529.0,2959
361124,2001,0.7397769516728625,2189.0,2959
361124,2002,0.8996282527881041,2662.0,2959
361124,2003,0.9320716458262926,2758.0,2959
361124,2004,1.1108482595471443,3287.0,2959
361124,2005,1.228455559310578,3635.0,2959
361124,2006,0.8867860763771545,2624.0,2959
361124,2007,1.3011152416356877,3850.0,2959
361124,2008,1.3308550185873607,3938.0,2959
361124,2009,1.4825954714430551,4387.0,2959
361124,2010,1.7428185197701926,5157.0,2959
361124,2011,1.6647516052720515,4926.0,2959
361124,2012,1.496451503886448,4428.0,2959
361124,2013,1.681987157823589,4977.0,2959
361124,2014,0.7316661034133153,2165.0,2959
361124,2015,1.0506928016221697,3109.0,2959
361124,2016,1.1334910442717134,3354.0,2959
361124,2017,2.1706657654613046,6423.0,2959
361124,2018,1.9976343359242987,5911.0,2959
361124,2019,2.4937478877999326,7379.0,2959
361124,2020,2.693815478202095,7971.0,2959
361125,2000,1.164924506387921,1003.0,861
361125,2001,1.7386759581881532,1497.0,861
361125,2002,1.89198606271777,1629.0,861
361125,2003,1.4819976771196284,1276.0,861
361125,2004,2.1939605110336817,1889.0,861
361125,2005,2.619047619047619,2255.0,861
361125,2006,1.4552845528455285,1253.0,861
361125,2007,2.521486643437863,2171.0,861
361125,2008,2.4634146341463414,2121.0,861
361125,2009,2.0336817653890824,1751.0,861
361125,2010,2.908246225319396,2504.0,861
361125,2011,3.3588850174216027,2892.0,861
361125,2012,3.326364692218351,2864.0,861
361125,2013,2.9523809523809526,2542.0,861
361125,2014,1.3902439024390243,1197.0,861
361125,2015,1.1544715447154472,994.0,861
361125,2016,1.1626016260162602,1001.0,861
361125,2017,3.3472706155632985,2882.0,861
361125,2018,3.442508710801394,2964.0,861
361125,2019,3.5958188153310107,3096.0,861
361125,2020,3.772357723577236,3248.0,861
361126,2000,0.7788719785138765,1740.0,2234
361126,2001,1.1512981199641898,2572.0,2234
361126,2002,1.4700089525514772,3284.0,2234
361126,2003,1.4400179051029542,3217.0,2234
361126,2004,1.8889883616830796,4220.0,2234
361126,2005,1.6298119964189794,3641.0,2234
361126,2006,1.2233661593554164,2733.0,2234
361126,2007,1.9028648164726947,4251.0,2234
361126,2008,2.2162041181736796,4951.0,2234
361126,2009,1.625335720680394,3631.0,2234
361126,2010,1.9494180841539839,4355.0,2234
361126,2011,2.2005371530886304,4916.0,2234
361126,2012,2.003581020590868,4476.0,2234
361126,2013,2.1982990152193373,4911.0,2234
361126,2014,0.8925693822739481,1994.0,2234
361126,2015,0.7864816472694718,1757.0,2234
361126,2016,0.8008057296329454,1789.0,2234
361126,2017,2.608325872873769,5827.0,2234
361126,2018,3.1535362578334825,7045.0,2234
361126,2019,3.5398388540734107,7908.0,2234
361126,2020,3.893464637421665,8698.0,2234
361127,2000,0.44419924337957123,1409.0,3172
361127,2001,0.45901639344262296,1456.0,3172
361127,2002,0.5674653215636822,1800.0,3172
361127,2003,0.687578814627995,2181.0,3172
361127,2004,1.3184110970996217,4182.0,3172
361127,2005,1.344892812105927,4266.0,3172
361127,2006,1.2878310214375788,4085.0,3172
361127,2007,1.6440731399747792,5215.0,3172
361127,2008,1.223203026481715,3880.0,3172
361127,2009,1.4246532156368221,4519.0,3172
361127,2010,1.4593316519546027,4629.0,3172
361127,2011,1.6897856242118536,5360.0,3172
361127,2012,1.4744640605296342,4677.0,3172
361127,2013,1.9237074401008827,6102.0,3172
361127,2014,0.8953341740226987,2840.0,3172
361127,2015,0.5911097099621689,1875.0,3172
361127,2016,0.7730138713745272,2452.0,3172
361127,2017,1.648171500630517,5228.0,3172
361127,2018,1.6878940731399747,5354.0,3172
361127,2019,2.762295081967213,8762.0,3172
361127,2020,3.738965952080706,11860.0,3172
361128,2000,0.34761407175200276,1996.0,5742
361128,2001,0.28631138975966564,1644.0,5742
361128,2002,0.5266457680250783,3024.0,5742
361128,2003,0.8481365377917102,4870.0,5742
361128,2004,1.2229188436084988,7022.0,5742
361128,2005,1.5095785440613028,8668.0,5742
361128,2006,1.2309299895506791,7068.0,5742
361128,2007,1.6586555207244862,9524.0,5742
361128,2008,1.4940787182166493,8579.0,5742
361128,2009,1.1299198885405781,6488.0,5742
361128,2010,1.6083246255660049,9235.0,5742
361128,2011,1.7983281086729364,10326.0,5742
361128,2012,1.7298850574712643,9933.0,5742
361128,2013,2.0478927203065136,11759.0,5742
361128,2014,0.4561128526645768,2619.0,5742
361128,2015,0.5416231278300244,3110.0,5742
361128,2016,0.658307210031348,3780.0,5742
361128,2017,1.3413444792755138,7702.0,5742
361128,2018,1.2650644374782305,7264.0,5742
361128,2019,1.7091605712295368,9814.0,5742
361128,2020,2.4423545802856146,14024.0,5742
361129,2000,0.5169340463458111,870.0,1683
361129,2001,0.6191325014854426,1042.0,1683
361129,2002,1.0629827688651219,1789.0,1683
361129,2003,0.964349376114082,1623.0,1683
361129,2004,1.2394533571004158,2086.0,1683
361129,2005,1.314913844325609,2213.0,1683
361129,2006,1.3927510398098633,2344.0,1683
361129,2007,2.079025549613785,3499.0,1683
361129,2008,1.8467023172905526,3108.0,1683
361129,2009,1.7718360071301247,2982.0,1683
361129,2010,2.3458110516934045,3948.0,1683
361129,2011,2.225193107546049,3745.0,1683
361129,2012,2.326797385620915,3916.0,1683
361129,2013,2.6844919786096257,4518.0,1683
361129,2014,0.6714200831847891,1130.0,1683
361129,2015,0.6951871657754011,1170.0,1683
361129,2016,0.7064765300059418,1189.0,1683
361129,2017,2.5145573380867496,4232.0,1683
361129,2018,2.368389780154486,3986.0,1683
361129,2019,3.0172311348781937,5078.0,1683
361129,2020,3.6666666666666665,6171.0,1683
361130,2000,0.35073891625615766,1424.0,4060
361130,2001,0.3832512315270936,1556.0,4060
361130,2002,0.5766009852216749,2341.0,4060
361130,2003,0.729064039408867,2960.0,4060
361130,2004,0.7002463054187192,2843.0,4060
361130,2005,1.8701970443349754,7593.0,4060
361130,2006,0.7820197044334976,3175.0,4060
361130,2007,0.8830049261083743,3585.0,4060
361130,2008,0.9467980295566503,3844.0,4060
361130,2009,0.7770935960591133,3155.0,4060
361130,2010,1.332512315270936,5410.0,4060
361130,2011,1.230049261083744,4994.0,4060
361130,2012,1.027832512315271,4173.0,4060
361130,2013,1.1051724137931034,4487.0,4060
361130,2014,0.8633004926108374,3505.0,4060
361130,2015,0.9416256157635468,3823.0,4060
361130,2016,0.738423645320197,2998.0,4060
361130,2017,1.324384236453202,5377.0,4060
361130,2018,1.2916256157635468,5244.0,4060
361130,2019,1.3088669950738916,5314.0,4060
361130,2020,1.334729064039409,5419.0,4060
361181,2000,1.11575456053068,3364.0,3015
361181,2001,1.1956882255389718,3605.0,3015
361181,2002,1.4543946932006633,4385.0,3015
361181,2003,1.348922056384743,4067.0,3015
361181,2004,1.7535655058043118,5287.0,3015
361181,2005,1.8786069651741293,5664.0,3015
361181,2006,1.469983416252073,4432.0,3015
361181,2007,2.175787728026534,6560.0,3015
361181,2008,2.0122719734660035,6067.0,3015
361181,2009,2.27363184079602,6855.0,3015
361181,2010,2.8902155887230516,8714.0,3015
361181,2011,2.8623548922056385,8630.0,3015
361181,2012,2.6222222222222222,7906.0,3015
361181,2013,2.897512437810945,8736.0,3015
361181,2014,1.1850746268656716,3573.0,3015
361181,2015,1.2029850746268658,3627.0,3015
361181,2016,1.0971807628524046,3308.0,3015
361181,2017,2.1419568822553896,6458.0,3015
361181,2018,1.9339966832504145,5831.0,3015
361181,2019,2.093200663349917,6311.0,3015
361181,2020,2.36318407960199,7125.0,3015
420102,2000,49.08974358974359,3829.0,78
420102,2001,49.05128205128205,3826.0,78
420102,2002,50.782051282051285,3961.0,78
420102,2003,53.17948717948718,4148.0,78
420102,2004,52.282051282051285,4078.0,78
420102,2005,55.11538461538461,4299.0,78
420102,2006,54.8974358974359,4282.0,78
420102,2007,57.46153846153846,4482.0,78
420102,2008,57.06410256410256,4451.0,78
420102,2009,50.17948717948718,3914.0,78
420102,2010,56.217948717948715,4385.0,78
420102,2011,60.3974358974359,4711.0,78
420102,2012,59.12820512820513,4612.0,78
420102,2013,61.57692307692308,4803.0,78
420102,2014,60.03846153846154,4683.0,78
420102,2015,60.57692307692308,4725.0,78
420102,2016,60.5,4719.0,78
420102,2017,61.12820512820513,4768.0,78
420102,2018,60.52564102564103,4721.0,78
420102,2019,62.01282051282051,4837.0,78
420102,2020,62.41025641025641,4868.0,78
420103,2000,58.15151515151515,1919.0,33
420103,2001,58.81818181818182,1941.0,33
420103,2002,60.18181818181818,1986.0,33
420103,2003,60.63636363636363,2001.0,33
420103,2004,58.03030303030303,1915.0,33
420103,2005,59.75757575757576,1972.0,33
420103,2006,59.515151515151516,1964.0,33
420103,2007,59.0,1947.0,33
420103,2008,59.0,1947.0,33
420103,2009,54.666666666666664,1804.0,33
420103,2010,58.93939393939394,1945.0,33
420103,2011,62.57575757575758,2065.0,33
420103,2012,61.84848484848485,2041.0,33
420103,2013,63.0,2079.0,33
420103,2014,62.96969696969697,2078.0,33
420103,2015,63.0,2079.0,33
420103,2016,63.0,2079.0,33
420103,2017,63.0,2079.0,33
420103,2018,63.0,2079.0,33
420103,2019,63.0,2079.0,33
420103,2020,63.0,2079.0,33
420104,2000,56.43181818181818,2483.0,44
420104,2001,55.47727272727273,2441.0,44
420104,2002,58.22727272727273,2562.0,44
420104,2003,57.75,2541.0,44
420104,2004,57.45454545454545,2528.0,44
420104,2005,58.88636363636363,2591.0,44
420104,2006,57.56818181818182,2533.0,44
420104,2007,58.56818181818182,2577.0,44
420104,2008,58.70454545454545,2583.0,44
420104,2009,52.43181818181818,2307.0,44
420104,2010,58.81818181818182,2588.0,44
420104,2011,61.06818181818182,2687.0,44
420104,2012,60.11363636363637,2645.0,44
420104,2013,62.84090909090909,2765.0,44
420104,2014,62.52272727272727,2751.0,44
420104,2015,63.0,2772.0,44
420104,2016,62.86363636363637,2766.0,44
420104,2017,62.95454545454545,2770.0,44
420104,2018,62.61363636363637,2755.0,44
420104,2019,62.81818181818182,2764.0,44
420104,2020,63.0,2772.0,44
420105,2000,46.81679389312977,6133.0,131
420105,2001,46.045801526717554,6032.0,131
420105,2002,50.58015267175573,6626.0,131
420105,2003,49.25954198473283,6453.0,131
420105,2004,53.267175572519086,6978.0,131
420105,2005,53.603053435114504,7022.0,131
420105,2006,53.70229007633588,7035.0,131
420105,2007,56.6412213740458,7420.0,131
420105,2008,55.908396946564885,7324.0,131
420105,2009,49.61068702290076,6499.0,131
420105,2010,56.02290076335878,7339.0,131
420105,2011,59.20610687022901,7756.0,131
420105,2012,57.74045801526717,7564.0,131
420105,2013,62.06106870229008,8130.0,131
420105,2014,61.091603053435115,8003.0,131
420105,2015,61.42748091603053,8047.0,131
420105,2016,61.47328244274809,8053.0,131
420105,2017,62.10687022900763,8136.0,131
420105,2018,61.64885496183206,8076.0,131
420105,2019,62.55725190839695,8195.0,131
420105,2020,62.778625954198475,8224.0,131
420106,2000,52.43518518518518,5663.0,108
420106,2001,53.111111111111114,5736.0,108
420106,2002,55.620370370370374,6007.0,108
420106,2003,56.0,6048.0,108
420106,2004,54.99074074074074,5939.0,108
420106,2005,56.601851851851855,6113.0,108
420106,2006,55.80555555555556,6027.0,108
420106,2007,57.574074074074076,6218.0,108
420106,2008,57.00925925925926,6157.0,108
420106,2009,51.18518518518518,5528.0,108
420106,2010,57.25925925925926,6184.0,108
420106,2011,60.620370370370374,6547.0,108
420106,2012,59.98148148148148,6478.0,108
420106,2013,62.129629629629626,6710.0,108
420106,2014,59.98148148148148,6478.0,108
420106,2015,60.574074074074076,6542.0,108
420106,2016,60.175925925925924,6499.0,108
420106,2017,61.074074074074076,6596.0,108
420106,2018,60.7962962962963,6566.0,108
420106,2019,61.888888888888886,6684.0,108
420106,2020,62.083333333333336,6705.0,108
420107,2000,40.73170731707317,3340.0,82
420107,2001,40.36585365853659,3310.0,82
420107,2002,46.68292682926829,3828.0,82
420107,2003,47.68292682926829,3910.0,82
420107,2004,49.707317073170735,4076.0,82
420107,2005,49.390243902439025,4050.0,82
420107,2006,48.51219512195122,3978.0,82
420107,2007,53.707317073170735,4404.0,82
420107,2008,52.96341463414634,4343.0,82
420107,2009,44.34146341463415,3636.0,82
420107,2010,50.426829268292686,4135.0,82
420107,2011,54.69512195121951,4485.0,82
420107,2012,53.3780487804878,4377.0,82
420107,2013,57.75609756097561,4736.0,82
420107,2014,58.52439024390244,4799.0,82
420107,2015,58.86585365853659,4827.0,82
420107,2016,58.292682926829265,4780.0,82
420107,2017,59.4390243902439,4874.0,82
420107,2018,58.6219512195122,4807.0,82
420107,2019,60.146341463414636,4932.0,82
420107,2020,60.6219512195122,4971.0,82
420111,2000,23.030837004405285,15684.0,681
420111,2001,24.046989720998532,16376.0,681
420111,2002,27.350954478707784,18626.0,681
420111,2003,28.597650513950075,19475.0,681
420111,2004,33.370044052863435,22725.0,681
420111,2005,33.44640234948605,22777.0,681
420111,2006,33.60058737151248,22882.0,681
420111,2007,38.52422907488987,26235.0,681
420111,2008,37.95741556534508,25849.0,681
420111,2009,32.23494860499266,21952.0,681
420111,2010,39.333333333333336,26786.0,681
420111,2011,43.327459618208515,29506.0,681
420111,2012,42.97797356828194,29268.0,681
420111,2013,49.991189427312776,34044.0,681
420111,2014,51.17327459618208,34849.0,681
420111,2015,52.85168869309838,35992.0,681
420111,2016,52.50954478707783,35759.0,681
420111,2017,54.63436123348018,37206.0,681
420111,2018,54.94126284875183,37415.0,681
420111,2019,58.30102790014684,39703.0,681
420111,2020,58.966226138032305,40156.0,681
420112,2000,19.18300653594771,11740.0,612
420112,2001,19.895424836601308,12176.0,612
420112,2002,20.934640522875817,12812.0,612
420112,2003,21.50653594771242,13162.0,612
420112,2004,22.122549019607842,13539.0,612
420112,2005,22.393790849673202,13705.0,612
420112,2006,22.97222222222222,14059.0,612
420112,2007,25.91013071895425,15857.0,612
420112,2008,26.047385620915033,15941.0,612
420112,2009,22.03921568627451,13488.0,612
420112,2010,26.419934640522875,16169.0,612
420112,2011,28.498366013071895,17441.0,612
420112,2012,29.625816993464053,18131.0,612
420112,2013,34.431372549019606,21072.0,612
420112,2014,31.591503267973856,19334.0,612
420112,2015,34.411764705882355,21060.0,612
420112,2016,35.470588235294116,21708.0,612
420112,2017,37.861111111111114,23171.0,612
420112,2018,39.45261437908497,24145.0,612
420112,2019,43.41339869281046,26569.0,612
420112,2020,45.11764705882353,27612.0,612
420113,2000,3.3257328990228014,1021.0,307
420113,2001,2.1172638436482085,650.0,307
420113,2002,3.1563517915309447,969.0,307
420113,2003,2.98371335504886,916.0,307
420113,2004,3.807817589576547,1169.0,307
420113,2005,4.592833876221499,1410.0,307
420113,2006,5.5537459283387625,1705.0,307
420113,2007,7.47557003257329,2295.0,307
420113,2008,6.478827361563518,1989.0,307
420113,2009,5.9185667752443,1817.0,307
420113,2010,8.602605863192183,2641.0,307
420113,2011,8.680781758957655,2665.0,307
420113,2012,9.224755700325733,2832.0,307
420113,2013,12.071661237785015,3706.0,307
420113,2014,7.850162866449511,2410.0,307
420113,2015,10.205211726384364,3133.0,307
420113,2016,11.100977198697068,3408.0,307
420113,2017,19.19869706840391,5894.0,307
420113,2018,23.36156351791531,7172.0,307
420113,2019,27.338762214983714,8393.0,307
420113,2020,29.201954397394136,8965.0,307
420114,2000,8.78485254691689,13107.0,1492
420114,2001,8.654825737265416,12913.0,1492
420114,2002,10.71514745308311,15987.0,1492
420114,2003,10.258713136729222,15306.0,1492
420114,2004,12.70911528150134,18962.0,1492
420114,2005,12.182975871313673,18177.0,1492
420114,2006,12.367292225201073,18452.0,1492
420114,2007,13.84450402144772,20656.0,1492
420114,2008,13.4671581769437,20093.0,1492
420114,2009,12.669571045576408,18903.0,1492
420114,2010,16.531501340482574,24665.0,1492
420114,2011,17.121313672922252,25545.0,1492
420114,2012,17.59048257372654,26245.0,1492
420114,2013,22.29490616621984,33264.0,1492
420114,2014,20.0455764075067,29908.0,1492
420114,2015,21.178954423592494,31599.0,1492
420114,2016,20.512064343163537,30604.0,1492
420114,2017,24.5455764075067,36622.0,1492
420114,2018,25.50603217158177,38055.0,1492
420114,2019,28.983243967828418,43243.0,1492
420114,2020,30.721849865951743,45837.0,1492
420115,2000,4.356638155448122,11715.0,2689
420115,2001,5.062104871699517,13612.0,2689
420115,2002,5.809222759390108,15621.0,2689
420115,2003,6.869096318333953,18471.0,2689
420115,2004,8.933432502789142,24022.0,2689
420115,2005,8.14317590182224,21897.0,2689
420115,2006,8.345853477129044,22442.0,2689
420115,2007,10.737820751208627,28874.0,2689
420115,2008,9.443287467460022,25393.0,2689
420115,2009,7.896615842320565,21234.0,2689
420115,2010,10.906656749721085,29328.0,2689
420115,2011,12.077352175529937,32476.0,2689
420115,2012,11.603570100409074,31202.0,2689
420115,2013,14.082930457419115,37869.0,2689
420115,2014,12.85459278542209,34566.0,2689
420115,2015,13.669765712160654,36758.0,2689
420115,2016,14.081071030122722,37864.0,2689
420115,2017,17.162142060245444,46149.0,2689
420115,2018,17.77872815172927,47807.0,2689
420115,2019,20.58460394198587,55352.0,2689
420115,2020,21.202305689847528,57013.0,2689
420116,2000,4.498128615175229,13220.0,2939
420116,2001,5.421912215039129,15935.0,2939
420116,2002,5.96189179993195,17522.0,2939
420116,2003,6.029601905410003,17721.0,2939
420116,2004,7.263354882613133,21347.0,2939
420116,2005,7.360326641714869,21632.0,2939
420116,2006,7.77543382102756,22852.0,2939
420116,2007,9.885675399795849,29054.0,2939
420116,2008,10.008166042871725,29414.0,2939
420116,2009,8.235794487921062,24205.0,2939
420116,2010,10.639673358285131,31270.0,2939
420116,2011,11.993194964273563,35248.0,2939
420116,2012,11.721333787002381,34449.0,2939
420116,2013,13.781558353181355,40504.0,2939
420116,2014,9.61041170466145,28245.0,2939
420116,2015,10.108200068050357,29708.0,2939
420116,2016,9.787682885335148,28766.0,2939
420116,2017,13.855392990813202,40721.0,2939
420116,2018,14.473290234773733,42537.0,2939
420116,2019,18.100374276964953,53197.0,2939
420116,2020,19.76998979244641,58104.0,2939
420117,2000,4.416058394160584,8470.0,1918
420117,2001,5.1564129301355575,9890.0,1918
420117,2002,5.4447340980187695,10443.0,1918
420117,2003,5.576120959332638,10695.0,1918
420117,2004,7.518769551616267,14421.0,1918
420117,2005,7.011470281543274,13448.0,1918
420117,2006,6.293013555787279,12070.0,1918
420117,2007,8.992179353493222,17247.0,1918
420117,2008,9.150156412930135,17550.0,1918
420117,2009,7.083941605839416,13587.0,1918
420117,2010,8.508863399374349,16320.0,1918
420117,2011,10.494264859228362,20128.0,1918
420117,2012,11.072992700729927,21238.0,1918
420117,2013,14.181438998957248,27200.0,1918
420117,2014,7.685610010427529,14741.0,1918
420117,2015,7.424400417101147,14240.0,1918
420117,2016,7.694994786235662,14759.0,1918
420117,2017,11.93378519290928,22889.0,1918
420117,2018,11.776329509906152,22587.0,1918
420117,2019,15.379562043795621,29498.0,1918
420117,2020,16.488529718456725,31625.0,1918
420202,2000,47.47826086956522,1092.0,23
420202,2001,45.91304347826087,1056.0,23
420202,2002,49.21739130434783,1132.0,23
420202,2003,56.95652173913044,1310.0,23
420202,2004,50.869565217391305,1170.0,23
420202,2005,52.17391304347826,1200.0,23
420202,2006,48.26086956521739,1110.0,23
420202,2007,51.65217391304348,1188.0,23
420202,2008,50.69565217391305,1166.0,23
420202,2009,41.26086956521739,949.0,23
420202,2010,47.43478260869565,1091.0,23
420202,2011,50.78260869565217,1168.0,23
420202,2012,48.0,1104.0,23
420202,2013,56.82608695652174,1307.0,23
420202,2014,51.95652173913044,1195.0,23
420202,2015,50.95652173913044,1172.0,23
420202,2016,50.608695652173914,1164.0,23
420202,2017,52.47826086956522,1207.0,23
420202,2018,53.391304347826086,1228.0,23
420202,2019,57.130434782608695,1314.0,23
420202,2020,56.73913043478261,1305.0,23
420203,2000,9.906542056074766,1060.0,107
420203,2001,10.158878504672897,1087.0,107
420203,2002,13.962616822429906,1494.0,107
420203,2003,15.607476635514018,1670.0,107
420203,2004,17.738317757009344,1898.0,107
420203,2005,12.383177570093459,1325.0,107
420203,2006,11.495327102803738,1230.0,107
420203,2007,14.065420560747663,1505.0,107
420203,2008,13.925233644859814,1490.0,107
420203,2009,13.654205607476635,1461.0,107
420203,2010,15.700934579439252,1680.0,107
420203,2011,17.878504672897197,1913.0,107
420203,2012,14.682242990654206,1571.0,107
420203,2013,19.588785046728972,2096.0,107
420203,2014,22.42056074766355,2399.0,107
420203,2015,24.570093457943926,2629.0,107
420203,2016,21.49532710280374,2300.0,107
420203,2017,26.2803738317757,2812.0,107
420203,2018,26.953271028037385,2884.0,107
420203,2019,31.009345794392523,3318.0,107
420203,2020,30.50467289719626,3264.0,107
420204,2000,29.710526315789473,2258.0,76
420204,2001,30.42105263157895,2312.0,76
420204,2002,36.31578947368421,2760.0,76
420204,2003,43.19736842105263,3283.0,76
420204,2004,44.578947368421055,3388.0,76
420204,2005,40.86842105263158,3106.0,76
420204,2006,36.98684210526316,2811.0,76
420204,2007,42.276315789473685,3213.0,76
420204,2008,41.63157894736842,3164.0,76
420204,2009,35.0,2660.0,76
420204,2010,44.23684210526316,3362.0,76
420204,2011,46.48684210526316,3533.0,76
420204,2012,44.10526315789474,3352.0,76
420204,2013,54.68421052631579,4156.0,76
420204,2014,45.73684210526316,3476.0,76
420204,2015,44.8421052631579,3408.0,76
420204,2016,46.98684210526316,3571.0,76
420204,2017,49.05263157894737,3728.0,76
420204,2018,49.973684210526315,3798.0,76
420204,2019,53.88157894736842,4095.0,76
420204,2020,54.38157894736842,4133.0,76
420205,2000,17.714285714285715,496.0,28
420205,2001,17.0,476.0,28
420205,2002,19.607142857142858,549.0,28
420205,2003,26.214285714285715,734.0,28
420205,2004,28.964285714285715,811.0,28
420205,2005,24.821428571428573,695.0,28
420205,2006,22.607142857142858,633.0,28
420205,2007,28.035714285714285,785.0,28
420205,2008,27.25,763.0,28
420205,2009,24.5,686.0,28
420205,2010,31.607142857142858,885.0,28
420205,2011,33.67857142857143,943.0,28
420205,2012,32.714285714285715,916.0,28
420205,2013,43.82142857142857,1227.0,28
420205,2014,32.67857142857143,915.0,28
420205,2015,30.535714285714285,855.0,28
420205,2016,27.178571428571427,761.0,28
420205,2017,31.321428571428573,877.0,28
420205,2018,33.07142857142857,926.0,28
420205,2019,41.32142857142857,1157.0,28
420205,2020,42.142857142857146,1180.0,28
420222,2000,1.011634199134199,3739.0,3696
420222,2001,1.0549242424242424,3899.0,3696
420222,2002,1.0129870129870129,3744.0,3696
420222,2003,1.4347943722943723,5303.0,3696
420222,2004,1.8990800865800865,7019.0,3696
420222,2005,1.6149891774891776,5969.0,3696
420222,2006,1.2813852813852813,4736.0,3696
420222,2007,2.3541666666666665,8701.0,3696
420222,2008,2.096590909090909,7749.0,3696
420222,2009,1.5219155844155845,5625.0,3696
420222,2010,3.3130411255411256,12245.0,3696
420222,2011,3.0844155844155843,11400.0,3696
420222,2012,2.7884199134199132,10306.0,3696
420222,2013,3.4155844155844157,12624.0,3696
420222,2014,2.272727272727273,8400.0,3696
420222,2015,2.7989718614718613,10345.0,3696
420222,2016,2.4318181818181817,8988.0,3696
420222,2017,4.324134199134199,15982.0,3696
420222,2018,4.60741341991342,17029.0,3696
420222,2019,5.3647186147186146,19828.0,3696
420222,2020,5.729166666666667,21175.0,3696
420281,2000,4.259943181818182,8997.0,2112
420281,2001,4.626420454545454,9771.0,2112
420281,2002,4.8106060606060606,10160.0,2112
420281,2003,5.104640151515151,10781.0,2112
420281,2004,7.200757575757576,15208.0,2112
420281,2005,6.682291666666667,14113.0,2112
420281,2006,5.801136363636363,12252.0,2112
420281,2007,7.395359848484849,15619.0,2112
420281,2008,7.181818181818182,15168.0,2112
420281,2009,6.18655303030303,13066.0,2112
420281,2010,8.330492424242424,17594.0,2112
420281,2011,9.11126893939394,19243.0,2112
420281,2012,8.579071969696969,18119.0,2112
420281,2013,11.393939393939394,24064.0,2112
420281,2014,8.609848484848484,18184.0,2112
420281,2015,8.030776515151516,16961.0,2112
420281,2016,7.063920454545454,14919.0,2112
420281,2017,11.012784090909092,23259.0,2112
420281,2018,11.100852272727273,23445.0,2112
420281,2019,13.708333333333334,28952.0,2112
420281,2020,14.148674242424242,29882.0,2112
420302,2000,3.805810397553517,2489.0,654
420302,2001,4.0932721712538225,2677.0,654
420302,2002,5.5,3597.0,654
420302,2003,4.655963302752293,3045.0,654
420302,2004,6.451070336391437,4219.0,654
420302,2005,5.244648318042813,3430.0,654
420302,2006,4.912844036697248,3213.0,654
420302,2007,5.342507645259939,3494.0,654
420302,2008,5.813455657492355,3802.0,654
420302,2009,6.709480122324159,4388.0,654
420302,2010,8.290519877675841,5422.0,654
420302,2011,8.284403669724771,5418.0,654
420302,2012,7.165137614678899,4686.0,654
420302,2013,8.77217125382263,5737.0,654
420302,2014,7.703363914373089,5038.0,654
420302,2015,7.7217125382263,5050.0,654
420302,2016,7.660550458715596,5010.0,654
420302,2017,8.759938837920489,5729.0,654
420302,2018,8.68348623853211,5679.0,654
420302,2019,10.464831804281346,6844.0,654
420302,2020,10.616207951070336,6943.0,654
420303,2000,7.092165898617512,6156.0,868
420303,2001,7.0126728110599075,6087.0,868
420303,2002,8.39516129032258,7287.0,868
420303,2003,7.907834101382488,6864.0,868
420303,2004,8.503456221198157,7381.0,868
420303,2005,8.580645161290322,7448.0,868
420303,2006,9.475806451612904,8225.0,868
420303,2007,8.676267281105991,7531.0,868
420303,2008,8.277649769585253,7185.0,868
420303,2009,6.805299539170507,5907.0,868
420303,2010,9.61405529953917,8345.0,868
420303,2011,10.335253456221198,8971.0,868
420303,2012,10.778801843317972,9356.0,868
420303,2013,12.21889400921659,10606.0,868
420303,2014,9.43778801843318,8192.0,868
420303,2015,9.706221198156681,8425.0,868
420303,2016,9.933179723502304,8622.0,868
420303,2017,11.170506912442397,9696.0,868
420303,2018,11.074884792626728,9613.0,868
420303,2019,13.18778801843318,11447.0,868
420303,2020,13.584101382488479,11791.0,868
420304,2000,0.4506882896473694,2390.0,5303
420304,2001,0.48067131812181785,2549.0,5303
420304,2002,0.5308316047520272,2815.0,5303
420304,2003,0.4627569300396002,2454.0,5303
420304,2004,0.63058646049406,3344.0,5303
420304,2005,0.8710164058080332,4619.0,5303
420304,2006,0.9547425985291345,5063.0,5303
420304,2007,0.8564963228361305,4542.0,5303
420304,2008,0.7637186498208561,4050.0,5303
420304,2009,0.43428248161418065,2303.0,5303
420304,2010,0.9671883839336225,5129.0,5303
420304,2011,1.3611163492362814,7218.0,5303
420304,2012,1.7548557420328117,9306.0,5303
420304,2013,2.026211578351876,10745.0,5303
420304,2014,0.7629643597963417,4046.0,5303
420304,2015,0.5789175938148218,3070.0,5303
420304,2016,0.5285687346784839,2803.0,5303
420304,2017,1.1548180275315858,6124.0,5303
420304,2018,1.2492928531020178,6625.0,5303
420304,2019,1.7116726381293608,9077.0,5303
420304,2020,1.802564586083349,9559.0,5303
420322,2000,0.21193335916311506,1094.0,5162
420322,2001,0.16602092212320807,857.0,5162
420322,2002,0.22626888802789616,1168.0,5162
420322,2003,0.11410306082913599,589.0,5162
420322,2004,0.2390546299883766,1234.0,5162
420322,2005,0.6795815575358388,3508.0,5162
420322,2006,0.7996900426191399,4128.0,5162
420322,2007,0.5877566834560248,3034.0,5162
420322,2008,0.506974041069353,2617.0,5162
420322,2009,0.2706315381635025,1397.0,5162
420322,2010,0.6327005036807439,3266.0,5162
420322,2011,0.8525765207283998,4401.0,5162
420322,2012,0.7843858969391708,4049.0,5162
420322,2013,0.828361100348702,4276.0,5162
420322,2014,0.2826423866718326,1459.0,5162
420322,2015,0.22820612165827198,1178.0,5162
420322,2016,0.2204571871367687,1138.0,5162
420322,2017,0.3922898101511042,2025.0,5162
420322,2018,0.45893064703603254,2369.0,5162
420322,2019,0.5261526540100736,2716.0,5162
420322,2020,0.5311894614490508,2742.0,5162
420323,2000,0.2076422422842746,989.0,4763
420323,2001,0.13163972286374134,627.0,4763
420323,2002,0.19588494646231366,933.0,4763
420323,2003,0.2089019525509133,995.0,4763
420323,2004,0.352508922947722,1679.0,4763
420323,2005,0.29498215410455597,1405.0,4763
420323,2006,0.3329834138148226,1586.0,4763
420323,2007,0.3317237035481839,1580.0,4763
420323,2008,0.40289733361326896,1919.0,4763
420323,2009,0.19756456015116522,941.0,4763
420323,2010,0.5994121352089019,2855.0,4763
420323,2011,0.6724753306739449,3203.0,4763
420323,2012,0.6456015116523199,3075.0,4763
420323,2013,0.7913079991601931,3769.0,4763
420323,2014,0.19756456015116522,941.0,4763
420323,2015,0.1190426201973546,567.0,4763
420323,2016,0.0963678353978585,459.0,4763
420323,2017,0.2246483308838967,1070.0,4763
420323,2018,0.2966617677934075,1413.0,4763
420323,2019,0.2809153894604241,1338.0,4763
420323,2020,0.3235355868150325,1541.0,4763
420324,2000,0.17991984813330522,853.0,4741
420324,2001,0.14617169373549885,693.0,4741
420324,2002,0.250369120438726,1187.0,4741
420324,2003,0.17317021725374393,821.0,4741
420324,2004,0.5515713984391478,2615.0,4741
420324,2005,0.47669268086901495,2260.0,4741
420324,2006,0.3566758067918161,1691.0,4741
420324,2007,0.3256696899388315,1544.0,4741
420324,2008,0.3087956127399283,1464.0,4741
420324,2009,0.16515503058426492,783.0,4741
420324,2010,0.4669900864796456,2214.0,4741
420324,2011,0.5211980594811221,2471.0,4741
420324,2012,0.5918582577515292,2806.0,4741
420324,2013,0.7395064332419321,3506.0,4741
420324,2014,0.184138367433031,873.0,4741
420324,2015,0.15060113900021094,714.0,4741
420324,2016,0.18329466357308585,869.0,4741
420324,2017,0.3495043239822822,1657.0,4741
420324,2018,0.4064543345285805,1927.0,4741
420324,2019,0.37333895802573297,1770.0,4741
420324,2020,0.40856359417844335,1937.0,4741
420325,2000,0.2766049116760017,1926.0,6963
420325,2001,0.2731581214993537,1902.0,6963
420325,2002,0.34726411029728566,2418.0,6963
420325,2003,0.25894011202068073,1803.0,6963
420325,2004,0.2850782708602614,1985.0,6963
420325,2005,0.22691368662932643,1580.0,6963
420325,2006,0.2688496337785437,1872.0,6963
420325,2007,0.309493034611518,2155.0,6963
420325,2008,0.333189717075973,2320.0,6963
420325,2009,0.18425965819330747,1283.0,6963
420325,2010,0.6046244434870027,4210.0,6963
420325,2011,0.6764325721671693,4710.0,6963
420325,2012,0.6821772224615826,4750.0,6963
420325,2013,0.7842883814447795,5461.0,6963
420325,2014,0.19603619129685482,1365.0,6963
420325,2015,0.11115898319689789,774.0,6963
420325,2016,0.11963234238115755,833.0,6963
420325,2017,0.2563550193881947,1785.0,6963
420325,2018,0.36880654890133563,2568.0,6963
420325,2019,0.5071090047393365,3531.0,6963
420325,2020,0.765043802958495,5327.0,6963
420381,2000,1.023521505376344,4569.0,4464
420381,2001,1.3613351254480286,6077.0,4464
420381,2002,1.585573476702509,7078.0,4464
420381,2003,1.2578405017921146,5615.0,4464
420381,2004,1.4455645161290323,6453.0,4464
420381,2005,1.4708781362007168,6566.0,4464
420381,2006,1.5577956989247312,6954.0,4464
420381,2007,1.491263440860215,6657.0,4464
420381,2008,1.6630824372759856,7424.0,4464
420381,2009,1.310483870967742,5850.0,4464
420381,2010,2.2650089605734767,10111.0,4464
420381,2011,2.7544802867383513,12296.0,4464
420381,2012,2.6364247311827955,11769.0,4464
420381,2013,2.900313620071685,12947.0,4464
420381,2014,1.7188620071684588,7673.0,4464
420381,2015,1.7753136200716846,7925.0,4464
420381,2016,1.5551075268817205,6942.0,4464
420381,2017,2.359094982078853,10531.0,4464
420381,2018,2.158378136200717,9635.0,4464
420381,2019,2.5237455197132617,11266.0,4464
420381,2020,2.4847670250896057,11092.0,4464
420502,2000,34.15,2049.0,60
420502,2001,33.666666666666664,2020.0,60
420502,2002,39.53333333333333,2372.0,60
420502,2003,40.233333333333334,2414.0,60
420502,2004,45.36666666666667,2722.0,60
420502,2005,42.733333333333334,2564.0,60
420502,2006,42.766666666666666,2566.0,60
420502,2007,42.7,2562.0,60
420502,2008,44.03333333333333,2642.0,60
420502,2009,37.93333333333333,2276.0,60
420502,2010,43.46666666666667,2608.0,60
420502,2011,48.21666666666667,2893.0,60
420502,2012,48.9,2934.0,60
420502,2013,53.7,3222.0,60
420502,2014,52.15,3129.0,60
420502,2015,53.71666666666667,3223.0,60
420502,2016,55.35,3321.0,60
420502,2017,55.4,3324.0,60
420502,2018,57.483333333333334,3449.0,60
420502,2019,60.13333333333333,3608.0,60
420502,2020,59.983333333333334,3599.0,60
420503,2000,19.2183908045977,1672.0,87
420503,2001,20.528735632183906,1786.0,87
420503,2002,24.42528735632184,2125.0,87
420503,2003,23.310344827586206,2028.0,87
420503,2004,29.137931034482758,2535.0,87
420503,2005,25.379310344827587,2208.0,87
420503,2006,27.517241379310345,2394.0,87
420503,2007,28.137931034482758,2448.0,87
420503,2008,27.333333333333332,2378.0,87
420503,2009,25.850574712643677,2249.0,87
420503,2010,31.620689655172413,2751.0,87
420503,2011,32.96551724137931,2868.0,87
420503,2012,35.81609195402299,3116.0,87
420503,2013,45.252873563218394,3937.0,87
420503,2014,44.264367816091955,3851.0,87
420503,2015,44.40229885057471,3863.0,87
420503,2016,44.88505747126437,3905.0,87
420503,2017,47.05747126436781,4094.0,87
420503,2018,51.08045977011494,4444.0,87
420503,2019,54.666666666666664,4756.0,87
420503,2020,54.735632183908045,4762.0,87
420504,2000,7.3302891933028915,4816.0,657
420504,2001,7.461187214611872,4902.0,657
420504,2002,8.93607305936073,5871.0,657
420504,2003,8.639269406392694,5676.0,657
420504,2004,10.120243531202435,6649.0,657
420504,2005,9.730593607305936,6393.0,657
420504,2006,10.58904109589041,6957.0,657
420504,2007,8.624048706240487,5666.0,657
420504,2008,8.441400304414003,5546.0,657
420504,2009,8.071537290715373,5303.0,657
420504,2010,11.398782343987824,7489.0,657
420504,2011,8.634703196347031,5673.0,657
420504,2012,9.316590563165907,6121.0,657
420504,2013,10.82496194824962,7112.0,657
420504,2014,8.662100456621005,5691.0,657
420504,2015,9.019786910197869,5926.0,657
420504,2016,9.686453576864535,6364.0,657
420504,2017,11.992389649923897,7879.0,657
420504,2018,12.863013698630137,8451.0,657
420504,2019,16.652968036529682,10941.0,657
420504,2020,18.106544901065448,11896.0,657
420505,2000,10.264705882352942,1396.0,136
420505,2001,10.169117647058824,1383.0,136
420505,2002,11.676470588235293,1588.0,136
420505,2003,12.367647058823529,1682.0,136
420505,2004,14.933823529411764,2031.0,136
420505,2005,12.933823529411764,1759.0,136
420505,2006,14.588235294117647,1984.0,136
420505,2007,14.889705882352942,2025.0,136
420505,2008,15.536764705882353,2113.0,136
420505,2009,17.91176470588235,2436.0,136
420505,2010,22.75735294117647,3095.0,136
420505,2011,23.404411764705884,3183.0,136
420505,2012,27.095588235294116,3685.0,136
420505,2013,33.73529411764706,4588.0,136
420505,2014,24.941176470588236,3392.0,136
420505,2015,26.66176470588235,3626.0,136
420505,2016,27.970588235294116,3804.0,136
420505,2017,30.71323529411765,4177.0,136
420505,2018,34.213235294117645,4653.0,136
420505,2019,39.51470588235294,5374.0,136
420505,2020,39.97794117647059,5437.0,136
420506,2000,2.426218562207879,10901.0,4493
420506,2001,2.3391943022479413,10510.0,4493
420506,2002,2.58223903850434,11602.0,4493
420506,2003,2.5486312040952592,11451.0,4493
420506,2004,3.191408858223904,14339.0,4493
420506,2005,3.098375250389495,13921.0,4493
420506,2006,2.9655018918317384,13324.0,4493
420506,2007,3.1591364344535946,14194.0,4493
420506,2008,3.340529712886713,15009.0,4493
420506,2009,2.1838415312708657,9812.0,4493
420506,2010,3.6312040952592923,16315.0,4493
420506,2011,3.8250612063209437,17186.0,4493
420506,2012,3.416870687736479,15352.0,4493
420506,2013,3.941464500333853,17709.0,4493
420506,2014,2.383930558646784,10711.0,4493
420506,2015,2.331849543734698,10477.0,4493
420506,2016,2.096594702871133,9420.0,4493
420506,2017,3.392833296238593,15244.0,4493
420506,2018,3.8388604495882483,17248.0,4493
420506,2019,4.54996661473403,20443.0,4493
420506,2020,4.689294458045849,21069.0,4493
420525,2000,0.3875802997858672,905.0,2335
420525,2001,0.45952890792291223,1073.0,2335
420525,2002,0.6625267665952891,1547.0,2335
420525,2003,0.5400428265524625,1261.0,2335
420525,2004,0.7837259100642399,1830.0,2335
420525,2005,0.6201284796573876,1448.0,2335
420525,2006,0.5670235546038543,1324.0,2335
420525,2007,0.6822269807280514,1593.0,2335
420525,2008,0.7927194860813704,1851.0,2335
420525,2009,0.528051391862955,1233.0,2335
420525,2010,1.180728051391863,2757.0,2335
420525,2011,1.331049250535332,3108.0,2335
420525,2012,1.6406852248394004,3831.0,2335
420525,2013,2.2513918629550322,5257.0,2335
420525,2014,1.5558886509635974,3633.0,2335
420525,2015,1.5156316916488222,3539.0,2335
420525,2016,1.3554603854389722,3165.0,2335
420525,2017,1.782441113490364,4162.0,2335
420525,2018,1.8809421841541756,4392.0,2335
420525,2019,1.9340471092077087,4516.0,2335
420525,2020,1.8162740899357601,4241.0,2335
420526,2000,0.39422761561167596,1202.0,3049
420526,2001,0.5437848474909807,1658.0,3049
420526,2002,0.8776648081338143,2676.0,3049
420526,2003,1.0341095441128239,3153.0,3049
420526,2004,1.12856674319449,3441.0,3049
420526,2005,0.9373565103312561,2858.0,3049
420526,2006,0.8602820596917022,2623.0,3049
420526,2007,0.8438832404066907,2573.0,3049
420526,2008,0.9353886520170548,2852.0,3049
420526,2009,0.43194489996720237,1317.0,3049
420526,2010,1.5598556903902918,4756.0,3049
420526,2011,1.017382748442112,3102.0,3049
420526,2012,0.9986880944571991,3045.0,3049
420526,2013,0.952771400459167,2905.0,3049
420526,2014,0.31584125942932106,963.0,3049
420526,2015,0.3492948507707445,1065.0,3049
420526,2016,0.341423417513939,1041.0,3049
420526,2017,0.948507707445064,2892.0,3049
420526,2018,0.7766480813381437,2368.0,3049
420526,2019,0.6867825516562808,2094.0,3049
420526,2020,0.6939980321416858,2116.0,3049
420527,2000,1.1717532467532468,3609.0,3080
420527,2001,1.0616883116883118,3270.0,3080
420527,2002,1.5775974025974027,4859.0,3080
420527,2003,1.5623376623376624,4812.0,3080
420527,2004,1.4279220779220778,4398.0,3080
420527,2005,1.4155844155844155,4360.0,3080
420527,2006,1.2438311688311687,3831.0,3080
420527,2007,0.9694805194805195,2986.0,3080
420527,2008,1.2743506493506493,3925.0,3080
420527,2009,0.8581168831168832,2643.0,3080
420527,2010,1.4983766233766234,4615.0,3080
420527,2011,1.0801948051948052,3327.0,3080
420527,2012,1.3347402597402598,4111.0,3080
420527,2013,1.6029220779220779,4937.0,3080
420527,2014,0.8532467532467533,2628.0,3080
420527,2015,0.7561688311688312,2329.0,3080
420527,2016,0.637987012987013,1965.0,3080
420527,2017,0.9386363636363636,2891.0,3080
420527,2018,0.9688311688311688,2984.0,3080
420527,2019,1.037987012987013,3197.0,3080
420527,2020,0.9847402597402597,3033.0,3080
420528,2000,0.37294535761883607,1679.0,4502
420528,2001,0.33007552199022655,1486.0,4502
420528,2002,0.48178587294535763,2169.0,4502
420528,2003,0.47112394491337184,2121.0,4502
420528,2004,0.9775655264326966,4401.0,4502
420528,2005,1.3205242114615727,5945.0,4502
420528,2006,1.4586850288760551,6567.0,4502
420528,2007,1.205686361617059,5428.0,4502
420528,2008,1.2567747667703244,5658.0,4502
420528,2009,0.2665482007996446,1200.0,4502
420528,2010,0.8591737005775211,3868.0,4502
420528,2011,0.6028431808085295,2714.0,4502
420528,2012,0.6821412705464238,3071.0,4502
420528,2013,0.7938693913816082,3574.0,4502
420528,2014,0.4995557529986673,2249.0,4502
420528,2015,0.5610839626832519,2526.0,4502
420528,2016,0.39249222567747666,1767.0,4502
420528,2017,0.9680142159040427,4358.0,4502
420528,2018,0.7318969346956908,3295.0,4502
420528,2019,0.9737894269213683,4384.0,4502
420528,2020,0.9669035984007108,4353.0,4502
420529,2000,0.22331639135959339,703.0,3148
420529,2001,0.1963151207115629,618.0,3148
420529,2002,0.2627064803049555,827.0,3148
420529,2003,0.2525412960609911,795.0,3148
420529,2004,0.32052096569250316,1009.0,3148
420529,2005,0.25667090216010163,808.0,3148
420529,2006,0.22808132147395171,718.0,3148
420529,2007,0.2128335451080051,670.0,3148
420529,2008,0.24301143583227447,765.0,3148
420529,2009,0.042884371029224905,135.0,3148
420529,2010,0.3799237611181703,1196.0,3148
420529,2011,0.2445997458703939,770.0,3148
420529,2012,0.1693138500635324,533.0,3148
420529,2013,0.4329733163913596,1363.0,3148
420529,2014,0.25952986022871666,817.0,3148
420529,2015,0.2731893265565438,860.0,3148
420529,2016,0.34498094027954257,1086.0,3148
420529,2017,0.6858322744599746,2159.0,3148
420529,2018,0.6280177890724269,1977.0,3148
420529,2019,0.6912325285895807,2176.0,3148
420529,2020,0.6747141041931385,2124.0,3148
420581,2000,2.2591804151144226,4245.0,1879
420581,2001,2.0612027674294837,3873.0,1879
420581,2002,2.6003193187865885,4886.0,1879
420581,2003,2.8520489622139436,5359.0,1879
420581,2004,3.8233102714209686,7184.0,1879
420581,2005,3.48962213943587,6557.0,1879
420581,2006,3.3469930814262905,6289.0,1879
420581,2007,3.5290047897817987,6631.0,1879
420581,2008,3.5561468866418307,6682.0,1879
420581,2009,2.5194252261841403,4734.0,1879
420581,2010,4.605641298563065,8654.0,1879
420581,2011,3.507184672698244,6590.0,1879
420581,2012,3.2336349121873336,6076.0,1879
420581,2013,4.873869079297498,9158.0,1879
420581,2014,4.685470995210218,8804.0,1879
420581,2015,4.481639169771155,8421.0,1879
420581,2016,3.5976583288983504,6760.0,1879
420581,2017,5.470995210218201,10280.0,1879
420581,2018,5.839808408728047,10973.0,1879
420581,2019,7.289515699840341,13697.0,1879
420581,2020,7.294837679616817,13707.0,1879
420582,2000,0.893491124260355,2567.0,2873
420582,2001,1.1019839888618168,3166.0,2873
420582,2002,1.2168465019143753,3496.0,2873
420582,2003,1.3905325443786982,3995.0,2873
420582,2004,2.0953706926557607,6020.0,2873
420582,2005,1.776192133658197,5103.0,2873
420582,2006,2.3498085624782457,6751.0,2873
420582,2007,2.192133658197007,6298.0,2873
420582,2008,1.9429168116950923,5582.0,2873
420582,2009,0.8447615732683605,2427.0,2873
420582,2010,2.0428123912286806,5869.0,2873
420582,2011,2.083884441350505,5987.0,2873
420582,2012,1.4274277758440654,4101.0,2873
420582,2013,2.541594152453881,7302.0,2873
420582,2014,1.0309780717020536,2962.0,2873
420582,2015,1.0243647754959972,2943.0,2873
420582,2016,1.0713539853811347,3078.0,2873
420582,2017,2.02262443438914,5811.0,2873
420582,2018,2.3104768534632787,6638.0,2873
420582,2019,2.7901148625130525,8016.0,2873
420582,2020,2.9390880612600068,8444.0,2873
420583,2000,3.064671298770711,5734.0,1871
420583,2001,3.169962586851951,5931.0,1871
420583,2002,3.7808658471405665,7074.0,1871
420583,2003,3.6060929983965795,6747.0,1871
420583,2004,5.063067878140032,9473.0,1871
420583,2005,4.64457509353287,8690.0,1871
420583,2006,5.128273650454303,9595.0,1871
420583,2007,5.427578834847675,10155.0,1871
420583,2008,4.909673971138429,9186.0,1871
420583,2009,3.2084446819882415,6003.0,1871
420583,2010,5.362373062533405,10033.0,1871
420583,2011,5.558524853019776,10400.0,1871
420583,2012,4.443613041154463,8314.0,1871
420583,2013,7.124532335649385,13330.0,1871
420583,2014,5.138428647781935,9614.0,1871
420583,2015,4.994655264564404,9345.0,1871
420583,2016,4.051309460181721,7580.0,1871
420583,2017,7.974345269909139,14920.0,1871
420583,2018,8.69641902725815,16271.0,1871
420583,2019,10.21004810261892,19103.0,1871
420583,2020,10.693746659540352,20008.0,1871
420602,2000,5.812420785804816,4586.0,789
420602,2001,6.6286438529784535,5230.0,789
420602,2002,8.377693282636248,6610.0,789
420602,2003,6.3751584283903675,5030.0,789
420602,2004,8.08871989860583,6382.0,789
420602,2005,7.084917617237009,5590.0,789
420602,2006,8.667934093789608,6839.0,789
420602,2007,9.158428390367554,7226.0,789
420602,2008,9.399239543726235,7416.0,789
420602,2009,6.841571609632446,5398.0,789
420602,2010,9.977186311787072,7872.0,789
420602,2011,10.034220532319392,7917.0,789
420602,2012,10.135614702154626,7997.0,789
420602,2013,13.365019011406844,10545.0,789
420602,2014,9.88339670468948,7798.0,789
420602,2015,9.32192648922687,7355.0,789
420602,2016,10.263624841571609,8098.0,789
420602,2017,14.368821292775666,11337.0,789
420602,2018,13.936628643852979,10996.0,789
420602,2019,16.433460076045627,12966.0,789
420602,2020,16.638783269961976,13128.0,789
420606,2000,12.444767441860465,8562.0,688
420606,2001,13.450581395348838,9254.0,688
420606,2002,14.472383720930232,9957.0,688
420606,2003,13.968023255813954,9610.0,688
420606,2004,15.142441860465116,10418.0,688
420606,2005,15.638081395348838,10759.0,688
420606,2006,17.212209302325583,11842.0,688
420606,2007,17.454941860465116,12009.0,688
420606,2008,18.789244186046513,12927.0,688
420606,2009,14.761627906976743,10156.0,688
420606,2010,18.9796511627907,13058.0,688
420606,2011,18.155523255813954,12491.0,688
420606,2012,19.64389534883721,13515.0,688
420606,2013,23.704941860465116,16309.0,688
420606,2014,19.460755813953487,13389.0,688
420606,2015,17.47238372093023,12021.0,688
420606,2016,17.67296511627907,12159.0,688
420606,2017,20.89389534883721,14375.0,688
420606,2018,21.975290697674417,15119.0,688
420606,2019,24.234011627906977,16673.0,688
420606,2020,25.079941860465116,17255.0,688
420607,2000,2.0914151772634044,7138.0,3413
420607,2001,3.0257837679460886,10327.0,3413
420607,2002,3.0688543803105772,10474.0,3413
420607,2003,3.0278347494872544,10334.0,3413
420607,2004,3.5930266627600354,12263.0,3413
420607,2005,3.096396132434808,10568.0,3413
420607,2006,3.7494872546147087,12797.0,3413
420607,2007,4.1790213888075005,14263.0,3413
420607,2008,4.339290946381483,14810.0,3413
420607,2009,2.265162613536478,7731.0,3413
420607,2010,4.382947553472019,14959.0,3413
420607,2011,4.900966891297978,16727.0,3413
420607,2012,4.744213302080281,16192.0,3413
420607,2013,6.253442719015529,21343.0,3413
420607,2014,3.9979490184588338,13645.0,3413
420607,2015,3.732493407559332,12739.0,3413
420607,2016,3.9469674772927044,13471.0,3413
420607,2017,6.970407266334603,23790.0,3413
420607,2018,7.4661588045707585,25482.0,3413
420607,2019,9.705830647524172,33126.0,3413
420607,2020,10.366832698505714,35382.0,3413
420624,2000,0.2781431334622824,1438.0,5170
420624,2001,0.2851063829787234,1474.0,5170
420624,2002,0.5237911025145068,2708.0,5170
420624,2003,0.43829787234042555,2266.0,5170
420624,2004,0.6400386847195357,3309.0,5170
420624,2005,0.5816247582205029,3007.0,5170
420624,2006,0.5429400386847195,2807.0,5170
420624,2007,0.5539651837524178,2864.0,5170
420624,2008,0.7591876208897486,3925.0,5170
420624,2009,0.31411992263056093,1624.0,5170
420624,2010,0.7276595744680852,3762.0,5170
420624,2011,0.7684719535783365,3973.0,5170
420624,2012,0.9299806576402321,4808.0,5170
420624,2013,1.3574468085106384,7018.0,5170
420624,2014,0.46421663442940037,2400.0,5170
420624,2015,0.3864603481624758,1998.0,5170
420624,2016,0.41431334622823984,2142.0,5170
420624,2017,0.9098646034816248,4704.0,5170
420624,2018,0.6916827852998065,3576.0,5170
420624,2019,0.9446808510638298,4884.0,5170
420624,2020,1.0758220502901354,5562.0,5170
420625,2000,1.30367667695762,4645.0,3563
420625,2001,1.6126859388156047,5746.0,3563
420625,2002,1.8243053606511366,6500.0,3563
420625,2003,1.2975021049677238,4623.0,3563
420625,2004,1.429694078024137,5094.0,3563
420625,2005,1.1192815043502666,3988.0,3563
420625,2006,1.5341004771260174,5466.0,3563
420625,2007,1.4580409767050238,5195.0,3563
420625,2008,1.561605388717373,5564.0,3563
420625,2009,0.9194499017681729,3276.0,3563
420625,2010,1.7378613527925906,6192.0,3563
420625,2011,1.8916643278136402,6740.0,3563
420625,2012,2.094583216390682,7463.0,3563
420625,2013,2.5632893628964357,9133.0,3563
420625,2014,0.7808026943586865,2782.0,3563
420625,2015,0.613247263541959,2185.0,3563
420625,2016,0.7229862475442044,2576.0,3563
420625,2017,1.3626157732248105,4855.0,3563
420625,2018,1.2559640752175134,4475.0,3563
420625,2019,1.2840303115352232,4575.0,3563
420625,2020,1.4330620263822622,5106.0,3563
420626,2000,0.1821313240043057,846.0,4645
420626,2001,0.2092572658772874,972.0,4645
420626,2002,0.22906350914962326,1064.0,4645
420626,2003,0.2660925726587729,1236.0,4645
420626,2004,0.3435952637244349,1596.0,4645
420626,2005,0.37115177610333694,1724.0,4645
420626,2006,0.317545748116254,1475.0,4645
420626,2007,0.28331539289558666,1316.0,4645
420626,2008,0.32357373519913885,1503.0,4645
420626,2009,0.13433799784714748,624.0,4645
420626,2010,0.5141011840688913,2388.0,4645
420626,2011,0.4889128094725511,2271.0,4645
420626,2012,0.6030139935414424,2801.0,4645
420626,2013,1.2469321851453175,5792.0,4645
420626,2014,0.38665231431646935,1796.0,4645
420626,2015,0.24241119483315393,1126.0,4645
420626,2016,0.11926803013993541,554.0,4645
420626,2017,0.33821313240043055,1571.0,4645
420626,2018,0.39268030139935417,1824.0,4645
420626,2019,0.39268030139935417,1824.0,4645
420626,2020,0.4081808396124865,1896.0,4645
420682,2000,2.1630094043887147,3450.0,1595
420682,2001,2.646394984326019,4221.0,1595
420682,2002,2.9009404388714732,4627.0,1595
420682,2003,2.1836990595611283,3483.0,1595
420682,2004,2.6626959247648903,4247.0,1595
420682,2005,2.2658307210031348,3614.0,1595
420682,2006,2.568025078369906,4096.0,1595
420682,2007,3.3072100313479624,5275.0,1595
420682,2008,3.296551724137931,5258.0,1595
420682,2009,1.5523510971786834,2476.0,1595
420682,2010,3.740438871473354,5966.0,1595
420682,2011,4.652037617554859,7420.0,1595
420682,2012,3.322884012539185,5300.0,1595
420682,2013,4.317241379310345,6886.0,1595
420682,2014,1.928526645768025,3076.0,1595
420682,2015,1.586833855799373,2531.0,1595
420682,2016,1.5197492163009405,2424.0,1595
420682,2017,3.4990595611285267,5581.0,1595
420682,2018,3.115360501567398,4969.0,1595
420682,2019,3.7241379310344827,5940.0,1595
420682,2020,3.8601880877742945,6157.0,1595
420683,2000,1.0020017793594307,4505.0,4496
420683,2001,1.1258896797153024,5062.0,4496
420683,2002,1.4165925266903914,6369.0,4496
420683,2003,1.9143683274021353,8607.0,4496
420683,2004,1.6961743772241993,7626.0,4496
420683,2005,1.292482206405694,5811.0,4496
420683,2006,1.7055160142348755,7668.0,4496
420683,2007,2.1169928825622777,9518.0,4496
420683,2008,2.0842971530249113,9371.0,4496
420683,2009,1.122108540925267,5045.0,4496
420683,2010,2.0776245551601424,9341.0,4496
420683,2011,2.9490658362989324,13259.0,4496
420683,2012,2.3287366548042705,10470.0,4496
420683,2013,3.520017793594306,15826.0,4496
420683,2014,1.1652580071174377,5239.0,4496
420683,2015,0.9443950177935944,4246.0,4496
420683,2016,1.0767348754448398,4841.0,4496
420683,2017,2.0195729537366547,9080.0,4496
420683,2018,2.076067615658363,9334.0,4496
420683,2019,2.2795818505338077,10249.0,4496
420683,2020,2.484208185053381,11169.0,4496
420684,2000,0.884916581545795,2599.0,2937
420684,2001,1.1304051753489956,3320.0,2937
420684,2002,1.6847122914538646,4948.0,2937
420684,2003,1.4817841334695268,4352.0,2937
420684,2004,1.8546135512427648,5447.0,2937
420684,2005,1.505277494041539,4421.0,2937
420684,2006,1.6179775280898876,4752.0,2937
420684,2007,1.822948586993531,5354.0,2937
420684,2008,2.2488934286687097,6605.0,2937
420684,2009,0.658835546475996,1935.0,2937
420684,2010,2.04528430371127,6007.0,2937
420684,2011,1.9414368403132447,5702.0,2937
420684,2012,2.2567245488593803,6628.0,2937
420684,2013,3.157303370786517,9273.0,2937
420684,2014,1.199182839632278,3522.0,2937
420684,2015,0.9976166155941437,2930.0,2937
420684,2016,0.6928838951310862,2035.0,2937
420684,2017,1.6009533537623426,4702.0,2937
420684,2018,1.526387470207695,4483.0,2937
420684,2019,2.3156281920326864,6801.0,2937
420684,2020,2.254000680966973,6620.0,2937
420702,2000,0.6282578875171467,458.0,729
420702,2001,1.1152263374485596,813.0,729
420702,2002,0.897119341563786,654.0,729
420702,2003,1.4471879286694103,1055.0,729
420702,2004,1.5445816186556927,1126.0,729
420702,2005,1.5884773662551441,1158.0,729
420702,2006,1.0493827160493827,765.0,729
420702,2007,2.6598079561042525,1939.0,729
420702,2008,2.336076817558299,1703.0,729
420702,2009,0.8203017832647462,598.0,729
420702,2010,3.3593964334705078,2449.0,729
420702,2011,3.2441700960219477,2365.0,729
420702,2012,3.179698216735254,2318.0,729
420702,2013,3.905349794238683,2847.0,729
420702,2014,1.4046639231824416,1024.0,729
420702,2015,0.9382716049382716,684.0,729
420702,2016,0.6378600823045267,465.0,729
420702,2017,2.96159122085048,2159.0,729
420702,2018,3.2853223593964334,2395.0,729
420702,2019,4.367626886145405,3184.0,729
420702,2020,4.796982167352538,3497.0,729
420703,2000,5.0807635829662265,3460.0,681
420703,2001,5.87518355359765,4001.0,681
420703,2002,5.8252569750367105,3967.0,681
420703,2003,6.233480176211454,4245.0,681
420703,2004,7.560939794419971,5149.0,681
420703,2005,6.651982378854625,4530.0,681
420703,2006,6.343612334801762,4320.0,681
420703,2007,9.270190895741557,6313.0,681
420703,2008,9.359765051395007,6374.0,681
420703,2009,8.91042584434655,6068.0,681
420703,2010,12.94273127753304,8814.0,681
420703,2011,14.259911894273127,9711.0,681
420703,2012,13.913362701908957,9475.0,681
420703,2013,16.27459618208517,11083.0,681
420703,2014,13.684287812041116,9319.0,681
420703,2015,15.120411160058737,10297.0,681
420703,2016,14.90014684287812,10147.0,681
420703,2017,20.5007342143906,13961.0,681
420703,2018,23.301027900146842,15868.0,681
420703,2019,29.41409691629956,20031.0,681
420703,2020,30.562408223201174,20813.0,681
420704,2000,9.706855791962175,8212.0,846
420704,2001,10.807328605200945,9143.0,846
420704,2002,11.788416075650119,9973.0,846
420704,2003,12.986997635933806,10987.0,846
420704,2004,13.8451536643026,11713.0,846
420704,2005,13.356973995271868,11300.0,846
420704,2006,12.873522458628841,10891.0,846
420704,2007,15.187943262411348,12849.0,846
420704,2008,15.044917257683215,12728.0,846
420704,2009,13.784869976359339,11662.0,846
420704,2010,19.631205673758867,16608.0,846
420704,2011,18.911347517730498,15999.0,846
420704,2012,18.46335697399527,15620.0,846
420704,2013,22.01536643026005,18625.0,846
420704,2014,18.54609929078014,15690.0,846
420704,2015,17.419621749408982,14737.0,846
420704,2016,16.638297872340427,14076.0,846
420704,2017,20.822695035460992,17616.0,846
420704,2018,21.854609929078013,18489.0,846
420704,2019,24.56028368794326,20778.0,846
420704,2020,26.14066193853428,22115.0,846
420802,2000,2.2167334223408988,4981.0,2247
420802,2001,2.5157988429016465,5653.0,2247
420802,2002,2.5380507343124163,5703.0,2247
420802,2003,2.7303070761014685,6135.0,2247
420802,2004,3.086782376502003,6936.0,2247
420802,2005,2.854472630173565,6414.0,2247
420802,2006,3.8887405429461506,8738.0,2247
420802,2007,3.2630173564753004,7332.0,2247
420802,2008,3.2042723631508676,7200.0,2247
420802,2009,1.801068090787717,4047.0,2247
420802,2010,2.896306186025812,6508.0,2247
420802,2011,3.0146862483311083,6774.0,2247
420802,2012,2.3035157988429016,5176.0,2247
420802,2013,3.1246105919003115,7021.0,2247
420802,2014,1.9728526924788607,4433.0,2247
420802,2015,2.1237205162438806,4772.0,2247
420802,2016,2.0654205607476634,4641.0,2247
420802,2017,3.8856252781486424,8731.0,2247
420802,2018,4.01068090787717,9012.0,2247
420802,2019,4.612817089452603,10365.0,2247
420802,2020,4.668001780151313,10489.0,2247
420804,2000,4.551201011378002,3600.0,791
420804,2001,5.017699115044247,3969.0,791
420804,2002,6.652338811630847,5262.0,791
420804,2003,7.256637168141593,5740.0,791
420804,2004,8.720606826801516,6898.0,791
420804,2005,7.3198482932996205,5790.0,791
420804,2006,9.38685208596713,7425.0,791
420804,2007,8.139064475347661,6438.0,791
420804,2008,7.1517067003792665,5657.0,791
420804,2009,6.667509481668774,5274.0,791
420804,2010,9.59039190897598,7586.0,791
420804,2011,10.964601769911505,8673.0,791
420804,2012,8.853350189633375,7003.0,791
420804,2013,12.131479140328699,9596.0,791
420804,2014,10.713021491782554,8474.0,791
420804,2015,10.812895069532237,8553.0,791
420804,2016,11.02022756005057,8717.0,791
420804,2017,15.63716814159292,12369.0,791
420804,2018,16.037926675094816,12686.0,791
420804,2019,17.36283185840708,13734.0,791
420804,2020,17.257901390644754,13651.0,791
420822,2000,1.3640897755610972,3829.0,2807
420822,2001,1.280014250089063,3593.0,2807
420822,2002,1.7520484503028144,4918.0,2807
420822,2003,1.4955468471677948,4198.0,2807
420822,2004,2.0716066975418594,5815.0,2807
420822,2005,1.411115069469184,3961.0,2807
420822,2006,2.2219451371571073,6237.0,2807
420822,2007,2.0691129319558246,5808.0,2807
420822,2008,1.6836480228001425,4726.0,2807
420822,2009,0.41717135732098326,1171.0,2807
420822,2010,1.7413608835055219,4888.0,2807
420822,2011,1.7417171357320984,4889.0,2807
420822,2012,1.0203063769148557,2864.0,2807
420822,2013,2.297114356964731,6448.0,2807
420822,2014,0.8211613822586391,2305.0,2807
420822,2015,0.5048094050587816,1417.0,2807
420822,2016,0.5949412183826149,1670.0,2807
420822,2017,1.2205201282508016,3426.0,2807
420822,2018,1.2301389383683647,3453.0,2807
420822,2019,1.5557534734592091,4367.0,2807
420822,2020,2.0381189882436765,5721.0,2807
420881,2000,0.7715918367346939,4726.0,6125
420881,2001,0.7480816326530613,4582.0,6125
420881,2002,1.1100408163265305,6799.0,6125
420881,2003,0.9328979591836735,5714.0,6125
420881,2004,1.354938775510204,8299.0,6125
420881,2005,1.2587755102040816,7710.0,6125
420881,2006,1.7688163265306123,10834.0,6125
420881,2007,2.126530612244898,13025.0,6125
420881,2008,2.268081632653061,13892.0,6125
420881,2009,0.7867755102040817,4819.0,6125
420881,2010,1.638530612244898,10036.0,6125
420881,2011,1.9188571428571428,11753.0,6125
420881,2012,1.8306938775510204,11213.0,6125
420881,2013,2.337142857142857,14315.0,6125
420881,2014,1.040326530612245,6372.0,6125
420881,2015,0.882938775510204,5408.0,6125
420881,2016,0.7820408163265307,4790.0,6125
420881,2017,1.7676734693877552,10827.0,6125
420881,2018,1.7732244897959184,10861.0,6125
420881,2019,2.1604897959183673,13233.0,6125
420881,2020,2.2422857142857144,13734.0,6125
420882,2000,0.8238165994481002,3881.0,4711
420882,2001,0.6540012736149438,3081.0,4711
420882,2002,0.8149012948418595,3839.0,4711
420882,2003,0.7189556357461261,3387.0,4711
420882,2004,1.1388240288686053,5365.0,4711
420882,2005,1.3222245807684143,6229.0,4711
420882,2006,1.586075143281681,7472.0,4711
420882,2007,1.8605391636595203,8765.0,4711
420882,2008,1.455529611547442,6857.0,4711
420882,2009,0.3986414773933348,1878.0,4711
420882,2010,1.580343876034812,7445.0,4711
420882,2011,1.8565060496709829,8746.0,4711
420882,2012,1.7996179155168754,8478.0,4711
420882,2013,1.882827425175122,8870.0,4711
420882,2014,0.7437911271492252,3504.0,4711
420882,2015,0.6644024623222246,3130.0,4711
420882,2016,0.5122054765442581,2413.0,4711
420882,2017,1.6053916365952028,7563.0,4711
420882,2018,1.593716832944173,7508.0,4711
420882,2019,1.7015495648482275,8016.0,4711
420882,2020,1.9634897049458713,9250.0,4711
420902,2000,6.162399414776884,8424.0,1367
420902,2001,6.302852962692026,8616.0,1367
420902,2002,6.854425749817118,9370.0,1367
420902,2003,7.618141916605706,10414.0,1367
420902,2004,8.553767373811265,11693.0,1367
420902,2005,7.941477688368691,10856.0,1367
420902,2006,7.338697878566204,10032.0,1367
420902,2007,9.174835405998538,12542.0,1367
420902,2008,9.68471104608632,13239.0,1367
420902,2009,9.040234089246525,12358.0,1367
420902,2010,11.094367227505487,15166.0,1367
420902,2011,12.85515727871251,17573.0,1367
420902,2012,13.201170446232625,18046.0,1367
420902,2013,15.269934162399414,20874.0,1367
420902,2014,9.97878566203365,13641.0,1367
420902,2015,10.747622531089979,14692.0,1367
420902,2016,10.231163130943672,13986.0,1367
420902,2017,15.60936356986101,21338.0,1367
420902,2018,17.348207754206292,23715.0,1367
420902,2019,21.778346744696414,29771.0,1367
420902,2020,21.049012435991223,28774.0,1367
420921,2000,1.5429808286951143,2495.0,1617
420921,2001,1.6314162028447743,2638.0,1617
420921,2002,2.1125541125541125,3416.0,1617
420921,2003,2.1774891774891776,3521.0,1617
420921,2004,2.4267161410018554,3924.0,1617
420921,2005,2.512677798392084,4063.0,1617
420921,2006,2.1880024737167596,3538.0,1617
420921,2007,3.5708101422387135,5774.0,1617
420921,2008,3.7965367965367967,6139.0,1617
420921,2009,2.037105751391466,3294.0,1617
420921,2010,3.6944959802102657,5974.0,1617
420921,2011,4.918367346938775,7953.0,1617
420921,2012,4.097711811997526,6626.0,1617
420921,2013,4.288806431663574,6935.0,1617
420921,2014,1.1954236239950526,1933.0,1617
420921,2015,1.6623376623376624,2688.0,1617
420921,2016,1.8051948051948052,2919.0,1617
420921,2017,4.390228818800248,7099.0,1617
420921,2018,4.32591218305504,6995.0,1617
420921,2019,6.200989486703772,10027.0,1617
420921,2020,6.862090290661719,11096.0,1617
420922,2000,0.6796789492885809,1863.0,2741
420922,2001,0.7238234221087194,1984.0,2741
420922,2002,0.9306822327617658,2551.0,2741
420922,2003,0.8475009120758847,2323.0,2741
420922,2004,1.20977745348413,3316.0,2741
420922,2005,1.0977745348412988,3009.0,2741
420922,2006,0.8668369208318132,2376.0,2741
420922,2007,1.514410798978475,4151.0,2741
420922,2008,2.661802261948194,7296.0,2741
420922,2009,2.233126596132798,6121.0,2741
420922,2010,2.7551988325428676,7552.0,2741
420922,2011,3.0529004013133894,8368.0,2741
420922,2012,1.501276906238599,4115.0,2741
420922,2013,1.7865742429770157,4897.0,2741
420922,2014,0.82305727836556,2256.0,2741
420922,2015,0.5757022984312294,1578.0,2741
420922,2016,0.5742429770156877,1574.0,2741
420922,2017,1.597592119664356,4379.0,2741
420922,2018,1.4753739511127326,4044.0,2741
420922,2019,3.3075519883254287,9066.0,2741
420922,2020,2.5206129149945276,6909.0,2741
420923,2000,4.448574969021066,3590.0,807
420923,2001,4.987608426270136,4025.0,807
420923,2002,5.619578686493185,4535.0,807
420923,2003,6.092936802973978,4917.0,807
420923,2004,6.884758364312268,5556.0,807
420923,2005,6.323420074349443,5103.0,807
420923,2006,6.244114002478315,5039.0,807
420923,2007,6.940520446096654,5601.0,807
420923,2008,7.08550185873606,5718.0,807
420923,2009,6.374225526641884,5144.0,807
420923,2010,6.536555142503098,5275.0,807
420923,2011,8.81908302354399,7117.0,807
420923,2012,9.078066914498141,7326.0,807
420923,2013,10.452292441140024,8435.0,807
420923,2014,3.9219330855018586,3165.0,807
420923,2015,3.0718711276332096,2479.0,807
420923,2016,3.2329615861214376,2609.0,807
420923,2017,7.8537794299876085,6338.0,807
420923,2018,8.002478314745973,6458.0,807
420923,2019,9.815365551425032,7921.0,807
420923,2020,10.703841387856258,8638.0,807
420981,2000,2.6997300944669367,4001.0,1482
420981,2001,2.6983805668016196,3999.0,1482
420981,2002,3.2719298245614037,4849.0,1482
420981,2003,3.2064777327935223,4752.0,1482
420981,2004,3.992577597840756,5917.0,1482
420981,2005,3.9392712550607287,5838.0,1482
420981,2006,3.710526315789474,5499.0,1482
420981,2007,5.238866396761134,7764.0,1482
420981,2008,4.846828609986504,7183.0,1482
420981,2009,2.920377867746289,4328.0,1482
420981,2010,4.103238866396761,6081.0,1482
420981,2011,5.170715249662618,7663.0,1482
420981,2012,5.032388663967612,7458.0,1482
420981,2013,5.399460188933873,8002.0,1482
420981,2014,3.086369770580297,4574.0,1482
420981,2015,3.128205128205128,4636.0,1482
420981,2016,2.661943319838057,3945.0,1482
420981,2017,5.372469635627531,7962.0,1482
420981,2018,5.4574898785425106,8088.0,1482
420981,2019,6.850202429149798,10152.0,1482
420981,2020,8.77800269905533,13009.0,1482
420982,2000,1.3861333333333334,2599.0,1875
420982,2001,1.6378666666666666,3071.0,1875
420982,2002,1.9290666666666667,3617.0,1875
420982,2003,2.7472,5151.0,1875
420982,2004,3.0256,5673.0,1875
420982,2005,2.2986666666666666,4310.0,1875
420982,2006,2.4432,4581.0,1875
420982,2007,3.3429333333333333,6268.0,1875
420982,2008,3.2112,6021.0,1875
420982,2009,2.1322666666666668,3998.0,1875
420982,2010,3.0234666666666667,5669.0,1875
420982,2011,4.039466666666667,7574.0,1875
420982,2012,3.7813333333333334,7090.0,1875
420982,2013,4.368533333333334,8191.0,1875
420982,2014,1.9882666666666666,3728.0,1875
420982,2015,1.9834666666666667,3719.0,1875
420982,2016,2.2570666666666668,4232.0,1875
420982,2017,3.7157333333333336,6967.0,1875
420982,2018,3.9861333333333335,7474.0,1875
420982,2019,4.381866666666666,8216.0,1875
420982,2020,4.5738666666666665,8576.0,1875
420984,2000,2.692644483362522,6150.0,2284
420984,2001,2.818739054290718,6438.0,2284
420984,2002,3.3415061295971977,7632.0,2284
420984,2003,3.2565674255691768,7438.0,2284
420984,2004,4.219352014010508,9637.0,2284
420984,2005,4.176444833625219,9539.0,2284
420984,2006,4.057355516637478,9267.0,2284
420984,2007,5.508318739054291,12581.0,2284
420984,2008,5.327057793345009,12167.0,2284
420984,2009,4.016199649737303,9173.0,2284
420984,2010,5.595008756567426,12779.0,2284
420984,2011,6.392294220665499,14600.0,2284
420984,2012,6.815674255691769,15567.0,2284
420984,2013,7.812171628721541,17843.0,2284
420984,2014,5.737740805604203,13105.0,2284
420984,2015,6.118651488616463,13975.0,2284
420984,2016,5.183450087565674,11839.0,2284
420984,2017,7.993870402802101,18258.0,2284
420984,2018,8.269264448336251,18887.0,2284
420984,2019,9.786339754816112,22352.0,2284
420984,2020,9.733362521891419,22231.0,2284
421002,2000,7.413636363636364,4893.0,660
421002,2001,6.386363636363637,4215.0,660
421002,2002,7.627272727272727,5034.0,660
421002,2003,6.993939393939394,4616.0,660
421002,2004,9.066666666666666,5984.0,660
421002,2005,8.934848484848485,5897.0,660
421002,2006,9.63030303030303,6356.0,660
421002,2007,9.862121212121211,6509.0,660
421002,2008,9.916666666666666,6545.0,660
421002,2009,7.196969696969697,4750.0,660
421002,2010,9.366666666666667,6182.0,660
421002,2011,10.733333333333333,7084.0,660
421002,2012,9.525757575757575,6287.0,660
421002,2013,13.159090909090908,8685.0,660
421002,2014,10.568181818181818,6975.0,660
421002,2015,11.639393939393939,7682.0,660
421002,2016,12.19848484848485,8051.0,660
421002,2017,15.41969696969697,10177.0,660
421002,2018,16.528787878787877,10909.0,660
421002,2019,19.46060606060606,12844.0,660
421002,2020,22.12272727272727,14601.0,660
421003,2000,4.487721691678035,6579.0,1466
421003,2001,4.107094133697135,6021.0,1466
421003,2002,5.240109140518418,7682.0,1466
421003,2003,4.860845839017736,7126.0,1466
421003,2004,6.0109140518417465,8812.0,1466
421003,2005,5.536834924965894,8117.0,1466
421003,2006,6.432469304229195,9430.0,1466
421003,2007,6.702592087312414,9826.0,1466
421003,2008,5.994542974079127,8788.0,1466
421003,2009,3.8281036834924964,5612.0,1466
421003,2010,6.18212824010914,9063.0,1466
421003,2011,5.951568894952251,8725.0,1466
421003,2012,5.65893587994543,8296.0,1466
421003,2013,7.558663028649386,11081.0,1466
421003,2014,4.724420190995907,6926.0,1466
421003,2015,4.383356070941337,6426.0,1466
421003,2016,4.389495225102319,6435.0,1466
421003,2017,6.557980900409277,9614.0,1466
421003,2018,6.972032742155525,10221.0,1466
421003,2019,9.65006821282401,14147.0,1466
421003,2020,11.195088676671213,16412.0,1466
421022,2000,1.5798177522780965,4681.0,2963
421022,2001,1.6368545393182585,4850.0,2963
421022,2002,2.736415794802565,8108.0,2963
421022,2003,2.3921700978737768,7088.0,2963
421022,2004,3.8953763077961527,11542.0,2963
421022,2005,3.1592980087748903,9361.0,2963
421022,2006,3.458656766790415,10248.0,2963
421022,2007,3.2828214647316907,9727.0,2963
421022,2008,2.7370907863651706,8110.0,2963
421022,2009,1.3189335133310833,3908.0,2963
421022,2010,2.946000674991563,8729.0,2963
421022,2011,2.586567667904151,7664.0,2963
421022,2012,1.8596017549780628,5510.0,2963
421022,2013,3.490381370232872,10342.0,2963
421022,2014,2.1285858926763415,6307.0,2963
421022,2015,2.349983125210935,6963.0,2963
421022,2016,2.3506581167735403,6965.0,2963
421022,2017,3.842726965912926,11386.0,2963
421022,2018,4.3999325008437395,13037.0,2963
421022,2019,4.927775902801215,14601.0,2963
421022,2020,5.8720890988862635,17399.0,2963
421023,2000,1.4738415545590433,5916.0,4014
421023,2001,1.2650722471350273,5078.0,4014
421023,2002,1.9314897857498754,7753.0,4014
421023,2003,1.3699551569506727,5499.0,4014
421023,2004,1.8213751868460388,7311.0,4014
421023,2005,2.3639760837070254,9489.0,4014
421023,2006,2.6013951170901843,10442.0,4014
421023,2007,3.084703537618336,12382.0,4014
421023,2008,2.7072745391131043,10867.0,4014
421023,2009,1.1940707523667164,4793.0,4014
421023,2010,2.171898355754858,8718.0,4014
421023,2011,2.7595914299950173,11077.0,4014
421023,2012,1.6968111609367216,6811.0,4014
421023,2013,3.3278525161933232,13358.0,4014
421023,2014,1.2369207772795217,4965.0,4014
421023,2015,1.3460388639760836,5403.0,4014
421023,2016,1.0555555555555556,4237.0,4014
421023,2017,2.3475336322869955,9423.0,4014
421023,2018,3.094170403587444,12420.0,4014
421023,2019,2.722471350274041,10928.0,4014
421023,2020,3.339063278525162,13403.0,4014
421024,2000,2.349862258953168,3412.0,1452
421024,2001,2.590909090909091,3762.0,1452
421024,2002,2.9035812672176307,4216.0,1452
421024,2003,2.1859504132231407,3174.0,1452
421024,2004,3.090220385674931,4487.0,1452
421024,2005,3.0082644628099175,4368.0,1452
421024,2006,3.7610192837465566,5461.0,1452
421024,2007,3.7327823691460056,5420.0,1452
421024,2008,3.291322314049587,4779.0,1452
421024,2009,0.9400826446280992,1365.0,1452
421024,2010,2.2300275482093666,3238.0,1452
421024,2011,2.6081267217630852,3787.0,1452
421024,2012,1.4387052341597797,2089.0,1452
421024,2013,3.1859504132231407,4626.0,1452
421024,2014,1.9207988980716253,2789.0,1452
421024,2015,2.3863636363636362,3465.0,1452
421024,2016,2.353305785123967,3417.0,1452
421024,2017,4.416666666666667,6413.0,1452
421024,2018,4.5337465564738295,6583.0,1452
421024,2019,5.879476584022038,8537.0,1452
421024,2020,7.011019283746556,10180.0,1452
421081,2000,1.8204992033988316,3428.0,1883
421081,2001,1.6356877323420074,3080.0,1883
421081,2002,2.7360594795539033,5152.0,1883
421081,2003,2.196494954859267,4136.0,1883
421081,2004,3.0610727562400424,5764.0,1883
421081,2005,2.5740839086563994,4847.0,1883
421081,2006,3.5215082315454063,6631.0,1883
421081,2007,3.1524163568773234,5936.0,1883
421081,2008,2.5108868826340944,4728.0,1883
421081,2009,1.147636749867233,2161.0,1883
421081,2010,2.2692511949017526,4273.0,1883
421081,2011,2.276155071694105,4286.0,1883
421081,2012,1.5273499734466278,2876.0,1883
421081,2013,2.5300053106744556,4764.0,1883
421081,2014,1.5363781200212427,2893.0,1883
421081,2015,1.8050982474774295,3399.0,1883
421081,2016,1.9633563462559744,3697.0,1883
421081,2017,2.9553903345724906,5565.0,1883
421081,2018,3.5979819437068508,6775.0,1883
421081,2019,3.634625597450876,6844.0,1883
421081,2020,4.370154009559214,8229.0,1883
421083,2000,1.6028391167192428,5081.0,3170
421083,2001,1.6533123028391168,5241.0,3170
421083,2002,1.82397476340694,5782.0,3170
421083,2003,1.5072555205047318,4778.0,3170
421083,2004,1.883596214511041,5971.0,3170
421083,2005,1.8246056782334386,5784.0,3170
421083,2006,1.6741324921135647,5307.0,3170
421083,2007,2.3914826498422714,7581.0,3170
421083,2008,2.2766561514195582,7217.0,3170
421083,2009,1.1123028391167193,3526.0,3170
421083,2010,2.5186119873817034,7984.0,3170
421083,2011,3.0309148264984227,9608.0,3170
421083,2012,2.1858044164037853,6929.0,3170
421083,2013,3.6009463722397475,11415.0,3170
421083,2014,1.3981072555205047,4432.0,3170
421083,2015,1.2586750788643533,3990.0,3170
421083,2016,1.0504731861198737,3330.0,3170
421083,2017,2.178233438485804,6905.0,3170
421083,2018,3.1176656151419557,9883.0,3170
421083,2019,3.5946372239747633,11395.0,3170
421083,2020,3.8706624605678233,12270.0,3170
421087,2000,1.0337636544190665,3123.0,3021
421087,2001,1.0883813306852035,3288.0,3021
421087,2002,1.6454816285998013,4971.0,3021
421087,2003,1.6001324064879179,4834.0,3021
421087,2004,2.428666004634227,7337.0,3021
421087,2005,2.4333002317113537,7351.0,3021
421087,2006,2.9073154584574645,8783.0,3021
421087,2007,3.0049652432969216,9078.0,3021
421087,2008,2.630254882489242,7946.0,3021
421087,2009,0.8450844091360477,2553.0,3021
421087,2010,2.591857000993049,7830.0,3021
421087,2011,2.3680900364117843,7154.0,3021
421087,2012,1.513737173121483,4573.0,3021
421087,2013,2.991062562065541,9036.0,3021
421087,2014,1.054617676266137,3186.0,3021
421087,2015,1.1363786825554452,3433.0,3021
421087,2016,1.0989738497186363,3320.0,3021
421087,2017,2.554121151936445,7716.0,3021
421087,2018,2.886461436610394,8720.0,3021
421087,2019,3.356835484938762,10141.0,3021
421087,2020,4.096656736180073,12376.0,3021
421102,2000,10.583877995642702,4858.0,459
421102,2001,11.387799564270152,5227.0,459
421102,2002,11.830065359477125,5430.0,459
421102,2003,13.993464052287582,6423.0,459
421102,2004,14.677559912854031,6737.0,459
421102,2005,15.198257080610022,6976.0,459
421102,2006,14.514161220043572,6662.0,459
421102,2007,17.492374727668846,8029.0,459
421102,2008,17.239651416122005,7913.0,459
421102,2009,14.124183006535947,6483.0,459
421102,2010,17.59259259259259,8075.0,459
421102,2011,19.875816993464053,9123.0,459
421102,2012,20.6318082788671,9470.0,459
421102,2013,25.119825708061,11530.0,459
421102,2014,23.11764705882353,10611.0,459
421102,2015,23.67755991285403,10868.0,459
421102,2016,25.10239651416122,11522.0,459
421102,2017,29.544662309368192,13561.0,459
421102,2018,30.686274509803923,14085.0,459
421102,2019,36.790849673202615,16887.0,459
421102,2020,39.27450980392157,18027.0,459
421121,2000,1.366086956521739,1571.0,1150
421121,2001,1.7791304347826087,2046.0,1150
421121,2002,1.4860869565217392,1709.0,1150
421121,2003,1.8139130434782609,2086.0,1150
421121,2004,2.4530434782608697,2821.0,1150
421121,2005,2.9304347826086956,3370.0,1150
421121,2006,2.8217391304347825,3245.0,1150
421121,2007,5.110434782608696,5877.0,1150
421121,2008,4.531304347826087,5211.0,1150
421121,2009,2.4269565217391302,2791.0,1150
421121,2010,3.8182608695652176,4391.0,1150
421121,2011,4.754782608695653,5468.0,1150
421121,2012,5.138260869565217,5909.0,1150
421121,2013,6.484347826086957,7457.0,1150
421121,2014,5.20695652173913,5988.0,1150
421121,2015,3.448695652173913,3966.0,1150
421121,2016,2.621739130434783,3015.0,1150
421121,2017,5.886956521739131,6770.0,1150
421121,2018,5.8878260869565215,6771.0,1150
421121,2019,7.489565217391305,8613.0,1150
421121,2020,7.482608695652174,8605.0,1150
421122,2000,0.8390068081698038,2095.0,2497
421122,2001,1.0024028834601522,2503.0,2497
421122,2002,0.8714457348818583,2176.0,2497
421122,2003,0.9795754905887064,2446.0,2497
421122,2004,0.7965558670404486,1989.0,2497
421122,2005,0.9359231077292751,2337.0,2497
421122,2006,1.2599118942731278,3146.0,2497
421122,2007,1.539046856227473,3843.0,2497
421122,2008,1.7665198237885462,4411.0,2497
421122,2009,0.8706447737284742,2174.0,2497
421122,2010,1.7440929114937926,4355.0,2497
421122,2011,3.05326391670004,7624.0,2497
421122,2012,2.7553063676411695,6880.0,2497
421122,2013,3.630356427713256,9065.0,2497
421122,2014,1.0,2497.0,2497
421122,2015,1.302763315979175,3253.0,2497
421122,2016,0.8366039247096516,2089.0,2497
421122,2017,2.18342010412495,5452.0,2497
421122,2018,1.9026832198638366,4751.0,2497
421122,2019,2.6323588305967163,6573.0,2497
421122,2020,4.165398478173809,10401.0,2497
421123,2000,0.4615939415795168,1280.0,2773
421123,2001,0.4392354850342589,1218.0,2773
421123,2002,0.44139920663541293,1224.0,2773
421123,2003,0.5582401730977281,1548.0,2773
421123,2004,0.7313379011900469,2028.0,2773
421123,2005,1.001442481067436,2777.0,2773
421123,2006,1.0310133429498738,2859.0,2773
421123,2007,1.7984132708258205,4987.0,2773
421123,2008,1.451135953840606,4024.0,2773
421123,2009,0.5106382978723404,1416.0,2773
421123,2010,1.1990623873061665,3325.0,2773
421123,2011,1.4215650919581682,3942.0,2773
421123,2012,1.1756220699603317,3260.0,2773
421123,2013,1.6080057699242698,4459.0,2773
421123,2014,0.4817886765236206,1336.0,2773
421123,2015,0.33249188604399565,922.0,2773
421123,2016,0.4154345474215651,1152.0,2773
421123,2017,1.155066714749369,3203.0,2773
421123,2018,1.5849260728452939,4395.0,2773
421123,2019,1.7324197619906239,4804.0,2773
421123,2020,1.7868734222863325,4955.0,2773
421124,2000,0.33923444976076556,709.0,2090
421124,2001,0.3196172248803828,668.0,2090
421124,2002,0.3133971291866029,655.0,2090
421124,2003,0.4698564593301435,982.0,2090
421124,2004,0.55311004784689,1156.0,2090
421124,2005,0.784688995215311,1640.0,2090
421124,2006,0.4789473684210526,1001.0,2090
421124,2007,1.4813397129186603,3096.0,2090
421124,2008,1.120574162679426,2342.0,2090
421124,2009,0.2880382775119617,602.0,2090
421124,2010,0.783732057416268,1638.0,2090
421124,2011,0.8889952153110048,1858.0,2090
421124,2012,0.9789473684210527,2046.0,2090
421124,2013,1.2401913875598085,2592.0,2090
421124,2014,0.44066985645933016,921.0,2090
421124,2015,0.3478468899521531,727.0,2090
421124,2016,0.40574162679425835,848.0,2090
421124,2017,1.04688995215311,2188.0,2090
421124,2018,0.9870813397129187,2063.0,2090
421124,2019,1.3339712918660287,2788.0,2090
421124,2020,1.313397129186603,2745.0,2090
421125,2000,1.677443056576047,4566.0,2722
421125,2001,2.144746509919177,5838.0,2722
421125,2002,1.5922116091109477,4334.0,2722
421125,2003,2.351947097722263,6402.0,2722
421125,2004,2.801616458486407,7626.0,2722
421125,2005,2.9059515062454078,7910.0,2722
421125,2006,2.408155767817781,6555.0,2722
421125,2007,4.116091109478325,11204.0,2722
421125,2008,3.8655400440852317,10522.0,2722
421125,2009,2.0018368846436445,5449.0,2722
421125,2010,3.478692138133725,9469.0,2722
421125,2011,4.290595150624541,11679.0,2722
421125,2012,3.695444526083762,10059.0,2722
421125,2013,4.756061719324027,12946.0,2722
421125,2014,2.4720793534166052,6729.0,2722
421125,2015,2.0128581925055107,5479.0,2722
421125,2016,1.873254959588538,5099.0,2722
421125,2017,3.979059515062454,10831.0,2722
421125,2018,4.257531227038942,11589.0,2722
421125,2019,5.8269654665687,15861.0,2722
421125,2020,6.414768552534901,17461.0,2722
421126,2000,0.886985272016832,2951.0,3327
421126,2001,1.1806432221220318,3928.0,3327
421126,2002,1.00931770363691,3358.0,3327
421126,2003,1.4195972347460175,4723.0,3327
421126,2004,1.4229035166816952,4734.0,3327
421126,2005,1.278629395852119,4254.0,3327
421126,2006,1.0589119326720768,3523.0,3327
421126,2007,1.6318004207995191,5429.0,3327
421126,2008,1.4102795311091072,4692.0,3327
421126,2009,1.133453561767358,3771.0,3327
421126,2010,1.7694619777577396,5887.0,3327
421126,2011,2.009618274721972,6686.0,3327
421126,2012,1.9119326720769463,6361.0,3327
421126,2013,2.3134956417192667,7697.0,3327
421126,2014,0.8644424406372107,2876.0,3327
421126,2015,0.7511271415689811,2499.0,3327
421126,2016,0.7063420498948001,2350.0,3327
421126,2017,2.0351668169522092,6771.0,3327
421126,2018,2.2458671475804026,7472.0,3327
421126,2019,3.104298166516381,10328.0,3327
421126,2020,2.9669371806432223,9871.0,3327
421127,2000,3.495537611559711,8225.0,2353
421127,2001,3.437739056523587,8089.0,2353
421127,2002,3.1041223969400766,7304.0,2353
421127,2003,4.318742031449214,10162.0,2353
421127,2004,4.1878453038674035,9854.0,2353
421127,2005,5.104972375690608,12012.0,2353
421127,2006,4.815129621759456,11330.0,2353
421127,2007,5.736506587335317,13498.0,2353
421127,2008,5.3076923076923075,12489.0,2353
421127,2009,4.551636209094773,10710.0,2353
421127,2010,5.994475138121547,14105.0,2353
421127,2011,6.303867403314917,14833.0,2353
421127,2012,6.8121546961325965,16029.0,2353
421127,2013,8.09009774755631,19036.0,2353
421127,2014,2.9885252868678283,7032.0,2353
421127,2015,2.9949001274968126,7047.0,2353
421127,2016,2.712707182320442,6383.0,2353
421127,2017,5.094347641308968,11987.0,2353
421127,2018,5.18232044198895,12194.0,2353
421127,2019,6.657458563535911,15665.0,2353
421127,2020,6.853378665533362,16126.0,2353
421181,2000,0.6333591032083494,3277.0,5174
421181,2001,0.7988017008117511,4133.0,5174
421181,2002,0.799768071124855,4138.0,5174
421181,2003,0.869926555856204,4501.0,5174
421181,2004,0.9849246231155779,5096.0,5174
421181,2005,1.2008117510630074,6213.0,5174
421181,2006,1.8821028218013143,9738.0,5174
421181,2007,2.489369926555856,12880.0,5174
421181,2008,2.35195206803247,12169.0,5174
421181,2009,1.2989949748743719,6721.0,5174
421181,2010,1.9835717046772323,10263.0,5174
421181,2011,2.2580208735987632,11683.0,5174
421181,2012,1.882296095863935,9739.0,5174
421181,2013,2.3161963664476226,11984.0,5174
421181,2014,1.5197139543873213,7863.0,5174
421181,2015,1.364321608040201,7059.0,5174
421181,2016,1.144182450715114,5920.0,5174
421181,2017,2.3353304986470818,12083.0,5174
421181,2018,2.2725164282953227,11758.0,5174
421181,2019,3.0175879396984926,15613.0,5174
421181,2020,3.3969849246231156,17576.0,5174
421182,2000,2.02540937323546,3587.0,1771
421182,2001,2.251270468661773,3987.0,1771
421182,2002,2.0304912478825523,3596.0,1771
421182,2003,2.8565782044042916,5059.0,1771
421182,2004,3.233201581027668,5726.0,1771
421182,2005,3.362507058159232,5955.0,1771
421182,2006,2.801242236024845,4961.0,1771
421182,2007,4.180124223602484,7403.0,1771
421182,2008,3.6770186335403725,6512.0,1771
421182,2009,3.0892151326933934,5471.0,1771
421182,2010,4.158667419536985,7365.0,1771
421182,2011,4.667419536984754,8266.0,1771
421182,2012,5.41501976284585,9590.0,1771
421182,2013,6.757199322416714,11967.0,1771
421182,2014,4.038961038961039,7153.0,1771
421182,2015,4.43647656691135,7857.0,1771
421182,2016,3.7859966120835686,6705.0,1771
421182,2017,6.1936758893280635,10969.0,1771
421182,2018,6.089215132693393,10784.0,1771
421182,2019,7.677583286278939,13597.0,1771
421182,2020,8.109542631281762,14362.0,1771
421202,2000,3.1347804139323574,6210.0,1981
421202,2001,3.1125694093891974,6166.0,1981
421202,2002,3.254416961130742,6447.0,1981
421202,2003,3.3392226148409896,6615.0,1981
421202,2004,3.9096415951539627,7745.0,1981
421202,2005,3.5941443715295307,7120.0,1981
421202,2006,3.6658253407370016,7262.0,1981
421202,2007,5.543160020191823,10981.0,1981
421202,2008,5.3780918727915195,10654.0,1981
421202,2009,4.382635032811711,8682.0,1981
421202,2010,6.6749116607773855,13223.0,1981
421202,2011,6.713780918727915,13300.0,1981
421202,2012,6.262998485613327,12407.0,1981
421202,2013,7.991923271075215,15832.0,1981
421202,2014,5.200403836446239,10302.0,1981
421202,2015,5.050984351337708,10006.0,1981
421202,2016,4.869762746087835,9647.0,1981
421202,2017,7.942958101968703,15735.0,1981
421202,2018,8.480060575466936,16799.0,1981
421202,2019,10.31095406360424,20426.0,1981
421202,2020,10.83846542150429,21471.0,1981
421221,2000,1.8383768913342504,2673.0,1454
421221,2001,1.8039889958734525,2623.0,1454
421221,2002,2.2916093535075652,3332.0,1454
421221,2003,1.8349381017881705,2668.0,1454
421221,2004,2.1960110041265475,3193.0,1454
421221,2005,2.199449793672627,3198.0,1454
421221,2006,1.7572214580467675,2555.0,1454
421221,2007,3.233837689133425,4702.0,1454
421221,2008,2.9738651994497936,4324.0,1454
421221,2009,1.8191196698762035,2645.0,1454
421221,2010,3.6045392022008254,5241.0,1454
421221,2011,3.684319119669876,5357.0,1454
421221,2012,3.328748280605227,4840.0,1454
421221,2013,4.369325997248969,6353.0,1454
421221,2014,2.4181568088033014,3516.0,1454
421221,2015,2.6966987620357634,3921.0,1454
421221,2016,3.7448418156808803,5445.0,1454
421221,2017,7.482806052269601,10880.0,1454
421221,2018,7.612104539202201,11068.0,1454
421221,2019,10.310866574965612,14992.0,1454
421221,2020,10.056396148555708,14622.0,1454
421222,2000,1.07324147933285,1480.0,1379
421222,2001,1.003625815808557,1384.0,1379
421222,2002,1.1783901377810007,1625.0,1379
421222,2003,0.943437273386512,1301.0,1379
421222,2004,2.184191443074692,3012.0,1379
421222,2005,1.9173313995649022,2644.0,1379
421222,2006,1.928208846990573,2659.0,1379
421222,2007,2.7012327773749094,3725.0,1379
421222,2008,2.5474981870920956,3513.0,1379
421222,2009,1.4561276287164613,2008.0,1379
421222,2010,2.3002175489485133,3172.0,1379
421222,2011,2.5583756345177666,3528.0,1379
421222,2012,2.5503988397389414,3517.0,1379
421222,2013,2.6990572878897754,3722.0,1379
421222,2014,1.5714285714285714,2167.0,1379
421222,2015,1.4336475707034082,1977.0,1379
421222,2016,1.6011602610587383,2208.0,1379
421222,2017,3.3045685279187818,4557.0,1379
421222,2018,3.3836113125453227,4666.0,1379
421222,2019,3.7186366932559825,5128.0,1379
421222,2020,3.478607686729514,4797.0,1379
421223,2000,0.6485671191553545,1720.0,2652
421223,2001,0.5946455505279035,1577.0,2652
421223,2002,0.7760180995475113,2058.0,2652
421223,2003,0.8235294117647058,2184.0,2652
421223,2004,1.2843137254901962,3406.0,2652
421223,2005,1.0177224736048265,2699.0,2652
421223,2006,1.0131975867269984,2687.0,2652
421223,2007,1.7168174962292608,4553.0,2652
421223,2008,1.4121417797888387,3745.0,2652
421223,2009,1.248868778280543,3312.0,2652
421223,2010,1.845399698340875,4894.0,2652
421223,2011,1.580316742081448,4191.0,2652
421223,2012,1.4969834087481146,3970.0,2652
421223,2013,1.9242081447963801,5103.0,2652
421223,2014,0.521870286576169,1384.0,2652
421223,2015,0.5588235294117647,1482.0,2652
421223,2016,0.501131221719457,1329.0,2652
421223,2017,1.0750377073906485,2851.0,2652
421223,2018,1.444947209653092,3832.0,2652
421223,2019,1.4769984917043741,3917.0,2652
421223,2020,1.526395173453997,4048.0,2652
421224,2000,0.20011685655857436,685.0,3423
421224,2001,0.26321939818872336,901.0,3423
421224,2002,0.3584574934268186,1227.0,3423
421224,2003,0.3791995325737657,1298.0,3423
421224,2004,0.4525270230791703,1549.0,3423
421224,2005,0.38913234005258546,1332.0,3423
421224,2006,0.4414256500146071,1511.0,3423
421224,2007,0.7058136137890739,2416.0,3423
421224,2008,0.761612620508326,2607.0,3423
421224,2009,0.6485539000876425,2220.0,3423
421224,2010,1.8025124160093484,6170.0,3423
421224,2011,1.2258252994449312,4196.0,3423
421224,2012,0.9149868536371604,3132.0,3423
421224,2013,1.1928133216476775,4083.0,3423
421224,2014,0.7075664621676891,2422.0,3423
421224,2015,0.7607361963190185,2604.0,3423
421224,2016,0.7259713701431493,2485.0,3423
421224,2017,1.0552147239263803,3612.0,3423
421224,2018,1.009056383289512,3454.0,3423
421224,2019,1.0458661992404323,3580.0,3423
421224,2020,0.9342681858019282,3198.0,3423
421281,2000,2.3538331929233363,5588.0,2374
421281,2001,2.0282224094355517,4815.0,2374
421281,2002,2.1554338668913227,5117.0,2374
421281,2003,2.224936815501264,5282.0,2374
421281,2004,2.8837405223251897,6846.0,2374
421281,2005,2.687447346251053,6380.0,2374
421281,2006,3.0067396798652064,7138.0,2374
421281,2007,4.37447346251053,10385.0,2374
421281,2008,3.3963774220724514,8063.0,2374
421281,2009,2.127211457455771,5050.0,2374
421281,2010,3.2101937657961246,7621.0,2374
421281,2011,3.12089300758214,7409.0,2374
421281,2012,2.997893850042123,7117.0,2374
421281,2013,3.487363100252738,8279.0,2374
421281,2014,2.2742207245155854,5399.0,2374
421281,2015,2.1596461668070766,5127.0,2374
421281,2016,1.6983993260320134,4032.0,2374
421281,2017,3.483150800336984,8269.0,2374
421281,2018,3.9275484414490314,9324.0,2374
421281,2019,5.193765796124684,12330.0,2374
421281,2020,5.684498736310025,13495.0,2374
421303,2000,2.207043756670224,4136.0,1874
421303,2001,2.2411953041622197,4200.0,1874
421303,2002,2.8623265741728923,5364.0,1874
421303,2003,3.5410885805763073,6636.0,1874
421303,2004,3.7972251867662754,7116.0,1874
421303,2005,3.5699039487726787,6690.0,1874
421303,2006,3.8281750266808965,7174.0,1874
421303,2007,4.308964781216649,8075.0,1874
421303,2008,4.624332977588047,8666.0,1874
421303,2009,4.179295624332978,7832.0,1874
421303,2010,5.577374599786553,10452.0,1874
421303,2011,6.759338313767342,12667.0,1874
421303,2012,6.096051227321238,11424.0,1874
421303,2013,7.592849519743863,14229.0,1874
421303,2014,4.27427961579509,8010.0,1874
421303,2015,4.441302027748132,8323.0,1874
421303,2016,4.604589114194237,8629.0,1874
421303,2017,6.76093916755603,12670.0,1874
421303,2018,6.664354322305229,12489.0,1874
421303,2019,7.836712913553895,14686.0,1874
421303,2020,7.850053361792956,14711.0,1874
421321,2000,0.3394460604527634,2684.0,7907
421321,2001,0.4633868723915518,3664.0,7907
421321,2002,0.5729100796762362,4530.0,7907
421321,2003,0.5990894144428986,4737.0,7907
421321,2004,0.5444542810168206,4305.0,7907
421321,2005,0.5985835335778424,4733.0,7907
421321,2006,0.6585304160870115,5207.0,7907
421321,2007,1.0036676362716581,7936.0,7907
421321,2008,1.277096243834577,10098.0,7907
421321,2009,0.4083723283166814,3229.0,7907
421321,2010,0.9887441507524978,7818.0,7907
421321,2011,1.5711394966485392,12423.0,7907
421321,2012,1.1136967244213987,8806.0,7907
421321,2013,1.9295560895409132,15257.0,7907
421321,2014,0.6152776021246996,4865.0,7907
421321,2015,0.5368660680409764,4245.0,7907
421321,2016,0.5789806500569116,4578.0,7907
421321,2017,1.1234349310737322,8883.0,7907
421321,2018,1.0478057417478184,8285.0,7907
421321,2019,1.0875173896547363,8599.0,7907
421321,2020,1.1587201214114076,9162.0,7907
421381,2000,1.1563068920676203,4446.0,3845
421381,2001,1.165149544863459,4480.0,3845
421381,2002,1.2762028608582574,4907.0,3845
421381,2003,1.4031209362808843,5395.0,3845
421381,2004,1.2569570871261377,4833.0,3845
421381,2005,1.257477243172952,4835.0,3845
421381,2006,1.3979193758127437,5375.0,3845
421381,2007,1.9003901170351105,7307.0,3845
421381,2008,2.0754226267880362,7980.0,3845
421381,2009,1.5708712613784135,6040.0,3845
421381,2010,2.1313394018205463,8195.0,3845
421381,2011,2.85851755526658,10991.0,3845
421381,2012,2.244733420026008,8631.0,3845
421381,2013,2.5804941482444734,9922.0,3845
421381,2014,0.6886866059817945,2648.0,3845
421381,2015,0.6291287386215865,2419.0,3845
421381,2016,0.6525357607282185,2509.0,3845
421381,2017,1.67074122236671,6424.0,3845
421381,2018,1.7937581274382315,6897.0,3845
421381,2019,2.2988296488946682,8839.0,3845
421381,2020,2.002340702210663,7699.0,3845
422801,2000,0.4786427145708583,2398.0,5010
422801,2001,0.4275449101796407,2142.0,5010
422801,2002,0.6586826347305389,3300.0,5010
422801,2003,0.7646706586826347,3831.0,5010
422801,2004,1.221756487025948,6121.0,5010
422801,2005,1.6333333333333333,8183.0,5010
422801,2006,2.0810379241516967,10426.0,5010
422801,2007,1.8201596806387226,9119.0,5010
422801,2008,1.8151696606786427,9094.0,5010
422801,2009,1.2798403193612775,6412.0,5010
422801,2010,1.4223552894211577,7126.0,5010
422801,2011,1.188622754491018,5955.0,5010
422801,2012,1.5632734530938124,7832.0,5010
422801,2013,2.0191616766467066,10116.0,5010
422801,2014,1.3111776447105787,6569.0,5010
422801,2015,1.1245508982035928,5634.0,5010
422801,2016,1.329740518962076,6662.0,5010
422801,2017,1.939321357285429,9716.0,5010
422801,2018,2.1850299401197604,10947.0,5010
422801,2019,2.674251497005988,13398.0,5010
422801,2020,2.8241516966067866,14149.0,5010
422802,2000,0.17770382695507486,1068.0,6010
422802,2001,0.11813643926788686,710.0,6010
422802,2002,0.18602329450915142,1118.0,6010
422802,2003,0.25440931780366055,1529.0,6010
422802,2004,0.44242928452579033,2659.0,6010
422802,2005,0.5188019966722129,3118.0,6010
422802,2006,0.7861896838602329,4725.0,6010
422802,2007,0.7367720465890183,4428.0,6010
422802,2008,0.7148086522462562,4296.0,6010
422802,2009,0.4785357737104825,2876.0,6010
422802,2010,0.6093178036605658,3662.0,6010
422802,2011,0.5725457570715474,3441.0,6010
422802,2012,0.5642262895174709,3391.0,6010
422802,2013,0.7334442595673877,4408.0,6010
422802,2014,0.7549084858569052,4537.0,6010
422802,2015,0.7,4207.0,6010
422802,2016,0.7179700499168054,4315.0,6010
422802,2017,1.070549084858569,6434.0,6010
422802,2018,1.0880199667221297,6539.0,6010
422802,2019,1.3259567387687188,7969.0,6010
422802,2020,1.3151414309484193,7904.0,6010
422822,2000,0.3546119235095613,1261.0,3556
422822,2001,0.27587176602924635,981.0,3556
422822,2002,0.3838582677165354,1365.0,3556
422822,2003,0.4150731158605174,1476.0,3556
422822,2004,0.5210911136107986,1853.0,3556
422822,2005,1.0852080989876265,3859.0,3556
422822,2006,1.4311023622047243,5089.0,3556
422822,2007,1.0852080989876265,3859.0,3556
422822,2008,0.8816085489313836,3135.0,3556
422822,2009,0.44431946006749157,1580.0,3556
422822,2010,0.7249718785151856,2578.0,3556
422822,2011,0.5056242969628797,1798.0,3556
422822,2012,0.6757592800899888,2403.0,3556
422822,2013,0.8883577052868391,3159.0,3556
422822,2014,0.4755343082114736,1691.0,3556
422822,2015,0.48003374578177727,1707.0,3556
422822,2016,0.6422947131608548,2284.0,3556
422822,2017,0.9476940382452194,3370.0,3556
422822,2018,0.9356017997750281,3327.0,3556
422822,2019,1.1507311586051743,4092.0,3556
422822,2020,1.2679977502812148,4509.0,3556
422823,2000,0.3933933933933934,1834.0,4662
422823,2001,0.4165594165594166,1942.0,4662
422823,2002,0.8818103818103818,4111.0,4662
422823,2003,0.9746889746889746,4544.0,4662
422823,2004,1.1456456456456456,5341.0,4662
422823,2005,1.1752466752466753,5479.0,4662
422823,2006,1.322822822822823,6167.0,4662
422823,2007,1.0276705276705276,4791.0,4662
422823,2008,1.024882024882025,4778.0,4662
422823,2009,0.5602745602745602,2612.0,4662
422823,2010,1.252895752895753,5841.0,4662
422823,2011,0.9858429858429858,4596.0,4662
422823,2012,1.1857571857571858,5528.0,4662
422823,2013,1.2260832260832262,5716.0,4662
422823,2014,0.37215787215787216,1735.0,4662
422823,2015,0.38481338481338484,1794.0,4662
422823,2016,0.49163449163449163,2292.0,4662
422823,2017,0.8893178893178894,4146.0,4662
422823,2018,0.9268554268554269,4321.0,4662
422823,2019,1.0568425568425568,4927.0,4662
422823,2020,1.1492921492921493,5358.0,4662
422825,2000,0.06412005457025921,235.0,3665
422825,2001,0.07939972714870396,291.0,3665
422825,2002,0.15852660300136426,581.0,3665
422825,2003,0.25648021828103684,940.0,3665
422825,2004,0.3506139154160982,1285.0,3665
422825,2005,0.269031377899045,986.0,3665
422825,2006,0.22592087312414735,828.0,3665
422825,2007,0.1888130968622101,692.0,3665
422825,2008,0.24720327421555252,906.0,3665
422825,2009,0.10832196452933152,397.0,3665
422825,2010,0.17025920873124148,624.0,3665
422825,2011,0.1882673942701228,690.0,3665
422825,2012,0.38854024556616645,1424.0,3665
422825,2013,0.4908594815825375,1799.0,3665
422825,2014,0.2605729877216917,955.0,3665
422825,2015,0.2155525238744884,790.0,3665
422825,2016,0.24447476125511597,896.0,3665
422825,2017,0.5301500682128241,1943.0,3665
422825,2018,0.5465211459754434,2003.0,3665
422825,2019,0.8305593451568895,3044.0,3665
422825,2020,0.8791268758526603,3222.0,3665
422826,2000,0.1133034379671151,379.0,3345
422826,2001,0.12227204783258595,409.0,3345
422826,2002,0.13871449925261584,464.0,3345
422826,2003,0.2547085201793722,852.0,3345
422826,2004,0.41853512705530643,1400.0,3345
422826,2005,0.3088191330343797,1033.0,3345
422826,2006,0.3064275037369208,1025.0,3345
422826,2007,0.27384155455904335,916.0,3345
422826,2008,0.2884902840059791,965.0,3345
422826,2009,0.33602391629297457,1124.0,3345
422826,2010,0.3046337817638266,1019.0,3345
422826,2011,0.27563527653213754,922.0,3345
422826,2012,0.3695067264573991,1236.0,3345
422826,2013,0.4663677130044843,1560.0,3345
422826,2014,0.262780269058296,879.0,3345
422826,2015,0.2639760837070254,883.0,3345
422826,2016,0.4451420029895366,1489.0,3345
422826,2017,0.7871449925261584,2633.0,3345
422826,2018,0.7168908819133034,2398.0,3345
422826,2019,0.9727952167414051,3254.0,3345
422826,2020,0.9088191330343797,3040.0,3345
422827,2000,0.4838343732274532,853.0,1763
422827,2001,0.4424276800907544,780.0,1763
422827,2002,0.41973908111174135,740.0,1763
422827,2003,0.5859330686330119,1033.0,1763
422827,2004,0.6386840612592173,1126.0,1763
422827,2005,0.7436188315371526,1311.0,1763
422827,2006,0.7351106069200227,1296.0,1763
422827,2007,0.631310266591038,1113.0,1763
422827,2008,0.7050482132728304,1243.0,1763
422827,2009,0.7368122518434487,1299.0,1763
422827,2010,0.8315371525808282,1466.0,1763
422827,2011,0.7175269427112876,1265.0,1763
422827,2012,0.8769143505388542,1546.0,1763
422827,2013,1.2183777651730006,2148.0,1763
422827,2014,1.2268859897901305,2163.0,1763
422827,2015,1.3953488372093024,2460.0,1763
422827,2016,1.2200794100964265,2151.0,1763
422827,2017,1.6358479863868407,2884.0,1763
422827,2018,1.587634713556438,2799.0,1763
422827,2019,2.0249574588769144,3570.0,1763
422827,2020,2.062960862166761,3637.0,1763
422828,2000,0.09864554050600562,386.0,3913
422828,2001,0.10810120112445694,423.0,3913
422828,2002,0.18655762841809354,730.0,3913
422828,2003,0.32507027855865067,1272.0,3913
422828,2004,0.40429338103756707,1582.0,3913
422828,2005,0.24993611040122668,978.0,3913
422828,2006,0.17965755175057502,703.0,3913
422828,2007,0.1806797853309481,707.0,3913
422828,2008,0.3135701507794531,1227.0,3913
422828,2009,0.11167901865576284,437.0,3913
422828,2010,0.2136468182979811,836.0,3913
422828,2011,0.1482238691541017,580.0,3913
422828,2012,0.18297981088678764,716.0,3913
422828,2013,0.2195246613851265,859.0,3913
422828,2014,0.07896754408382316,309.0,3913
422828,2015,0.08458982877587529,331.0,3913
422828,2016,0.11014566828520317,431.0,3913
422828,2017,0.2583695374393049,1011.0,3913
422828,2018,0.31280347559417326,1224.0,3913
422828,2019,0.3503705596728853,1371.0,3913
422828,2020,0.37899309992333247,1483.0,3913
429004,2000,2.0223512336719884,6967.0,3445
429004,2001,2.1968069666182872,7568.0,3445
429004,2002,2.568940493468795,8850.0,3445
429004,2003,2.4104499274310593,8304.0,3445
429004,2004,3.4621190130624093,11927.0,3445
429004,2005,3.60899854862119,12433.0,3445
429004,2006,3.828156748911466,13188.0,3445
429004,2007,4.022351233671988,13857.0,3445
429004,2008,3.5753265602322206,12317.0,3445
429004,2009,2.2754716981132077,7839.0,3445
429004,2010,3.7477503628447026,12911.0,3445
429004,2011,4.471698113207547,15405.0,3445
429004,2012,3.597677793904209,12394.0,3445
429004,2013,5.324238026124819,18342.0,3445
429004,2014,2.3312046444121917,8031.0,3445
429004,2015,2.223512336719884,7660.0,3445
429004,2016,1.9979680696661828,6883.0,3445
429004,2017,3.8711175616835996,13336.0,3445
429004,2018,4.345428156748912,14970.0,3445
429004,2019,5.915820029027576,20380.0,3445
429004,2020,7.033091436865022,24229.0,3445
429005,2000,3.4665480427046265,9741.0,2810
429005,2001,3.3629893238434163,9450.0,2810
429005,2002,4.529537366548043,12728.0,2810
429005,2003,4.055871886120997,11397.0,2810
429005,2004,5.228113879003558,14691.0,2810
429005,2005,5.152313167259787,14478.0,2810
429005,2006,6.868327402135232,19300.0,2810
429005,2007,5.701423487544484,16021.0,2810
429005,2008,5.127758007117437,14409.0,2810
429005,2009,3.162277580071174,8886.0,2810
429005,2010,5.537366548042705,15560.0,2810
429005,2011,5.906761565836299,16598.0,2810
429005,2012,4.685053380782918,13165.0,2810
429005,2013,6.567615658362989,18455.0,2810
429005,2014,4.187900355871886,11768.0,2810
429005,2015,3.9516014234875443,11104.0,2810
429005,2016,3.7523131672597865,10544.0,2810
429005,2017,6.354092526690391,17855.0,2810
429005,2018,6.940925266903915,19504.0,2810
429005,2019,7.544128113879004,21199.0,2810
429005,2020,8.18612099644128,23003.0,2810
429006,2000,2.0435241361118437,7747.0,3791
429006,2001,1.789237668161435,6783.0,3791
429006,2002,2.433922447902928,9227.0,3791
429006,2003,1.9329992086520706,7328.0,3791
429006,2004,3.015826958586125,11433.0,3791
429006,2005,2.9403851226589293,11147.0,3791
429006,2006,3.1646003692957003,11997.0,3791
429006,2007,3.930888947507254,14902.0,3791
429006,2008,3.864679504088631,14651.0,3791
429006,2009,1.4850962806647323,5630.0,3791
429006,2010,3.732260617251385,14149.0,3791
429006,2011,4.49116328145608,17026.0,3791
429006,2012,3.8380374571353206,14550.0,3791
429006,2013,4.84173041413875,18355.0,3791
429006,2014,2.486151411237141,9425.0,3791
429006,2015,2.45317858084938,9300.0,3791
429006,2016,2.194144025323134,8318.0,3791
429006,2017,3.883408071748879,14722.0,3791
429006,2018,4.118702189395938,15614.0,3791
429006,2019,4.896860986547085,18564.0,3791
429006,2020,5.59377472962279,21206.0,3791
429021,2000,0.0866738894907909,400.0,4615
429021,2001,0.06782231852654388,313.0,4615
429021,2002,0.14821235102925243,684.0,4615
429021,2003,0.19458288190682557,898.0,4615
429021,2004,0.29945828819068254,1382.0,4615
429021,2005,0.2333694474539545,1077.0,4615
429021,2006,0.27778981581798484,1282.0,4615
429021,2007,0.29859154929577464,1378.0,4615
429021,2008,0.25850487540628386,1193.0,4615
429021,2009,0.08299024918743228,383.0,4615
429021,2010,0.3579631635969664,1652.0,4615
429021,2011,0.3412784398699892,1575.0,4615
429021,2012,0.38028169014084506,1755.0,4615
429021,2013,0.4435536294691224,2047.0,4615
429021,2014,0.0600216684723727,277.0,4615
429021,2015,0.0628385698808234,290.0,4615
429021,2016,0.05200433369447454,240.0,4615
429021,2017,0.10075839653304441,465.0,4615
429021,2018,0.1076923076923077,497.0,4615
429021,2019,0.0894907908992416,413.0,4615
429021,2020,0.11484290357529794,530.0,4615
430102,2000,38.729729729729726,1433.0,37
430102,2001,42.054054054054056,1556.0,37
430102,2002,49.351351351351354,1826.0,37
430102,2003,52.37837837837838,1938.0,37
430102,2004,55.24324324324324,2044.0,37
430102,2005,54.351351351351354,2011.0,37
430102,2006,55.054054054054056,2037.0,37
430102,2007,55.62162162162162,2058.0,37
430102,2008,54.351351351351354,2011.0,37
430102,2009,49.189189189189186,1820.0,37
430102,2010,52.729729729729726,1951.0,37
430102,2011,58.054054054054056,2148.0,37
430102,2012,56.054054054054056,2074.0,37
430102,2013,61.0,2257.0,37
430102,2014,61.054054054054056,2259.0,37
430102,2015,61.54054054054054,2277.0,37
430102,2016,62.054054054054056,2296.0,37
430102,2017,62.189189189189186,2301.0,37
430102,2018,62.027027027027025,2295.0,37
430102,2019,62.567567567567565,2315.0,37
430102,2020,62.7027027027027,2320.0,37
430103,2000,15.507352941176471,2109.0,136
430103,2001,16.705882352941178,2272.0,136
430103,2002,22.727941176470587,3091.0,136
430103,2003,26.220588235294116,3566.0,136
430103,2004,32.75735294117647,4455.0,136
430103,2005,28.88235294117647,3928.0,136
430103,2006,33.970588235294116,4620.0,136
430103,2007,35.0,4760.0,136
430103,2008,36.9485294117647,5025.0,136
430103,2009,35.595588235294116,4841.0,136
430103,2010,39.81617647058823,5415.0,136
430103,2011,41.713235294117645,5673.0,136
430103,2012,39.419117647058826,5361.0,136
430103,2013,48.97794117647059,6661.0,136
430103,2014,48.720588235294116,6626.0,136
430103,2015,47.98529411764706,6526.0,136
430103,2016,48.838235294117645,6642.0,136
430103,2017,50.875,6919.0,136
430103,2018,52.3235294117647,7116.0,136
430103,2019,54.205882352941174,7372.0,136
430103,2020,53.0,7208.0,136
430104,2000,13.091917591125197,8261.0,631
430104,2001,14.803486529318542,9341.0,631
430104,2002,16.497622820919176,10410.0,631
430104,2003,18.039619651347067,11383.0,631
430104,2004,20.423137876386686,12887.0,631
430104,2005,20.95245641838352,13221.0,631
430104,2006,23.01267828843106,14521.0,631
430104,2007,21.99366085578447,13878.0,631
430104,2008,21.020602218700475,13264.0,631
430104,2009,21.61014263074485,13636.0,631
430104,2010,24.689381933438987,15579.0,631
430104,2011,24.984152139461173,15765.0,631
430104,2012,25.212361331220286,15909.0,631
430104,2013,31.19017432646593,19681.0,631
430104,2014,30.253565768621236,19090.0,631
430104,2015,30.071315372424724,18975.0,631
430104,2016,30.879556259904913,19485.0,631
430104,2017,33.646592709984155,21231.0,631
430104,2018,34.979397781299525,22072.0,631
430104,2019,39.282091917591124,24787.0,631
430104,2020,39.877971473851034,25163.0,631
430105,2000,23.646288209606986,5415.0,229
430105,2001,25.5764192139738,5857.0,229
430105,2002,25.938864628820962,5940.0,229
430105,2003,31.61572052401747,7240.0,229
430105,2004,35.41048034934498,8109.0,229
430105,2005,36.88646288209607,8447.0,229
430105,2006,37.80786026200873,8658.0,229
430105,2007,41.06113537117904,9403.0,229
430105,2008,42.148471615720524,9652.0,229
430105,2009,36.043668122270745,8254.0,229
430105,2010,40.43668122270742,9260.0,229
430105,2011,45.45851528384279,10410.0,229
430105,2012,47.07860262008734,10781.0,229
430105,2013,51.375545851528386,11765.0,229
430105,2014,48.161572052401745,11029.0,229
430105,2015,48.31004366812227,11063.0,229
430105,2016,49.11353711790393,11247.0,229
430105,2017,51.14410480349345,11712.0,229
430105,2018,53.414847161572055,12232.0,229
430105,2019,55.92139737991266,12806.0,229
430105,2020,56.34497816593886,12903.0,229
430111,2000,14.260162601626016,5262.0,369
430111,2001,16.257452574525747,5999.0,369
430111,2002,19.953929539295395,7363.0,369
430111,2003,22.479674796747968,8295.0,369
430111,2004,26.794037940379404,9887.0,369
430111,2005,24.97289972899729,9215.0,369
430111,2006,25.897018970189702,9556.0,369
430111,2007,27.48238482384824,10141.0,369
430111,2008,26.897018970189702,9925.0,369
430111,2009,24.880758807588077,9181.0,369
430111,2010,26.7289972899729,9863.0,369
430111,2011,30.913279132791327,11407.0,369
430111,2012,30.51761517615176,11261.0,369
430111,2013,35.36585365853659,13050.0,369
430111,2014,32.93766937669377,12154.0,369
430111,2015,33.02710027100271,12187.0,369
430111,2016,34.22222222222222,12628.0,369
430111,2017,36.20867208672087,13361.0,369
430111,2018,37.10840108401084,13693.0,369
430111,2019,39.070460704607044,14417.0,369
430111,2020,39.447154471544714,14556.0,369
430112,2000,4.6225328947368425,5621.0,1216
430112,2001,5.040296052631579,6129.0,1216
430112,2002,6.583881578947368,8006.0,1216
430112,2003,7.731085526315789,9401.0,1216
430112,2004,10.05016447368421,12221.0,1216
430112,2005,10.94983552631579,13315.0,1216
430112,2006,13.44983552631579,16355.0,1216
430112,2007,13.824013157894736,16810.0,1216
430112,2008,13.514802631578947,16434.0,1216
430112,2009,13.900493421052632,16903.0,1216
430112,2010,16.62582236842105,20217.0,1216
430112,2011,17.582236842105264,21380.0,1216
430112,2012,20.325657894736842,24716.0,1216
430112,2013,25.460526315789473,30960.0,1216
430112,2014,21.308388157894736,25911.0,1216
430112,2015,24.01644736842105,29204.0,1216
430112,2016,24.481907894736842,29770.0,1216
430112,2017,28.970394736842106,35228.0,1216
430112,2018,30.917763157894736,37596.0,1216
430112,2019,35.74753289473684,43469.0,1216
430112,2020,35.30592105263158,42932.0,1216
430121,2000,4.4043887147335425,9835.0,2233
430121,2001,5.0824003582624275,11349.0,2233
430121,2002,5.90103000447828,13177.0,2233
430121,2003,7.259740259740259,16211.0,2233
430121,2004,8.794894760412001,19639.0,2233
430121,2005,8.538289296909987,19066.0,2233
430121,2006,8.90282131661442,19880.0,2233
430121,2007,9.884012539184953,22071.0,2233
430121,2008,8.498880429914912,18978.0,2233
430121,2009,7.7962382445141065,17409.0,2233
430121,2010,9.081952530228392,20280.0,2233
430121,2011,11.327362292879535,25294.0,2233
430121,2012,12.540976265114196,28004.0,2233
430121,2013,14.221227048813256,31756.0,2233
430121,2014,11.798029556650246,26345.0,2233
430121,2015,11.948947604120018,26682.0,2233
430121,2016,12.90103000447828,28808.0,2233
430121,2017,16.32601880877743,36456.0,2233
430121,2018,17.364532019704434,38775.0,2233
430121,2019,18.724137931034484,41811.0,2233
430121,2020,19.374832064487236,43264.0,2233
430181,2000,1.0023995200959808,6684.0,6668
430181,2001,1.3827234553089383,9220.0,6668
430181,2002,1.7783443311337732,11858.0,6668
430181,2003,2.1460707858428316,14310.0,6668
430181,2004,2.719106178764247,18131.0,6668
430181,2005,3.0265446910617877,20181.0,6668
430181,2006,2.6766646670665866,17848.0,6668
430181,2007,3.260497900419916,21741.0,6668
430181,2008,2.407168566286743,16051.0,6668
430181,2009,1.8455308938212358,12306.0,6668
430181,2010,2.8096880623875227,18735.0,6668
430181,2011,3.63377324535093,24230.0,6668
430181,2012,3.687012597480504,24585.0,6668
430181,2013,3.9298140371925614,26204.0,6668
430181,2014,1.4152669466106778,9437.0,6668
430181,2015,1.4191661667666466,9463.0,6668
430181,2016,1.6543191361727654,11031.0,6668
430181,2017,3.3027894421115778,22023.0,6668
430181,2018,3.7158068386322736,24777.0,6668
430181,2019,3.9772045590881824,26520.0,6668
430181,2020,4.585932813437313,30579.0,6668
430182,2000,1.4337676438653637,5282.0,3684
430182,2001,1.6796959826275788,6188.0,3684
430182,2002,2.033116178067318,7490.0,3684
430182,2003,2.255157437567861,8308.0,3684
430182,2004,2.781758957654723,10248.0,3684
430182,2005,3.1598805646036916,11641.0,3684
430182,2006,2.813246471226927,10364.0,3684
430182,2007,3.557817589576547,13107.0,3684
430182,2008,2.5890336590662324,9538.0,3684
430182,2009,2.4036373507057545,8855.0,3684
430182,2010,3.248371335504886,11967.0,3684
430182,2011,4.175081433224756,15381.0,3684
430182,2012,4.794516829533116,17663.0,3684
430182,2013,4.906623235613464,18076.0,3684
430182,2014,3.267643865363735,12038.0,3684
430182,2015,3.296959826275787,12146.0,3684
430182,2016,3.271986970684039,12054.0,3684
430182,2017,5.85043431053203,21553.0,3684
430182,2018,6.242942453854506,22999.0,3684
430182,2019,7.011129207383279,25829.0,3684
430182,2020,7.653094462540716,28194.0,3684
430202,2000,7.34054054054054,1358.0,185
430202,2001,10.027027027027026,1855.0,185
430202,2002,10.816216216216215,2001.0,185
430202,2003,12.383783783783784,2291.0,185
430202,2004,14.005405405405405,2591.0,185
430202,2005,13.778378378378378,2549.0,185
430202,2006,13.745945945945946,2543.0,185
430202,2007,15.854054054054053,2933.0,185
430202,2008,15.967567567567567,2954.0,185
430202,2009,14.064864864864864,2602.0,185
430202,2010,13.724324324324325,2539.0,185
430202,2011,19.0972972972973,3533.0,185
430202,2012,20.762162162162163,3841.0,185
430202,2013,23.07027027027027,4268.0,185
430202,2014,17.01081081081081,3147.0,185
430202,2015,20.843243243243244,3856.0,185
430202,2016,23.124324324324323,4278.0,185
430202,2017,29.43243243243243,5445.0,185
430202,2018,28.583783783783783,5288.0,185
430202,2019,31.037837837837838,5742.0,185
430202,2020,32.432432432432435,6000.0,185
430203,2000,4.966165413533835,1321.0,266
430203,2001,7.819548872180451,2080.0,266
430203,2002,9.052631578947368,2408.0,266
430203,2003,8.229323308270677,2189.0,266
430203,2004,12.691729323308271,3376.0,266
430203,2005,11.37593984962406,3026.0,266
430203,2006,10.293233082706767,2738.0,266
430203,2007,12.612781954887218,3355.0,266
430203,2008,12.390977443609023,3296.0,266
430203,2009,9.319548872180452,2479.0,266
430203,2010,10.266917293233083,2731.0,266
430203,2011,15.026315789473685,3997.0,266
430203,2012,14.6203007518797,3889.0,266
430203,2013,15.718045112781954,4181.0,266
430203,2014,12.25187969924812,3259.0,266
430203,2015,12.593984962406015,3350.0,266
430203,2016,12.691729323308271,3376.0,266
430203,2017,18.736842105263158,4984.0,266
430203,2018,18.43233082706767,4903.0,266
430203,2019,24.270676691729324,6456.0,266
430203,2020,24.23308270676692,6446.0,266
430204,2000,14.7,3675.0,250
430204,2001,17.468,4367.0,250
430204,2002,17.68,4420.0,250
430204,2003,20.64,5160.0,250
430204,2004,20.592,5148.0,250
430204,2005,22.22,5555.0,250
430204,2006,21.884,5471.0,250
430204,2007,23.668,5917.0,250
430204,2008,24.208,6052.0,250
430204,2009,19.368,4842.0,250
430204,2010,22.728,5682.0,250
430204,2011,27.944,6986.0,250
430204,2012,31.144,7786.0,250
430204,2013,36.468,9117.0,250
430204,2014,29.248,7312.0,250
430204,2015,29.928,7482.0,250
430204,2016,30.756,7689.0,250
430204,2017,34.064,8516.0,250
430204,2018,34.096,8524.0,250
430204,2019,38.312,9578.0,250
430204,2020,38.964,9741.0,250
430211,2000,7.901595744680851,2971.0,376
430211,2001,10.96808510638298,4124.0,376
430211,2002,13.22340425531915,4972.0,376
430211,2003,14.125,5311.0,376
430211,2004,17.28723404255319,6500.0,376
430211,2005,15.60372340425532,5867.0,376
430211,2006,16.11968085106383,6061.0,376
430211,2007,18.28191489361702,6874.0,376
430211,2008,17.055851063829788,6413.0,376
430211,2009,15.236702127659575,5729.0,376
430211,2010,18.226063829787233,6853.0,376
430211,2011,21.86436170212766,8221.0,376
430211,2012,20.949468085106382,7877.0,376
430211,2013,24.175531914893618,9090.0,376
430211,2014,20.64627659574468,7763.0,376
430211,2015,22.4468085106383,8440.0,376
430211,2016,23.377659574468087,8790.0,376
430211,2017,27.68882978723404,10411.0,376
430211,2018,27.050531914893618,10171.0,376
430211,2019,28.736702127659573,10805.0,376
430211,2020,30.252659574468087,11375.0,376
430212,2000,0.5260377358490566,697.0,1325
430212,2001,1.0528301886792453,1395.0,1325
430212,2002,1.4762264150943396,1956.0,1325
430212,2003,1.6226415094339623,2150.0,1325
430212,2004,2.6535849056603773,3516.0,1325
430212,2005,2.019622641509434,2676.0,1325
430212,2006,1.5441509433962264,2046.0,1325
430212,2007,2.0128301886792452,2667.0,1325
430212,2008,1.7033962264150944,2257.0,1325
430212,2009,1.1803773584905661,1564.0,1325
430212,2010,1.788679245283019,2370.0,1325
430212,2011,2.567547169811321,3402.0,1325
430212,2012,2.3064150943396227,3056.0,1325
430212,2013,2.739622641509434,3630.0,1325
430212,2014,1.1381132075471698,1508.0,1325
430212,2015,1.1547169811320754,1530.0,1325
430212,2016,1.2037735849056603,1595.0,1325
430212,2017,3.3003773584905662,4373.0,1325
430212,2018,3.299622641509434,4372.0,1325
430212,2019,3.7237735849056603,4934.0,1325
430212,2020,4.283018867924528,5675.0,1325
430223,2000,0.4856220657276995,1655.0,3408
430223,2001,0.6461267605633803,2202.0,3408
430223,2002,0.9782863849765259,3334.0,3408
430223,2003,0.971244131455399,3310.0,3408
430223,2004,1.3424295774647887,4575.0,3408
430223,2005,1.7183098591549295,5856.0,3408
430223,2006,1.3529929577464788,4611.0,3408
430223,2007,1.828931924882629,6233.0,3408
430223,2008,1.4219483568075117,4846.0,3408
430223,2009,0.7353286384976526,2506.0,3408
430223,2010,1.5029342723004695,5122.0,3408
430223,2011,2.352992957746479,8019.0,3408
430223,2012,2.464788732394366,8400.0,3408
430223,2013,2.665492957746479,9084.0,3408
430223,2014,0.4697769953051643,1601.0,3408
430223,2015,0.39642018779342725,1351.0,3408
430223,2016,0.5041079812206573,1718.0,3408
430223,2017,1.0859741784037558,3701.0,3408
430223,2018,0.9683098591549296,3300.0,3408
430223,2019,1.056338028169014,3600.0,3408
430223,2020,1.4157863849765258,4825.0,3408
430224,2000,0.2773744706594071,917.0,3306
430224,2001,0.48911070780399274,1617.0,3306
430224,2002,0.5051421657592257,1670.0,3306
430224,2003,0.5483968542044767,1813.0,3306
430224,2004,0.7710223835450696,2549.0,3306
430224,2005,0.7186932849364791,2376.0,3306
430224,2006,0.7704174228675136,2547.0,3306
430224,2007,1.1116152450090744,3675.0,3306
430224,2008,0.8702359346642469,2877.0,3306
430224,2009,0.40623109497882637,1343.0,3306
430224,2010,1.0356926799758015,3424.0,3306
430224,2011,1.4960677555958863,4946.0,3306
430224,2012,1.2667876588021778,4188.0,3306
430224,2013,1.633393829401089,5400.0,3306
430224,2014,0.5332728372655777,1763.0,3306
430224,2015,0.2658802177858439,879.0,3306
430224,2016,0.4361766485178463,1442.0,3306
430224,2017,1.178463399879008,3896.0,3306
430224,2018,1.2108287961282516,4003.0,3306
430224,2019,1.1787658802177858,3897.0,3306
430224,2020,1.2619479733817303,4172.0,3306
430225,2000,0.15659955257270694,420.0,2682
430225,2001,0.19425801640566742,521.0,2682
430225,2002,0.2930648769574944,786.0,2682
430225,2003,0.31282624906785983,839.0,2682
430225,2004,0.575689783743475,1544.0,2682
430225,2005,0.49589858314690527,1330.0,2682
430225,2006,0.3982102908277405,1068.0,2682
430225,2007,0.6342281879194631,1701.0,2682
430225,2008,0.47240865026099926,1267.0,2682
430225,2009,0.21662938105891125,581.0,2682
430225,2010,0.7893363161819538,2117.0,2682
430225,2011,0.9776286353467561,2622.0,2682
430225,2012,0.8653989560029829,2321.0,2682
430225,2013,1.128262490678598,3026.0,2682
430225,2014,0.4541387024608501,1218.0,2682
430225,2015,0.389634601043997,1045.0,2682
430225,2016,0.3978374347501864,1067.0,2682
430225,2017,0.6935123042505593,1860.0,2682
430225,2018,0.6659209545115585,1786.0,2682
430225,2019,0.761744966442953,2043.0,2682
430225,2020,0.7434750186428039,1994.0,2682
430281,2000,0.9343770819453697,2805.0,3002
430281,2001,1.363757495003331,4094.0,3002
430281,2002,1.6712191872085276,5017.0,3002
430281,2003,1.8950699533644237,5689.0,3002
430281,2004,3.0473017988007993,9148.0,3002
430281,2005,3.205529646902065,9623.0,3002
430281,2006,2.0636242504996667,6195.0,3002
430281,2007,3.130246502331779,9397.0,3002
430281,2008,2.42838107928048,7290.0,3002
430281,2009,1.8277814790139906,5487.0,3002
430281,2010,3.1538974017321784,9468.0,3002
430281,2011,4.175216522318454,12534.0,3002
430281,2012,3.6995336442371753,11106.0,3002
430281,2013,3.5299800133244505,10597.0,3002
430281,2014,1.7698201199200534,5313.0,3002
430281,2015,1.8254497001998669,5480.0,3002
430281,2016,1.8577614923384411,5577.0,3002
430281,2017,4.949700199866755,14859.0,3002
430281,2018,5.603597601598934,16822.0,3002
430281,2019,5.393737508327781,16192.0,3002
430281,2020,6.186875416389074,18573.0,3002
430302,2000,8.317275747508306,5007.0,602
430302,2001,9.883720930232558,5950.0,602
430302,2002,10.044850498338871,6047.0,602
430302,2003,11.235880398671096,6764.0,602
430302,2004,13.445182724252492,8094.0,602
430302,2005,14.136212624584717,8510.0,602
430302,2006,14.516611295681063,8739.0,602
430302,2007,16.026578073089702,9648.0,602
430302,2008,15.57641196013289,9377.0,602
430302,2009,14.37375415282392,8653.0,602
430302,2010,17.1046511627907,10297.0,602
430302,2011,18.069767441860463,10878.0,602
430302,2012,20.672757475083056,12445.0,602
430302,2013,24.750830564784053,14900.0,602
430302,2014,19.79734219269103,11918.0,602
430302,2015,20.632890365448507,12421.0,602
430302,2016,21.561461794019934,12980.0,602
430302,2017,25.475083056478404,15336.0,602
430302,2018,26.803986710963454,16136.0,602
430302,2019,27.411960132890364,16502.0,602
430302,2020,27.833887043189367,16756.0,602
430304,2000,14.919614147909968,4640.0,311
430304,2001,17.369774919614148,5402.0,311
430304,2002,19.829581993569132,6167.0,311
430304,2003,21.372990353697748,6647.0,311
430304,2004,26.842443729903536,8348.0,311
430304,2005,25.7459807073955,8007.0,311
430304,2006,26.491961414790996,8239.0,311
430304,2007,29.067524115755628,9040.0,311
430304,2008,26.929260450160772,8375.0,311
430304,2009,22.729903536977492,7069.0,311
430304,2010,27.0032154340836,8398.0,311
430304,2011,33.09967845659164,10294.0,311
430304,2012,33.88102893890675,10537.0,311
430304,2013,41.02250803858521,12758.0,311
430304,2014,37.82636655948553,11764.0,311
430304,2015,38.97749196141479,12122.0,311
430304,2016,42.154340836012864,13110.0,311
430304,2017,46.964630225080384,14606.0,311
430304,2018,47.29903536977492,14710.0,311
430304,2019,48.79421221864952,15175.0,311
430304,2020,46.68488745980707,14519.0,311
430321,2000,1.7514347202295553,4883.0,2788
430321,2001,2.0857245337159256,5815.0,2788
430321,2002,2.1420373027259685,5972.0,2788
430321,2003,1.932568149210904,5388.0,2788
430321,2004,2.7564562410329985,7685.0,2788
430321,2005,2.731348637015782,7615.0,2788
430321,2006,2.8106169296987087,7836.0,2788
430321,2007,3.370875179340029,9398.0,2788
430321,2008,2.487087517934003,6934.0,2788
430321,2009,2.395265423242468,6678.0,2788
430321,2010,2.452654232424677,6838.0,2788
430321,2011,2.972022955523673,8286.0,2788
430321,2012,3.115136298421808,8685.0,2788
430321,2013,3.4332855093256813,9572.0,2788
430321,2014,2.490315638450502,6943.0,2788
430321,2015,2.6233859397417505,7314.0,2788
430321,2016,2.7959110473457676,7795.0,2788
430321,2017,4.985652797704447,13900.0,2788
430321,2018,5.201219512195122,14501.0,2788
430321,2019,5.449426111908178,15193.0,2788
430321,2020,6.016857962697274,16775.0,2788
430381,2000,1.9984411535463757,5128.0,2566
430381,2001,2.353078721745908,6038.0,2566
430381,2002,2.215900233826968,5686.0,2566
430381,2003,2.1734216679657052,5577.0,2566
430381,2004,2.647700701480904,6794.0,2566
430381,2005,2.8113795791114575,7214.0,2566
430381,2006,2.4629773967264224,6320.0,2566
430381,2007,2.986360093530787,7663.0,2566
430381,2008,2.363990646921278,6066.0,2566
430381,2009,2.4688230709275136,6335.0,2566
430381,2010,2.745128604832424,7044.0,2566
430381,2011,3.4099766173031956,8750.0,2566
430381,2012,3.837100545596259,9846.0,2566
430381,2013,4.2474668745128605,10899.0,2566
430381,2014,2.9329696024941545,7526.0,2566
430381,2015,2.5697583787996883,6594.0,2566
430381,2016,2.176149649259548,5584.0,2566
430381,2017,4.1048324240062355,10533.0,2566
430381,2018,4.160171473109899,10675.0,2566
430381,2019,4.295401402961808,11022.0,2566
430381,2020,5.257989088074825,13492.0,2566
430382,2000,2.6269035532994924,1035.0,394
430382,2001,3.454314720812183,1361.0,394
430382,2002,3.3984771573604062,1339.0,394
430382,2003,3.7563451776649748,1480.0,394
430382,2004,4.345177664974619,1712.0,394
430382,2005,4.416243654822335,1740.0,394
430382,2006,4.233502538071066,1668.0,394
430382,2007,5.3604060913705585,2112.0,394
430382,2008,4.522842639593908,1782.0,394
430382,2009,5.553299492385787,2188.0,394
430382,2010,5.967005076142132,2351.0,394
430382,2011,7.710659898477157,3038.0,394
430382,2012,9.035532994923859,3560.0,394
430382,2013,10.99746192893401,4333.0,394
430382,2014,2.33502538071066,920.0,394
430382,2015,2.418781725888325,953.0,394
430382,2016,1.3121827411167513,517.0,394
430382,2017,4.218274111675127,1662.0,394
430382,2018,4.0456852791878175,1594.0,394
430382,2019,4.847715736040609,1910.0,394
430382,2020,6.979695431472082,2750.0,394
430405,2000,7.651785714285714,1714.0,224
430405,2001,8.575892857142858,1921.0,224
430405,2002,9.267857142857142,2076.0,224
430405,2003,11.0625,2478.0,224
430405,2004,13.3125,2982.0,224
430405,2005,11.232142857142858,2516.0,224
430405,2006,11.732142857142858,2628.0,224
430405,2007,14.40625,3227.0,224
430405,2008,15.647321428571429,3505.0,224
430405,2009,14.160714285714286,3172.0,224
430405,2010,15.4375,3458.0,224
430405,2011,19.392857142857142,4344.0,224
430405,2012,18.75,4200.0,224
430405,2013,23.441964285714285,5251.0,224
430405,2014,20.705357142857142,4638.0,224
430405,2015,20.754464285714285,4649.0,224
430405,2016,22.191964285714285,4971.0,224
430405,2017,25.691964285714285,5755.0,224
430405,2018,27.651785714285715,6194.0,224
430405,2019,30.790178571428573,6897.0,224
430405,2020,30.575892857142858,6849.0,224
430406,2000,10.064220183486238,1097.0,109
430406,2001,13.788990825688073,1503.0,109
430406,2002,16.229357798165136,1769.0,109
430406,2003,16.853211009174313,1837.0,109
430406,2004,19.779816513761467,2156.0,109
430406,2005,13.091743119266056,1427.0,109
430406,2006,14.0,1526.0,109
430406,2007,15.697247706422019,1711.0,109
430406,2008,17.59633027522936,1918.0,109
430406,2009,22.55045871559633,2458.0,109
430406,2010,28.880733944954127,3148.0,109
430406,2011,29.880733944954127,3257.0,109
430406,2012,25.559633027522935,2786.0,109
430406,2013,36.46788990825688,3975.0,109
430406,2014,34.75229357798165,3788.0,109
430406,2015,32.44954128440367,3537.0,109
430406,2016,33.42201834862385,3643.0,109
430406,2017,35.42201834862385,3861.0,109
430406,2018,38.8348623853211,4233.0,109
430406,2019,41.68807339449541,4544.0,109
430406,2020,42.00917431192661,4579.0,109
430407,2000,13.048,1631.0,125
430407,2001,14.376,1797.0,125
430407,2002,14.112,1764.0,125
430407,2003,18.92,2365.0,125
430407,2004,18.648,2331.0,125
430407,2005,18.824,2353.0,125
430407,2006,19.512,2439.0,125
430407,2007,21.48,2685.0,125
430407,2008,22.84,2855.0,125
430407,2009,19.024,2378.0,125
430407,2010,21.344,2668.0,125
430407,2011,23.536,2942.0,125
430407,2012,27.552,3444.0,125
430407,2013,31.976,3997.0,125
430407,2014,27.464,3433.0,125
430407,2015,31.664,3958.0,125
430407,2016,31.504,3938.0,125
430407,2017,34.064,4258.0,125
430407,2018,38.64,4830.0,125
430407,2019,40.048,5006.0,125
430407,2020,39.616,4952.0,125
430408,2000,15.8,2291.0,145
430408,2001,18.379310344827587,2665.0,145
430408,2002,23.55862068965517,3416.0,145
430408,2003,26.83448275862069,3891.0,145
430408,2004,28.275862068965516,4100.0,145
430408,2005,26.29655172413793,3813.0,145
430408,2006,28.16551724137931,4084.0,145
430408,2007,28.131034482758622,4079.0,145
430408,2008,28.09655172413793,4074.0,145
430408,2009,29.075862068965517,4216.0,145
430408,2010,35.59310344827586,5161.0,145
430408,2011,34.110344827586204,4946.0,145
430408,2012,34.41379310344828,4990.0,145
430408,2013,41.827586206896555,6065.0,145
430408,2014,40.39310344827586,5857.0,145
430408,2015,40.12413793103448,5818.0,145
430408,2016,39.4551724137931,5721.0,145
430408,2017,40.772413793103446,5912.0,145
430408,2018,44.275862068965516,6420.0,145
430408,2019,47.5448275862069,6894.0,145
430408,2020,46.91724137931035,6803.0,145
430412,2000,2.7580645161290325,513.0,186
430412,2001,3.521505376344086,655.0,186
430412,2002,3.9193548387096775,729.0,186
430412,2003,4.102150537634409,763.0,186
430412,2004,5.112903225806452,951.0,186
430412,2005,5.456989247311828,1015.0,186
430412,2006,6.618279569892473,1231.0,186
430412,2007,6.602150537634409,1228.0,186
430412,2008,5.779569892473118,1075.0,186
430412,2009,5.489247311827957,1021.0,186
430412,2010,6.32258064516129,1176.0,186
430412,2011,6.89247311827957,1282.0,186
430412,2012,8.021505376344086,1492.0,186
430412,2013,8.17741935483871,1521.0,186
430412,2014,3.1451612903225805,585.0,186
430412,2015,4.198924731182796,781.0,186
430412,2016,5.935483870967742,1104.0,186
430412,2017,9.005376344086022,1675.0,186
430412,2018,10.279569892473118,1912.0,186
430412,2019,10.43010752688172,1940.0,186
430412,2020,10.155913978494624,1889.0,186
430421,2000,0.7156191661481021,2300.0,3214
430421,2001,1.0236465463596764,3290.0,3214
430421,2002,1.047293092719353,3366.0,3214
430421,2003,1.0283136278780336,3305.0,3214
430421,2004,0.9947106409458618,3197.0,3214
430421,2005,1.2594897324206595,4048.0,3214
430421,2006,1.0858742999377722,3490.0,3214
430421,2007,1.6897946484131923,5431.0,3214
430421,2008,1.5115121344119478,4858.0,3214
430421,2009,1.1617921593030491,3734.0,3214
430421,2010,1.5255133789670192,4903.0,3214
430421,2011,1.6841941505911637,5413.0,3214
430421,2012,1.8008711885500934,5788.0,3214
430421,2013,2.219663970130678,7134.0,3214
430421,2014,1.0840074673304294,3484.0,3214
430421,2015,1.0199128811449907,3278.0,3214
430421,2016,0.9113254511512134,2929.0,3214
430421,2017,1.8988799004355943,6103.0,3214
430421,2018,2.07125077784692,6657.0,3214
430421,2019,2.281269446172993,7332.0,3214
430421,2020,2.6879278158058493,8639.0,3214
430422,2000,0.8698170731707318,2853.0,3280
430422,2001,1.3875,4551.0,3280
430422,2002,1.1460365853658536,3759.0,3280
430422,2003,1.5310975609756097,5022.0,3280
430422,2004,1.701219512195122,5580.0,3280
430422,2005,1.5603658536585365,5118.0,3280
430422,2006,1.6945121951219513,5558.0,3280
430422,2007,2.189939024390244,7183.0,3280
430422,2008,2.067378048780488,6781.0,3280
430422,2009,1.4847560975609757,4870.0,3280
430422,2010,1.8957317073170732,6218.0,3280
430422,2011,2.2780487804878047,7472.0,3280
430422,2012,1.9634146341463414,6440.0,3280
430422,2013,2.5396341463414633,8330.0,3280
430422,2014,1.3207317073170732,4332.0,3280
430422,2015,1.2213414634146342,4006.0,3280
430422,2016,1.2838414634146342,4211.0,3280
430422,2017,2.860060975609756,9381.0,3280
430422,2018,2.9640243902439023,9722.0,3280
430422,2019,3.1353658536585365,10284.0,3280
430422,2020,3.836280487804878,12583.0,3280
430423,2000,1.16039907904835,1512.0,1303
430423,2001,1.061396776669225,1383.0,1303
430423,2002,0.9946277820414429,1296.0,1303
430423,2003,1.1442824251726784,1491.0,1303
430423,2004,1.360706062931696,1773.0,1303
430423,2005,1.8004604758250191,2346.0,1303
430423,2006,2.6753645433614737,3486.0,1303
430423,2007,3.3561013046815042,4373.0,1303
430423,2008,2.193399846508058,2858.0,1303
430423,2009,1.402148887183423,1827.0,1303
430423,2010,2.138910207214121,2787.0,1303
430423,2011,1.9792785878741366,2579.0,1303
430423,2012,2.170376055257099,2828.0,1303
430423,2013,2.4950115118956253,3251.0,1303
430423,2014,1.1227935533384497,1463.0,1303
430423,2015,0.965464313123561,1258.0,1303
430423,2016,1.0713737528779739,1396.0,1303
430423,2017,2.6285495011511895,3425.0,1303
430423,2018,2.5725249424405217,3352.0,1303
430423,2019,2.9785111281657715,3881.0,1303
430423,2020,4.100537221795856,5343.0,1303
430424,2000,0.4795127353266888,1299.0,2709
430424,2001,0.9571797711332595,2593.0,2709
430424,2002,0.8744924326319675,2369.0,2709
430424,2003,1.1487633813215208,3112.0,2709
430424,2004,1.3732004429678848,3720.0,2709
430424,2005,1.310077519379845,3549.0,2709
430424,2006,1.2366186784791435,3350.0,2709
430424,2007,2.186046511627907,5922.0,2709
430424,2008,1.4569952011812477,3947.0,2709
430424,2009,0.920265780730897,2493.0,2709
430424,2010,1.1867847914359542,3215.0,2709
430424,2011,1.5880398671096345,4302.0,2709
430424,2012,1.3071244001476559,3541.0,2709
430424,2013,1.6762643041712808,4541.0,2709
430424,2014,0.8006644518272426,2169.0,2709
430424,2015,0.6976744186046512,1890.0,2709
430424,2016,0.6814322628276117,1846.0,2709
430424,2017,2.0457733480989293,5542.0,2709
430424,2018,2.2347729789590254,6054.0,2709
430424,2019,1.85234403839055,5018.0,2709
430424,2020,2.6227390180878554,7105.0,2709
430426,2000,0.44716494845360827,1041.0,2328
430426,2001,0.7276632302405498,1694.0,2328
430426,2002,0.7117697594501718,1657.0,2328
430426,2003,0.8161512027491409,1900.0,2328
430426,2004,0.8273195876288659,1926.0,2328
430426,2005,0.9347079037800687,2176.0,2328
430426,2006,0.7405498281786942,1724.0,2328
430426,2007,1.2615979381443299,2937.0,2328
430426,2008,1.0914948453608246,2541.0,2328
430426,2009,0.6374570446735395,1484.0,2328
430426,2010,0.9965635738831615,2320.0,2328
430426,2011,0.9299828178694158,2165.0,2328
430426,2012,0.9548969072164949,2223.0,2328
430426,2013,1.2199312714776633,2840.0,2328
430426,2014,0.5962199312714777,1388.0,2328
430426,2015,0.5897766323024055,1373.0,2328
430426,2016,0.8457903780068728,1969.0,2328
430426,2017,1.5098797250859106,3515.0,2328
430426,2018,1.729810996563574,4027.0,2328
430426,2019,2.0231958762886597,4710.0,2328
430426,2020,2.9892611683848798,6959.0,2328
430481,2000,1.4206773618538324,4782.0,3366
430481,2001,2.170528817587641,7306.0,3366
430481,2002,2.215389185977421,7457.0,3366
430481,2003,2.538918597742127,8546.0,3366
430481,2004,3.1794414735591205,10702.0,3366
430481,2005,3.0062388591800357,10119.0,3366
430481,2006,2.959298871063577,9961.0,3366
430481,2007,4.253416518122401,14317.0,3366
430481,2008,4.183303624480095,14081.0,3366
430481,2009,1.3440285204991087,4524.0,3366
430481,2010,3.198752228163993,10767.0,3366
430481,2011,3.479500891265597,11712.0,3366
430481,2012,2.6984551396316103,9083.0,3366
430481,2013,3.7762923351158646,12711.0,3366
430481,2014,1.7519310754604873,5897.0,3366
430481,2015,1.6821152703505644,5662.0,3366
430481,2016,1.7406417112299466,5859.0,3366
430481,2017,2.8969102792632206,9751.0,3366
430481,2018,2.9925727866904337,10073.0,3366
430481,2019,3.061794414735591,10306.0,3366
430481,2020,3.450980392156863,11616.0,3366
430482,2000,0.498684704998121,1327.0,2661
430482,2001,0.7467117624953025,1987.0,2661
430482,2002,0.7155204810221721,1904.0,2661
430482,2003,0.85456595264938,2274.0,2661
430482,2004,1.2638105975197294,3363.0,2661
430482,2005,1.107478391582112,2947.0,2661
430482,2006,0.7234122510334461,1925.0,2661
430482,2007,1.2754603532506577,3394.0,2661
430482,2008,1.2893649004133785,3431.0,2661
430482,2009,0.5760992108229989,1533.0,2661
430482,2010,0.9552799699361142,2542.0,2661
430482,2011,1.2874859075535512,3426.0,2661
430482,2012,1.1375422773393462,3027.0,2661
430482,2013,2.3555054490792937,6268.0,2661
430482,2014,1.1037204058624577,2937.0,2661
430482,2015,1.1360390830514844,3023.0,2661
430482,2016,1.2998872604284104,3459.0,2661
430482,2017,2.1086057872980084,5611.0,2661
430482,2018,2.2205937617437055,5909.0,2661
430482,2019,2.540774145058249,6761.0,2661
430482,2020,3.0841788801202554,8207.0,2661
430502,2000,6.2846153846153845,817.0,130
430502,2001,7.6692307692307695,997.0,130
430502,2002,9.584615384615384,1246.0,130
430502,2003,9.076923076923077,1180.0,130
430502,2004,12.169230769230769,1582.0,130
430502,2005,9.246153846153845,1202.0,130
430502,2006,8.63076923076923,1122.0,130
430502,2007,11.6,1508.0,130
430502,2008,16.384615384615383,2130.0,130
430502,2009,12.792307692307693,1663.0,130
430502,2010,12.353846153846154,1606.0,130
430502,2011,15.5,2015.0,130
430502,2012,14.753846153846155,1918.0,130
430502,2013,23.869230769230768,3103.0,130
430502,2014,25.83076923076923,3358.0,130
430502,2015,26.26153846153846,3414.0,130
430502,2016,29.66923076923077,3857.0,130
430502,2017,32.91538461538462,4279.0,130
430502,2018,33.02307692307692,4293.0,130
430502,2019,34.83076923076923,4528.0,130
430502,2020,36.16153846153846,4701.0,130
430503,2000,4.763713080168777,1129.0,237
430503,2001,4.763713080168777,1129.0,237
430503,2002,6.1265822784810124,1452.0,237
430503,2003,5.337552742616034,1265.0,237
430503,2004,8.611814345991561,2041.0,237
430503,2005,6.489451476793249,1538.0,237
430503,2006,5.6455696202531644,1338.0,237
430503,2007,7.489451476793249,1775.0,237
430503,2008,8.08860759493671,1917.0,237
430503,2009,7.544303797468355,1788.0,237
430503,2010,7.6118143459915615,1804.0,237
430503,2011,9.38396624472574,2224.0,237
430503,2012,7.940928270042194,1882.0,237
430503,2013,12.337552742616033,2924.0,237
430503,2014,13.181434599156118,3124.0,237
430503,2015,13.012658227848101,3084.0,237
430503,2016,14.016877637130802,3322.0,237
430503,2017,17.49789029535865,4147.0,237
430503,2018,17.670886075949365,4188.0,237
430503,2019,18.51054852320675,4387.0,237
430503,2020,20.350210970464136,4823.0,237
430511,2000,15.669724770642201,1708.0,109
430511,2001,16.889908256880734,1841.0,109
430511,2002,17.63302752293578,1922.0,109
430511,2003,20.05504587155963,2186.0,109
430511,2004,19.357798165137616,2110.0,109
430511,2005,20.825688073394495,2270.0,109
430511,2006,22.908256880733944,2497.0,109
430511,2007,25.46788990825688,2776.0,109
430511,2008,24.293577981651374,2648.0,109
430511,2009,21.293577981651374,2321.0,109
430511,2010,25.192660550458715,2746.0,109
430511,2011,25.522935779816514,2782.0,109
430511,2012,25.825688073394495,2815.0,109
430511,2013,37.24770642201835,4060.0,109
430511,2014,34.321100917431195,3741.0,109
430511,2015,35.37614678899082,3856.0,109
430511,2016,36.53211009174312,3982.0,109
430511,2017,40.559633027522935,4421.0,109
430511,2018,41.357798165137616,4508.0,109
430511,2019,42.53211009174312,4636.0,109
430511,2020,42.28440366972477,4609.0,109
430522,2000,0.7660550458715596,1670.0,2180
430522,2001,0.5853211009174312,1276.0,2180
430522,2002,0.6536697247706422,1425.0,2180
430522,2003,0.8243119266055046,1797.0,2180
430522,2004,1.0573394495412844,2305.0,2180
430522,2005,1.4646788990825688,3193.0,2180
430522,2006,0.955045871559633,2082.0,2180
430522,2007,1.4958715596330274,3261.0,2180
430522,2008,1.65,3597.0,2180
430522,2009,1.1275229357798164,2458.0,2180
430522,2010,1.4954128440366972,3260.0,2180
430522,2011,1.8197247706422017,3967.0,2180
430522,2012,1.9931192660550459,4345.0,2180
430522,2013,2.751376146788991,5998.0,2180
430522,2014,1.5275229357798166,3330.0,2180
430522,2015,1.5623853211009173,3406.0,2180
430522,2016,1.4990825688073395,3268.0,2180
430522,2017,3.015137614678899,6573.0,2180
430522,2018,3.55,7739.0,2180
430522,2019,3.331651376146789,7263.0,2180
430522,2020,3.372018348623853,7351.0,2180
430523,2000,0.431640625,1105.0,2560
430523,2001,0.614453125,1573.0,2560
430523,2002,0.671484375,1719.0,2560
430523,2003,0.433984375,1111.0,2560
430523,2004,0.662109375,1695.0,2560
430523,2005,1.005859375,2575.0,2560
430523,2006,0.6171875,1580.0,2560
430523,2007,1.67890625,4298.0,2560
430523,2008,1.874609375,4799.0,2560
430523,2009,0.95234375,2438.0,2560
430523,2010,0.96015625,2458.0,2560
430523,2011,1.14375,2928.0,2560
430523,2012,1.034375,2648.0,2560
430523,2013,1.48046875,3790.0,2560
430523,2014,0.646875,1656.0,2560
430523,2015,0.703125,1800.0,2560
430523,2016,0.59921875,1534.0,2560
430523,2017,1.701171875,4355.0,2560
430523,2018,2.038671875,5219.0,2560
430523,2019,1.73359375,4438.0,2560
430523,2020,2.087890625,5345.0,2560
430524,2000,0.42312888408538235,1566.0,3701
430524,2001,0.3958389624425831,1465.0,3701
430524,2002,0.4893272088624696,1811.0,3701
430524,2003,0.6449608213996217,2387.0,3701
430524,2004,0.653066738719265,2417.0,3701
430524,2005,0.8427452039989192,3119.0,3701
430524,2006,0.4987841124020535,1846.0,3701
430524,2007,0.8135639016482031,3011.0,3701
430524,2008,0.5990272899216428,2217.0,3701
430524,2009,0.5457984328559848,2020.0,3701
430524,2010,0.6157795190489057,2279.0,3701
430524,2011,0.9735206700891651,3603.0,3701
430524,2012,0.8673331532018373,3210.0,3701
430524,2013,1.2161577951904892,4501.0,3701
430524,2014,0.7262901918400433,2688.0,3701
430524,2015,0.8078897595244529,2990.0,3701
430524,2016,0.9054309646041611,3351.0,3701
430524,2017,1.497703323426101,5543.0,3701
430524,2018,1.533909754120508,5677.0,3701
430524,2019,1.5252634423128884,5645.0,3701
430524,2020,1.9059713590921372,7054.0,3701
430525,2000,0.31923501287237954,868.0,2719
430525,2001,0.2780433983082015,756.0,2719
430525,2002,0.3972048547260022,1080.0,2719
430525,2003,0.6892239794041927,1874.0,2719
430525,2004,1.130930489150423,3075.0,2719
430525,2005,1.5509378447958808,4217.0,2719
430525,2006,0.80066200809121,2177.0,2719
430525,2007,1.3074659801397572,3555.0,2719
430525,2008,1.361529974255241,3702.0,2719
430525,2009,0.8175799926443545,2223.0,2719
430525,2010,0.9753585877160721,2652.0,2719
430525,2011,1.2375873482898125,3365.0,2719
430525,2012,1.1107024641412284,3020.0,2719
430525,2013,1.6002206693637366,4351.0,2719
430525,2014,0.9753585877160721,2652.0,2719
430525,2015,1.1577785950717177,3148.0,2719
430525,2016,1.0728208900331004,2917.0,2719
430525,2017,1.758734828981243,4782.0,2719
430525,2018,1.8447958808385436,5016.0,2719
430525,2019,2.071349760941523,5632.0,2719
430525,2020,2.1592497241632955,5871.0,2719
430527,2000,0.1362774315903549,503.0,3691
430527,2001,0.1438634516391222,531.0,3691
430527,2002,0.1750203196965592,646.0,3691
430527,2003,0.2625304795448388,969.0,3691
430527,2004,0.20075860200487672,741.0,3691
430527,2005,0.30046057978867513,1109.0,3691
430527,2006,0.2489840151720401,919.0,3691
430527,2007,0.33378488214575996,1232.0,3691
430527,2008,0.3822812246003793,1411.0,3691
430527,2009,0.27959902465456515,1032.0,3691
430527,2010,0.2831211053914928,1045.0,3691
430527,2011,0.27038742888106204,998.0,3691
430527,2012,0.23327011649959362,861.0,3691
430527,2013,0.3519371444053102,1299.0,3691
430527,2014,0.1728528853969114,638.0,3691
430527,2015,0.1416960173394744,523.0,3691
430527,2016,0.12327282579246816,455.0,3691
430527,2017,0.2926036304524519,1080.0,3691
430527,2018,0.3457057707938228,1276.0,3691
430527,2019,0.21430506637767543,791.0,3691
430527,2020,0.2687618531563262,992.0,3691
430528,2000,0.14297896532120524,503.0,3518
430528,2001,0.13843092666287662,487.0,3518
430528,2002,0.24616259238203525,866.0,3518
430528,2003,0.29590676520750425,1041.0,3518
430528,2004,0.3374076179647527,1187.0,3518
430528,2005,0.37293916998294485,1312.0,3518
430528,2006,0.29505400795906767,1038.0,3518
430528,2007,0.4007959067652075,1410.0,3518
430528,2008,0.5108015918135305,1797.0,3518
430528,2009,0.30272882319499717,1065.0,3518
430528,2010,0.5372370665150654,1890.0,3518
430528,2011,0.6310403638430927,2220.0,3518
430528,2012,0.5312677657760091,1869.0,3518
430528,2013,0.6353041500852757,2235.0,3518
430528,2014,0.3993746446844798,1405.0,3518
430528,2015,0.3789084707220011,1333.0,3518
430528,2016,0.38828880045480385,1366.0,3518
430528,2017,0.6392836839113133,2249.0,3518
430528,2018,0.7416145537237067,2609.0,3518
430528,2019,0.736498010233087,2591.0,3518
430528,2020,0.8715179079022172,3066.0,3518
430529,2000,0.13045928430543816,463.0,3549
430529,2001,0.18005071851225699,639.0,3549
430529,2002,0.2696534234995773,957.0,3549
430529,2003,0.2938856015779093,1043.0,3549
430529,2004,0.30684699915469144,1089.0,3549
430529,2005,0.30064806987883913,1067.0,3549
430529,2006,0.231614539306847,822.0,3549
430529,2007,0.3857424626655396,1369.0,3549
430529,2008,0.324880247957171,1153.0,3549
430529,2009,0.2132995209918287,757.0,3549
430529,2010,0.22851507466892082,811.0,3549
430529,2011,0.31107354184277264,1104.0,3549
430529,2012,0.34516765285996054,1225.0,3549
430529,2013,0.42209072978303747,1498.0,3549
430529,2014,0.24344885883347422,864.0,3549
430529,2015,0.3454494223724993,1226.0,3549
430529,2016,0.3558748943364328,1263.0,3549
430529,2017,0.7103409411101719,2521.0,3549
430529,2018,0.6661031276415892,2364.0,3549
430529,2019,0.7418991265145112,2633.0,3549
430529,2020,0.7373908143138912,2617.0,3549
430581,2000,0.36367816091954025,791.0,2175
430581,2001,0.3393103448275862,738.0,2175
430581,2002,0.455632183908046,991.0,2175
430581,2003,0.6822988505747126,1484.0,2175
430581,2004,0.7627586206896552,1659.0,2175
430581,2005,0.8850574712643678,1925.0,2175
430581,2006,0.6496551724137931,1413.0,2175
430581,2007,1.1135632183908046,2422.0,2175
430581,2008,1.374712643678161,2990.0,2175
430581,2009,0.7940229885057472,1727.0,2175
430581,2010,0.9825287356321839,2137.0,2175
430581,2011,1.2432183908045977,2704.0,2175
430581,2012,1.0363218390804598,2254.0,2175
430581,2013,1.511264367816092,3287.0,2175
430581,2014,1.222528735632184,2659.0,2175
430581,2015,1.1908045977011494,2590.0,2175
430581,2016,1.3232183908045978,2878.0,2175
430581,2017,1.9641379310344829,4272.0,2175
430581,2018,2.192183908045977,4768.0,2175
430581,2019,2.1029885057471263,4574.0,2175
430581,2020,2.583448275862069,5619.0,2175
430582,2000,2.0980392156862746,5136.0,2448
430582,2001,1.7826797385620916,4364.0,2448
430582,2002,2.0408496732026142,4996.0,2448
430582,2003,1.9391339869281046,4747.0,2448
430582,2004,2.477124183006536,6064.0,2448
430582,2005,2.4995915032679736,6119.0,2448
430582,2006,1.8443627450980393,4515.0,2448
430582,2007,2.5674019607843137,6285.0,2448
430582,2008,2.6711601307189543,6539.0,2448
430582,2009,1.7716503267973855,4337.0,2448
430582,2010,2.060457516339869,5044.0,2448
430582,2011,2.6744281045751634,6547.0,2448
430582,2012,2.758169934640523,6752.0,2448
430582,2013,3.622140522875817,8867.0,2448
430582,2014,1.723856209150327,4220.0,2448
430582,2015,1.9530228758169934,4781.0,2448
430582,2016,2.0183823529411766,4941.0,2448
430582,2017,3.8337418300653594,9385.0,2448
430582,2018,3.6695261437908497,8983.0,2448
430582,2019,3.804330065359477,9313.0,2448
430582,2020,4.717320261437909,11548.0,2448
430602,2000,9.078059071729959,4303.0,474
430602,2001,9.829113924050633,4659.0,474
430602,2002,12.974683544303797,6150.0,474
430602,2003,13.48945147679325,6394.0,474
430602,2004,15.98945147679325,7579.0,474
430602,2005,14.59915611814346,6920.0,474
430602,2006,14.29324894514768,6775.0,474
430602,2007,16.255274261603375,7705.0,474
430602,2008,15.845991561181435,7511.0,474
430602,2009,16.666666666666668,7900.0,474
430602,2010,18.32278481012658,8685.0,474
430602,2011,22.217299578059073,10531.0,474
430602,2012,21.369198312236286,10129.0,474
430602,2013,30.82278481012658,14610.0,474
430602,2014,27.70886075949367,13134.0,474
430602,2015,27.01054852320675,12803.0,474
430602,2016,27.563291139240505,13065.0,474
430602,2017,31.362869198312236,14866.0,474
430602,2018,32.10126582278481,15216.0,474
430602,2019,36.81012658227848,17448.0,474
430602,2020,37.0084388185654,17542.0,474
430603,2000,8.85395537525355,4365.0,493
430603,2001,8.202839756592292,4044.0,493
430603,2002,8.95131845841785,4413.0,493
430603,2003,8.59026369168357,4235.0,493
430603,2004,10.941176470588236,5394.0,493
430603,2005,10.9026369168357,5375.0,493
430603,2006,9.870182555780932,4866.0,493
430603,2007,11.302231237322514,5572.0,493
430603,2008,11.253549695740364,5548.0,493
430603,2009,8.849898580121703,4363.0,493
430603,2010,10.068965517241379,4964.0,493
430603,2011,12.04259634888438,5937.0,493
430603,2012,13.324543610547668,6569.0,493
430603,2013,17.63286004056795,8693.0,493
430603,2014,17.677484787018255,8715.0,493
430603,2015,17.253549695740364,8506.0,493
430603,2016,16.11967545638945,7947.0,493
430603,2017,18.908722109533468,9322.0,493
430603,2018,20.807302231237323,10258.0,493
430603,2019,24.2920892494929,11976.0,493
430603,2020,24.920892494929006,12286.0,493
430611,2000,2.533678756476684,1956.0,772
430611,2001,3.244818652849741,2505.0,772
430611,2002,3.4857512953367875,2691.0,772
430611,2003,2.9533678756476682,2280.0,772
430611,2004,2.788860103626943,2153.0,772
430611,2005,2.8354922279792745,2189.0,772
430611,2006,3.0725388601036268,2372.0,772
430611,2007,4.019430051813472,3103.0,772
430611,2008,3.5725388601036268,2758.0,772
430611,2009,3.199481865284974,2470.0,772
430611,2010,4.791450777202073,3699.0,772
430611,2011,4.711139896373057,3637.0,772
430611,2012,4.858808290155441,3751.0,772
430611,2013,6.6567357512953365,5139.0,772
430611,2014,4.189119170984456,3234.0,772
430611,2015,3.454663212435233,2667.0,772
430611,2016,2.7694300518134716,2138.0,772
430611,2017,4.209844559585492,3250.0,772
430611,2018,4.7642487046632125,3678.0,772
430611,2019,5.051813471502591,3900.0,772
430611,2020,5.050518134715026,3899.0,772
430621,2000,1.5266558966074313,5670.0,3714
430621,2001,1.7913301023155628,6653.0,3714
430621,2002,2.026386645126548,7526.0,3714
430621,2003,1.7148626817447497,6369.0,3714
430621,2004,1.8354873451803986,6817.0,3714
430621,2005,1.8667205169628434,6933.0,3714
430621,2006,2.016155088852989,7488.0,3714
430621,2007,2.5858912224017234,9604.0,3714
430621,2008,2.2913301023155626,8510.0,3714
430621,2009,1.7775982767905223,6602.0,3714
430621,2010,2.512385568120625,9331.0,3714
430621,2011,3.0775444264943457,11430.0,3714
430621,2012,2.9141087775982766,10823.0,3714
430621,2013,3.87156704361874,14379.0,3714
430621,2014,1.8896068928379106,7018.0,3714
430621,2015,1.7778675282714056,6603.0,3714
430621,2016,1.735864297253635,6447.0,3714
430621,2017,3.0654281098546043,11385.0,3714
430621,2018,3.380721593968767,12556.0,3714
430621,2019,3.6855142703284867,13688.0,3714
430621,2020,4.060850834679591,15082.0,3714
430623,2000,0.8455462922334357,1927.0,2279
430623,2001,0.7051338306274681,1607.0,2279
430623,2002,1.047389205792014,2387.0,2279
430623,2003,0.7661254936375603,1746.0,2279
430623,2004,1.4572180781044317,3321.0,2279
430623,2005,1.2079859587538393,2753.0,2279
430623,2006,1.1645458534444932,2654.0,2279
430623,2007,1.8433523475208424,4201.0,2279
430623,2008,1.5489249670908294,3530.0,2279
430623,2009,1.119789381307591,2552.0,2279
430623,2010,2.054848617814831,4683.0,2279
430623,2011,1.8885476086002633,4304.0,2279
430623,2012,1.2417727073277753,2830.0,2279
430623,2013,2.6222027204914435,5976.0,2279
430623,2014,0.82141290039491,1872.0,2279
430623,2015,0.7235629662132514,1649.0,2279
430623,2016,0.8310662571303203,1894.0,2279
430623,2017,1.5844668714348398,3611.0,2279
430623,2018,1.5234752084247476,3472.0,2279
430623,2019,1.5651601579640193,3567.0,2279
430623,2020,1.8824045634050022,4290.0,2279
430624,2000,1.090721649484536,2116.0,1940
430624,2001,1.261340206185567,2447.0,1940
430624,2002,1.7247422680412372,3346.0,1940
430624,2003,1.5211340206185566,2951.0,1940
430624,2004,3.4902061855670103,6771.0,1940
430624,2005,3.3242268041237115,6449.0,1940
430624,2006,2.4824742268041238,4816.0,1940
430624,2007,3.668041237113402,7116.0,1940
430624,2008,3.0391752577319586,5896.0,1940
430624,2009,2.290721649484536,4444.0,1940
430624,2010,3.5190721649484535,6827.0,1940
430624,2011,4.361855670103092,8462.0,1940
430624,2012,4.3907216494845365,8518.0,1940
430624,2013,3.5969072164948455,6978.0,1940
430624,2014,2.147422680412371,4166.0,1940
430624,2015,1.997938144329897,3876.0,1940
430624,2016,2.183505154639175,4236.0,1940
430624,2017,5.174742268041237,10039.0,1940
430624,2018,5.177319587628866,10044.0,1940
430624,2019,5.731958762886598,11120.0,1940
430624,2020,6.974742268041237,13531.0,1940
430626,2000,0.3473553425630103,1957.0,5634
430626,2001,0.3878239261625843,2185.0,5634
430626,2002,0.518991835285765,2924.0,5634
430626,2003,0.4078807241746539,2298.0,5634
430626,2004,0.7571884984025559,4266.0,5634
430626,2005,0.7713880014199503,4346.0,5634
430626,2006,0.6599219027334043,3718.0,5634
430626,2007,0.9973375931842385,5619.0,5634
430626,2008,0.7289669861554846,4107.0,5634
430626,2009,0.48136315228966986,2712.0,5634
430626,2010,0.9550940717074903,5381.0,5634
430626,2011,1.3830315938942137,7792.0,5634
430626,2012,1.2426340078097267,7001.0,5634
430626,2013,1.1940007099751508,6727.0,5634
430626,2014,0.6057862974795882,3413.0,5634
430626,2015,0.48846290379836704,2752.0,5634
430626,2016,0.6822861199858005,3844.0,5634
430626,2017,1.440539581114661,8116.0,5634
430626,2018,1.5271565495207668,8604.0,5634
430626,2019,1.6251331203407882,9156.0,5634
430626,2020,1.8317358892438764,10320.0,5634
430681,2000,2.0149377593360995,4856.0,2410
430681,2001,2.2443983402489627,5409.0,2410
430681,2002,2.5390041493775932,6119.0,2410
430681,2003,1.8659751037344399,4497.0,2410
430681,2004,2.526141078838174,6088.0,2410
430681,2005,3.0684647302904566,7395.0,2410
430681,2006,3.0435684647302903,7335.0,2410
430681,2007,4.612863070539419,11117.0,2410
430681,2008,3.5572614107883815,8573.0,2410
430681,2009,2.5095435684647303,6048.0,2410
430681,2010,3.4809128630705395,8389.0,2410
430681,2011,4.472199170124481,10778.0,2410
430681,2012,4.856016597510373,11703.0,2410
430681,2013,4.92240663900415,11863.0,2410
430681,2014,2.5800829875518674,6218.0,2410
430681,2015,2.253941908713693,5432.0,2410
430681,2016,2.129460580912863,5132.0,2410
430681,2017,3.840248962655602,9255.0,2410
430681,2018,4.569294605809128,11012.0,2410
430681,2019,5.078838174273859,12240.0,2410
430681,2020,5.962240663900415,14369.0,2410
430682,2000,1.675654242664552,4226.0,2522
430682,2001,1.4175257731958764,3575.0,2522
430682,2002,1.7430610626486915,4396.0,2522
430682,2003,1.4183187946074545,3577.0,2522
430682,2004,2.03766851704996,5139.0,2522
430682,2005,2.0047581284694687,5056.0,2522
430682,2006,1.8754956383822363,4730.0,2522
430682,2007,2.903647898493259,7323.0,2522
430682,2008,2.5547184773988896,6443.0,2522
430682,2009,1.5519429024583664,3914.0,2522
430682,2010,2.097145122918319,5289.0,2522
430682,2011,2.4206978588421886,6105.0,2522
430682,2012,1.6165741475019826,4077.0,2522
430682,2013,2.0808881839809676,5248.0,2522
430682,2014,1.4119746233148296,3561.0,2522
430682,2015,1.6475019825535289,4155.0,2522
430682,2016,1.6082474226804124,4056.0,2522
430682,2017,3.373513084853291,8508.0,2522
430682,2018,4.030134813639968,10164.0,2522
430682,2019,4.058287073750991,10235.0,2522
430682,2020,4.073354480570975,10273.0,2522
430702,2000,17.798722044728436,5571.0,313
430702,2001,19.37380191693291,6064.0,313
430702,2002,21.08626198083067,6600.0,313
430702,2003,24.130990415335464,7553.0,313
430702,2004,26.22044728434505,8207.0,313
430702,2005,25.28115015974441,7913.0,313
430702,2006,26.52076677316294,8301.0,313
430702,2007,25.24600638977636,7902.0,313
430702,2008,24.792332268370608,7760.0,313
430702,2009,22.124600638977636,6925.0,313
430702,2010,25.43450479233227,7961.0,313
430702,2011,26.63258785942492,8336.0,313
430702,2012,25.34185303514377,7932.0,313
430702,2013,33.00319488817891,10330.0,313
430702,2014,33.55591054313099,10503.0,313
430702,2015,34.91373801916933,10928.0,313
430702,2016,39.16613418530351,12259.0,313
430702,2017,42.21405750798722,13213.0,313
430702,2018,42.88817891373802,13424.0,313
430702,2019,44.97124600638978,14076.0,313
430702,2020,44.424920127795524,13905.0,313
430703,2000,1.7944983818770226,5545.0,3090
430703,2001,1.9038834951456312,5883.0,3090
430703,2002,2.263106796116505,6993.0,3090
430703,2003,2.503559870550162,7736.0,3090
430703,2004,2.768284789644013,8554.0,3090
430703,2005,2.9080906148867314,8986.0,3090
430703,2006,2.72168284789644,8410.0,3090
430703,2007,3.0906148867313914,9550.0,3090
430703,2008,2.6485436893203884,8184.0,3090
430703,2009,2.2521035598705503,6959.0,3090
430703,2010,3.6715210355987056,11345.0,3090
430703,2011,3.3187702265372168,10255.0,3090
430703,2012,2.4527508090614885,7579.0,3090
430703,2013,3.845631067961165,11883.0,3090
430703,2014,2.7501618122977347,8498.0,3090
430703,2015,2.980906148867314,9211.0,3090
430703,2016,3.4550161812297735,10676.0,3090
430703,2017,5.689644012944984,17581.0,3090
430703,2018,6.281553398058253,19410.0,3090
430703,2019,7.1087378640776695,21966.0,3090
430703,2020,7.476375404530744,23102.0,3090
430721,2000,1.018392370572207,1495.0,1468
430721,2001,1.077656675749319,1582.0,1468
430721,2002,1.688692098092643,2479.0,1468
430721,2003,1.1893732970027249,1746.0,1468
430721,2004,1.6873297002724796,2477.0,1468
430721,2005,1.57425068119891,2311.0,1468
430721,2006,1.858991825613079,2729.0,1468
430721,2007,2.266348773841962,3327.0,1468
430721,2008,1.6151226158038148,2371.0,1468
430721,2009,0.8841961852861036,1298.0,1468
430721,2010,2.005449591280654,2944.0,1468
430721,2011,1.5735694822888284,2310.0,1468
430721,2012,1.0102179836512262,1483.0,1468
430721,2013,1.569482288828338,2304.0,1468
430721,2014,1.0599455040871935,1556.0,1468
430721,2015,1.319482288828338,1937.0,1468
430721,2016,1.3739782016348774,2017.0,1468
430721,2017,2.6232970027247955,3851.0,1468
430721,2018,3.6587193460490464,5371.0,1468
430721,2019,4.54700272479564,6675.0,1468
430721,2020,5.136239782016348,7540.0,1468
430722,2000,0.5928186714542191,1651.0,2785
430722,2001,0.5296229802513465,1475.0,2785
430722,2002,0.7784560143626571,2168.0,2785
430722,2003,0.7543985637342908,2101.0,2785
430722,2004,1.0682226211849193,2975.0,2785
430722,2005,1.3073608617594255,3641.0,2785
430722,2006,1.1206463195691203,3121.0,2785
430722,2007,1.606822262118492,4475.0,2785
430722,2008,1.324955116696589,3690.0,2785
430722,2009,0.8197486535008977,2283.0,2785
430722,2010,1.488330341113106,4145.0,2785
430722,2011,1.6025134649910233,4463.0,2785
430722,2012,0.8761220825852782,2440.0,2785
430722,2013,1.8707360861759426,5210.0,2785
430722,2014,0.5709156193895871,1590.0,2785
430722,2015,0.5253141831238779,1463.0,2785
430722,2016,0.6585278276481149,1834.0,2785
430722,2017,2.313464991023339,6443.0,2785
430722,2018,2.215439856373429,6170.0,2785
430722,2019,2.6481149012567324,7375.0,2785
430722,2020,3.452064631956912,9614.0,2785
430723,2000,1.5007374631268438,4070.0,2712
430723,2001,1.3956489675516224,3785.0,2712
430723,2002,2.024336283185841,5490.0,2712
430723,2003,1.7101769911504425,4638.0,2712
430723,2004,2.4192477876106193,6561.0,2712
430723,2005,2.021755162241888,5483.0,2712
430723,2006,2.1327433628318584,5784.0,2712
430723,2007,2.254793510324484,6115.0,2712
430723,2008,2.203171091445428,5975.0,2712
430723,2009,1.1537610619469028,3129.0,2712
430723,2010,2.5095870206489677,6806.0,2712
430723,2011,2.240781710914454,6077.0,2712
430723,2012,1.818952802359882,4933.0,2712
430723,2013,2.7573746312684366,7478.0,2712
430723,2014,1.814896755162242,4922.0,2712
430723,2015,1.7724926253687316,4807.0,2712
430723,2016,1.8805309734513274,5100.0,2712
430723,2017,3.3558259587020647,9101.0,2712
430723,2018,3.7087020648967552,10058.0,2712
430723,2019,4.60877581120944,12499.0,2712
430723,2020,5.020648967551622,13616.0,2712
430724,2000,1.8874213836477987,3001.0,1590
430724,2001,1.8427672955974843,2930.0,1590
430724,2002,2.5125786163522013,3995.0,1590
430724,2003,2.1232704402515723,3376.0,1590
430724,2004,3.0830188679245283,4902.0,1590
430724,2005,2.506918238993711,3986.0,1590
430724,2006,2.418867924528302,3846.0,1590
430724,2007,2.689937106918239,4277.0,1590
430724,2008,2.768553459119497,4402.0,1590
430724,2009,2.180503144654088,3467.0,1590
430724,2010,3.489937106918239,5549.0,1590
430724,2011,3.010691823899371,4787.0,1590
430724,2012,2.076729559748428,3302.0,1590
430724,2013,3.8270440251572326,6085.0,1590
430724,2014,1.5610062893081762,2482.0,1590
430724,2015,1.749685534591195,2782.0,1590
430724,2016,1.8748427672955974,2981.0,1590
430724,2017,3.959119496855346,6295.0,1590
430724,2018,5.226415094339623,8310.0,1590
430724,2019,6.855974842767296,10901.0,1590
430724,2020,8.457232704402516,13447.0,1590
430725,2000,0.4646025395720995,2671.0,5749
430725,2001,0.5054792137763089,2906.0,5749
430725,2002,0.7020351365454862,4036.0,5749
430725,2003,0.8512784832144721,4894.0,5749
430725,2004,1.00608801530701,5784.0,5749
430725,2005,1.066968168377109,6134.0,5749
430725,2006,1.0161767263871977,5842.0,5749
430725,2007,0.9886936858584101,5684.0,5749
430725,2008,0.7536962950078274,4333.0,5749
430725,2009,0.573317098625848,3296.0,5749
430725,2010,0.8126630718385807,4672.0,5749
430725,2011,0.7604800834927814,4372.0,5749
430725,2012,0.571403722386502,3285.0,5749
430725,2013,1.1047138632805706,6351.0,5749
430725,2014,0.6507218646721169,3741.0,5749
430725,2015,0.641850756653331,3690.0,5749
430725,2016,0.6508958079666028,3742.0,5749
430725,2017,1.4510349626021917,8342.0,5749
430725,2018,1.6119325100017394,9267.0,5749
430725,2019,1.8029222473473647,10365.0,5749
430725,2020,2.1669855627065577,12458.0,5749
430726,2000,0.5924918389553863,3267.0,5514
430726,2001,0.6842582517228872,3773.0,5514
430726,2002,0.7606093579978237,4194.0,5514
430726,2003,0.7383025027203483,4071.0,5514
430726,2004,1.0525933986216902,5804.0,5514
430726,2005,0.9425099746100835,5197.0,5514
430726,2006,0.9231048240841494,5090.0,5514
430726,2007,1.0130576713819368,5586.0,5514
430726,2008,0.7640551323902793,4213.0,5514
430726,2009,0.5077983315197678,2800.0,5514
430726,2010,0.7419296336597752,4091.0,5514
430726,2011,0.5515052593398622,3041.0,5514
430726,2012,0.4225607544432354,2330.0,5514
430726,2013,0.8579978237214363,4731.0,5514
430726,2014,0.3550961189698948,1958.0,5514
430726,2015,0.37631483496554224,2075.0,5514
430726,2016,0.544069640914037,3000.0,5514
430726,2017,1.092854552049329,6026.0,5514
430726,2018,1.1661225970257527,6430.0,5514
430726,2019,1.3761334784185708,7588.0,5514
430726,2020,1.5654697134566558,8632.0,5514
430781,2000,1.9517795637198623,1700.0,871
430781,2001,1.5533869115958667,1353.0,871
430781,2002,2.3983926521239955,2089.0,871
430781,2003,1.7244546498277842,1502.0,871
430781,2004,2.4385763490241104,2124.0,871
430781,2005,1.6636050516647531,1449.0,871
430781,2006,1.7106773823191734,1490.0,871
430781,2007,2.055109070034443,1790.0,871
430781,2008,2.0114810562571757,1752.0,871
430781,2009,1.3811710677382318,1203.0,871
430781,2010,2.73593570608496,2383.0,871
430781,2011,2.6923076923076925,2345.0,871
430781,2012,2.087256027554535,1818.0,871
430781,2013,3.3444316877152698,2913.0,871
430781,2014,3.8312284730195176,3337.0,871
430781,2015,4.106773823191734,3577.0,871
430781,2016,3.9081515499425947,3404.0,871
430781,2017,5.540757749712974,4826.0,871
430781,2018,6.645235361653272,5788.0,871
430781,2019,7.30195177956372,6360.0,871
430781,2020,7.977037887485649,6948.0,871
430802,2000,1.2890625,3465.0,2688
430802,2001,1.4389880952380953,3868.0,2688
430802,2002,1.7898065476190477,4811.0,2688
430802,2003,1.9263392857142858,5178.0,2688
430802,2004,2.1171875,5691.0,2688
430802,2005,1.8117559523809523,4870.0,2688
430802,2006,2.28125,6132.0,2688
430802,2007,2.1722470238095237,5839.0,2688
430802,2008,2.5107886904761907,6749.0,2688
430802,2009,2.3511904761904763,6320.0,2688
430802,2010,2.7414434523809526,7369.0,2688
430802,2011,2.6078869047619047,7010.0,2688
430802,2012,2.3783482142857144,6393.0,2688
430802,2013,2.9888392857142856,8034.0,2688
430802,2014,2.1324404761904763,5732.0,2688
430802,2015,2.3645833333333335,6356.0,2688
430802,2016,2.8720238095238093,7720.0,2688
430802,2017,3.7819940476190474,10166.0,2688
430802,2018,4.657366071428571,12519.0,2688
430802,2019,6.509300595238095,17497.0,2688
430802,2020,6.305803571428571,16950.0,2688
430811,2000,1.443159922928709,749.0,519
430811,2001,1.275529865125241,662.0,519
430811,2002,1.6454720616570329,854.0,519
430811,2003,2.040462427745665,1059.0,519
430811,2004,2.5934489402697496,1346.0,519
430811,2005,2.2254335260115607,1155.0,519
430811,2006,2.6088631984585744,1354.0,519
430811,2007,2.605009633911368,1352.0,519
430811,2008,2.8497109826589595,1479.0,519
430811,2009,2.0,1038.0,519
430811,2010,2.5279383429672446,1312.0,519
430811,2011,2.483622350674374,1289.0,519
430811,2012,2.1522157996146434,1117.0,519
430811,2013,2.2023121387283235,1143.0,519
430811,2014,0.44315992292870904,230.0,519
430811,2015,0.5221579961464354,271.0,519
430811,2016,0.838150289017341,435.0,519
430811,2017,3.30635838150289,1716.0,519
430811,2018,2.510597302504817,1303.0,519
430811,2019,4.046242774566474,2100.0,519
430811,2020,3.023121387283237,1569.0,519
430821,2000,0.24340602284527518,1172.0,4815
430821,2001,0.17217030114226375,829.0,4815
430821,2002,0.2573208722741433,1239.0,4815
430821,2003,0.7300103842159917,3515.0,4815
430821,2004,1.088681204569055,5242.0,4815
430821,2005,0.6483904465212876,3122.0,4815
430821,2006,0.48099688473520247,2316.0,4815
430821,2007,0.5946002076843199,2863.0,4815
430821,2008,0.5389408099688473,2595.0,4815
430821,2009,0.31962616822429907,1539.0,4815
430821,2010,0.5160955347871236,2485.0,4815
430821,2011,0.46022845275181723,2216.0,4815
430821,2012,0.3335410176531672,1606.0,4815
430821,2013,0.5368639667705088,2585.0,4815
430821,2014,0.2834890965732087,1365.0,4815
430821,2015,0.24361370716510902,1173.0,4815
430821,2016,0.38400830737279334,1849.0,4815
430821,2017,0.7445482866043613,3585.0,4815
430821,2018,0.836552440290758,4028.0,4815
430821,2019,0.9430944963655244,4541.0,4815
430821,2020,1.095534787123572,5275.0,4815
430822,2000,0.24333403317237035,1159.0,4763
430822,2001,0.19483518790678145,928.0,4763
430822,2002,0.1452865840856603,692.0,4763
430822,2003,0.21058156623976484,1003.0,4763
430822,2004,0.2084820491287004,993.0,4763
430822,2005,0.2126810833508293,1013.0,4763
430822,2006,0.2708377073273147,1290.0,4763
430822,2007,0.22527818601721605,1073.0,4763
430822,2008,0.28532437539365946,1359.0,4763
430822,2009,0.18391769892924628,876.0,4763
430822,2010,0.23325635103926096,1111.0,4763
430822,2011,0.3092588704597942,1473.0,4763
430822,2012,0.2930925887045979,1396.0,4763
430822,2013,0.37035481839176987,1764.0,4763
430822,2014,0.2580306529498215,1229.0,4763
430822,2015,0.3399118202813353,1619.0,4763
430822,2016,0.2477430191056057,1180.0,4763
430822,2017,0.47764014276716354,2275.0,4763
430822,2018,0.5294982154104556,2522.0,4763
430822,2019,0.48834768003359225,2326.0,4763
430822,2020,0.583875708587025,2781.0,4763
430902,2000,2.4889807162534434,1807.0,726
430902,2001,2.5261707988980717,1834.0,726
430902,2002,3.263085399449036,2369.0,726
430902,2003,4.1143250688705235,2987.0,726
430902,2004,3.71900826446281,2700.0,726
430902,2005,5.049586776859504,3666.0,726
430902,2006,4.980716253443526,3616.0,726
430902,2007,5.895316804407713,4280.0,726
430902,2008,4.877410468319559,3541.0,726
430902,2009,3.5964187327823693,2611.0,726
430902,2010,4.429752066115703,3216.0,726
430902,2011,4.7782369146005506,3469.0,726
430902,2012,4.476584022038567,3250.0,726
430902,2013,5.5550964187327825,4033.0,726
430902,2014,2.512396694214876,1824.0,726
430902,2015,2.352617079889807,1708.0,726
430902,2016,3.0757575757575757,2233.0,726
430902,2017,5.533057851239669,4017.0,726
430902,2018,5.298898071625344,3847.0,726
430902,2019,5.692837465564739,4133.0,726
430902,2020,6.677685950413223,4848.0,726
430903,2000,2.478409090909091,4362.0,1760
430903,2001,2.930681818181818,5158.0,1760
430903,2002,4.3352272727272725,7630.0,1760
430903,2003,4.38125,7711.0,1760
430903,2004,5.2778409090909095,9289.0,1760
430903,2005,5.638636363636364,9924.0,1760
430903,2006,4.7846590909090905,8421.0,1760
430903,2007,6.183522727272727,10883.0,1760
430903,2008,5.107386363636364,8989.0,1760
430903,2009,4.4,7744.0,1760
430903,2010,5.810227272727273,10226.0,1760
430903,2011,6.677272727272728,11752.0,1760
430903,2012,6.163636363636364,10848.0,1760
430903,2013,6.767045454545454,11910.0,1760
430903,2014,4.709090909090909,8288.0,1760
430903,2015,4.596590909090909,8090.0,1760
430903,2016,5.968181818181818,10504.0,1760
430903,2017,9.330681818181818,16422.0,1760
430903,2018,10.306818181818182,18140.0,1760
430903,2019,11.431818181818182,20120.0,1760
430903,2020,12.815909090909091,22556.0,1760
430921,2000,0.6048298572996706,1102.0,1822
430921,2001,0.5669593852908892,1033.0,1822
430921,2002,1.221185510428101,2225.0,1822
430921,2003,0.7469813391877058,1361.0,1822
430921,2004,1.376509330406147,2508.0,1822
430921,2005,1.5142700329308452,2759.0,1822
430921,2006,1.3073545554335895,2382.0,1822
430921,2007,1.9829857299670692,3613.0,1822
430921,2008,1.3062568605927551,2380.0,1822
430921,2009,0.9467618002195389,1725.0,1822
430921,2010,1.6306256860592756,2971.0,1822
430921,2011,1.4972557628979144,2728.0,1822
430921,2012,0.9105378704720087,1659.0,1822
430921,2013,1.5905598243688255,2898.0,1822
430921,2014,0.482436882546652,879.0,1822
430921,2015,0.5603732162458837,1021.0,1822
430921,2016,0.9281009879253568,1691.0,1822
430921,2017,3.0345773874862787,5529.0,1822
430921,2018,2.9198682766190998,5320.0,1822
430921,2019,3.111964873765093,5670.0,1822
430921,2020,3.826564215148189,6972.0,1822
430922,2000,0.5567375886524822,1570.0,2820
430922,2001,0.6936170212765957,1956.0,2820
430922,2002,1.0290780141843971,2902.0,2820
430922,2003,0.9404255319148936,2652.0,2820
430922,2004,1.148581560283688,3239.0,2820
430922,2005,1.7372340425531916,4899.0,2820
430922,2006,1.225531914893617,3456.0,2820
430922,2007,1.774822695035461,5005.0,2820
430922,2008,1.124113475177305,3170.0,2820
430922,2009,0.8953900709219859,2525.0,2820
430922,2010,1.6978723404255318,4788.0,2820
430922,2011,1.478014184397163,4168.0,2820
430922,2012,1.0865248226950355,3064.0,2820
430922,2013,1.6450354609929079,4639.0,2820
430922,2014,0.8042553191489362,2268.0,2820
430922,2015,0.973758865248227,2746.0,2820
430922,2016,0.9368794326241134,2642.0,2820
430922,2017,2.3606382978723404,6657.0,2820
430922,2018,2.35177304964539,6632.0,2820
430922,2019,2.4429078014184396,6889.0,2820
430922,2020,2.931560283687943,8267.0,2820
430923,2000,0.12396440625958884,808.0,6518
430923,2001,0.0895980362074256,584.0,6518
430923,2002,0.1755139613378337,1144.0,6518
430923,2003,0.16523473458115986,1077.0,6518
430923,2004,0.20696532678735807,1349.0,6518
430923,2005,0.3468855477140227,2261.0,6518
430923,2006,0.2879717704817429,1877.0,6518
430923,2007,0.458729671678429,2990.0,6518
430923,2008,0.2916538815587604,1901.0,6518
430923,2009,0.13853942927278307,903.0,6518
430923,2010,0.3125191776618595,2037.0,6518
430923,2011,0.4232893525621356,2759.0,6518
430923,2012,0.3826327094200675,2494.0,6518
430923,2013,0.4519791347038969,2946.0,6518
430923,2014,0.23227984044185332,1514.0,6518
430923,2015,0.24624117827554465,1605.0,6518
430923,2016,0.31926971463639153,2081.0,6518
430923,2017,0.6879410862227677,4484.0,6518
430923,2018,0.729671678428966,4756.0,6518
430923,2019,0.8764958576250383,5713.0,6518
430923,2020,0.930960417305922,6068.0,6518
430981,2000,0.437871777924653,1325.0,3026
430981,2001,0.39821546596166557,1205.0,3026
430981,2002,0.940846001321877,2847.0,3026
430981,2003,0.7422339722405816,2246.0,3026
430981,2004,1.192333113020489,3608.0,3026
430981,2005,1.419035029742234,4294.0,3026
430981,2006,1.2865168539325842,3893.0,3026
430981,2007,1.6566424322538005,5013.0,3026
430981,2008,1.1629213483146068,3519.0,3026
430981,2009,0.7395902181097158,2238.0,3026
430981,2010,1.211169861202908,3665.0,3026
430981,2011,1.2894910773298083,3902.0,3026
430981,2012,0.778916060806345,2357.0,3026
430981,2013,1.218109715796431,3686.0,3026
430981,2014,0.4061467283542631,1229.0,3026
430981,2015,0.4196959682749504,1270.0,3026
430981,2016,0.5733641771315268,1735.0,3026
430981,2017,1.3711169861202908,4149.0,3026
430981,2018,1.4441506939854594,4370.0,3026
430981,2019,1.562128222075347,4727.0,3026
430981,2020,1.8664904163912757,5648.0,3026
431002,2000,3.6714922048997773,3297.0,898
431002,2001,4.451002227171492,3997.0,898
431002,2002,4.488864142538976,4031.0,898
431002,2003,5.375278396436526,4827.0,898
431002,2004,6.2383073496659245,5602.0,898
431002,2005,5.33184855233853,4788.0,898
431002,2006,5.1703786191536745,4643.0,898
431002,2007,6.219376391982182,5585.0,898
431002,2008,6.249443207126949,5612.0,898
431002,2009,5.013363028953229,4502.0,898
431002,2010,6.9309576837416484,6224.0,898
431002,2011,7.150334075723831,6421.0,898
431002,2012,7.396436525612472,6642.0,898
431002,2013,9.896436525612472,8887.0,898
431002,2014,10.474387527839644,9406.0,898
431002,2015,10.394209354120267,9334.0,898
431002,2016,8.910913140311804,8002.0,898
431002,2017,10.07238307349666,9045.0,898
431002,2018,10.603563474387528,9522.0,898
431002,2019,10.577951002227172,9499.0,898
431002,2020,10.200445434298441,9160.0,898
431003,2000,3.0744240992321323,5205.0,1693
431003,2001,3.7324276432368575,6319.0,1693
431003,2002,3.6993502658003545,6263.0,1693
431003,2003,4.122858830478441,6980.0,1693
431003,2004,4.908446544595392,8310.0,1693
431003,2005,4.287655050206734,7259.0,1693
431003,2006,3.9846426461901947,6746.0,1693
431003,2007,5.080921441228588,8602.0,1693
431003,2008,5.169521559362079,8752.0,1693
431003,2009,3.052569403425871,5168.0,1693
431003,2010,4.5121086828115775,7639.0,1693
431003,2011,6.020082693443591,10192.0,1693
431003,2012,6.431187241582989,10888.0,1693
431003,2013,8.204961606615475,13891.0,1693
431003,2014,7.606615475487301,12878.0,1693
431003,2015,7.735380980507974,13096.0,1693
431003,2016,6.238629651506202,10562.0,1693
431003,2017,8.649143532191376,14643.0,1693
431003,2018,8.318369757826344,14083.0,1693
431003,2019,7.870643827525103,13325.0,1693
431003,2020,8.183697578263438,13855.0,1693
431021,2000,0.9562955254942768,3676.0,3844
431021,2001,1.1253902185223725,4326.0,3844
431021,2002,0.9495317377731529,3650.0,3844
431021,2003,1.4854318418314256,5710.0,3844
431021,2004,1.9162330905306972,7366.0,3844
431021,2005,1.596774193548387,6138.0,3844
431021,2006,1.2174817898022894,4680.0,3844
431021,2007,1.7968262226847034,6907.0,3844
431021,2008,1.8371488033298646,7062.0,3844
431021,2009,0.7005723204994797,2693.0,3844
431021,2010,1.5499479708636836,5958.0,3844
431021,2011,1.4331425598335068,5509.0,3844
431021,2012,1.3132154006243497,5048.0,3844
431021,2013,2.497398543184183,9600.0,3844
431021,2014,1.596774193548387,6138.0,3844
431021,2015,1.3556191467221643,5211.0,3844
431021,2016,1.315296566077003,5056.0,3844
431021,2017,1.9003642039542143,7305.0,3844
431021,2018,1.6004162330905307,6152.0,3844
431021,2019,1.7424557752341312,6698.0,3844
431021,2020,1.8988033298647242,7299.0,3844
431022,2000,1.6718804310045186,4810.0,2877
431022,2001,1.8373305526590198,5286.0,2877
431022,2002,1.9092805005213764,5493.0,2877
431022,2003,2.2148070907194994,6372.0,2877
431022,2004,2.827250608272506,8134.0,2877
431022,2005,1.8202989224887036,5237.0,2877
431022,2006,1.6228710462287104,4669.0,2877
431022,2007,2.9190128606187002,8398.0,2877
431022,2008,3.4980882864094545,10064.0,2877
431022,2009,1.1282586027111574,3246.0,2877
431022,2010,2.0830726451164407,5993.0,2877
431022,2011,2.4991310392770245,7190.0,2877
431022,2012,2.4991310392770245,7190.0,2877
431022,2013,4.737921445950643,13631.0,2877
431022,2014,2.6124435175530065,7516.0,2877
431022,2015,1.8522766770941954,5329.0,2877
431022,2016,1.575251998609663,4532.0,2877
431022,2017,3.102537365311088,8926.0,2877
431022,2018,2.3566214807090717,6780.0,2877
431022,2019,2.2940563086548487,6600.0,2877
431022,2020,2.481056656239138,7138.0,2877
431023,2000,1.475239923224568,3843.0,2605
431023,2001,1.6299424184261035,4246.0,2605
431023,2002,1.727447216890595,4500.0,2605
431023,2003,1.9339731285988484,5038.0,2605
431023,2004,2.5692898272552784,6693.0,2605
431023,2005,1.9343570057581574,5039.0,2605
431023,2006,1.5942418426103646,4153.0,2605
431023,2007,2.5332053742802305,6599.0,2605
431023,2008,2.526679462571977,6582.0,2605
431023,2009,0.7140115163147792,1860.0,2605
431023,2010,1.38426103646833,3606.0,2605
431023,2011,1.6049904030710174,4181.0,2605
431023,2012,1.3880998080614204,3616.0,2605
431023,2013,2.4813819577735123,6464.0,2605
431023,2014,1.1424184261036467,2976.0,2605
431023,2015,0.9654510556621881,2515.0,2605
431023,2016,1.0268714011516316,2675.0,2605
431023,2017,1.7163147792706335,4471.0,2605
431023,2018,1.7719769673704415,4616.0,2605
431023,2019,1.9312859884836853,5031.0,2605
431023,2020,1.8871401151631477,4916.0,2605
431024,2000,1.9687137891077635,1699.0,863
431024,2001,2.0579374275782154,1776.0,863
431024,2002,1.7867902665121669,1542.0,863
431024,2003,2.6164542294322133,2258.0,863
431024,2004,4.018539976825029,3468.0,863
431024,2005,3.309385863267671,2856.0,863
431024,2006,2.3221320973348782,2004.0,863
431024,2007,4.21784472769409,3640.0,863
431024,2008,4.971031286210892,4290.0,863
431024,2009,2.6767091541135573,2310.0,863
431024,2010,5.119351100811124,4418.0,863
431024,2011,5.665121668597914,4889.0,863
431024,2012,4.886442641946697,4217.0,863
431024,2013,8.192352259559675,7070.0,863
431024,2014,3.7601390498261877,3245.0,863
431024,2015,4.024333719582851,3473.0,863
431024,2016,2.7589803012746232,2381.0,863
431024,2017,4.8945538818076475,4224.0,863
431024,2018,5.203939745075319,4491.0,863
431024,2019,5.915411355735805,5105.0,863
431024,2020,6.599073001158748,5695.0,863
431025,2000,1.4463427656166579,2709.0,1873
431025,2001,1.4730379071009077,2759.0,1873
431025,2002,1.5664709022957821,2934.0,1873
431025,2003,1.796049119060331,3364.0,1873
431025,2004,2.832888414308596,5306.0,1873
431025,2005,2.7111585691404163,5078.0,1873
431025,2006,1.9610250934329951,3673.0,1873
431025,2007,3.05979711692472,5731.0,1873
431025,2008,2.8761345435130807,5387.0,1873
431025,2009,0.8382274426054458,1570.0,1873
431025,2010,2.539775760811532,4757.0,1873
431025,2011,2.606513614522157,4882.0,1873
431025,2012,2.2557394554191137,4225.0,1873
431025,2013,3.793379604911906,7105.0,1873
431025,2014,1.0747463961558996,2013.0,1873
431025,2015,0.7068873465029365,1324.0,1873
431025,2016,0.5739455419113721,1075.0,1873
431025,2017,1.6849973304858517,3156.0,1873
431025,2018,2.401494927923118,4498.0,1873
431025,2019,2.4442071542979176,4578.0,1873
431025,2020,2.2893753336892684,4288.0,1873
431026,2000,0.2940044886181468,917.0,3119
431026,2001,0.3786470022443091,1181.0,3119
431026,2002,0.45559474190445653,1421.0,3119
431026,2003,0.5392754087848669,1682.0,3119
431026,2004,0.7714010900929785,2406.0,3119
431026,2005,0.7864700224430907,2453.0,3119
431026,2006,0.6098108368066688,1902.0,3119
431026,2007,0.9025328630971465,2815.0,3119
431026,2008,0.7124078230201988,2222.0,3119
431026,2009,0.5543443411349792,1729.0,3119
431026,2010,1.5998717537672331,4990.0,3119
431026,2011,1.7162552100032062,5353.0,3119
431026,2012,1.528053863417762,4766.0,3119
431026,2013,2.647643475472908,8258.0,3119
431026,2014,0.44886181468419367,1400.0,3119
431026,2015,0.3661429945495351,1142.0,3119
431026,2016,0.293042641872395,914.0,3119
431026,2017,0.8669445335043283,2704.0,3119
431026,2018,0.8557229881372235,2669.0,3119
431026,2019,0.8021801859570376,2502.0,3119
431026,2020,0.901891631933312,2813.0,3119
431027,2000,0.1895424836601307,377.0,1989
431027,2001,0.1845148315736551,367.0,1989
431027,2002,0.40874811463046756,813.0,1989
431027,2003,0.3152337858220211,627.0,1989
431027,2004,0.3006535947712418,598.0,1989
431027,2005,0.36048265460030166,717.0,1989
431027,2006,0.35545500251382606,707.0,1989
431027,2007,0.5595776772247361,1113.0,1989
431027,2008,0.44746103569632983,890.0,1989
431027,2009,0.2383107088989442,474.0,1989
431027,2010,0.7481146304675717,1488.0,1989
431027,2011,0.9356460532931121,1861.0,1989
431027,2012,0.7234791352438411,1439.0,1989
431027,2013,1.4293614881850176,2843.0,1989
431027,2014,0.3866264454499749,769.0,1989
431027,2015,0.42584213172448465,847.0,1989
431027,2016,0.30618401206636503,609.0,1989
431027,2017,0.6380090497737556,1269.0,1989
431027,2018,0.5113122171945701,1017.0,1989
431027,2019,0.42483660130718953,845.0,1989
431027,2020,0.477124183006536,949.0,1989
431028,2000,0.3163216177178623,657.0,2077
431028,2001,0.45402022147327875,943.0,2077
431028,2002,0.42416947520462206,881.0,2077
431028,2003,0.6629754453538758,1377.0,2077
431028,2004,0.9648531535869042,2004.0,2077
431028,2005,0.693307655272027,1440.0,2077
431028,2006,0.5666827154549832,1177.0,2077
431028,2007,0.7356764564275398,1528.0,2077
431028,2008,0.6499759268175253,1350.0,2077
431028,2009,0.248435243139143,516.0,2077
431028,2010,0.8083774675012037,1679.0,2077
431028,2011,1.1141068849301878,2314.0,2077
431028,2012,1.1757342320654791,2442.0,2077
431028,2013,2.2532498796340876,4680.0,2077
431028,2014,1.0948483389504093,2274.0,2077
431028,2015,0.9865190178141551,2049.0,2077
431028,2016,0.6441983630235917,1338.0,2077
431028,2017,1.0442946557534907,2169.0,2077
431028,2018,0.9306692344727973,1933.0,2077
431028,2019,1.242176215695715,2580.0,2077
431028,2020,1.5021665864227252,3120.0,2077
431081,2000,0.6802016985138004,2563.0,3768
431081,2001,0.8999469214437368,3391.0,3768
431081,2002,0.8556263269639066,3224.0,3768
431081,2003,0.9697452229299363,3654.0,3768
431081,2004,1.2067409766454353,4547.0,3768
431081,2005,0.981687898089172,3699.0,3768
431081,2006,0.8699575371549894,3278.0,3768
431081,2007,1.0180467091295118,3836.0,3768
431081,2008,0.8938428874734607,3368.0,3768
431081,2009,0.5437898089171974,2049.0,3768
431081,2010,1.0862526539278132,4093.0,3768
431081,2011,1.150212314225053,4334.0,3768
431081,2012,1.618099787685775,6097.0,3768
431081,2013,2.0849256900212314,7856.0,3768
431081,2014,1.513004246284501,5701.0,3768
431081,2015,1.0398089171974523,3918.0,3768
431081,2016,0.9084394904458599,3423.0,3768
431081,2017,1.454352441613588,5480.0,3768
431081,2018,1.4965498938428874,5639.0,3768
431081,2019,1.8136942675159236,6834.0,3768
431081,2020,1.4891188959660298,5611.0,3768
431102,2000,0.7270103092783505,1763.0,2425
431102,2001,1.2094845360824742,2933.0,2425
431102,2002,0.8449484536082474,2049.0,2425
431102,2003,1.1076288659793814,2686.0,2425
431102,2004,1.9711340206185568,4780.0,2425
431102,2005,1.8115463917525774,4393.0,2425
431102,2006,1.2639175257731958,3065.0,2425
431102,2007,1.9480412371134022,4724.0,2425
431102,2008,2.211958762886598,5364.0,2425
431102,2009,1.2552577319587628,3044.0,2425
431102,2010,1.7950515463917527,4353.0,2425
431102,2011,1.8210309278350516,4416.0,2425
431102,2012,1.7987628865979381,4362.0,2425
431102,2013,1.8490721649484536,4484.0,2425
431102,2014,1.581443298969072,3835.0,2425
431102,2015,1.3731958762886598,3330.0,2425
431102,2016,1.4614432989690722,3544.0,2425
431102,2017,3.048659793814433,7393.0,2425
431102,2018,3.611546391752577,8758.0,2425
431102,2019,4.077938144329897,9889.0,2425
431102,2020,4.451134020618556,10794.0,2425
431103,2000,2.401595744680851,3612.0,1504
431103,2001,2.8856382978723403,4340.0,1504
431103,2002,2.9481382978723403,4434.0,1504
431103,2003,3.501994680851064,5267.0,1504
431103,2004,4.816489361702128,7244.0,1504
431103,2005,4.784574468085107,7196.0,1504
431103,2006,4.628989361702128,6962.0,1504
431103,2007,6.236702127659575,9380.0,1504
431103,2008,5.9501329787234045,8949.0,1504
431103,2009,4.589095744680851,6902.0,1504
431103,2010,4.850398936170213,7295.0,1504
431103,2011,5.252659574468085,7900.0,1504
431103,2012,4.946808510638298,7440.0,1504
431103,2013,6.547872340425532,9848.0,1504
431103,2014,4.415558510638298,6641.0,1504
431103,2015,4.3962765957446805,6612.0,1504
431103,2016,5.2087765957446805,7834.0,1504
431103,2017,7.800531914893617,11732.0,1504
431103,2018,8.336436170212766,12538.0,1504
431103,2019,10.638297872340425,16000.0,1504
431103,2020,12.069813829787234,18153.0,1504
431121,2000,0.5274599542334096,1844.0,3496
431121,2001,0.8918764302059496,3118.0,3496
431121,2002,0.8054919908466819,2816.0,3496
431121,2003,0.745137299771167,2605.0,3496
431121,2004,1.1066933638443937,3869.0,3496
431121,2005,0.8572654462242563,2997.0,3496
431121,2006,1.037471395881007,3627.0,3496
431121,2007,1.4024599542334095,4903.0,3496
431121,2008,1.504862700228833,5261.0,3496
431121,2009,0.875,3059.0,3496
431121,2010,1.1799199084668193,4125.0,3496
431121,2011,1.4774027459954233,5165.0,3496
431121,2012,1.297482837528604,4536.0,3496
431121,2013,1.5105835240274599,5281.0,3496
431121,2014,0.6501716247139588,2273.0,3496
431121,2015,0.5755148741418764,2012.0,3496
431121,2016,0.7479977116704806,2615.0,3496
431121,2017,1.3544050343249427,4735.0,3496
431121,2018,1.972254004576659,6895.0,3496
431121,2019,2.34324942791762,8192.0,3496
431121,2020,2.7946224256292904,9770.0,3496
431122,2000,0.36090705844778026,1130.0,3131
431122,2001,0.5554136058767167,1739.0,3131
431122,2002,0.434366017246886,1360.0,3131
431122,2003,0.6125838390290642,1918.0,3131
431122,2004,0.9441073139572022,2956.0,3131
431122,2005,1.0680293835835197,3344.0,3131
431122,2006,0.8099648674544874,2536.0,3131
431122,2007,1.217183008623443,3811.0,3131
431122,2008,1.2593420632385819,3943.0,3131
431122,2009,1.2200574896199297,3820.0,3131
431122,2010,1.3625039923347173,4266.0,3131
431122,2011,1.1954647077610987,3743.0,3131
431122,2012,1.092941552219738,3422.0,3131
431122,2013,1.3858192270839986,4339.0,3131
431122,2014,0.3634621526668796,1138.0,3131
431122,2015,0.27499201533056533,861.0,3131
431122,2016,0.37080804854679017,1161.0,3131
431122,2017,1.041520281060364,3261.0,3131
431122,2018,1.6633663366336633,5208.0,3131
431122,2019,1.60938997125519,5039.0,3131
431122,2020,2.4260619610348133,7596.0,3131
431123,2000,0.25668449197860965,576.0,2244
431123,2001,0.2540106951871658,570.0,2244
431123,2002,0.22950089126559714,515.0,2244
431123,2003,0.3841354723707665,862.0,2244
431123,2004,0.4750445632798574,1066.0,2244
431123,2005,0.3805704099821747,854.0,2244
431123,2006,0.4857397504456328,1090.0,2244
431123,2007,0.7584670231729055,1702.0,2244
431123,2008,0.5057932263814616,1135.0,2244
431123,2009,0.4050802139037433,909.0,2244
431123,2010,0.7566844919786097,1698.0,2244
431123,2011,0.7776292335115864,1745.0,2244
431123,2012,0.7718360071301248,1732.0,2244
431123,2013,0.5285204991087344,1186.0,2244
431123,2014,0.18850267379679145,423.0,2244
431123,2015,0.17067736185383245,383.0,2244
431123,2016,0.22058823529411764,495.0,2244
431123,2017,0.4246880570409982,953.0,2244
431123,2018,0.6105169340463458,1370.0,2244
431123,2019,0.6506238859180036,1460.0,2244
431123,2020,0.7696078431372549,1727.0,2244
431124,2000,0.6375280179314762,1991.0,3123
431124,2001,0.6163944924751841,1925.0,3123
431124,2002,0.5626000640409863,1757.0,3123
431124,2003,0.6157540826128722,1923.0,3123
431124,2004,0.8655139289145053,2703.0,3123
431124,2005,0.840537944284342,2625.0,3123
431124,2006,0.8498238872878643,2654.0,3123
431124,2007,1.0579570925392252,3304.0,3123
431124,2008,1.2049311559398015,3763.0,3123
431124,2009,0.9599743836055076,2998.0,3123
431124,2010,1.2577649695805315,3928.0,3123
431124,2011,1.0832532821005443,3383.0,3123
431124,2012,1.0979827089337175,3429.0,3123
431124,2013,1.4799871918027538,4622.0,3123
431124,2014,0.787383925712456,2459.0,3123
431124,2015,0.9510086455331412,2970.0,3123
431124,2016,0.835414665385847,2609.0,3123
431124,2017,1.6484149855907781,5148.0,3123
431124,2018,1.6890810118475825,5275.0,3123
431124,2019,1.745116874799872,5450.0,3123
431124,2020,2.065321805955812,6450.0,3123
431125,2000,0.22603978300180833,500.0,2212
431125,2001,0.2549728752260398,564.0,2212
431125,2002,0.20614828209764918,456.0,2212
431125,2003,0.29566003616636527,654.0,2212
431125,2004,0.3987341772151899,882.0,2212
431125,2005,0.2911392405063291,644.0,2212
431125,2006,0.2974683544303797,658.0,2212
431125,2007,0.5076853526220615,1123.0,2212
431125,2008,0.4588607594936709,1015.0,2212
431125,2009,0.3679927667269439,814.0,2212
431125,2010,0.48282097649186256,1068.0,2212
431125,2011,0.49321880650994576,1091.0,2212
431125,2012,0.466998191681736,1033.0,2212
431125,2013,0.9321880650994575,2062.0,2212
431125,2014,0.5320976491862568,1177.0,2212
431125,2015,0.18670886075949367,413.0,2212
431125,2016,0.2825497287522604,625.0,2212
431125,2017,0.5081374321880651,1124.0,2212
431125,2018,0.581374321880651,1286.0,2212
431125,2019,0.7364376130198915,1629.0,2212
431125,2020,1.048372513562387,2319.0,2212
431126,2000,0.2504672897196262,804.0,3210
431126,2001,0.29439252336448596,945.0,3210
431126,2002,0.28161993769470406,904.0,3210
431126,2003,0.3735202492211838,1199.0,3210
431126,2004,0.8744548286604361,2807.0,3210
431126,2005,0.7716510903426791,2477.0,3210
431126,2006,0.5806853582554518,1864.0,3210
431126,2007,0.8214953271028037,2637.0,3210
431126,2008,1.209968847352025,3884.0,3210
431126,2009,0.9685358255451714,3109.0,3210
431126,2010,1.4467289719626168,4644.0,3210
431126,2011,2.100311526479751,6742.0,3210
431126,2012,1.8299065420560747,5874.0,3210
431126,2013,2.1062305295950154,6761.0,3210
431126,2014,1.360747663551402,4368.0,3210
431126,2015,1.293146417445483,4151.0,3210
431126,2016,1.3750778816199376,4414.0,3210
431126,2017,2.5809968847352023,8285.0,3210
431126,2018,2.745171339563863,8812.0,3210
431126,2019,3.776635514018692,12123.0,3210
431126,2020,3.364485981308411,10800.0,3210
431127,2000,0.4601479046836483,1120.0,2434
431127,2001,0.4326211996713229,1053.0,2434
431127,2002,0.4457682826622843,1085.0,2434
431127,2003,0.4950698438783895,1205.0,2434
431127,2004,1.0012325390304027,2437.0,2434
431127,2005,0.8516844700082169,2073.0,2434
431127,2006,0.6984387838948234,1700.0,2434
431127,2007,0.9646672144617913,2348.0,2434
431127,2008,1.3968775677896468,3400.0,2434
431127,2009,1.2091207888249795,2943.0,2434
431127,2010,1.9346754313886607,4709.0,2434
431127,2011,1.9531635168447001,4754.0,2434
431127,2012,1.544782251437962,3760.0,2434
431127,2013,2.1166803615447822,5152.0,2434
431127,2014,0.9991783073130649,2432.0,2434
431127,2015,0.7124075595727198,1734.0,2434
431127,2016,0.6368118323746919,1550.0,2434
431127,2017,1.3837304847986853,3368.0,2434
431127,2018,1.5361544782251437,3739.0,2434
431127,2019,1.637633525061627,3986.0,2434
431127,2020,1.919884963023829,4673.0,2434
431128,2000,0.5766323024054982,839.0,1455
431128,2001,0.7044673539518901,1025.0,1455
431128,2002,0.6460481099656358,940.0,1455
431128,2003,0.806872852233677,1174.0,1455
431128,2004,1.3835051546391752,2013.0,1455
431128,2005,1.0398625429553265,1513.0,1455
431128,2006,0.8288659793814434,1206.0,1455
431128,2007,1.368384879725086,1991.0,1455
431128,2008,1.370446735395189,1994.0,1455
431128,2009,0.740893470790378,1078.0,1455
431128,2010,1.2006872852233677,1747.0,1455
431128,2011,1.3223367697594501,1924.0,1455
431128,2012,1.359450171821306,1978.0,1455
431128,2013,2.0673539518900346,3008.0,1455
431128,2014,0.5353951890034364,779.0,1455
431128,2015,0.6529209621993127,950.0,1455
431128,2016,1.0652920962199313,1550.0,1455
431128,2017,2.43573883161512,3544.0,1455
431128,2018,2.4240549828178692,3527.0,1455
431128,2019,1.8721649484536083,2724.0,1455
431128,2020,2.149828178694158,3128.0,1455
431129,2000,0.16674157303370787,742.0,4450
431129,2001,0.16224719101123594,722.0,4450
431129,2002,0.18808988764044943,837.0,4450
431129,2003,0.1896629213483146,844.0,4450
431129,2004,0.33977528089887643,1512.0,4450
431129,2005,0.5002247191011236,2226.0,4450
431129,2006,0.5215730337078651,2321.0,4450
431129,2007,0.5676404494382022,2526.0,4450
431129,2008,0.45730337078651684,2035.0,4450
431129,2009,0.43775280898876406,1948.0,4450
431129,2010,0.5595505617977528,2490.0,4450
431129,2011,0.731685393258427,3256.0,4450
431129,2012,0.8186516853932584,3643.0,4450
431129,2013,1.0692134831460673,4758.0,4450
431129,2014,0.5919101123595506,2634.0,4450
431129,2015,0.6921348314606741,3080.0,4450
431129,2016,0.8110112359550562,3609.0,4450
431129,2017,1.158426966292135,5155.0,4450
431129,2018,1.2262921348314606,5457.0,4450
431129,2019,1.2085393258426966,5378.0,4450
431129,2020,1.2964044943820225,5769.0,4450
431202,2000,5.031209362808843,3869.0,769
431202,2001,6.148244473342003,4728.0,769
431202,2002,7.518855656697009,5782.0,769
431202,2003,8.408322496749024,6466.0,769
431202,2004,8.908972691807543,6851.0,769
431202,2005,8.694408322496749,6686.0,769
431202,2006,8.166449934980495,6280.0,769
431202,2007,8.244473342002602,6340.0,769
431202,2008,8.797139141742523,6765.0,769
431202,2009,9.336801040312094,7180.0,769
431202,2010,10.035110533159948,7717.0,769
431202,2011,11.137841352405722,8565.0,769
431202,2012,10.794538361508453,8301.0,769
431202,2013,13.132639791937581,10099.0,769
431202,2014,10.383615084525358,7985.0,769
431202,2015,10.879063719115734,8366.0,769
431202,2016,11.328998699609883,8712.0,769
431202,2017,15.41222366710013,11852.0,769
431202,2018,16.59557867360208,12762.0,769
431202,2019,16.638491547464238,12795.0,769
431202,2020,16.76853055916775,12895.0,769
431221,2000,0.2734042553191489,514.0,1880
431221,2001,0.3351063829787234,630.0,1880
431221,2002,0.2611702127659574,491.0,1880
431221,2003,0.6319148936170212,1188.0,1880
431221,2004,1.1819148936170212,2222.0,1880
431221,2005,1.5143617021276596,2847.0,1880
431221,2006,1.202659574468085,2261.0,1880
431221,2007,1.7313829787234043,3255.0,1880
431221,2008,1.8117021276595744,3406.0,1880
431221,2009,1.6627659574468086,3126.0,1880
431221,2010,1.8382978723404255,3456.0,1880
431221,2011,2.480851063829787,4664.0,1880
431221,2012,2.0968085106382977,3942.0,1880
431221,2013,2.1175531914893617,3981.0,1880
431221,2014,1.7164893617021277,3227.0,1880
431221,2015,1.6643617021276595,3129.0,1880
431221,2016,2.0531914893617023,3860.0,1880
431221,2017,3.1154255319148936,5857.0,1880
431221,2018,3.228191489361702,6069.0,1880
431221,2019,2.947872340425532,5542.0,1880
431221,2020,3.1446808510638298,5912.0,1880
431222,2000,0.17003475350752992,1321.0,7769
431222,2001,0.10928047367743596,849.0,7769
431222,2002,0.21933324752220362,1704.0,7769
431222,2003,0.2555026386922384,1985.0,7769
431222,2004,0.2682455914532115,2084.0,7769
431222,2005,0.4375080447934097,3399.0,7769
431222,2006,0.5689277899343544,4420.0,7769
431222,2007,0.5740764577165658,4460.0,7769
431222,2008,0.46840005148667785,3639.0,7769
431222,2009,0.22641266572274424,1759.0,7769
431222,2010,0.2615523233363367,2032.0,7769
431222,2011,0.3520401596087013,2735.0,7769
431222,2012,0.3039001158450251,2361.0,7769
431222,2013,0.3221778864718754,2503.0,7769
431222,2014,0.1575492341356674,1224.0,7769
431222,2015,0.14789548204402111,1149.0,7769
431222,2016,0.19680782597502897,1529.0,7769
431222,2017,0.47380615265799975,3681.0,7769
431222,2018,0.45385506500193074,3526.0,7769
431222,2019,0.44664693010683487,3470.0,7769
431222,2020,0.4958167074269533,3852.0,7769
431223,2000,0.7729393468118196,1988.0,2572
431223,2001,0.4556765163297045,1172.0,2572
431223,2002,0.6119751166407466,1574.0,2572
431223,2003,1.1726283048211508,3016.0,2572
431223,2004,1.2632192846034214,3249.0,2572
431223,2005,1.3024883359253498,3350.0,2572
431223,2006,1.244167962674961,3200.0,2572
431223,2007,1.5178849144634525,3904.0,2572
431223,2008,1.4125194401244168,3633.0,2572
431223,2009,1.463452566096423,3764.0,2572
431223,2010,1.7402799377916018,4476.0,2572
431223,2011,1.2103421461897357,3113.0,2572
431223,2012,0.8662519440124417,2228.0,2572
431223,2013,0.859253499222395,2210.0,2572
431223,2014,0.51049766718507,1313.0,2572
431223,2015,0.41329704510108867,1063.0,2572
431223,2016,0.4156298600311042,1069.0,2572
431223,2017,0.8814152410575428,2267.0,2572
431223,2018,0.9836702954898912,2530.0,2572
431223,2019,1.0046656298600312,2584.0,2572
431223,2020,0.9599533437013997,2469.0,2572
431224,2000,0.39526955039420414,1855.0,4693
431224,2001,0.29085872576177285,1365.0,4693
431224,2002,0.29767739186021736,1397.0,4693
431224,2003,0.44321329639889195,2080.0,4693
431224,2004,0.47645429362880887,2236.0,4693
431224,2005,0.455785212017899,2139.0,4693
431224,2006,0.4444917962923503,2086.0,4693
431224,2007,0.7762625186447901,3643.0,4693
431224,2008,0.6460686128276156,3032.0,4693
431224,2009,0.535478372043469,2513.0,4693
431224,2010,0.6886852759428936,3232.0,4693
431224,2011,0.8435968463669294,3959.0,4693
431224,2012,0.628808864265928,2951.0,4693
431224,2013,0.7059450245045813,3313.0,4693
431224,2014,0.5450671212444066,2558.0,4693
431224,2015,0.5636053696995525,2645.0,4693
431224,2016,0.7033880247176646,3301.0,4693
431224,2017,1.2791391434050714,6003.0,4693
431224,2018,1.2054123162156403,5657.0,4693
431224,2019,1.225442147879821,5751.0,4693
431224,2020,1.2900063924994674,6054.0,4693
431225,2000,0.19785714285714287,554.0,2800
431225,2001,0.21928571428571428,614.0,2800
431225,2002,0.25642857142857145,718.0,2800
431225,2003,0.2825,791.0,2800
431225,2004,0.26607142857142857,745.0,2800
431225,2005,0.2621428571428571,734.0,2800
431225,2006,0.2689285714285714,753.0,2800
431225,2007,0.3610714285714286,1011.0,2800
431225,2008,0.3435714285714286,962.0,2800
431225,2009,0.1757142857142857,492.0,2800
431225,2010,0.5075,1421.0,2800
431225,2011,0.4417857142857143,1237.0,2800
431225,2012,0.39107142857142857,1095.0,2800
431225,2013,0.4625,1295.0,2800
431225,2014,0.3092857142857143,866.0,2800
431225,2015,0.32142857142857145,900.0,2800
431225,2016,0.3296428571428571,923.0,2800
431225,2017,0.6842857142857143,1916.0,2800
431225,2018,0.6342857142857142,1776.0,2800
431225,2019,0.5967857142857143,1671.0,2800
431225,2020,0.8617857142857143,2413.0,2800
431226,2000,0.23313192346424974,463.0,1986
431226,2001,0.9425981873111783,1872.0,1986
431226,2002,1.2074521651560925,2398.0,1986
431226,2003,0.6550855991943605,1301.0,1986
431226,2004,0.7346424974823766,1459.0,1986
431226,2005,0.8086606243705942,1606.0,1986
431226,2006,0.6883182275931521,1367.0,1986
431226,2007,0.6676737160120846,1326.0,1986
431226,2008,0.6565961732124874,1304.0,1986
431226,2009,0.5886203423967774,1169.0,1986
431226,2010,0.7150050352467271,1420.0,1986
431226,2011,0.6807653575025177,1352.0,1986
431226,2012,0.5634441087613293,1119.0,1986
431226,2013,0.6948640483383686,1380.0,1986
431226,2014,0.5861027190332326,1164.0,1986
431226,2015,0.9108761329305136,1809.0,1986
431226,2016,0.8318227593152064,1652.0,1986
431226,2017,1.4793554884189326,2938.0,1986
431226,2018,1.5800604229607251,3138.0,1986
431226,2019,1.8277945619335347,3630.0,1986
431226,2020,2.0619335347432024,4095.0,1986
431227,2000,0.31759415401911184,565.0,1779
431227,2001,0.2715008431703204,483.0,1779
431227,2002,0.3777403035413153,672.0,1779
431227,2003,0.4901630129286116,872.0,1779
431227,2004,1.0016863406408094,1782.0,1779
431227,2005,1.033726812816189,1839.0,1779
431227,2006,0.9730185497470489,1731.0,1779
431227,2007,0.7751545812254075,1379.0,1779
431227,2008,0.8246205733558178,1467.0,1779
431227,2009,0.6661045531197302,1185.0,1779
431227,2010,0.6683530073074762,1189.0,1779
431227,2011,1.0174255199550308,1810.0,1779
431227,2012,0.8055087127599775,1433.0,1779
431227,2013,1.0207982012366499,1816.0,1779
431227,2014,0.9792017987633502,1742.0,1779
431227,2015,0.9668353007307476,1720.0,1779
431227,2016,0.9853850477796515,1753.0,1779
431227,2017,1.9297358066329398,3433.0,1779
431227,2018,2.069139966273187,3681.0,1779
431227,2019,2.1455874086565485,3817.0,1779
431227,2020,1.9741427768409219,3512.0,1779
431228,2000,0.4966083541592288,1391.0,2801
431228,2001,0.35987147447340234,1008.0,2801
431228,2002,0.48304177079614424,1353.0,2801
431228,2003,0.7693680828275616,2155.0,2801
431228,2004,1.114958943234559,3123.0,2801
431228,2005,1.203141735094609,3370.0,2801
431228,2006,1.052838272045698,2949.0,2801
431228,2007,0.9343091752945377,2617.0,2801
431228,2008,0.8404141378079257,2354.0,2801
431228,2009,0.8193502320599786,2295.0,2801
431228,2010,0.8696893966440556,2436.0,2801
431228,2011,1.347018921813638,3773.0,2801
431228,2012,1.2134951802927525,3399.0,2801
431228,2013,0.9860764012852553,2762.0,2801
431228,2014,0.7165298107818636,2007.0,2801
431228,2015,0.791146019278829,2216.0,2801
431228,2016,0.8518386290610497,2386.0,2801
431228,2017,1.9282399143163156,5401.0,2801
431228,2018,1.8047126026419136,5055.0,2801
431228,2019,1.7101035344519815,4790.0,2801
431228,2020,1.7168868261335237,4809.0,2801
431229,2000,0.4169623846699787,1175.0,2818
431229,2001,0.40951029098651526,1154.0,2818
431229,2002,0.4347054648687012,1225.0,2818
431229,2003,0.5205819730305181,1467.0,2818
431229,2004,0.4737402413058907,1335.0,2818
431229,2005,0.5947480482611781,1676.0,2818
431229,2006,0.5624556422995032,1585.0,2818
431229,2007,0.7274662881476224,2050.0,2818
431229,2008,0.772888573456352,2178.0,2818
431229,2009,0.7285308729595458,2053.0,2818
431229,2010,1.0390347764371894,2928.0,2818
431229,2011,0.9112845990063875,2568.0,2818
431229,2012,0.6107168204400284,1721.0,2818
431229,2013,0.8665720369056068,2442.0,2818
431229,2014,0.5134847409510291,1447.0,2818
431229,2015,0.5003548616039745,1410.0,2818
431229,2016,0.6199432221433641,1747.0,2818
431229,2017,1.4418026969481903,4063.0,2818
431229,2018,1.1863023420865861,3343.0,2818
431229,2019,0.9244144783534421,2605.0,2818
431229,2020,1.066359119943222,3005.0,2818
431230,2000,0.07230514096185738,218.0,3015
431230,2001,0.06965174129353234,210.0,3015
431230,2002,0.05970149253731343,180.0,3015
431230,2003,0.1230514096185738,371.0,3015
431230,2004,0.2142620232172471,646.0,3015
431230,2005,0.19601990049751244,591.0,3015
431230,2006,0.12703150912106137,383.0,3015
431230,2007,0.22255389718076285,671.0,3015
431230,2008,0.29817578772802655,899.0,3015
431230,2009,0.20265339966832505,611.0,3015
431230,2010,0.7353233830845771,2217.0,3015
431230,2011,0.6799336650082919,2050.0,3015
431230,2012,0.31409618573797676,947.0,3015
431230,2013,0.4,1206.0,3015
431230,2014,0.28524046434494194,860.0,3015
431230,2015,0.29850746268656714,900.0,3015
431230,2016,0.3054726368159204,921.0,3015
431230,2017,0.6208955223880597,1872.0,3015
431230,2018,0.6580431177446103,1984.0,3015
431230,2019,0.6179104477611941,1863.0,3015
431230,2020,0.5698175787728027,1718.0,3015
431281,2000,0.4835939895737504,1577.0,3261
431281,2001,0.4504753143207605,1469.0,3261
431281,2002,0.41704998466728,1360.0,3261
431281,2003,0.6936522539098436,2262.0,3261
431281,2004,1.3247470101195953,4320.0,3261
431281,2005,1.5906163753449862,5187.0,3261
431281,2006,0.9727077583563324,3172.0,3261
431281,2007,1.0821833793314934,3529.0,3261
431281,2008,1.1036491873658387,3599.0,3261
431281,2009,0.7801287948482061,2544.0,3261
431281,2010,1.233670653173873,4023.0,3261
431281,2011,1.3253603189205765,4322.0,3261
431281,2012,1.072983747316774,3499.0,3261
431281,2013,1.2529898804047839,4086.0,3261
431281,2014,0.6789328426862925,2214.0,3261
431281,2015,0.7605029132168046,2480.0,3261
431281,2016,0.8491260349586016,2769.0,3261
431281,2017,1.6062557497700092,5238.0,3261
431281,2018,1.5541245016865992,5068.0,3261
431281,2019,1.3934375958295002,4544.0,3261
431281,2020,1.394357559030972,4547.0,3261
431302,2000,6.567430025445293,5162.0,786
431302,2001,6.8842239185750635,5411.0,786
431302,2002,7.7798982188295165,6115.0,786
431302,2003,11.814249363867685,9286.0,786
431302,2004,13.176844783715012,10357.0,786
431302,2005,12.193384223918574,9584.0,786
431302,2006,11.17557251908397,8784.0,786
431302,2007,11.927480916030534,9375.0,786
431302,2008,11.263358778625955,8853.0,786
431302,2009,10.917302798982188,8581.0,786
431302,2010,11.759541984732824,9243.0,786
431302,2011,12.678117048346056,9965.0,786
431302,2012,13.811704834605598,10856.0,786
431302,2013,18.438931297709924,14493.0,786
431302,2014,15.354961832061068,12069.0,786
431302,2015,15.06615776081425,11842.0,786
431302,2016,13.891857506361323,10919.0,786
431302,2017,16.619592875318066,13063.0,786
431302,2018,17.76972010178117,13967.0,786
431302,2019,20.56997455470738,16168.0,786
431302,2020,21.770992366412212,17112.0,786
431321,2000,1.297273526824978,2950.0,2274
431321,2001,1.175461741424802,2673.0,2274
431321,2002,1.4947229551451187,3399.0,2274
431321,2003,1.4234828496042216,3237.0,2274
431321,2004,1.9832893579595428,4510.0,2274
431321,2005,2.5281442392260334,5749.0,2274
431321,2006,1.894019349164468,4307.0,2274
431321,2007,2.3197009674582234,5275.0,2274
431321,2008,1.9643799472295516,4467.0,2274
431321,2009,1.235268249780123,2809.0,2274
431321,2010,2.088390501319261,4749.0,2274
431321,2011,2.6116974494283203,5939.0,2274
431321,2012,2.3082673702726475,5249.0,2274
431321,2013,3.321020228671944,7552.0,2274
431321,2014,2.0109938434476695,4573.0,2274
431321,2015,1.8825857519788918,4281.0,2274
431321,2016,1.6367634124890063,3722.0,2274
431321,2017,3.0175901495162707,6862.0,2274
431321,2018,2.718557607739666,6182.0,2274
431321,2019,2.7832014072119615,6329.0,2274
431321,2020,3.8139841688654355,8673.0,2274
431322,2000,0.5074807925596442,2510.0,4946
431322,2001,0.29963606955115246,1482.0,4946
431322,2002,0.4009300444803882,1983.0,4946
431322,2003,0.6320258794985847,3126.0,4946
431322,2004,0.7879094217549535,3897.0,4946
431322,2005,0.9071977355438738,4487.0,4946
431322,2006,0.6530529720986656,3230.0,4946
431322,2007,0.9913061059441973,4903.0,4946
431322,2008,0.9043671653861707,4473.0,4946
431322,2009,0.6403154063890012,3167.0,4946
431322,2010,1.0574201374848362,5230.0,4946
431322,2011,1.3754549130610594,6803.0,4946
431322,2012,1.3515972503032754,6685.0,4946
431322,2013,1.687221997573797,8345.0,4946
431322,2014,0.9486453699959563,4692.0,4946
431322,2015,0.9065911847957946,4484.0,4946
431322,2016,0.8712090578245046,4309.0,4946
431322,2017,1.6581075616659928,8201.0,4946
431322,2018,1.765669227658714,8733.0,4946
431322,2019,1.9031540638900122,9413.0,4946
431322,2020,2.227456530529721,11017.0,4946
431381,2000,4.398713826366559,2736.0,622
431381,2001,3.782958199356913,2353.0,622
431381,2002,4.636655948553055,2884.0,622
431381,2003,5.02572347266881,3126.0,622
431381,2004,7.389067524115756,4596.0,622
431381,2005,7.770096463022508,4833.0,622
431381,2006,6.586816720257235,4097.0,622
431381,2007,7.440514469453376,4628.0,622
431381,2008,8.340836012861736,5188.0,622
431381,2009,5.95016077170418,3701.0,622
431381,2010,6.554662379421222,4077.0,622
431381,2011,8.054662379421222,5010.0,622
431381,2012,7.647909967845659,4757.0,622
431381,2013,9.445337620578778,5875.0,622
431381,2014,6.977491961414791,4340.0,622
431381,2015,6.146302250803859,3823.0,622
431381,2016,5.792604501607717,3603.0,622
431381,2017,8.64790996784566,5379.0,622
431381,2018,9.733118971061094,6054.0,622
431381,2019,11.745980707395498,7306.0,622
431381,2020,10.289389067524116,6400.0,622
431382,2000,1.7073359073359073,4422.0,2590
431382,2001,1.3247104247104247,3431.0,2590
431382,2002,1.762934362934363,4566.0,2590
431382,2003,2.2054054054054055,5712.0,2590
431382,2004,2.6073359073359073,6753.0,2590
431382,2005,3.1011583011583013,8032.0,2590
431382,2006,2.1783783783783783,5642.0,2590
431382,2007,3.393822393822394,8790.0,2590
431382,2008,3.3830115830115832,8762.0,2590
431382,2009,2.5305019305019303,6554.0,2590
431382,2010,3.271814671814672,8474.0,2590
431382,2011,4.028957528957529,10435.0,2590
431382,2012,4.011969111969112,10391.0,2590
431382,2013,4.910810810810811,12719.0,2590
431382,2014,1.7277992277992278,4475.0,2590
431382,2015,1.4706563706563707,3809.0,2590
431382,2016,1.1594594594594594,3003.0,2590
431382,2017,2.7745173745173743,7186.0,2590
431382,2018,3.4953667953667953,9053.0,2590
431382,2019,3.605791505791506,9339.0,2590
431382,2020,4.745173745173745,12290.0,2590
433101,2000,2.101246105919003,2698.0,1284
433101,2001,2.0482866043613708,2630.0,1284
433101,2002,2.8216510903426792,3623.0,1284
433101,2003,3.055295950155763,3923.0,1284
433101,2004,4.559968847352025,5855.0,1284
433101,2005,4.605919003115265,5914.0,1284
433101,2006,4.1806853582554515,5368.0,1284
433101,2007,4.517133956386293,5800.0,1284
433101,2008,5.146417445482866,6608.0,1284
433101,2009,3.8154205607476634,4899.0,1284
433101,2010,3.6806853582554515,4726.0,1284
433101,2011,3.899532710280374,5007.0,1284
433101,2012,3.837227414330218,4927.0,1284
433101,2013,5.175233644859813,6645.0,1284
433101,2014,4.826323987538941,6197.0,1284
433101,2015,4.183800623052959,5372.0,1284
433101,2016,4.636292834890965,5953.0,1284
433101,2017,8.183021806853583,10507.0,1284
433101,2018,8.570093457943925,11004.0,1284
433101,2019,9.09968847352025,11684.0,1284
433101,2020,9.527258566978194,12233.0,1284
433122,2000,0.6689497716894978,1465.0,2190
433122,2001,0.5315068493150685,1164.0,2190
433122,2002,0.5744292237442923,1258.0,2190
433122,2003,0.6616438356164384,1449.0,2190
433122,2004,0.9246575342465754,2025.0,2190
433122,2005,1.2497716894977169,2737.0,2190
433122,2006,0.8105022831050228,1775.0,2190
433122,2007,0.6922374429223744,1516.0,2190
433122,2008,0.9219178082191781,2019.0,2190
433122,2009,0.4940639269406393,1082.0,2190
433122,2010,0.5853881278538813,1282.0,2190
433122,2011,0.5438356164383562,1191.0,2190
433122,2012,0.5301369863013699,1161.0,2190
433122,2013,0.4922374429223744,1078.0,2190
433122,2014,0.37625570776255707,824.0,2190
433122,2015,0.4214611872146119,923.0,2190
433122,2016,0.5657534246575342,1239.0,2190
433122,2017,1.0552511415525114,2311.0,2190
433122,2018,0.94337899543379,2066.0,2190
433122,2019,0.9484018264840183,2077.0,2190
433122,2020,0.9593607305936073,2101.0,2190
433123,2000,0.15960207612456748,369.0,2312
433123,2001,0.15008650519031141,347.0,2312
433123,2002,0.3827854671280277,885.0,2312
433123,2003,0.45112456747404844,1043.0,2312
433123,2004,0.5942906574394463,1374.0,2312
433123,2005,0.5942906574394463,1374.0,2312
433123,2006,0.6600346020761245,1526.0,2312
433123,2007,0.5895328719723183,1363.0,2312
433123,2008,0.6133217993079585,1418.0,2312
433123,2009,0.5229238754325259,1209.0,2312
433123,2010,0.7288062283737025,1685.0,2312
433123,2011,0.9221453287197232,2132.0,2312
433123,2012,0.898356401384083,2077.0,2312
433123,2013,0.8875432525951558,2052.0,2312
433123,2014,0.6120242214532872,1415.0,2312
433123,2015,0.7634083044982699,1765.0,2312
433123,2016,0.83780276816609,1937.0,2312
433123,2017,2.0986159169550174,4852.0,2312
433123,2018,2.536332179930796,5864.0,2312
433123,2019,2.457612456747405,5682.0,2312
433123,2020,2.259083044982699,5223.0,2312
433124,2000,0.48495702005730656,677.0,1396
433124,2001,0.49498567335243554,691.0,1396
433124,2002,0.8982808022922636,1254.0,1396
433124,2003,0.9355300859598854,1306.0,1396
433124,2004,1.3244985673352436,1849.0,1396
433124,2005,1.511461318051576,2110.0,1396
433124,2006,1.663323782234957,2322.0,1396
433124,2007,2.1232091690544412,2964.0,1396
433124,2008,2.5501432664756445,3560.0,1396
433124,2009,1.5558739255014327,2172.0,1396
433124,2010,1.4448424068767909,2017.0,1396
433124,2011,1.3101719197707737,1829.0,1396
433124,2012,1.011461318051576,1412.0,1396
433124,2013,0.6826647564469914,953.0,1396
433124,2014,0.9169054441260746,1280.0,1396
433124,2015,0.8653295128939829,1208.0,1396
433124,2016,0.751432664756447,1049.0,1396
433124,2017,2.267191977077364,3165.0,1396
433124,2018,2.227077363896848,3109.0,1396
433124,2019,2.272922636103152,3173.0,1396
433124,2020,1.9648997134670487,2743.0,1396
433125,2000,0.33799126637554583,774.0,2290
433125,2001,0.43056768558951963,986.0,2290
433125,2002,0.8729257641921397,1999.0,2290
433125,2003,0.8406113537117904,1925.0,2290
433125,2004,0.8663755458515284,1984.0,2290
433125,2005,0.9786026200873362,2241.0,2290
433125,2006,1.1222707423580787,2570.0,2290
433125,2007,1.0004366812227075,2291.0,2290
433125,2008,0.977292576419214,2238.0,2290
433125,2009,0.7554585152838428,1730.0,2290
433125,2010,0.9222707423580786,2112.0,2290
433125,2011,0.8017467248908297,1836.0,2290
433125,2012,0.6410480349344978,1468.0,2290
433125,2013,0.6179039301310044,1415.0,2290
433125,2014,0.5017467248908297,1149.0,2290
433125,2015,0.4310043668122271,987.0,2290
433125,2016,0.5912663755458515,1354.0,2290
433125,2017,1.1209606986899563,2567.0,2290
433125,2018,1.3161572052401747,3014.0,2290
433125,2019,1.2925764192139737,2960.0,2290
433125,2020,1.3192139737991266,3021.0,2290
433126,2000,0.14946418499717992,265.0,1773
433126,2001,0.09362662154540327,166.0,1773
433126,2002,0.15905245346869712,282.0,1773
433126,2003,0.24478285391990975,434.0,1773
433126,2004,0.27467569091934574,487.0,1773
433126,2005,0.21996615905245348,390.0,1773
433126,2006,0.1996615905245347,354.0,1773
433126,2007,0.24196277495769883,429.0,1773
433126,2008,0.21601804850535816,383.0,1773
433126,2009,0.12295544275239707,218.0,1773
433126,2010,0.18217710095882686,323.0,1773
433126,2011,0.18274111675126903,324.0,1773
433126,2012,0.19796954314720813,351.0,1773
433126,2013,0.25098702763677383,445.0,1773
433126,2014,0.212633953750705,377.0,1773
433126,2015,0.18556119571347998,329.0,1773
433126,2016,0.18104906937394247,321.0,1773
433126,2017,0.5284827975183305,937.0,1773
433126,2018,0.6012408347433729,1066.0,1773
433126,2019,0.6249294980259448,1108.0,1773
433126,2020,0.6508742244782854,1154.0,1773
433127,2000,0.13614755656969005,716.0,5259
433127,2001,0.13899980984978133,731.0,5259
433127,2002,0.20821448944666288,1095.0,5259
433127,2003,0.20821448944666288,1095.0,5259
433127,2004,0.21563034797490016,1134.0,5259
433127,2005,0.17113519680547631,900.0,5259
433127,2006,0.17588895227229512,925.0,5259
433127,2007,0.1673321924320213,880.0,5259
433127,2008,0.18748811561133294,986.0,5259
433127,2009,0.10686442289408633,562.0,5259
433127,2010,0.3867655447803765,2034.0,5259
433127,2011,0.36775052291310134,1934.0,5259
433127,2012,0.24092032705837613,1267.0,5259
433127,2013,0.2818026240730177,1482.0,5259
433127,2014,0.21125689294542688,1111.0,5259
433127,2015,0.22418710781517398,1179.0,5259
433127,2016,0.2629777524244153,1383.0,5259
433127,2017,0.5504848830576156,2895.0,5259
433127,2018,0.6261646700893706,3293.0,5259
433127,2019,0.7818976991823541,4112.0,5259
433127,2020,0.7086898649933447,3727.0,5259
433130,2000,0.2601195952161914,1131.0,4348
433130,2001,0.2934682612695492,1276.0,4348
433130,2002,0.2996780128794848,1303.0,4348
433130,2003,0.3521159153633855,1531.0,4348
433130,2004,0.34590616375344985,1504.0,4348
433130,2005,0.3626954921803128,1577.0,4348
433130,2006,0.3114075436982521,1354.0,4348
433130,2007,0.3608555657773689,1569.0,4348
433130,2008,0.2985280588776449,1298.0,4348
433130,2009,0.28541858325666974,1241.0,4348
433130,2010,0.29944802207911686,1302.0,4348
433130,2011,0.3925942962281509,1707.0,4348
433130,2012,0.3493560257589696,1519.0,4348
433130,2013,0.546918123275069,2378.0,4348
433130,2014,0.5846366145354186,2542.0,4348
433130,2015,0.6989420423183073,3039.0,4348
433130,2016,0.7019319227230911,3052.0,4348
433130,2017,1.1948022079116836,5195.0,4348
433130,2018,1.1839926402943883,5148.0,4348
433130,2019,1.406163753449862,6114.0,4348
433130,2020,1.3139374425022998,5713.0,4348
500101,2000,1.6686613475177305,7529.0,4512
500101,2001,1.8825354609929077,8494.0,4512
500101,2002,2.253767730496454,10169.0,4512
500101,2003,2.5208333333333335,11374.0,4512
500101,2004,3.1770833333333335,14335.0,4512
500101,2005,3.443927304964539,15539.0,4512
500101,2006,2.650044326241135,11957.0,4512
500101,2007,2.97584219858156,13427.0,4512
500101,2008,2.5718085106382977,11604.0,4512
500101,2009,2.287677304964539,10322.0,4512
500101,2010,2.7852393617021276,12567.0,4512
500101,2011,3.2743794326241136,14774.0,4512
500101,2012,3.624113475177305,16352.0,4512
500101,2013,3.4931294326241136,15761.0,4512
500101,2014,2.8947251773049647,13061.0,4512
500101,2015,2.7442375886524824,12382.0,4512
500101,2016,2.710771276595745,12231.0,4512
500101,2017,3.573359929078014,16123.0,4512
500101,2018,3.714095744680851,16758.0,4512
500101,2019,4.3632535460992905,19687.0,4512
500101,2020,4.598847517730497,20750.0,4512
500102,2000,1.3914438502673796,5204.0,3740
500102,2001,2.0042780748663103,7496.0,3740
500102,2002,2.4200534759358288,9051.0,3740
500102,2003,2.7951871657754013,10454.0,3740
500102,2004,2.7893048128342244,10432.0,3740
500102,2005,2.8671122994652407,10723.0,3740
500102,2006,2.716844919786096,10161.0,3740
500102,2007,3.046524064171123,11394.0,3740
500102,2008,3.1029411764705883,11605.0,3740
500102,2009,3.3117647058823527,12386.0,3740
500102,2010,3.5914438502673796,13432.0,3740
500102,2011,4.64572192513369,17375.0,3740
500102,2012,4.900802139037433,18329.0,3740
500102,2013,4.971122994652406,18592.0,3740
500102,2014,4.93716577540107,18465.0,3740
500102,2015,4.6165775401069515,17266.0,3740
500102,2016,5.155882352941177,19283.0,3740
500102,2017,7.2414438502673795,27083.0,3740
500102,2018,7.189304812834225,26888.0,3740
500102,2019,8.329411764705883,31152.0,3740
500102,2020,9.13475935828877,34164.0,3740
500103,2000,57.333333333333336,860.0,15
500103,2001,59.13333333333333,887.0,15
500103,2002,60.93333333333333,914.0,15
500103,2003,59.93333333333333,899.0,15
500103,2004,58.266666666666666,874.0,15
500103,2005,59.06666666666667,886.0,15
500103,2006,60.733333333333334,911.0,15
500103,2007,58.266666666666666,874.0,15
500103,2008,58.733333333333334,881.0,15
500103,2009,56.8,852.0,15
500103,2010,57.333333333333336,860.0,15
500103,2011,60.86666666666667,913.0,15
500103,2012,62.666666666666664,940.0,15
500103,2013,61.46666666666667,922.0,15
500103,2014,61.93333333333333,929.0,15
500103,2015,61.93333333333333,929.0,15
500103,2016,62.0,930.0,15
500103,2017,62.0,930.0,15
500103,2018,62.266666666666666,934.0,15
500103,2019,62.46666666666667,937.0,15
500103,2020,62.6,939.0,15
500104,2000,17.522727272727273,1542.0,88
500104,2001,20.693181818181817,1821.0,88
500104,2002,25.443181818181817,2239.0,88
500104,2003,26.09090909090909,2296.0,88
500104,2004,31.636363636363637,2784.0,88
500104,2005,31.03409090909091,2731.0,88
500104,2006,34.42045454545455,3029.0,88
500104,2007,31.65909090909091,2786.0,88
500104,2008,30.761363636363637,2707.0,88
500104,2009,35.10227272727273,3089.0,88
500104,2010,34.25,3014.0,88
500104,2011,35.5,3124.0,88
500104,2012,35.18181818181818,3096.0,88
500104,2013,40.67045454545455,3579.0,88
500104,2014,45.78409090909091,4029.0,88
500104,2015,47.375,4169.0,88
500104,2016,48.01136363636363,4225.0,88
500104,2017,48.44318181818182,4263.0,88
500104,2018,51.63636363636363,4544.0,88
500104,2019,55.57954545454545,4891.0,88
500104,2020,54.88636363636363,4830.0,88
500105,2000,14.82325581395349,3187.0,215
500105,2001,16.56279069767442,3561.0,215
500105,2002,18.227906976744187,3919.0,215
500105,2003,19.32093023255814,4154.0,215
500105,2004,20.302325581395348,4365.0,215
500105,2005,21.195348837209302,4557.0,215
500105,2006,21.995348837209303,4729.0,215
500105,2007,22.544186046511626,4847.0,215
500105,2008,22.446511627906975,4826.0,215
500105,2009,22.455813953488374,4828.0,215
500105,2010,23.18139534883721,4984.0,215
500105,2011,27.544186046511626,5922.0,215
500105,2012,28.790697674418606,6190.0,215
500105,2013,32.62325581395349,7014.0,215
500105,2014,35.64186046511628,7663.0,215
500105,2015,38.93953488372093,8372.0,215
500105,2016,43.116279069767444,9270.0,215
500105,2017,45.57209302325582,9798.0,215
500105,2018,47.55813953488372,10225.0,215
500105,2019,50.40930232558139,10838.0,215
500105,2020,51.093023255813954,10985.0,215
500106,2000,14.282937365010799,6613.0,463
500106,2001,16.468682505399567,7625.0,463
500106,2002,17.704103671706264,8197.0,463
500106,2003,18.177105831533478,8416.0,463
500106,2004,19.971922246220302,9247.0,463
500106,2005,25.12526997840173,11633.0,463
500106,2006,28.669546436285096,13274.0,463
500106,2007,27.883369330453565,12910.0,463
500106,2008,27.00647948164147,12504.0,463
500106,2009,29.31317494600432,13572.0,463
500106,2010,31.95680345572354,14796.0,463
500106,2011,34.11015118790497,15793.0,463
500106,2012,37.073434125269976,17165.0,463
500106,2013,41.08639308855292,19023.0,463
500106,2014,46.676025917926566,21611.0,463
500106,2015,46.93304535637149,21730.0,463
500106,2016,46.956803455723545,21741.0,463
500106,2017,47.220302375809936,21863.0,463
500106,2018,48.406047516198704,22412.0,463
500106,2019,51.70842332613391,23941.0,463
500106,2020,53.062634989200866,24568.0,463
500107,2000,14.708474576271186,8678.0,590
500107,2001,16.720338983050848,9865.0,590
500107,2002,19.188135593220338,11321.0,590
500107,2003,19.884745762711866,11732.0,590
500107,2004,23.784745762711864,14033.0,590
500107,2005,24.53220338983051,14474.0,590
500107,2006,25.561016949152542,15081.0,590
500107,2007,24.845762711864406,14659.0,590
500107,2008,23.410169491525423,13812.0,590
500107,2009,25.252542372881354,14899.0,590
500107,2010,26.271186440677965,15500.0,590
500107,2011,26.91864406779661,15882.0,590
500107,2012,27.83728813559322,16424.0,590
500107,2013,34.33728813559322,20259.0,590
500107,2014,38.35084745762712,22627.0,590
500107,2015,39.44406779661017,23272.0,590
500107,2016,40.87118644067797,24114.0,590
500107,2017,41.05762711864407,24224.0,590
500107,2018,44.47796610169492,26242.0,590
500107,2019,48.97796610169492,28897.0,590
500107,2020,49.81186440677966,29389.0,590
500108,2000,18.432960893854748,6599.0,358
500108,2001,21.952513966480446,7859.0,358
500108,2002,25.379888268156424,9086.0,358
500108,2003,26.960893854748605,9652.0,358
500108,2004,31.02513966480447,11107.0,358
500108,2005,30.97486033519553,11089.0,358
500108,2006,32.10335195530726,11493.0,358
500108,2007,31.553072625698324,11296.0,358
500108,2008,30.804469273743017,11028.0,358
500108,2009,31.480446927374302,11270.0,358
500108,2010,30.365921787709496,10871.0,358
500108,2011,36.002793296089386,12889.0,358
500108,2012,36.502793296089386,13068.0,358
500108,2013,41.14804469273743,14731.0,358
500108,2014,43.812849162011176,15685.0,358
500108,2015,45.125698324022345,16155.0,358
500108,2016,47.572625698324025,17031.0,358
500108,2017,49.25977653631285,17635.0,358
500108,2018,50.41340782122905,18048.0,358
500108,2019,53.6927374301676,19222.0,358
500108,2020,55.93296089385475,20024.0,358
500109,2000,5.386666666666667,4848.0,900
500109,2001,6.411111111111111,5770.0,900
500109,2002,6.728888888888889,6056.0,900
500109,2003,7.316666666666666,6585.0,900
500109,2004,9.588888888888889,8630.0,900
500109,2005,10.213333333333333,9192.0,900
500109,2006,10.998888888888889,9899.0,900
500109,2007,11.412222222222223,10271.0,900
500109,2008,9.926666666666666,8934.0,900
500109,2009,12.147777777777778,10933.0,900
500109,2010,12.421111111111111,11179.0,900
500109,2011,13.522222222222222,12170.0,900
500109,2012,16.436666666666667,14793.0,900
500109,2013,17.51,15759.0,900
500109,2014,18.29222222222222,16463.0,900
500109,2015,18.34888888888889,16514.0,900
500109,2016,18.213333333333335,16392.0,900
500109,2017,20.89,18801.0,900
500109,2018,23.25,20925.0,900
500109,2019,25.801111111111112,23221.0,900
500109,2020,28.244444444444444,25420.0,900
500110,2000,1.0906148867313916,3707.0,3399
500110,2001,1.0561929979405709,3590.0,3399
500110,2002,2.2338923212709623,7593.0,3399
500110,2003,2.7063842306560755,9199.0,3399
500110,2004,2.6301853486319504,8940.0,3399
500110,2005,2.618711385701677,8901.0,3399
500110,2006,2.3298028832009416,7919.0,3399
500110,2007,2.7825831126802,9458.0,3399
500110,2008,2.164460135333922,7357.0,3399
500110,2009,2.2818476022359517,7756.0,3399
500110,2010,2.4927919976463664,8473.0,3399
500110,2011,2.916151809355693,9912.0,3399
500110,2012,3.026478375992939,10287.0,3399
500110,2013,3.519564577817005,11963.0,3399
500110,2014,3.4763165636952045,11816.0,3399
500110,2015,3.179170344218888,10806.0,3399
500110,2016,3.2662547808178877,11102.0,3399
500110,2017,5.82200647249191,19789.0,3399
500110,2018,5.766696087084437,19601.0,3399
500110,2019,6.0711974110032365,20636.0,3399
500110,2020,6.6431303324507205,22580.0,3399
500111,2000,1.817302219692658,3193.0,1757
500111,2001,1.969265793966989,3460.0,1757
500111,2002,3.2202618099032443,5658.0,1757
500111,2003,3.0586226522481503,5374.0,1757
500111,2004,3.755264655663062,6598.0,1757
500111,2005,3.777461582242459,6637.0,1757
500111,2006,4.005122367672168,7037.0,1757
500111,2007,4.192942515651679,7367.0,1757
500111,2008,4.156516789982925,7303.0,1757
500111,2009,4.809903244166192,8451.0,1757
500111,2010,4.558907228229938,8010.0,1757
500111,2011,6.06260671599317,10652.0,1757
500111,2012,7.2953898690950485,12818.0,1757
500111,2013,7.033579965850882,12358.0,1757
500111,2014,6.7638019351166765,11884.0,1757
500111,2015,7.021627774615823,12337.0,1757
500111,2016,7.713147410358566,13552.0,1757
500111,2017,12.89072282299374,22649.0,1757
500111,2018,13.186681844052362,23169.0,1757
500111,2019,14.628343767786,25702.0,1757
500111,2020,16.726807057484347,29389.0,1757
500112,2000,5.692575984055805,11425.0,2007
500112,2001,6.746885899352267,13541.0,2007
500112,2002,8.17887394120578,16415.0,2007
500112,2003,9.245640259093173,18556.0,2007
500112,2004,10.153462879920278,20378.0,2007
500112,2005,13.184853014449427,26462.0,2007
500112,2006,13.07872446437469,26249.0,2007
500112,2007,13.506726457399104,27108.0,2007
500112,2008,12.851021425012457,25792.0,2007
500112,2009,12.978574987543597,26048.0,2007
500112,2010,13.035376183358245,26162.0,2007
500112,2011,15.001494768310911,30108.0,2007
500112,2012,17.57997010463378,35283.0,2007
500112,2013,17.96910812157449,36064.0,2007
500112,2014,18.096163428001994,36319.0,2007
500112,2015,19.255605381165918,38646.0,2007
500112,2016,20.213253612356752,40568.0,2007
500112,2017,24.292476332835076,48755.0,2007
500112,2018,25.767812655705033,51716.0,2007
500112,2019,27.785251619332335,55765.0,2007
500112,2020,29.476831091180866,59160.0,2007
500113,2000,2.2965489566613164,5723.0,2492
500113,2001,2.708266452648475,6749.0,2492
500113,2002,3.4891653290529696,8695.0,2492
500113,2003,3.451043338683788,8600.0,2492
500113,2004,4.798956661316212,11959.0,2492
500113,2005,5.400882825040129,13459.0,2492
500113,2006,5.147271268057785,12827.0,2492
500113,2007,5.64486356340289,14067.0,2492
500113,2008,4.712279293739968,11743.0,2492
500113,2009,4.733948635634029,11797.0,2492
500113,2010,4.463081861958266,11122.0,2492
500113,2011,5.699438202247191,14203.0,2492
500113,2012,5.727528089887641,14273.0,2492
500113,2013,6.269261637239166,15623.0,2492
500113,2014,7.634430176565008,19025.0,2492
500113,2015,7.814205457463885,19473.0,2492
500113,2016,9.26083467094703,23078.0,2492
500113,2017,12.17295345104334,30335.0,2492
500113,2018,12.98916532905297,32369.0,2492
500113,2019,14.38322632423756,35843.0,2492
500113,2020,16.536115569823433,41208.0,2492
500114,2000,0.685785536159601,2200.0,3208
500114,2001,0.8831047381546134,2833.0,3208
500114,2002,1.1988778054862843,3846.0,3208
500114,2003,1.1552369077306732,3706.0,3208
500114,2004,1.6390274314214464,5258.0,3208
500114,2005,1.4968827930174564,4802.0,3208
500114,2006,1.1923316708229426,3825.0,3208
500114,2007,1.6209476309226933,5200.0,3208
500114,2008,1.885286783042394,6048.0,3208
500114,2009,1.3481920199501247,4325.0,3208
500114,2010,1.2144638403990025,3896.0,3208
500114,2011,1.2206982543640899,3916.0,3208
500114,2012,1.8282418952618453,5865.0,3208
500114,2013,2.0233790523690773,6491.0,3208
500114,2014,1.844139650872818,5916.0,3208
500114,2015,1.868142144638404,5993.0,3208
500114,2016,2.371571072319202,7608.0,3208
500114,2017,3.2203865336658355,10331.0,3208
500114,2018,3.1315461346633415,10046.0,3208
500114,2019,3.3566084788029924,10768.0,3208
500114,2020,3.196695760598504,10255.0,3208
500115,2000,2.182009468700684,4148.0,1901
500115,2001,2.9095213045765385,5531.0,1901
500115,2002,3.3524460810099947,6373.0,1901
500115,2003,3.664387164650184,6966.0,1901
500115,2004,3.530247238295634,6711.0,1901
500115,2005,4.404523934771173,8373.0,1901
500115,2006,4.950026301946344,9410.0,1901
500115,2007,6.049447659126775,11500.0,1901
500115,2008,6.165702261967386,11721.0,1901
500115,2009,6.88427143608627,13087.0,1901
500115,2010,7.155707522356654,13603.0,1901
500115,2011,8.443450815360336,16051.0,1901
500115,2012,9.027880063124671,17162.0,1901
500115,2013,9.82219884271436,18672.0,1901
500115,2014,8.687006838506049,16514.0,1901
500115,2015,8.030510257759074,15266.0,1901
500115,2016,8.7154129405576,16568.0,1901
500115,2017,11.806943713834825,22445.0,1901
500115,2018,11.82219884271436,22474.0,1901
500115,2019,13.004208311415045,24721.0,1901
500115,2020,13.942661756970017,26505.0,1901
500116,2000,1.1006903118305165,4624.0,4201
500116,2001,1.348488455129731,5665.0,4201
500116,2002,1.8083789573910973,7597.0,4201
500116,2003,1.7974291835277314,7551.0,4201
500116,2004,2.1673411092597,9105.0,4201
500116,2005,2.028326588907403,8521.0,4201
500116,2006,2.0502261366341346,8613.0,4201
500116,2007,2.5981909069269222,10915.0,4201
500116,2008,2.0868840752201856,8767.0,4201
500116,2009,2.622946917400619,11019.0,4201
500116,2010,2.7964770292787433,11748.0,4201
500116,2011,2.9640561771006904,12452.0,4201
500116,2012,3.1961437752915973,13427.0,4201
500116,2013,3.804570340395144,15983.0,4201
500116,2014,4.461794810759343,18744.0,4201
500116,2015,4.83837181623423,20326.0,4201
500116,2016,5.19185908117115,21811.0,4201
500116,2017,7.187812425612949,30196.0,4201
500116,2018,7.8493215900975954,32975.0,4201
500116,2019,9.491073553915735,39872.0,4201
500116,2020,10.472982623184956,43997.0,4201
500117,2000,1.153973509933775,3485.0,3020
500117,2001,1.5172185430463576,4582.0,3020
500117,2002,1.8096026490066226,5465.0,3020
500117,2003,2.1771523178807946,6575.0,3020
500117,2004,2.939403973509934,8877.0,3020
500117,2005,2.7599337748344372,8335.0,3020
500117,2006,2.471523178807947,7464.0,3020
500117,2007,3.165562913907285,9560.0,3020
500117,2008,2.4556291390728475,7416.0,3020
500117,2009,2.691059602649007,8127.0,3020
500117,2010,4.0198675496688745,12140.0,3020
500117,2011,3.9377483443708607,11892.0,3020
500117,2012,4.497682119205298,13583.0,3020
500117,2013,4.566225165562914,13790.0,3020
500117,2014,4.458278145695364,13464.0,3020
500117,2015,4.671854304635762,14109.0,3020
500117,2016,4.57317880794702,13811.0,3020
500117,2017,6.840066225165563,20657.0,3020
500117,2018,7.104635761589404,21456.0,3020
500117,2019,7.147682119205298,21586.0,3020
500117,2020,8.976490066225166,27109.0,3020
500118,2000,1.7127045235803657,3559.0,2078
500118,2001,1.8229066410009624,3788.0,2078
500118,2002,2.989412897016362,6212.0,2078
500118,2003,3.109239653512993,6461.0,2078
500118,2004,4.722329162656401,9813.0,2078
500118,2005,5.210298363811357,10827.0,2078
500118,2006,4.900866217516843,10184.0,2078
500118,2007,5.360442733397497,11139.0,2078
500118,2008,4.845043310875842,10068.0,2078
500118,2009,5.961982675649663,12389.0,2078
500118,2010,4.98075072184793,10350.0,2078
500118,2011,6.721847930702599,13968.0,2078
500118,2012,7.343599615014437,15260.0,2078
500118,2013,6.921559191530317,14383.0,2078
500118,2014,6.666506256015399,13853.0,2078
500118,2015,6.346968238691049,13189.0,2078
500118,2016,8.102021174205968,16836.0,2078
500118,2017,10.801732435033687,22446.0,2078
500118,2018,11.774302213666987,24467.0,2078
500118,2019,12.947064485081809,26904.0,2078
500118,2020,15.761790182868143,32753.0,2078
500119,2000,0.7352177675223536,2549.0,3467
500119,2001,0.751081626766657,2604.0,3467
500119,2002,0.8168445341794058,2832.0,3467
500119,2003,1.0109604845687914,3505.0,3467
500119,2004,1.2913181424862994,4477.0,3467
500119,2005,1.666282088260744,5777.0,3467
500119,2006,1.3605422555523508,4717.0,3467
500119,2007,1.5275454283241996,5296.0,3467
500119,2008,1.4317854052494952,4964.0,3467
500119,2009,1.4681280646091721,5090.0,3467
500119,2010,1.762907412748774,6112.0,3467
500119,2011,1.9749062590135564,6847.0,3467
500119,2012,1.8909720219209691,6556.0,3467
500119,2013,2.034323622728584,7053.0,3467
500119,2014,1.434958177098356,4975.0,3467
500119,2015,1.420536486876262,4925.0,3467
500119,2016,1.7288722238246323,5994.0,3467
500119,2017,2.8350158638592444,9829.0,3467
500119,2018,2.76838765503317,9598.0,3467
500119,2019,3.555811941159504,12328.0,3467
500119,2020,4.264205364868762,14784.0,3467
500120,2000,3.26171875,4175.0,1280
500120,2001,3.4671875,4438.0,1280
500120,2002,4.65078125,5953.0,1280
500120,2003,4.925,6304.0,1280
500120,2004,5.89609375,7547.0,1280
500120,2005,7.23984375,9267.0,1280
500120,2006,7.19375,9208.0,1280
500120,2007,7.5140625,9618.0,1280
500120,2008,7.12890625,9125.0,1280
500120,2009,8.17265625,10461.0,1280
500120,2010,9.0,11520.0,1280
500120,2011,10.8734375,13918.0,1280
500120,2012,13.8828125,17770.0,1280
500120,2013,14.5765625,18658.0,1280
500120,2014,13.425,17184.0,1280
500120,2015,13.540625,17332.0,1280
500120,2016,13.9359375,17838.0,1280
500120,2017,17.346875,22204.0,1280
500120,2018,18.10390625,23173.0,1280
500120,2019,20.3875,26096.0,1280
500120,2020,21.29609375,27259.0,1280
500151,2000,1.671443736730361,3149.0,1884
500151,2001,1.7749469214437368,3344.0,1884
500151,2002,2.3890658174097665,4501.0,1884
500151,2003,2.064225053078556,3889.0,1884
500151,2004,2.290339702760085,4315.0,1884
500151,2005,3.1369426751592355,5910.0,1884
500151,2006,2.7595541401273884,5199.0,1884
500151,2007,3.6305732484076434,6840.0,1884
500151,2008,3.112526539278132,5864.0,1884
500151,2009,3.276008492569002,6172.0,1884
500151,2010,3.6714437367303607,6917.0,1884
500151,2011,4.909766454352441,9250.0,1884
500151,2012,5.947983014861996,11206.0,1884
500151,2013,6.39171974522293,12042.0,1884
500151,2014,5.951167728237792,11212.0,1884
500151,2015,7.345010615711253,13838.0,1884
500151,2016,6.055201698513801,11408.0,1884
500151,2017,9.756369426751592,18381.0,1884
500151,2018,10.944267515923567,20619.0,1884
500151,2019,12.481422505307856,23515.0,1884
500151,2020,13.32855626326964,25111.0,1884
500152,2000,0.4330671676843589,922.0,2129
500152,2001,0.782996712071395,1667.0,2129
500152,2002,1.2489431658055425,2659.0,2129
500152,2003,1.4593705965241897,3107.0,2129
500152,2004,1.6449037106622828,3502.0,2129
500152,2005,1.7355565993424142,3695.0,2129
500152,2006,1.4931892907468296,3179.0,2129
500152,2007,2.00845467355566,4276.0,2129
500152,2008,1.6411460779708784,3494.0,2129
500152,2009,1.6702677313292627,3556.0,2129
500152,2010,1.8642555190230155,3969.0,2129
500152,2011,2.716298731798967,5783.0,2129
500152,2012,2.942696101456083,6265.0,2129
500152,2013,2.4795678722404886,5279.0,2129
500152,2014,2.427430718647252,5168.0,2129
500152,2015,2.5171441991545325,5359.0,2129
500152,2016,3.003287928604979,6394.0,2129
500152,2017,5.237200563644904,11150.0,2129
500152,2018,5.871301080319399,12500.0,2129
500152,2019,6.6378581493659,14132.0,2129
500152,2020,8.319868482855801,17713.0,2129
500153,2000,1.4457831325301205,2040.0,1411
500153,2001,1.6442239546420978,2320.0,1411
500153,2002,2.3167965981573353,3269.0,1411
500153,2003,2.1771793054571225,3072.0,1411
500153,2004,3.3706591070163006,4756.0,1411
500153,2005,4.301204819277109,6069.0,1411
500153,2006,3.034727143869596,4282.0,1411
500153,2007,4.514528703047484,6370.0,1411
500153,2008,4.330262225372077,6110.0,1411
500153,2009,5.423812898653437,7653.0,1411
500153,2010,4.7023387668320344,6635.0,1411
500153,2011,5.422395464209781,7651.0,1411
500153,2012,5.834868887313962,8233.0,1411
500153,2013,5.66194188518781,7989.0,1411
500153,2014,4.7491141034727145,6701.0,1411
500153,2015,4.548547129695252,6418.0,1411
500153,2016,5.4642097802976615,7710.0,1411
500153,2017,7.819985825655563,11034.0,1411
500153,2018,8.515946137491142,12016.0,1411
500153,2019,9.647058823529411,13612.0,1411
500153,2020,12.200566973777462,17215.0,1411
500154,2000,0.36562440053711875,1906.0,5213
500154,2001,0.5532323038557453,2884.0,5213
500154,2002,0.8494149242278918,4428.0,5213
500154,2003,1.0446959524266257,5446.0,5213
500154,2004,1.3000191828122003,6777.0,5213
500154,2005,1.222712449645118,6374.0,5213
500154,2006,0.8768463456742759,4571.0,5213
500154,2007,1.4105121810857473,7353.0,5213
500154,2008,1.4214463840399003,7410.0,5213
500154,2009,0.8966046422405525,4674.0,5213
500154,2010,1.0051793592940725,5240.0,5213
500154,2011,1.1486667945520814,5988.0,5213
500154,2012,1.758488394398619,9167.0,5213
500154,2013,1.9345866103970841,10085.0,5213
500154,2014,1.14713216957606,5980.0,5213
500154,2015,1.2405524649913677,6467.0,5213
500154,2016,1.4178016497218493,7391.0,5213
500154,2017,2.0700172645309802,10791.0,5213
500154,2018,2.1889507001726454,11411.0,5213
500154,2019,2.3504699788989067,12253.0,5213
500154,2020,2.709188567043929,14123.0,5213
500155,2000,0.8745417515274949,2147.0,2455
500155,2001,1.6171079429735233,3970.0,2455
500155,2002,1.7661914460285133,4336.0,2455
500155,2003,1.8830957230142567,4623.0,2455
500155,2004,2.1067209775967415,5172.0,2455
500155,2005,2.1828920570264767,5359.0,2455
500155,2006,1.3539714867617108,3324.0,2455
500155,2007,2.3340122199592668,5730.0,2455
500155,2008,1.7906313645621181,4396.0,2455
500155,2009,1.8643584521384928,4577.0,2455
500155,2010,2.1067209775967415,5172.0,2455
500155,2011,2.285132382892057,5610.0,2455
500155,2012,2.6936863543788188,6613.0,2455
500155,2013,2.9637474541751527,7276.0,2455
500155,2014,1.6541751527494908,4061.0,2455
500155,2015,1.9079429735234217,4684.0,2455
500155,2016,2.063951120162933,5067.0,2455
500155,2017,3.0965376782077394,7602.0,2455
500155,2018,3.0981670061099797,7606.0,2455
500155,2019,3.964562118126273,9733.0,2455
500155,2020,4.866802443991854,11948.0,2455
500156,2000,0.4914406110086911,1866.0,3797
500156,2001,0.7403213062944429,2811.0,3797
500156,2002,0.953384250724256,3620.0,3797
500156,2003,0.777719252041085,2953.0,3797
500156,2004,0.8799051883065578,3341.0,3797
500156,2005,0.8533052409797208,3240.0,3797
500156,2006,1.2133263102449303,4607.0,3797
500156,2007,1.3052409797208322,4956.0,3797
500156,2008,1.1406373452725835,4331.0,3797
500156,2009,1.023702923360548,3887.0,3797
500156,2010,1.210429286278641,4596.0,3797
500156,2011,1.6078483012904925,6105.0,3797
500156,2012,1.7395312088490913,6605.0,3797
500156,2013,1.6879115090861205,6409.0,3797
500156,2014,0.6120621543323677,2324.0,3797
500156,2015,0.6876481432710034,2611.0,3797
500156,2016,1.0642612588885962,4041.0,3797
500156,2017,1.443508032657361,5481.0,3797
500156,2018,1.2594153278904399,4782.0,3797
500156,2019,1.6199631287858836,6151.0,3797
500156,2020,1.6705293652883855,6343.0,3797
500229,2000,0.06148723640399556,277.0,4505
500229,2001,0.062819089900111,283.0,4505
500229,2002,0.15427302996670367,695.0,4505
500229,2003,0.11453940066592674,516.0,4505
500229,2004,0.1411764705882353,636.0,4505
500229,2005,0.15382907880133184,693.0,4505
500229,2006,0.19933407325194227,898.0,4505
500229,2007,0.21132075471698114,952.0,4505
500229,2008,0.23684794672586015,1067.0,4505
500229,2009,0.035738068812430634,161.0,4505
500229,2010,0.21709211986681465,978.0,4505
500229,2011,0.15715871254162042,708.0,4505
500229,2012,0.316315205327414,1425.0,4505
500229,2013,0.32918978912319646,1483.0,4505
500229,2014,0.16892341842397338,761.0,4505
500229,2015,0.1271920088790233,573.0,4505
500229,2016,0.0932297447280799,420.0,4505
500229,2017,0.2503884572697003,1128.0,4505
500229,2018,0.2663706992230855,1200.0,4505
500229,2019,0.3420643729189789,1541.0,4505
500229,2020,0.4692563817980022,2114.0,4505
500230,2000,0.40171830252538404,1543.0,3841
500230,2001,0.506118198385837,1944.0,3841
500230,2002,0.9927102317104921,3813.0,3841
500230,2003,1.191096068732101,4575.0,3841
500230,2004,1.0294194220255142,3954.0,3841
500230,2005,0.8729497526685759,3353.0,3841
500230,2006,0.7297578755532413,2803.0,3841
500230,2007,0.9333506899244989,3585.0,3841
500230,2008,0.9625097630825306,3697.0,3841
500230,2009,1.223379328299922,4699.0,3841
500230,2010,1.3725592293673523,5272.0,3841
500230,2011,1.5837021608956001,6083.0,3841
500230,2012,1.520177037229888,5839.0,3841
500230,2013,1.3571986461858891,5213.0,3841
500230,2014,0.8672220775839625,3331.0,3841
500230,2015,0.8672220775839625,3331.0,3841
500230,2016,0.9093985941161156,3493.0,3841
500230,2017,1.727675084613382,6636.0,3841
500230,2018,1.6888831033585003,6487.0,3841
500230,2019,2.0205675605311115,7761.0,3841
500230,2020,2.3410570164019786,8992.0,3841
500231,2000,1.0129186602870814,2117.0,2090
500231,2001,1.6444976076555025,3437.0,2090
500231,2002,2.3636363636363638,4940.0,2090
500231,2003,2.6397129186602872,5517.0,2090
500231,2004,2.9650717703349283,6197.0,2090
500231,2005,2.9650717703349283,6197.0,2090
500231,2006,2.3047846889952153,4817.0,2090
500231,2007,3.0511961722488037,6377.0,2090
500231,2008,2.3799043062200957,4974.0,2090
500231,2009,2.331578947368421,4873.0,2090
500231,2010,2.2339712918660286,4669.0,2090
500231,2011,2.8602870813397128,5978.0,2090
500231,2012,2.9282296650717705,6120.0,2090
500231,2013,3.901435406698565,8154.0,2090
500231,2014,2.339712918660287,4890.0,2090
500231,2015,2.1157894736842104,4422.0,2090
500231,2016,2.156937799043062,4508.0,2090
500231,2017,3.5717703349282295,7465.0,2090
500231,2018,3.5382775119617227,7395.0,2090
500231,2019,4.558851674641148,9528.0,2090
500231,2020,6.169377990430622,12894.0,2090
500233,2000,0.42359513637857377,1289.0,3043
500233,2001,0.7295432139336181,2220.0,3043
500233,2002,0.9365757476174827,2850.0,3043
500233,2003,1.0187315149523497,3100.0,3043
500233,2004,1.0509365757476175,3198.0,3043
500233,2005,1.3637857377587908,4150.0,3043
500233,2006,1.4899769963851461,4534.0,3043
500233,2007,1.553729871837003,4728.0,3043
500233,2008,1.3328951692408808,4056.0,3043
500233,2009,1.3789023989484062,4196.0,3043
500233,2010,1.1330923430824844,3448.0,3043
500233,2011,1.3818600065724613,4205.0,3043
500233,2012,1.6749917844232665,5097.0,3043
500233,2013,1.7101544528425896,5204.0,3043
500233,2014,1.1192901741702268,3406.0,3043
500233,2015,1.0598093986197832,3225.0,3043
500233,2016,1.0078869536641473,3067.0,3043
500233,2017,2.0768977982254353,6320.0,3043
500233,2018,2.092014459415051,6366.0,3043
500233,2019,2.570818271442655,7823.0,3043
500233,2020,3.3986197831087743,10342.0,3043
500235,2000,0.22591696896412736,1121.0,4962
500235,2001,0.40669085046352277,2018.0,4962
500235,2002,0.718863361547763,3567.0,4962
500235,2003,0.767634018540911,3809.0,4962
500235,2004,0.8325272067714631,4131.0,4962
500235,2005,1.1455058444175736,5684.0,4962
500235,2006,1.1713018943974205,5812.0,4962
500235,2007,1.1537686416767432,5725.0,4962
500235,2008,0.9820636839983877,4873.0,4962
500235,2009,0.7146311970979444,3546.0,4962
500235,2010,0.9048770656993148,4490.0,4962
500235,2011,0.9066908504635228,4499.0,4962
500235,2012,1.6180975413139862,8029.0,4962
500235,2013,1.5894800483675937,7887.0,4962
500235,2014,0.75453446191052,3744.0,4962
500235,2015,0.7232970576380492,3589.0,4962
500235,2016,0.6567916162837566,3259.0,4962
500235,2017,1.1753325272067714,5832.0,4962
500235,2018,1.085247883917775,5385.0,4962
500235,2019,1.2867795243853284,6385.0,4962
500235,2020,1.4669488109633213,7279.0,4962
500236,2000,0.5112488928255093,2886.0,5645
500236,2001,0.5321523472099203,3004.0,5645
500236,2002,0.9287865367581931,5243.0,5645
500236,2003,0.724712134632418,4091.0,5645
500236,2004,0.7121346324180691,4020.0,5645
500236,2005,0.7107174490699735,4012.0,5645
500236,2006,0.8143489813994685,4597.0,5645
500236,2007,0.8511957484499557,4805.0,5645
500236,2008,0.9525243578387954,5377.0,5645
500236,2009,0.6278122232063773,3544.0,5645
500236,2010,0.8837909654561559,4989.0,5645
500236,2011,0.8302922940655447,4687.0,5645
500236,2012,1.3022143489813995,7351.0,5645
500236,2013,1.4825509300265722,8369.0,5645
500236,2014,0.6853852967227635,3869.0,5645
500236,2015,0.6510186005314438,3675.0,5645
500236,2016,0.662356067316209,3739.0,5645
500236,2017,1.3323294951284324,7521.0,5645
500236,2018,1.3845881310894597,7816.0,5645
500236,2019,1.3911426040744022,7853.0,5645
500236,2020,1.3992914083259522,7899.0,5645
500237,2000,0.28368964688926257,1181.0,4163
500237,2001,0.3442229161662263,1433.0,4163
500237,2002,0.695171751141004,2894.0,4163
500237,2003,0.695171751141004,2894.0,4163
500237,2004,0.8609176074945952,3584.0,4163
500237,2005,0.8883017055008408,3698.0,4163
500237,2006,0.7605092481383617,3166.0,4163
500237,2007,0.9255344703338938,3853.0,4163
500237,2008,1.0345904395868364,4307.0,4163
500237,2009,0.7917367283209225,3296.0,4163
500237,2010,1.1177035791496517,4653.0,4163
500237,2011,1.0835935623348547,4511.0,4163
500237,2012,1.6492913764112418,6866.0,4163
500237,2013,1.851549363439827,7708.0,4163
500237,2014,0.41820802306029303,1741.0,4163
500237,2015,0.42781647850108095,1781.0,4163
500237,2016,0.5219793418208023,2173.0,4163
500237,2017,1.0727840499639683,4466.0,4163
500237,2018,1.208743694451117,5032.0,4163
500237,2019,1.3555128513091521,5643.0,4163
500237,2020,1.232524621667067,5131.0,4163
500238,2000,0.05035473265270808,291.0,5779
500238,2001,0.05779546634365807,334.0,5779
500238,2002,0.1747707215781277,1010.0,5779
500238,2003,0.10243986848935802,592.0,5779
500238,2004,0.16577262502163004,958.0,5779
500238,2005,0.14137394012804982,817.0,5779
500238,2006,0.14691123031666378,849.0,5779
500238,2007,0.1649074234296591,953.0,5779
500238,2008,0.28690084789756015,1658.0,5779
500238,2009,0.21526215608236718,1244.0,5779
500238,2010,0.6637826613600969,3836.0,5779
500238,2011,0.6191382592143969,3578.0,5779
500238,2012,0.7144834746495934,4129.0,5779
500238,2013,0.7906212147430352,4569.0,5779
500238,2014,0.23014362346426717,1330.0,5779
500238,2015,0.2929572590413566,1693.0,5779
500238,2016,0.2564457518601834,1482.0,5779
500238,2017,0.4758608755840111,2750.0,5779
500238,2018,0.49939435888562034,2886.0,5779
500238,2019,0.5300224952413912,3063.0,5779
500238,2020,0.6620522581761551,3826.0,5779
500240,2000,0.15662368112543962,668.0,4265
500240,2001,0.21594372801875733,921.0,4265
500240,2002,0.3622508792497069,1545.0,4265
500240,2003,0.521219226260258,2223.0,4265
500240,2004,0.7329425556858148,3126.0,4265
500240,2005,0.6168815943728019,2631.0,4265
500240,2006,0.8815943728018757,3760.0,4265
500240,2007,1.0086752637749121,4302.0,4265
500240,2008,0.9144196951934349,3900.0,4265
500240,2009,0.8468933177022274,3612.0,4265
500240,2010,0.953810082063306,4068.0,4265
500240,2011,1.12989449003517,4819.0,4265
500240,2012,1.0586166471277842,4515.0,4265
500240,2013,1.134818288393904,4840.0,4265
500240,2014,1.0,4265.0,4265
500240,2015,1.0417350527549825,4443.0,4265
500240,2016,0.9315357561547479,3973.0,4265
500240,2017,1.6351699882766706,6974.0,4265
500240,2018,1.6747948417350527,7143.0,4265
500240,2019,1.8168815943728018,7749.0,4265
500240,2020,1.6928487690504104,7220.0,4265
500241,2000,0.15834658187599365,498.0,3145
500241,2001,0.221939586645469,698.0,3145
500241,2002,0.4578696343402226,1440.0,3145
500241,2003,0.7602543720190779,2391.0,3145
500241,2004,1.0298887122416533,3239.0,3145
500241,2005,0.855643879173291,2691.0,3145
500241,2006,0.8985691573926868,2826.0,3145
500241,2007,1.2302066772655007,3869.0,3145
500241,2008,1.4712241653418123,4627.0,3145
500241,2009,1.1500794912559618,3617.0,3145
500241,2010,1.0871224165341813,3419.0,3145
500241,2011,1.3507154213036565,4248.0,3145
500241,2012,1.4066772655007949,4424.0,3145
500241,2013,1.4639109697933228,4604.0,3145
500241,2014,1.8330683624801272,5765.0,3145
500241,2015,1.847376788553259,5810.0,3145
500241,2016,1.76724960254372,5558.0,3145
500241,2017,2.823529411764706,8880.0,3145
500241,2018,2.8317965023847376,8906.0,3145
500241,2019,3.46550079491256,10899.0,3145
500241,2020,3.2267090620031795,10148.0,3145
500242,2000,0.07067799049949619,491.0,6947
500242,2001,0.1402044047790413,974.0,6947
500242,2002,0.24283863538217937,1687.0,6947
500242,2003,0.21102634230603137,1466.0,6947
500242,2004,0.21404922988340291,1487.0,6947
500242,2005,0.19504822225421045,1355.0,6947
500242,2006,0.2969627177198791,2063.0,6947
500242,2007,0.411976392687491,2862.0,6947
500242,2008,0.5606736720886714,3895.0,6947
500242,2009,0.38808118612350656,2696.0,6947
500242,2010,0.5359147833597236,3723.0,6947
500242,2011,0.5729091694256514,3980.0,6947
500242,2012,0.574636533755578,3992.0,6947
500242,2013,0.6676263135166259,4638.0,6947
500242,2014,0.4308334532891896,2993.0,6947
500242,2015,0.4139916510724054,2876.0,6947
500242,2016,0.4201813732546423,2919.0,6947
500242,2017,0.6961278249604146,4836.0,6947
500242,2018,0.6595652799769685,4582.0,6947
500242,2019,0.7193032963869296,4997.0,6947
500242,2020,0.6337987620555635,4403.0,6947
500243,2000,0.15071054599850411,806.0,5348
500243,2001,0.3051608077786088,1632.0,5348
500243,2002,0.47513089005235604,2541.0,5348
500243,2003,0.4612939416604338,2467.0,5348
500243,2004,0.6116305160807779,3271.0,5348
500243,2005,0.56245325355273,3008.0,5348
500243,2006,0.7526178010471204,4025.0,5348
500243,2007,0.9609199700822737,5139.0,5348
500243,2008,0.8760284218399401,4685.0,5348
500243,2009,0.29955123410620793,1602.0,5348
500243,2010,0.3649962602842184,1952.0,5348
500243,2011,0.3642483171278983,1948.0,5348
500243,2012,0.5233732236350037,2799.0,5348
500243,2013,0.6280852655198205,3359.0,5348
500243,2014,0.4263275991024682,2280.0,5348
500243,2015,0.3371353777112939,1803.0,5348
500243,2016,0.32479431563201194,1737.0,5348
500243,2017,0.7460732984293194,3990.0,5348
500243,2018,0.643418100224383,3441.0,5348
500243,2019,0.8139491398653702,4353.0,5348
500243,2020,1.1462228870605835,6130.0,5348
510104,2000,35.57142857142857,1743.0,49
510104,2001,39.44897959183673,1933.0,49
510104,2002,43.57142857142857,2135.0,49
510104,2003,50.87755102040816,2493.0,49
510104,2004,53.42857142857143,2618.0,49
510104,2005,49.46938775510204,2424.0,49
510104,2006,52.265306122448976,2561.0,49
510104,2007,50.93877551020408,2496.0,49
510104,2008,52.857142857142854,2590.0,49
510104,2009,54.204081632653065,2656.0,49
510104,2010,56.16326530612245,2752.0,49
510104,2011,59.265306122448976,2904.0,49
510104,2012,57.02040816326531,2794.0,49
510104,2013,60.87755102040816,2983.0,49
510104,2014,62.10204081632653,3043.0,49
510104,2015,62.204081632653065,3048.0,49
510104,2016,62.204081632653065,3048.0,49
510104,2017,62.08163265306123,3042.0,49
510104,2018,62.40816326530612,3058.0,49
510104,2019,62.69387755102041,3072.0,49
510104,2020,62.6530612244898,3070.0,49
510105,2000,44.189655172413794,2563.0,58
510105,2001,48.96551724137931,2840.0,58
510105,2002,50.293103448275865,2917.0,58
510105,2003,53.793103448275865,3120.0,58
510105,2004,52.63793103448276,3053.0,58
510105,2005,51.58620689655172,2992.0,58
510105,2006,56.310344827586206,3266.0,58
510105,2007,54.91379310344828,3185.0,58
510105,2008,53.0,3074.0,58
510105,2009,56.62068965517241,3284.0,58
510105,2010,56.775862068965516,3293.0,58
510105,2011,57.48275862068966,3334.0,58
510105,2012,58.05172413793103,3367.0,58
510105,2013,59.39655172413793,3445.0,58
510105,2014,60.8448275862069,3529.0,58
510105,2015,61.41379310344828,3562.0,58
510105,2016,61.41379310344828,3562.0,58
510105,2017,61.53448275862069,3569.0,58
510105,2018,61.55172413793103,3570.0,58
510105,2019,62.224137931034484,3609.0,58
510105,2020,62.3448275862069,3616.0,58
510106,2000,48.469565217391306,5574.0,115
510106,2001,52.46086956521739,6033.0,115
510106,2002,52.92173913043478,6086.0,115
510106,2003,57.17391304347826,6575.0,115
510106,2004,53.43478260869565,6145.0,115
510106,2005,54.0,6210.0,115
510106,2006,55.495652173913044,6382.0,115
510106,2007,55.70434782608696,6406.0,115
510106,2008,55.417391304347824,6373.0,115
510106,2009,56.6695652173913,6517.0,115
510106,2010,56.947826086956525,6549.0,115
510106,2011,58.91304347826087,6775.0,115
510106,2012,59.869565217391305,6885.0,115
510106,2013,61.53913043478261,7077.0,115
510106,2014,62.00869565217391,7131.0,115
510106,2015,62.28695652173913,7163.0,115
510106,2016,62.33913043478261,7169.0,115
510106,2017,62.22608695652174,7156.0,115
510106,2018,62.25217391304348,7159.0,115
510106,2019,62.63478260869565,7203.0,115
510106,2020,62.608695652173914,7200.0,115
510107,2000,48.56547619047619,8159.0,168
510107,2001,53.32142857142857,8958.0,168
510107,2002,56.51190476190476,9494.0,168
510107,2003,57.11904761904762,9596.0,168
510107,2004,55.773809523809526,9370.0,168
510107,2005,54.375,9135.0,168
510107,2006,57.166666666666664,9604.0,168
510107,2007,56.79761904761905,9542.0,168
510107,2008,55.99404761904762,9407.0,168
510107,2009,58.36309523809524,9805.0,168
510107,2010,58.214285714285715,9780.0,168
510107,2011,60.851190476190474,10223.0,168
510107,2012,60.75595238095238,10207.0,168
510107,2013,61.94047619047619,10406.0,168
510107,2014,62.70238095238095,10534.0,168
510107,2015,62.779761904761905,10547.0,168
510107,2016,62.88690476190476,10565.0,168
510107,2017,62.910714285714285,10569.0,168
510107,2018,62.94047619047619,10574.0,168
510107,2019,62.958333333333336,10577.0,168
510107,2020,62.98809523809524,10582.0,168
510108,2000,41.45985401459854,5680.0,137
510108,2001,45.846715328467155,6281.0,137
510108,2002,45.737226277372265,6266.0,137
510108,2003,54.51094890510949,7468.0,137
510108,2004,53.0,7261.0,137
510108,2005,52.518248175182485,7195.0,137
510108,2006,53.306569343065696,7303.0,137
510108,2007,53.45255474452555,7323.0,137
510108,2008,55.21897810218978,7565.0,137
510108,2009,54.56934306569343,7476.0,137
510108,2010,55.09489051094891,7548.0,137
510108,2011,58.02189781021898,7949.0,137
510108,2012,57.76642335766423,7914.0,137
510108,2013,60.51094890510949,8290.0,137
510108,2014,61.40875912408759,8413.0,137
510108,2015,61.89051094890511,8479.0,137
510108,2016,61.86131386861314,8475.0,137
510108,2017,61.64963503649635,8446.0,137
510108,2018,61.90510948905109,8481.0,137
510108,2019,62.35766423357664,8543.0,137
510108,2020,62.416058394160586,8551.0,137
510112,2000,10.009915014164307,7067.0,706
510112,2001,13.946175637393768,9846.0,706
510112,2002,14.86827195467422,10497.0,706
510112,2003,20.53682719546742,14499.0,706
510112,2004,23.21529745042493,16390.0,706
510112,2005,20.703966005665723,14617.0,706
510112,2006,22.01416430594901,15542.0,706
510112,2007,23.305949008498583,16454.0,706
510112,2008,22.737960339943342,16053.0,706
510112,2009,23.946175637393768,16906.0,706
510112,2010,25.76345609065156,18189.0,706
510112,2011,27.019830028328613,19076.0,706
510112,2012,26.743626062322946,18881.0,706
510112,2013,32.922096317280456,23243.0,706
510112,2014,36.17563739376771,25540.0,706
510112,2015,38.611898016997166,27260.0,706
510112,2016,40.25495750708215,28420.0,706
510112,2017,42.0028328611898,29654.0,706
510112,2018,42.579320113314445,30061.0,706
510112,2019,45.92776203966006,32425.0,706
510112,2020,46.60481586402266,32903.0,706
510113,2000,7.5197215777262185,3241.0,431
510113,2001,8.561484918793504,3690.0,431
510113,2002,8.22505800464037,3545.0,431
510113,2003,10.677494199535962,4602.0,431
510113,2004,13.77494199535963,5937.0,431
510113,2005,12.280742459396752,5293.0,431
510113,2006,13.336426914153133,5748.0,431
510113,2007,14.232018561484919,6134.0,431
510113,2008,15.498839907192576,6680.0,431
510113,2009,18.677494199535964,8050.0,431
510113,2010,20.721577726218097,8931.0,431
510113,2011,21.051044083526683,9073.0,431
510113,2012,21.2877030162413,9175.0,431
510113,2013,25.68909512761021,11072.0,431
510113,2014,25.515081206496518,10997.0,431
510113,2015,27.08816705336427,11675.0,431
510113,2016,27.988399071925755,12063.0,431
510113,2017,29.415313225058004,12678.0,431
510113,2018,30.737819025522043,13248.0,431
510113,2019,34.77262180974478,14987.0,431
510113,2020,38.74709976798144,16700.0,431
510114,2000,11.793201133144477,8326.0,706
510114,2001,15.379603399433428,10858.0,706
510114,2002,15.760623229461757,11127.0,706
510114,2003,21.441926345609065,15138.0,706
510114,2004,23.45042492917847,16556.0,706
510114,2005,23.3314447592068,16472.0,706
510114,2006,25.63314447592068,18097.0,706
510114,2007,26.409348441926344,18645.0,706
510114,2008,29.11756373937677,20557.0,706
510114,2009,32.31869688385269,22817.0,706
510114,2010,36.211048158640224,25565.0,706
510114,2011,34.64447592067989,24459.0,706
510114,2012,35.055240793201136,24749.0,706
510114,2013,43.8356940509915,30948.0,706
510114,2014,42.358356940509914,29905.0,706
510114,2015,44.287535410764875,31267.0,706
510114,2016,46.361189801699716,32731.0,706
510114,2017,46.51558073654391,32840.0,706
510114,2018,47.213881019830026,33333.0,706
510114,2019,50.51133144475921,35661.0,706
510114,2020,50.48866855524079,35645.0,706
510115,2000,11.615625,3717.0,320
510115,2001,14.86875,4758.0,320
510115,2002,17.759375,5683.0,320
510115,2003,23.89375,7646.0,320
510115,2004,24.453125,7825.0,320
510115,2005,26.6375,8524.0,320
510115,2006,30.54375,9774.0,320
510115,2007,30.071875,9623.0,320
510115,2008,27.98125,8954.0,320
510115,2009,32.309375,10339.0,320
510115,2010,34.45,11024.0,320
510115,2011,30.53125,9770.0,320
510115,2012,32.30625,10338.0,320
510115,2013,37.978125,12153.0,320
510115,2014,39.625,12680.0,320
510115,2015,40.825,13064.0,320
510115,2016,40.49375,12958.0,320
510115,2017,41.203125,13185.0,320
510115,2018,42.453125,13585.0,320
510115,2019,47.596875,15231.0,320
510115,2020,48.403125,15489.0,320
510116,2000,8.70815752461322,12383.0,1422
510116,2001,11.242616033755274,15987.0,1422
510116,2002,11.928270042194093,16962.0,1422
510116,2003,13.776371308016877,19590.0,1422
510116,2004,16.840365682137833,23947.0,1422
510116,2005,15.287623066104079,21739.0,1422
510116,2006,17.429676511954995,24785.0,1422
510116,2007,18.141350210970465,25797.0,1422
510116,2008,19.5126582278481,27747.0,1422
510116,2009,22.82278481012658,32454.0,1422
510116,2010,26.213080168776372,37275.0,1422
510116,2011,24.82559774964838,35302.0,1422
510116,2012,25.82630098452883,36725.0,1422
510116,2013,31.88888888888889,45346.0,1422
510116,2014,34.97538677918425,49735.0,1422
510116,2015,37.68495077355837,53588.0,1422
510116,2016,42.68706047819972,60701.0,1422
510116,2017,47.926160337552744,68151.0,1422
510116,2018,49.163150492264414,69910.0,1422
510116,2019,51.913502109704645,73821.0,1422
510116,2020,52.739099859353026,74995.0,1422
510117,2000,14.074603174603174,8867.0,630
510117,2001,17.520634920634922,11038.0,630
510117,2002,17.346031746031745,10928.0,630
510117,2003,20.257142857142856,12762.0,630
510117,2004,20.014285714285716,12609.0,630
510117,2005,21.696825396825396,13669.0,630
510117,2006,26.503174603174603,16697.0,630
510117,2007,26.33968253968254,16594.0,630
510117,2008,26.082539682539682,16432.0,630
510117,2009,31.56984126984127,19889.0,630
510117,2010,35.146031746031746,22142.0,630
510117,2011,32.53333333333333,20496.0,630
510117,2012,34.84285714285714,21951.0,630
510117,2013,41.63650793650794,26231.0,630
510117,2014,39.6,24948.0,630
510117,2015,41.86031746031746,26372.0,630
510117,2016,41.43650793650794,26105.0,630
510117,2017,41.49523809523809,26142.0,630
510117,2018,43.24920634920635,27247.0,630
510117,2019,46.51904761904762,29307.0,630
510117,2020,47.166666666666664,29715.0,630
510118,2000,7.896470588235294,3356.0,425
510118,2001,10.527058823529412,4474.0,425
510118,2002,10.216470588235294,4342.0,425
510118,2003,10.428235294117647,4432.0,425
510118,2004,12.616470588235295,5362.0,425
510118,2005,10.976470588235294,4665.0,425
510118,2006,13.543529411764705,5756.0,425
510118,2007,13.287058823529412,5647.0,425
510118,2008,16.80941176470588,7144.0,425
510118,2009,19.618823529411763,8338.0,425
510118,2010,23.19058823529412,9856.0,425
510118,2011,20.63529411764706,8770.0,425
510118,2012,21.807058823529413,9268.0,425
510118,2013,29.374117647058824,12484.0,425
510118,2014,28.590588235294117,12151.0,425
510118,2015,31.74823529411765,13493.0,425
510118,2016,30.289411764705882,12873.0,425
510118,2017,33.16,14093.0,425
510118,2018,36.35294117647059,15450.0,425
510118,2019,42.78588235294118,18184.0,425
510118,2020,43.343529411764706,18421.0,425
510121,2000,2.3683155080213902,3543.0,1496
510121,2001,2.8429144385026737,4253.0,1496
510121,2002,3.0040106951871657,4494.0,1496
510121,2003,3.5762032085561497,5350.0,1496
510121,2004,3.9151069518716577,5857.0,1496
510121,2005,4.060828877005347,6075.0,1496
510121,2006,5.047459893048129,7551.0,1496
510121,2007,5.56885026737968,8331.0,1496
510121,2008,4.8161764705882355,7205.0,1496
510121,2009,5.649732620320855,8452.0,1496
510121,2010,6.293449197860962,9415.0,1496
510121,2011,7.591577540106952,11357.0,1496
510121,2012,8.467245989304812,12667.0,1496
510121,2013,9.997326203208557,14956.0,1496
510121,2014,8.43716577540107,12622.0,1496
510121,2015,9.452540106951872,14141.0,1496
510121,2016,9.852272727272727,14739.0,1496
510121,2017,13.481951871657754,20169.0,1496
510121,2018,13.747994652406417,20567.0,1496
510121,2019,15.05548128342246,22523.0,1496
510121,2020,16.34893048128342,24458.0,1496
510129,2000,2.791454081632653,4377.0,1568
510129,2001,3.201530612244898,5020.0,1568
510129,2002,2.7869897959183674,4370.0,1568
510129,2003,2.7448979591836733,4304.0,1568
510129,2004,3.919642857142857,6146.0,1568
510129,2005,3.1645408163265305,4962.0,1568
510129,2006,2.9738520408163267,4663.0,1568
510129,2007,3.815051020408163,5982.0,1568
510129,2008,3.461734693877551,5428.0,1568
510129,2009,4.139030612244898,6490.0,1568
510129,2010,4.933673469387755,7736.0,1568
510129,2011,4.213647959183674,6607.0,1568
510129,2012,4.151785714285714,6510.0,1568
510129,2013,5.432397959183674,8518.0,1568
510129,2014,6.007015306122449,9419.0,1568
510129,2015,5.658163265306122,8872.0,1568
510129,2016,5.4292091836734695,8513.0,1568
510129,2017,6.154336734693878,9650.0,1568
510129,2018,6.621811224489796,10383.0,1568
510129,2019,7.878826530612245,12354.0,1568
510129,2020,7.833545918367347,12283.0,1568
510131,2000,2.8718703976435935,1950.0,679
510131,2001,3.0810014727540502,2092.0,679
510131,2002,3.346097201767305,2272.0,679
510131,2003,3.2503681885125184,2207.0,679
510131,2004,5.780559646539028,3925.0,679
510131,2005,4.4580265095729015,3027.0,679
510131,2006,3.4624447717231224,2351.0,679
510131,2007,5.228276877761414,3550.0,679
510131,2008,4.824742268041237,3276.0,679
510131,2009,5.717231222385862,3882.0,679
510131,2010,6.845360824742268,4648.0,679
510131,2011,6.3181148748159055,4290.0,679
510131,2012,6.503681885125184,4416.0,679
510131,2013,7.0,4753.0,679
510131,2014,5.6980854197349045,3869.0,679
510131,2015,5.120765832106038,3477.0,679
510131,2016,3.9587628865979383,2688.0,679
510131,2017,7.054491899852724,4790.0,679
510131,2018,8.035346097201767,5456.0,679
510131,2019,9.761413843888072,6628.0,679
510131,2020,10.223858615611192,6942.0,679
510181,2000,4.451591942820013,6851.0,1539
510181,2001,5.207927225471085,8015.0,1539
510181,2002,5.766731643924627,8875.0,1539
510181,2003,6.382066276803119,9822.0,1539
510181,2004,7.117608836907083,10954.0,1539
510181,2005,7.035737491877843,10828.0,1539
510181,2006,7.073424301494477,10886.0,1539
510181,2007,6.9337231968810915,10671.0,1539
510181,2008,6.489278752436647,9987.0,1539
510181,2009,9.755685510071475,15014.0,1539
510181,2010,9.626380766731645,14815.0,1539
510181,2011,8.161793372319687,12561.0,1539
510181,2012,8.310591293047434,12790.0,1539
510181,2013,10.829109811565951,16666.0,1539
510181,2014,11.176738141650423,17201.0,1539
510181,2015,10.74074074074074,16530.0,1539
510181,2016,10.16829109811566,15649.0,1539
510181,2017,12.126055880441845,18662.0,1539
510181,2018,13.510721247563353,20793.0,1539
510181,2019,14.432748538011696,22212.0,1539
510181,2020,15.212475633528266,23412.0,1539
510182,2000,2.9767561983471076,5763.0,1936
510182,2001,3.4829545454545454,6743.0,1936
510182,2002,4.068698347107438,7877.0,1936
510182,2003,4.954028925619835,9591.0,1936
510182,2004,5.430268595041323,10513.0,1936
510182,2005,5.441115702479339,10534.0,1936
510182,2006,5.740702479338843,11114.0,1936
510182,2007,5.819214876033058,11266.0,1936
510182,2008,5.525826446280992,10698.0,1936
510182,2009,8.318181818181818,16104.0,1936
510182,2010,8.273243801652892,16017.0,1936
510182,2011,7.152892561983471,13848.0,1936
510182,2012,7.307334710743802,14147.0,1936
510182,2013,10.163739669421487,19677.0,1936
510182,2014,11.541838842975206,22345.0,1936
510182,2015,11.43336776859504,22135.0,1936
510182,2016,10.622417355371901,20565.0,1936
510182,2017,12.838842975206612,24856.0,1936
510182,2018,14.34400826446281,27770.0,1936
510182,2019,15.757747933884298,30507.0,1936
510182,2020,17.018078512396695,32947.0,1936
510183,2000,2.19082762256194,4156.0,1897
510183,2001,2.7327358987875594,5184.0,1897
510183,2002,2.8977332630469164,5497.0,1897
510183,2003,3.206642066420664,6083.0,1897
510183,2004,4.193990511333685,7956.0,1897
510183,2005,3.5824986821296783,6796.0,1897
510183,2006,3.224037954665261,6116.0,1897
510183,2007,4.402214022140221,8351.0,1897
510183,2008,3.793357933579336,7196.0,1897
510183,2009,4.240906694781233,8045.0,1897
510183,2010,4.496573537163943,8530.0,1897
510183,2011,4.17554032683184,7921.0,1897
510183,2012,4.532419609910384,8598.0,1897
510183,2013,5.78755930416447,10979.0,1897
510183,2014,6.235635213494992,11829.0,1897
510183,2015,5.570374275171323,10567.0,1897
510183,2016,5.290985767000527,10037.0,1897
510183,2017,6.72904586188719,12765.0,1897
510183,2018,7.260938323668951,13774.0,1897
510183,2019,7.891407485503427,14970.0,1897
510183,2020,8.136531365313653,15435.0,1897
510184,2000,4.39962240402769,6991.0,1589
510184,2001,5.23725613593455,8322.0,1589
510184,2002,5.105726872246696,8113.0,1589
510184,2003,5.427942101950912,8625.0,1589
510184,2004,6.120201384518565,9725.0,1589
510184,2005,5.821900566393959,9251.0,1589
510184,2006,6.066079295154185,9639.0,1589
510184,2007,6.594713656387666,10479.0,1589
510184,2008,6.358086847073631,10103.0,1589
510184,2009,8.574575204531152,13625.0,1589
510184,2010,9.346758967904343,14852.0,1589
510184,2011,7.833857772183763,12448.0,1589
510184,2012,8.238514789175582,13091.0,1589
510184,2013,11.091881686595343,17625.0,1589
510184,2014,11.45689112649465,18205.0,1589
510184,2015,12.150409062303336,19307.0,1589
510184,2016,11.721208307111391,18625.0,1589
510184,2017,12.896161107614851,20492.0,1589
510184,2018,14.045940843297672,22319.0,1589
510184,2019,16.025802391441157,25465.0,1589
510184,2020,15.68785399622404,24928.0,1589
510185,2000,1.205971150620597,3595.0,2981
510185,2001,1.4599127809459913,4352.0,2981
510185,2002,1.604830593760483,4784.0,2981
510185,2003,2.19959745051996,6557.0,2981
510185,2004,2.5323716873532374,7549.0,2981
510185,2005,2.4642737336464275,7346.0,2981
510185,2006,2.2623280778262327,6744.0,2981
510185,2007,3.512579671251258,10471.0,2981
510185,2008,2.42569607514257,7231.0,2981
510185,2009,2.9245219724924523,8718.0,2981
510185,2010,3.043609527004361,9073.0,2981
510185,2011,4.039919490103992,12043.0,2981
510185,2012,3.8775578664877557,11559.0,2981
510185,2013,4.348540758134854,12963.0,2981
510185,2014,3.2170412613217043,9590.0,2981
510185,2015,3.642066420664207,10857.0,2981
510185,2016,3.6853404897685342,10986.0,2981
510185,2017,7.660516605166052,22836.0,2981
510185,2018,9.721234485072124,28979.0,2981
510185,2019,13.873532371687354,41357.0,2981
510185,2020,16.462931902046293,49076.0,2981
510302,2000,4.63013698630137,676.0,146
510302,2001,5.280821917808219,771.0,146
510302,2002,6.465753424657534,944.0,146
510302,2003,5.486301369863014,801.0,146
510302,2004,7.342465753424658,1072.0,146
510302,2005,6.767123287671233,988.0,146
510302,2006,6.472602739726027,945.0,146
510302,2007,6.2465753424657535,912.0,146
510302,2008,5.554794520547945,811.0,146
510302,2009,8.335616438356164,1217.0,146
510302,2010,8.86986301369863,1295.0,146
510302,2011,8.273972602739725,1208.0,146
510302,2012,7.5479452054794525,1102.0,146
510302,2013,9.897260273972602,1445.0,146
510302,2014,13.527397260273972,1975.0,146
510302,2015,12.547945205479452,1832.0,146
510302,2016,12.849315068493151,1876.0,146
510302,2017,15.445205479452055,2255.0,146
510302,2018,18.28767123287671,2670.0,146
510302,2019,20.171232876712327,2945.0,146
510302,2020,21.986301369863014,3210.0,146
510303,2000,1.4050632911392404,666.0,474
510303,2001,1.8839662447257384,893.0,474
510303,2002,1.8924050632911393,897.0,474
510303,2003,1.8122362869198312,859.0,474
510303,2004,2.3375527426160336,1108.0,474
510303,2005,2.7130801687763713,1286.0,474
510303,2006,2.149789029535865,1019.0,474
510303,2007,2.5548523206751055,1211.0,474
510303,2008,2.238396624472574,1061.0,474
510303,2009,3.1350210970464136,1486.0,474
510303,2010,4.949367088607595,2346.0,474
510303,2011,3.670886075949367,1740.0,474
510303,2012,3.759493670886076,1782.0,474
510303,2013,4.223628691983122,2002.0,474
510303,2014,3.8755274261603376,1837.0,474
510303,2015,4.3354430379746836,2055.0,474
510303,2016,4.356540084388186,2065.0,474
510303,2017,6.3544303797468356,3012.0,474
510303,2018,7.105485232067511,3368.0,474
510303,2019,7.810126582278481,3702.0,474
510303,2020,9.356540084388186,4435.0,474
510304,2000,4.228381374722838,1907.0,451
510304,2001,6.541019955654102,2950.0,451
510304,2002,6.47450110864745,2920.0,451
510304,2003,6.760532150776053,3049.0,451
510304,2004,7.898004434589801,3562.0,451
510304,2005,8.48558758314856,3827.0,451
510304,2006,7.906873614190688,3566.0,451
510304,2007,7.321507760532151,3302.0,451
510304,2008,6.35920177383592,2868.0,451
510304,2009,8.077605321507761,3643.0,451
510304,2010,7.3791574279379155,3328.0,451
510304,2011,7.252771618625277,3271.0,451
510304,2012,8.13968957871397,3671.0,451
510304,2013,9.60310421286031,4331.0,451
510304,2014,8.470066518847007,3820.0,451
510304,2015,9.636363636363637,4346.0,451
510304,2016,10.558758314855876,4762.0,451
510304,2017,12.07538802660754,5446.0,451
510304,2018,13.991130820399112,6310.0,451
510304,2019,21.0,9471.0,451
510304,2020,20.88248337028825,9418.0,451
510311,2000,1.9398373983739838,1193.0,615
510311,2001,2.3821138211382116,1465.0,615
510311,2002,2.5788617886178864,1586.0,615
510311,2003,2.824390243902439,1737.0,615
510311,2004,3.856910569105691,2372.0,615
510311,2005,3.653658536585366,2247.0,615
510311,2006,2.791869918699187,1717.0,615
510311,2007,4.04390243902439,2487.0,615
510311,2008,3.12520325203252,1922.0,615
510311,2009,4.578861788617886,2816.0,615
510311,2010,6.182113821138211,3802.0,615
510311,2011,5.949593495934959,3659.0,615
510311,2012,6.489430894308943,3991.0,615
510311,2013,8.411382113821139,5173.0,615
510311,2014,9.373983739837398,5765.0,615
510311,2015,9.476422764227642,5828.0,615
510311,2016,10.469918699186993,6439.0,615
510311,2017,13.613008130081301,8372.0,615
510311,2018,16.899186991869918,10393.0,615
510311,2019,17.401626016260163,10702.0,615
510311,2020,20.466666666666665,12587.0,615
510321,2000,0.2910079051383399,589.0,2024
510321,2001,0.375,759.0,2024
510321,2002,0.5286561264822134,1070.0,2024
510321,2003,0.5306324110671937,1074.0,2024
510321,2004,1.0454545454545454,2116.0,2024
510321,2005,1.4575098814229248,2950.0,2024
510321,2006,1.1299407114624507,2287.0,2024
510321,2007,1.3315217391304348,2695.0,2024
510321,2008,0.8636363636363636,1748.0,2024
510321,2009,1.0128458498023716,2050.0,2024
510321,2010,1.533596837944664,3104.0,2024
510321,2011,1.506916996047431,3050.0,2024
510321,2012,1.4303359683794465,2895.0,2024
510321,2013,1.7974308300395256,3638.0,2024
510321,2014,2.125,4301.0,2024
510321,2015,2.315711462450593,4687.0,2024
510321,2016,2.041501976284585,4132.0,2024
510321,2017,3.2050395256916997,6487.0,2024
510321,2018,3.4851778656126484,7054.0,2024
510321,2019,4.075592885375494,8249.0,2024
510321,2020,4.550889328063241,9211.0,2024
510322,2000,0.6455549099360837,1111.0,1721
510322,2001,0.7606042998256828,1309.0,1721
510322,2002,0.8901801278326554,1532.0,1721
510322,2003,1.0145264381173735,1746.0,1721
510322,2004,1.1237652527600233,1934.0,1721
510322,2005,1.148750726321906,1977.0,1721
510322,2006,1.2027890761185358,2070.0,1721
510322,2007,1.4764671702498546,2541.0,1721
510322,2008,1.0278907611853574,1769.0,1721
510322,2009,1.610110400929692,2771.0,1721
510322,2010,1.684485764090645,2899.0,1721
510322,2011,1.5339918651946542,2640.0,1721
510322,2012,1.6403253922138292,2823.0,1721
510322,2013,2.1545613015688554,3708.0,1721
510322,2014,2.601975595583963,4478.0,1721
510322,2015,2.282393957001743,3928.0,1721
510322,2016,2.2998256827425916,3958.0,1721
510322,2017,3.841952353282975,6612.0,1721
510322,2018,4.729808251016851,8140.0,1721
510322,2019,4.712376525276002,8110.0,1721
510322,2020,9.136548518303313,15724.0,1721
510402,2000,32.06285714285714,5611.0,175
510402,2001,37.48,6559.0,175
510402,2002,38.38285714285714,6717.0,175
510402,2003,41.55428571428571,7272.0,175
510402,2004,40.91428571428571,7160.0,175
510402,2005,41.628571428571426,7285.0,175
510402,2006,42.57714285714286,7451.0,175
510402,2007,39.14857142857143,6851.0,175
510402,2008,38.86857142857143,6802.0,175
510402,2009,38.25714285714286,6695.0,175
510402,2010,37.82857142857143,6620.0,175
510402,2011,37.57714285714286,6576.0,175
510402,2012,41.41142857142857,7247.0,175
510402,2013,41.76571428571429,7309.0,175
510402,2014,41.2,7210.0,175
510402,2015,37.45142857142857,6554.0,175
510402,2016,33.15428571428571,5802.0,175
510402,2017,35.502857142857145,6213.0,175
510402,2018,34.92,6111.0,175
510402,2019,36.05142857142857,6309.0,175
510402,2020,39.04,6832.0,175
510403,2000,24.43220338983051,2883.0,118
510403,2001,26.983050847457626,3184.0,118
510403,2002,28.66949152542373,3383.0,118
510403,2003,33.355932203389834,3936.0,118
510403,2004,32.771186440677965,3867.0,118
510403,2005,36.58474576271186,4317.0,118
510403,2006,38.686440677966104,4565.0,118
510403,2007,34.6271186440678,4086.0,118
510403,2008,32.686440677966104,3857.0,118
510403,2009,34.5,4071.0,118
510403,2010,32.50847457627118,3836.0,118
510403,2011,28.677966101694917,3384.0,118
510403,2012,32.24576271186441,3805.0,118
510403,2013,28.02542372881356,3307.0,118
510403,2014,27.39830508474576,3233.0,118
510403,2015,22.60169491525424,2667.0,118
510403,2016,19.11864406779661,2256.0,118
510403,2017,19.533898305084747,2305.0,118
510403,2018,19.983050847457626,2358.0,118
510403,2019,22.423728813559322,2646.0,118
510403,2020,20.796610169491526,2454.0,118
510411,2000,3.9798783341132427,8505.0,2137
510411,2001,5.082826392138512,10862.0,2137
510411,2002,5.187178287318671,11085.0,2137
510411,2003,6.4674777725783805,13821.0,2137
510411,2004,7.8441740758072065,16763.0,2137
510411,2005,7.4679457182966775,15959.0,2137
510411,2006,8.747777257838091,18694.0,2137
510411,2007,8.87739822180627,18971.0,2137
510411,2008,7.8226485727655595,16717.0,2137
510411,2009,7.590079550772111,16220.0,2137
510411,2010,8.721572297613477,18638.0,2137
510411,2011,7.886289190453907,16853.0,2137
510411,2012,7.657463734206832,16364.0,2137
510411,2013,8.172204024333178,17464.0,2137
510411,2014,7.105755732335049,15185.0,2137
510411,2015,5.401497426298549,11543.0,2137
510411,2016,4.379503977538605,9359.0,2137
510411,2017,5.610201216658868,11989.0,2137
510411,2018,5.882545624707534,12571.0,2137
510411,2019,6.356574637342068,13584.0,2137
510411,2020,7.312119794103884,15626.0,2137
510421,2000,0.9867498051441933,2532.0,2566
510421,2001,1.1395167575993765,2924.0,2566
510421,2002,1.1215900233826968,2878.0,2566
510421,2003,1.9423226812159002,4984.0,2566
510421,2004,2.5416991426344504,6522.0,2566
510421,2005,3.1675759937646144,8128.0,2566
510421,2006,2.5904130943102106,6647.0,2566
510421,2007,2.6808261886204208,6879.0,2566
510421,2008,2.7575993764614184,7076.0,2566
510421,2009,2.701091192517537,6931.0,2566
510421,2010,4.084567420109119,10481.0,2566
510421,2011,3.078721745908028,7900.0,2566
510421,2012,3.098597038191738,7951.0,2566
510421,2013,3.23460639127046,8300.0,2566
510421,2014,2.8445050662509743,7299.0,2566
510421,2015,1.9240062353858145,4937.0,2566
510421,2016,1.4329696024941543,3677.0,2566
510421,2017,2.1336710833982853,5475.0,2566
510421,2018,2.382307092751364,6113.0,2566
510421,2019,2.78526890101325,7147.0,2566
510421,2020,3.069368667186282,7876.0,2566
510422,2000,1.0361818614615568,4353.0,4201
510422,2001,1.2078076648417044,5074.0,4201
510422,2002,0.99428707450607,4177.0,4201
510422,2003,1.6122351820995,6773.0,4201
510422,2004,2.1233039752439895,8920.0,4201
510422,2005,2.245655796238991,9434.0,4201
510422,2006,1.9752439895263032,8298.0,4201
510422,2007,2.215186860271364,9306.0,4201
510422,2008,1.86122351820995,7819.0,4201
510422,2009,1.849321590097596,7769.0,4201
510422,2010,3.2061413949059747,13469.0,4201
510422,2011,2.3603903832420854,9916.0,4201
510422,2012,2.1035467745774814,8837.0,4201
510422,2013,2.2166150916448464,9312.0,4201
510422,2014,1.2477981432992145,5242.0,4201
510422,2015,0.9473934777433944,3980.0,4201
510422,2016,0.6300880742680314,2647.0,4201
510422,2017,1.1482980242799334,4824.0,4201
510422,2018,1.1854320399904785,4980.0,4201
510422,2019,1.2482742204237087,5244.0,4201
510422,2020,1.651273506308022,6937.0,4201
510502,2000,2.606896551724138,1890.0,725
510502,2001,3.5627586206896553,2583.0,725
510502,2002,4.56551724137931,3310.0,725
510502,2003,5.0,3625.0,725
510502,2004,6.103448275862069,4425.0,725
510502,2005,5.489655172413793,3980.0,725
510502,2006,5.248275862068965,3805.0,725
510502,2007,6.161379310344827,4467.0,725
510502,2008,5.045517241379311,3658.0,725
510502,2009,6.502068965517242,4714.0,725
510502,2010,7.107586206896552,5153.0,725
510502,2011,6.582068965517242,4772.0,725
510502,2012,6.842758620689655,4961.0,725
510502,2013,9.855172413793104,7145.0,725
510502,2014,10.910344827586206,7910.0,725
510502,2015,11.824827586206897,8573.0,725
510502,2016,12.620689655172415,9150.0,725
510502,2017,14.97103448275862,10854.0,725
510502,2018,16.69793103448276,12106.0,725
510502,2019,17.477241379310346,12671.0,725
510502,2020,21.053793103448275,15264.0,725
510503,2000,0.4387617765814266,652.0,1486
510503,2001,0.8761776581426649,1302.0,1486
510503,2002,0.8808882907133243,1309.0,1486
510503,2003,0.8660834454912517,1287.0,1486
510503,2004,1.3317631224764468,1979.0,1486
510503,2005,1.0585464333781964,1573.0,1486
510503,2006,0.9421265141318977,1400.0,1486
510503,2007,1.31628532974428,1956.0,1486
510503,2008,0.8506056527590848,1264.0,1486
510503,2009,1.234185733512786,1834.0,1486
510503,2010,1.3795423956931359,2050.0,1486
510503,2011,1.4037685060565277,2086.0,1486
510503,2012,1.1150740242261103,1657.0,1486
510503,2013,1.5901749663526246,2363.0,1486
510503,2014,1.943472409152086,2888.0,1486
510503,2015,2.1312247644683713,3167.0,1486
510503,2016,2.631897711978466,3911.0,1486
510503,2017,3.4636608344549127,5147.0,1486
510503,2018,4.129205921938089,6136.0,1486
510503,2019,3.940780619111709,5856.0,1486
510503,2020,5.5969044414535665,8317.0,1486
510504,2000,6.154377880184332,2671.0,434
510504,2001,8.71889400921659,3784.0,434
510504,2002,9.78110599078341,4245.0,434
510504,2003,10.675115207373272,4633.0,434
510504,2004,11.576036866359447,5024.0,434
510504,2005,11.96774193548387,5194.0,434
510504,2006,11.721198156682028,5087.0,434
510504,2007,11.891705069124423,5161.0,434
510504,2008,10.2073732718894,4430.0,434
510504,2009,12.331797235023041,5352.0,434
510504,2010,11.34331797235023,4923.0,434
510504,2011,11.21889400921659,4869.0,434
510504,2012,12.52073732718894,5434.0,434
510504,2013,16.91705069124424,7342.0,434
510504,2014,17.629032258064516,7651.0,434
510504,2015,19.055299539170505,8270.0,434
510504,2016,20.071428571428573,8711.0,434
510504,2017,27.246543778801843,11825.0,434
510504,2018,29.285714285714285,12710.0,434
510504,2019,30.88479262672811,13404.0,434
510504,2020,33.23732718894009,14425.0,434
510521,2000,0.3606632888070014,783.0,2171
510521,2001,0.6969138645785352,1513.0,2171
510521,2002,1.5131275909719024,3285.0,2171
510521,2003,1.2809765085214186,2781.0,2171
510521,2004,2.397973284200829,5206.0,2171
510521,2005,2.141409488714878,4649.0,2171
510521,2006,1.6176877015200368,3512.0,2171
510521,2007,2.302164900967296,4998.0,2171
510521,2008,1.2197144173192078,2648.0,2171
510521,2009,1.5826807922616306,3436.0,2171
510521,2010,1.2528788576692769,2720.0,2171
510521,2011,1.5338553661906955,3330.0,2171
510521,2012,1.4486411791801013,3145.0,2171
510521,2013,1.5181943804698295,3296.0,2171
510521,2014,2.07185628742515,4498.0,2171
510521,2015,1.598802395209581,3471.0,2171
510521,2016,1.4993090741593735,3255.0,2171
510521,2017,3.089359742054353,6707.0,2171
510521,2018,5.182865039152464,11252.0,2171
510521,2019,7.050207277752188,15306.0,2171
510521,2020,11.0557346844772,24002.0,2171
510522,2000,0.43700547778454046,1436.0,3286
510522,2001,0.47474132684114423,1560.0,3286
510522,2002,0.664637857577602,2184.0,3286
510522,2003,0.6838101034692635,2247.0,3286
510522,2004,0.6926354230066951,2276.0,3286
510522,2005,0.8207547169811321,2697.0,3286
510522,2006,0.8880097382836275,2918.0,3286
510522,2007,1.0057821059038345,3305.0,3286
510522,2008,0.7574558734023128,2489.0,3286
510522,2009,0.8837492391965917,2904.0,3286
510522,2010,0.992696287279367,3262.0,3286
510522,2011,1.1162507608034085,3668.0,3286
510522,2012,1.3931832014607426,4578.0,3286
510522,2013,1.310407790626902,4306.0,3286
510522,2014,1.5076080340839928,4954.0,3286
510522,2015,1.3554473524041388,4454.0,3286
510522,2016,1.288496652465003,4234.0,3286
510522,2017,2.1147291539866098,6949.0,3286
510522,2018,2.111685940353013,6939.0,3286
510522,2019,2.861533779671333,9403.0,3286
510522,2020,4.352404138770542,14302.0,3286
510524,2000,0.12309746328437918,461.0,3745
510524,2001,0.3343124165554072,1252.0,3745
510524,2002,0.2648865153538051,992.0,3745
510524,2003,0.25500667556742324,955.0,3745
510524,2004,0.37703604806408547,1412.0,3745
510524,2005,0.3823765020026702,1432.0,3745
510524,2006,0.3882510013351135,1454.0,3745
510524,2007,0.4493991989319092,1683.0,3745
510524,2008,0.2769025367156208,1037.0,3745
510524,2009,0.5794392523364486,2170.0,3745
510524,2010,0.6918558077436582,2591.0,3745
510524,2011,0.5845126835781042,2189.0,3745
510524,2012,0.41869158878504675,1568.0,3745
510524,2013,0.42269692923898533,1583.0,3745
510524,2014,0.5492656875834446,2057.0,3745
510524,2015,0.5236315086782376,1961.0,3745
510524,2016,0.4218958611481976,1580.0,3745
510524,2017,0.9180240320427236,3438.0,3745
510524,2018,1.3842456608811748,5184.0,3745
510524,2019,1.804272363150868,6757.0,3745
510524,2020,2.573030707610147,9636.0,3745
510525,2000,0.10989545344031121,452.0,4113
510525,2001,0.13834184293702892,569.0,4113
510525,2002,0.15852176027230733,652.0,4113
510525,2003,0.1473377097009482,606.0,4113
510525,2004,0.23948456114758085,985.0,4113
510525,2005,0.1925601750547046,792.0,4113
510525,2006,0.2210065645514223,909.0,4113
510525,2007,0.24896669097982008,1024.0,4113
510525,2008,0.28908339411621686,1189.0,4113
510525,2009,0.3160709944079747,1300.0,4113
510525,2010,0.387794796985169,1595.0,4113
510525,2011,0.4665694140530027,1919.0,4113
510525,2012,0.5154388524191588,2120.0,4113
510525,2013,0.599805494772672,2467.0,4113
510525,2014,0.7425237053245806,3054.0,4113
510525,2015,0.6122052030148311,2518.0,4113
510525,2016,0.574033552151714,2361.0,4113
510525,2017,1.1543885241915877,4748.0,4113
510525,2018,1.2837345003646974,5280.0,4113
510525,2019,1.488451252127401,6122.0,4113
510525,2020,2.1016289812788718,8644.0,4113
510603,2000,9.532911392405063,7531.0,790
510603,2001,11.036708860759493,8719.0,790
510603,2002,12.363291139240506,9767.0,790
510603,2003,15.01645569620253,11863.0,790
510603,2004,15.654430379746836,12367.0,790
510603,2005,15.632911392405063,12350.0,790
510603,2006,17.212658227848102,13598.0,790
510603,2007,17.313924050632913,13678.0,790
510603,2008,17.81645569620253,14075.0,790
510603,2009,20.69493670886076,16349.0,790
510603,2010,19.70126582278481,15564.0,790
510603,2011,21.232911392405065,16774.0,790
510603,2012,21.39746835443038,16904.0,790
510603,2013,24.78860759493671,19583.0,790
510603,2014,21.853164556962025,17264.0,790
510603,2015,22.60253164556962,17856.0,790
510603,2016,21.69367088607595,17138.0,790
510603,2017,24.463291139240507,19326.0,790
510603,2018,25.02278481012658,19768.0,790
510603,2019,29.229113924050633,23091.0,790
510603,2020,27.80759493670886,21968.0,790
510604,2000,4.020942408376963,2304.0,573
510604,2001,5.5881326352530545,3202.0,573
510604,2002,5.87958115183246,3369.0,573
510604,2003,8.167539267015707,4680.0,573
510604,2004,8.595113438045376,4925.0,573
510604,2005,7.465968586387435,4278.0,573
510604,2006,7.2356020942408374,4146.0,573
510604,2007,7.429319371727749,4257.0,573
510604,2008,7.717277486910994,4422.0,573
510604,2009,10.481675392670157,6006.0,573
510604,2010,10.502617801047121,6018.0,573
510604,2011,10.37870855148342,5947.0,573
510604,2012,9.012216404886562,5164.0,573
510604,2013,10.165794066317627,5825.0,573
510604,2014,6.5898778359511345,3776.0,573
510604,2015,6.029668411867365,3455.0,573
510604,2016,5.134380453752182,2942.0,573
510604,2017,11.801047120418849,6762.0,573
510604,2018,13.043630017452006,7474.0,573
510604,2019,14.732984293193716,8442.0,573
510604,2020,14.664921465968586,8403.0,573
510623,2000,0.7523809523809524,2212.0,2940
510623,2001,0.8482993197278912,2494.0,2940
510623,2002,1.0687074829931973,3142.0,2940
510623,2003,1.5282312925170067,4493.0,2940
510623,2004,1.1418367346938776,3357.0,2940
510623,2005,1.1714285714285715,3444.0,2940
510623,2006,2.0833333333333335,6125.0,2940
510623,2007,2.9136054421768707,8566.0,2940
510623,2008,2.1877551020408164,6432.0,2940
510623,2009,1.7952380952380953,5278.0,2940
510623,2010,2.5153061224489797,7395.0,2940
510623,2011,2.9241496598639456,8597.0,2940
510623,2012,2.7272108843537417,8018.0,2940
510623,2013,3.0744897959183675,9039.0,2940
510623,2014,2.595578231292517,7631.0,2940
510623,2015,2.56156462585034,7531.0,2940
510623,2016,2.3935374149659863,7037.0,2940
510623,2017,4.801360544217687,14116.0,2940
510623,2018,5.309523809523809,15610.0,2940
510623,2019,6.829931972789115,20080.0,2940
510623,2020,7.435714285714286,21861.0,2940
510681,2000,8.655778894472363,6890.0,796
510681,2001,10.954773869346734,8720.0,796
510681,2002,12.14824120603015,9670.0,796
510681,2003,14.168341708542714,11278.0,796
510681,2004,15.390703517587939,12251.0,796
510681,2005,15.222361809045227,12117.0,796
510681,2006,16.5464824120603,13171.0,796
510681,2007,16.026381909547737,12757.0,796
510681,2008,16.12562814070352,12836.0,796
510681,2009,19.82788944723618,15783.0,796
510681,2010,21.6356783919598,17222.0,796
510681,2011,20.834170854271356,16584.0,796
510681,2012,21.984924623115578,17500.0,796
510681,2013,25.9321608040201,20642.0,796
510681,2014,22.644472361809044,18025.0,796
510681,2015,23.39824120603015,18625.0,796
510681,2016,22.907035175879397,18234.0,796
510681,2017,24.95603015075377,19865.0,796
510681,2018,27.275125628140703,21711.0,796
510681,2019,31.782663316582916,25299.0,796
510681,2020,32.08291457286432,25538.0,796
510682,2000,3.926678445229682,4445.0,1132
510682,2001,4.4628975265017665,5052.0,1132
510682,2002,4.8462897526501765,5486.0,1132
510682,2003,5.954946996466431,6741.0,1132
510682,2004,6.763250883392226,7656.0,1132
510682,2005,6.073321554770318,6875.0,1132
510682,2006,6.424028268551237,7272.0,1132
510682,2007,5.96113074204947,6748.0,1132
510682,2008,5.838339222614841,6609.0,1132
510682,2009,7.996466431095406,9052.0,1132
510682,2010,8.570671378091873,9702.0,1132
510682,2011,7.831272084805653,8865.0,1132
510682,2012,7.365724381625442,8338.0,1132
510682,2013,9.197879858657243,10412.0,1132
510682,2014,8.802120141342757,9964.0,1132
510682,2015,9.06183745583039,10258.0,1132
510682,2016,8.228798586572438,9315.0,1132
510682,2017,9.348056537102474,10582.0,1132
510682,2018,10.096289752650177,11429.0,1132
510682,2019,11.512367491166078,13032.0,1132
510682,2020,11.492932862190813,13010.0,1132
510683,2000,3.454386984311447,5945.0,1721
510683,2001,4.042998256827426,6958.0,1721
510683,2002,4.252760023242301,7319.0,1721
510683,2003,5.3561882626380015,9218.0,1721
510683,2004,6.081348053457292,10466.0,1721
510683,2005,5.607786170830912,9651.0,1721
510683,2006,5.672283556072051,9762.0,1721
510683,2007,5.5816385822196395,9606.0,1721
510683,2008,5.800116211504939,9982.0,1721
510683,2009,7.3561882626380015,12660.0,1721
510683,2010,7.0459035444509,12126.0,1721
510683,2011,7.044160371876816,12123.0,1721
510683,2012,6.870424171993028,11824.0,1721
510683,2013,8.442184776292853,14529.0,1721
510683,2014,8.032539221382917,13824.0,1721
510683,2015,7.797210923881464,13419.0,1721
510683,2016,6.1487507263219054,10582.0,1721
510683,2017,8.127832655432888,13988.0,1721
510683,2018,8.609529343404997,14817.0,1721
510683,2019,9.31725740848344,16035.0,1721
510683,2020,9.51597908192911,16377.0,1721
510703,2000,13.722300140252454,9784.0,713
510703,2001,16.68302945301543,11895.0,713
510703,2002,19.605890603085555,13979.0,713
510703,2003,19.758765778401123,14088.0,713
510703,2004,20.370266479663393,14524.0,713
510703,2005,15.504908835904628,11055.0,713
510703,2006,18.20617110799439,12981.0,713
510703,2007,17.28892005610098,12327.0,713
510703,2008,17.021037868162693,12136.0,713
510703,2009,21.004207573632538,14976.0,713
510703,2010,23.978962131837307,17097.0,713
510703,2011,22.05890603085554,15728.0,713
510703,2012,22.255259467040673,15868.0,713
510703,2013,27.46704067321178,19584.0,713
510703,2014,24.64796633941094,17574.0,713
510703,2015,27.152875175315568,19360.0,713
510703,2016,27.517531556802243,19620.0,713
510703,2017,30.107994389901823,21467.0,713
510703,2018,31.342215988779802,22347.0,713
510703,2019,35.86535764375876,25572.0,713
510703,2020,35.41514726507714,25251.0,713
510704,2000,4.833461243284727,6298.0,1303
510704,2001,5.7889485801995395,7543.0,1303
510704,2002,6.141980046047583,8003.0,1303
510704,2003,7.178818112049117,9354.0,1303
510704,2004,6.745970836531082,8790.0,1303
510704,2005,5.977743668457406,7789.0,1303
510704,2006,5.878741366078281,7660.0,1303
510704,2007,6.9040675364543365,8996.0,1303
510704,2008,7.0145817344589405,9140.0,1303
510704,2009,7.106676899462778,9260.0,1303
510704,2010,7.88871834228703,10279.0,1303
510704,2011,8.704528012279356,11342.0,1303
510704,2012,7.854950115118957,10235.0,1303
510704,2013,9.23867996930161,12038.0,1303
510704,2014,8.627014581734459,11241.0,1303
510704,2015,7.591711435149655,9892.0,1303
510704,2016,7.683806600153492,10012.0,1303
510704,2017,9.66615502686109,12595.0,1303
510704,2018,10.70069071373753,13943.0,1303
510704,2019,13.225633154259402,17233.0,1303
510704,2020,14.466615502686109,18850.0,1303
510705,2000,1.911275415896488,3102.0,1623
510705,2001,2.8459642637091807,4619.0,1623
510705,2002,2.655576093653728,4310.0,1623
510705,2003,3.6592729513247075,5939.0,1623
510705,2004,3.7153419593345656,6030.0,1623
510705,2005,3.4756623536660505,5641.0,1623
510705,2006,3.0301910043130005,4918.0,1623
510705,2007,3.4707332101047443,5633.0,1623
510705,2008,4.177449168207024,6780.0,1623
510705,2009,5.506469500924214,8937.0,1623
510705,2010,5.549599507085644,9007.0,1623
510705,2011,5.364140480591497,8706.0,1623
510705,2012,5.402957486136784,8769.0,1623
510705,2013,6.361675908810844,10325.0,1623
510705,2014,4.097350585335798,6650.0,1623
510705,2015,4.025261860751694,6533.0,1623
510705,2016,3.1940850277264325,5184.0,1623
510705,2017,6.4830560690080095,10522.0,1623
510705,2018,7.304990757855823,11856.0,1623
510705,2019,7.388786198398028,11992.0,1623
510705,2020,7.861367837338262,12759.0,1623
510722,2000,0.9117486338797814,3337.0,3660
510722,2001,1.060928961748634,3883.0,3660
510722,2002,1.1527322404371585,4219.0,3660
510722,2003,1.0959016393442622,4011.0,3660
510722,2004,1.2601092896174864,4612.0,3660
510722,2005,1.1972677595628416,4382.0,3660
510722,2006,1.3896174863387978,5086.0,3660
510722,2007,1.6855191256830602,6169.0,3660
510722,2008,1.5377049180327869,5628.0,3660
510722,2009,1.7915300546448087,6557.0,3660
510722,2010,2.5008196721311475,9153.0,3660
510722,2011,2.6901639344262294,9846.0,3660
510722,2012,1.9420765027322404,7108.0,3660
510722,2013,1.9931693989071038,7295.0,3660
510722,2014,1.7866120218579236,6539.0,3660
510722,2015,1.8650273224043716,6826.0,3660
510722,2016,1.771311475409836,6483.0,3660
510722,2017,3.175136612021858,11621.0,3660
510722,2018,4.390710382513661,16070.0,3660
510722,2019,4.947267759562841,18107.0,3660
510722,2020,5.689617486338798,20824.0,3660
510723,2000,0.3595505617977528,768.0,2136
510723,2001,0.3506554307116105,749.0,2136
510723,2002,0.5098314606741573,1089.0,2136
510723,2003,0.48735955056179775,1041.0,2136
510723,2004,0.5421348314606742,1158.0,2136
510723,2005,0.49953183520599254,1067.0,2136
510723,2006,0.5402621722846442,1154.0,2136
510723,2007,0.5440074906367042,1162.0,2136
510723,2008,0.6048689138576779,1292.0,2136
510723,2009,0.5842696629213483,1248.0,2136
510723,2010,0.7874531835205992,1682.0,2136
510723,2011,1.1666666666666667,2492.0,2136
510723,2012,1.8647003745318351,3983.0,2136
510723,2013,2.079119850187266,4441.0,2136
510723,2014,1.3132022471910112,2805.0,2136
510723,2015,1.2897940074906367,2755.0,2136
510723,2016,1.1381086142322097,2431.0,2136
510723,2017,1.9152621722846441,4091.0,2136
510723,2018,2.241573033707865,4788.0,2136
510723,2019,2.637172284644195,5633.0,2136
510723,2020,2.8544007490636703,6097.0,2136
510725,2000,0.5414534288638689,1058.0,1954
510725,2001,0.8101330603889457,1583.0,1954
510725,2002,0.8838280450358239,1727.0,1954
510725,2003,1.0255885363357216,2004.0,1954
510725,2004,1.1473899692937564,2242.0,1954
510725,2005,1.0122824974411464,1978.0,1954
510725,2006,1.1330603889457522,2214.0,1954
510725,2007,1.1791197543500511,2304.0,1954
510725,2008,1.380245649948823,2697.0,1954
510725,2009,1.1422722620266121,2232.0,1954
510725,2010,1.1944728761514842,2334.0,1954
510725,2011,1.2998976458546572,2540.0,1954
510725,2012,1.26560900716479,2473.0,1954
510725,2013,1.5030706243602865,2937.0,1954
510725,2014,1.8132036847492323,3543.0,1954
510725,2015,1.5174002047082906,2965.0,1954
510725,2016,1.2947799385875127,2530.0,1954
510725,2017,2.3085977482088023,4511.0,1954
510725,2018,2.7681678607983624,5409.0,1954
510725,2019,2.957523029682702,5779.0,1954
510725,2020,3.321392016376663,6490.0,1954
510726,2000,0.29891838741396265,1216.0,4068
510726,2001,0.44198623402163223,1798.0,4068
510726,2002,0.40757128810226156,1658.0,4068
510726,2003,0.5474434611602753,2227.0,4068
510726,2004,0.4751720747295968,1933.0,4068
510726,2005,0.4584562438544739,1865.0,4068
510726,2006,0.3667649950835792,1492.0,4068
510726,2007,0.49016715830875124,1994.0,4068
510726,2008,0.578416912487709,2353.0,4068
510726,2009,0.9446902654867256,3843.0,4068
510726,2010,1.2807276302851525,5210.0,4068
510726,2011,1.0936578171091444,4449.0,4068
510726,2012,0.900196656833825,3662.0,4068
510726,2013,1.112094395280236,4524.0,4068
510726,2014,0.8176007866273353,3326.0,4068
510726,2015,0.745575221238938,3033.0,4068
510726,2016,0.6002949852507374,2442.0,4068
510726,2017,1.0946411012782695,4453.0,4068
510726,2018,1.137905604719764,4629.0,4068
510726,2019,1.0823500491642084,4403.0,4068
510726,2020,1.183874139626352,4816.0,4068
510727,2000,0.10520418326693227,845.0,8032
510727,2001,0.075199203187251,604.0,8032
510727,2002,0.17318227091633467,1391.0,8032
510727,2003,0.1467878486055777,1179.0,8032
510727,2004,0.16832669322709162,1352.0,8032
510727,2005,0.2254731075697211,1811.0,8032
510727,2006,0.1843874501992032,1481.0,8032
510727,2007,0.2427788844621514,1950.0,8032
510727,2008,0.22024402390438247,1769.0,8032
510727,2009,0.1888695219123506,1517.0,8032
510727,2010,0.320343625498008,2573.0,8032
510727,2011,0.31623505976095617,2540.0,8032
510727,2012,0.20131972111553784,1617.0,8032
510727,2013,0.3259462151394422,2618.0,8032
510727,2014,0.099601593625498,800.0,8032
510727,2015,0.12213645418326693,981.0,8032
510727,2016,0.05565239043824701,447.0,8032
510727,2017,0.10769422310756972,865.0,8032
510727,2018,0.1902390438247012,1528.0,8032
510727,2019,0.2097858565737052,1685.0,8032
510727,2020,0.19173306772908366,1540.0,8032
510781,2000,2.147570797609769,8266.0,3849
510781,2001,2.637568199532346,10152.0,3849
510781,2002,2.571836840737854,9899.0,3849
510781,2003,3.0756040530007795,11838.0,3849
510781,2004,3.1428942582488957,12097.0,3849
510781,2005,3.0576773187841,11769.0,3849
510781,2006,3.515458560665108,13531.0,3849
510781,2007,3.3102104442712394,12741.0,3849
510781,2008,3.8191738113795792,14700.0,3849
510781,2009,3.972460379319304,15290.0,3849
510781,2010,3.9446609508963366,15183.0,3849
510781,2011,3.6705637828007274,14128.0,3849
510781,2012,3.579371265263705,13777.0,3849
510781,2013,4.56690049363471,17578.0,3849
510781,2014,3.7048584047804622,14260.0,3849
510781,2015,3.8225513120290984,14713.0,3849
510781,2016,3.307612366848532,12731.0,3849
510781,2017,4.683813977656534,18028.0,3849
510781,2018,4.723044946739413,18179.0,3849
510781,2019,4.917900753442453,18929.0,3849
510781,2020,5.315926214601195,20461.0,3849
510802,2000,2.76317189994678,5192.0,1879
510802,2001,3.1442256519425227,5908.0,1879
510802,2002,3.4752527940393825,6530.0,1879
510802,2003,4.419904204364023,8305.0,1879
510802,2004,5.017030335284726,9427.0,1879
510802,2005,4.2985630654603515,8077.0,1879
510802,2006,4.913251729643427,9232.0,1879
510802,2007,4.824374667376264,9065.0,1879
510802,2008,4.582224587546567,8610.0,1879
510802,2009,6.30122405534859,11840.0,1879
510802,2010,8.435870143693453,15851.0,1879
510802,2011,7.369877594465141,13848.0,1879
510802,2012,7.7722192655667905,14604.0,1879
510802,2013,9.136242682277807,17167.0,1879
510802,2014,7.538052155401809,14164.0,1879
510802,2015,7.734965407131453,14534.0,1879
510802,2016,7.326769558275679,13767.0,1879
510802,2017,8.600319318786589,16160.0,1879
510802,2018,8.93347525279404,16786.0,1879
510802,2019,9.67802022352315,18185.0,1879
510802,2020,9.704097924427888,18234.0,1879
510811,2000,0.31280128548473485,584.0,1867
510811,2001,0.24424209962506696,456.0,1867
510811,2002,0.4017139796464917,750.0,1867
510811,2003,0.4156400642742367,776.0,1867
510811,2004,1.0064274236743438,1879.0,1867
510811,2005,0.825923942153187,1542.0,1867
510811,2006,0.5479378682378147,1023.0,1867
510811,2007,0.5757900374933048,1075.0,1867
510811,2008,0.5693626138189609,1063.0,1867
510811,2009,0.8837707552222818,1650.0,1867
510811,2010,2.3626138189609,4411.0,1867
510811,2011,2.1713979646491697,4054.0,1867
510811,2012,1.4504552758435993,2708.0,1867
510811,2013,1.9710765934654526,3680.0,1867
510811,2014,1.1124799143010178,2077.0,1867
510811,2015,1.0524906266738083,1965.0,1867
510811,2016,0.6555972147830744,1224.0,1867
510811,2017,1.1971076593465453,2235.0,1867
510811,2018,1.3090519550080342,2444.0,1867
510811,2019,1.432244242099625,2674.0,1867
510811,2020,1.721478307445099,3214.0,1867
510812,2000,0.1103097157403479,260.0,2357
510812,2001,0.19389053882053459,457.0,2357
510812,2002,0.2834111158252015,668.0,2357
510812,2003,0.3508697496817989,827.0,2357
510812,2004,0.38141705557912603,899.0,2357
510812,2005,0.484514212982605,1142.0,2357
510812,2006,0.4017819261773441,947.0,2357
510812,2007,0.5837929571489181,1376.0,2357
510812,2008,0.756045820958846,1782.0,2357
510812,2009,1.1387356809503606,2684.0,2357
510812,2010,2.1561306745863384,5082.0,2357
510812,2011,1.412812897751379,3330.0,2357
510812,2012,1.2316504030547306,2903.0,2357
510812,2013,1.4692405600339415,3463.0,2357
510812,2014,0.6444633008061095,1519.0,2357
510812,2015,0.6453118370810352,1521.0,2357
510812,2016,0.611794654221468,1442.0,2357
510812,2017,1.144675434874841,2698.0,2357
510812,2018,1.089096308867204,2567.0,2357
510812,2019,1.0386084005091218,2448.0,2357
510812,2020,1.308867204072974,3085.0,2357
510821,2000,0.3557388983256491,1466.0,4121
510821,2001,0.4018442125697646,1656.0,4121
510821,2002,0.49551079834991507,2042.0,4121
510821,2003,0.48240718272264016,1988.0,4121
510821,2004,0.6709536520262073,2765.0,4121
510821,2005,0.6151419558359621,2535.0,4121
510821,2006,0.4957534578985683,2043.0,4121
510821,2007,0.9951468090269352,4101.0,4121
510821,2008,1.0196554234409123,4202.0,4121
510821,2009,0.8374181024023295,3451.0,4121
510821,2010,1.1150206260616355,4595.0,4121
510821,2011,1.0422227614656636,4295.0,4121
510821,2012,0.8485804416403786,3497.0,4121
510821,2013,0.8614413977190002,3550.0,4121
510821,2014,0.5246299441883038,2162.0,4121
510821,2015,0.5454986653724824,2248.0,4121
510821,2016,0.5023052657122058,2070.0,4121
510821,2017,0.8153360834748847,3360.0,4121
510821,2018,0.9740354282941034,4014.0,4121
510821,2019,1.1446250909973308,4717.0,4121
510821,2020,0.9208929871390439,3795.0,4121
510822,2000,0.1385593220338983,654.0,4720
510822,2001,0.11906779661016949,562.0,4720
510822,2002,0.14427966101694914,681.0,4720
510822,2003,0.09173728813559322,433.0,4720
510822,2004,0.14046610169491525,663.0,4720
510822,2005,0.11927966101694916,563.0,4720
510822,2006,0.13622881355932204,643.0,4720
510822,2007,0.18495762711864408,873.0,4720
510822,2008,0.2,944.0,4720
510822,2009,0.47076271186440677,2222.0,4720
510822,2010,1.1069915254237288,5225.0,4720
510822,2011,0.9266949152542373,4374.0,4720
510822,2012,0.8271186440677966,3904.0,4720
510822,2013,0.9838983050847457,4644.0,4720
510822,2014,0.4504237288135593,2126.0,4720
510822,2015,0.33008474576271185,1558.0,4720
510822,2016,0.23495762711864407,1109.0,4720
510822,2017,0.4228813559322034,1996.0,4720
510822,2018,0.41652542372881357,1966.0,4720
510822,2019,0.4226694915254237,1995.0,4720
510822,2020,0.4896186440677966,2311.0,4720
510823,2000,0.24581497797356827,1116.0,4540
510823,2001,0.24361233480176211,1106.0,4540
510823,2002,0.2696035242290749,1224.0,4540
510823,2003,0.23700440528634362,1076.0,4540
510823,2004,0.33193832599118944,1507.0,4540
510823,2005,0.2724669603524229,1237.0,4540
510823,2006,0.24295154185022028,1103.0,4540
510823,2007,0.27312775330396477,1240.0,4540
510823,2008,0.3447136563876652,1565.0,4540
510823,2009,0.4182819383259912,1899.0,4540
510823,2010,0.6649779735682819,3019.0,4540
510823,2011,0.5850220264317181,2656.0,4540
510823,2012,0.6762114537444934,3070.0,4540
510823,2013,0.8737885462555066,3967.0,4540
510823,2014,0.5116740088105727,2323.0,4540
510823,2015,0.439647577092511,1996.0,4540
510823,2016,0.4301762114537445,1953.0,4540
510823,2017,0.7088105726872247,3218.0,4540
510823,2018,0.6618942731277533,3005.0,4540
510823,2019,0.5742290748898679,2607.0,4540
510823,2020,0.6848017621145375,3109.0,4540
510824,2000,0.16827672172016203,540.0,3209
510824,2001,0.23153630414459334,743.0,3209
510824,2002,0.35836709255219695,1150.0,3209
510824,2003,0.4116547210969149,1321.0,3209
510824,2004,0.442505453412278,1420.0,3209
510824,2005,0.5176067310688688,1661.0,3209
510824,2006,0.5207229666562793,1671.0,3209
510824,2007,0.5771268307884077,1852.0,3209
510824,2008,0.6082891866625116,1952.0,3209
510824,2009,0.8236210657525709,2643.0,3209
510824,2010,1.4668120909940792,4707.0,3209
510824,2011,1.5063882829541912,4834.0,3209
510824,2012,1.450296042380804,4654.0,3209
510824,2013,1.4334683702087878,4600.0,3209
510824,2014,1.6678092863820504,5352.0,3209
510824,2015,1.5584294172639452,5001.0,3209
510824,2016,1.5440947335618573,4955.0,3209
510824,2017,2.4047990028046122,7717.0,3209
510824,2018,2.9367404175755687,9424.0,3209
510824,2019,3.344032408850109,10731.0,3209
510824,2020,3.411654721096915,10948.0,3209
510903,2000,4.164051355206848,2919.0,701
510903,2001,6.3423680456490725,4446.0,701
510903,2002,8.410841654778887,5896.0,701
510903,2003,10.09129814550642,7074.0,701
510903,2004,13.203994293865906,9256.0,701
510903,2005,12.677603423680457,8887.0,701
510903,2006,13.243937232524964,9284.0,701
510903,2007,14.412268188302425,10103.0,701
510903,2008,12.746077032810271,8935.0,701
510903,2009,14.300998573466476,10025.0,701
510903,2010,14.281027104136948,10011.0,701
510903,2011,15.563480741797433,10910.0,701
510903,2012,17.19971469329529,12057.0,701
510903,2013,18.074179743223965,12670.0,701
510903,2014,17.33808844507846,12154.0,701
510903,2015,18.085592011412267,12678.0,701
510903,2016,19.251069900142653,13495.0,701
510903,2017,22.490727532097004,15766.0,701
510903,2018,24.06562054208274,16870.0,701
510903,2019,26.43081312410842,18528.0,701
510903,2020,29.858773181169756,20931.0,701
510904,2000,0.06740914419695193,115.0,1706
510904,2001,0.10668229777256741,182.0,1706
510904,2002,0.43903868698710435,749.0,1706
510904,2003,0.4308323563892145,735.0,1706
510904,2004,0.7930832356389215,1353.0,1706
510904,2005,1.6576787807737396,2828.0,1706
510904,2006,1.6875732708089097,2879.0,1706
510904,2007,2.2819460726846423,3893.0,1706
510904,2008,1.4384525205158265,2454.0,1706
510904,2009,1.1834701055099648,2019.0,1706
510904,2010,1.6518171160609614,2818.0,1706
510904,2011,2.1090269636576786,3598.0,1706
510904,2012,2.134232121922626,3641.0,1706
510904,2013,2.2626025791324738,3860.0,1706
510904,2014,2.003516998827667,3418.0,1706
510904,2015,2.302461899179367,3928.0,1706
510904,2016,2.470691676436108,4215.0,1706
510904,2017,5.001172332942556,8532.0,1706
510904,2018,5.685814771395076,9700.0,1706
510904,2019,6.284290738569754,10721.0,1706
510904,2020,8.841735052754983,15084.0,1706
510921,2000,0.45581113801452783,753.0,1652
510921,2001,0.5151331719128329,851.0,1652
510921,2002,0.7717917675544794,1275.0,1652
510921,2003,1.0308716707021792,1703.0,1652
510921,2004,1.3093220338983051,2163.0,1652
510921,2005,1.6828087167070218,2780.0,1652
510921,2006,1.2608958837772397,2083.0,1652
510921,2007,2.2845036319612593,3774.0,1652
510921,2008,1.7009685230024214,2810.0,1652
510921,2009,1.7439467312348669,2881.0,1652
510921,2010,1.9721549636803875,3258.0,1652
510921,2011,2.6319612590799033,4348.0,1652
510921,2012,3.142857142857143,5192.0,1652
510921,2013,3.912227602905569,6463.0,1652
510921,2014,3.37953995157385,5583.0,1652
510921,2015,3.2699757869249395,5402.0,1652
510921,2016,3.12590799031477,5164.0,1652
510921,2017,5.290556900726393,8740.0,1652
510921,2018,5.745157384987894,9491.0,1652
510921,2019,6.351694915254237,10493.0,1652
510921,2020,8.548426150121065,14122.0,1652
510923,2000,1.1673387096774193,1158.0,992
510923,2001,1.4304435483870968,1419.0,992
510923,2002,2.0463709677419355,2030.0,992
510923,2003,3.1764112903225805,3151.0,992
510923,2004,3.1149193548387095,3090.0,992
510923,2005,3.029233870967742,3005.0,992
510923,2006,4.247983870967742,4214.0,992
510923,2007,5.286290322580645,5244.0,992
510923,2008,3.8276209677419355,3797.0,992
510923,2009,4.087701612903226,4055.0,992
510923,2010,3.782258064516129,3752.0,992
510923,2011,4.355846774193548,4321.0,992
510923,2012,4.289314516129032,4255.0,992
510923,2013,5.045362903225806,5005.0,992
510923,2014,5.043346774193548,5003.0,992
510923,2015,4.700604838709677,4663.0,992
510923,2016,4.35383064516129,4319.0,992
510923,2017,5.918346774193548,5871.0,992
510923,2018,7.35383064516129,7295.0,992
510923,2019,7.266129032258065,7208.0,992
510923,2020,9.699596774193548,9622.0,992
510981,2000,1.323744292237443,2899.0,2190
510981,2001,2.3278538812785388,5098.0,2190
510981,2002,2.510958904109589,5499.0,2190
510981,2003,3.1853881278538814,6976.0,2190
510981,2004,3.099543378995434,6788.0,2190
510981,2005,3.2,7008.0,2190
510981,2006,2.6812785388127853,5872.0,2190
510981,2007,3.4178082191780823,7485.0,2190
510981,2008,2.782648401826484,6094.0,2190
510981,2009,3.34337899543379,7322.0,2190
510981,2010,2.875799086757991,6298.0,2190
510981,2011,3.228310502283105,7070.0,2190
510981,2012,3.2748858447488582,7172.0,2190
510981,2013,3.675342465753425,8049.0,2190
510981,2014,3.3109589041095893,7251.0,2190
510981,2015,3.321004566210046,7273.0,2190
510981,2016,3.465296803652968,7589.0,2190
510981,2017,4.821917808219178,10560.0,2190
510981,2018,4.722831050228311,10343.0,2190
510981,2019,5.204109589041096,11397.0,2190
510981,2020,6.98675799086758,15301.0,2190
511002,2000,3.331887201735358,1536.0,461
511002,2001,4.407809110629067,2032.0,461
511002,2002,5.540130151843818,2554.0,461
511002,2003,6.106290672451193,2815.0,461
511002,2004,7.010845986984815,3232.0,461
511002,2005,6.577006507592191,3032.0,461
511002,2006,6.577006507592191,3032.0,461
511002,2007,5.969631236442516,2752.0,461
511002,2008,4.720173535791757,2176.0,461
511002,2009,6.355748373101952,2930.0,461
511002,2010,7.872017353579175,3629.0,461
511002,2011,7.162689804772234,3302.0,461
511002,2012,8.392624728850326,3869.0,461
511002,2013,11.052060737527116,5095.0,461
511002,2014,9.234273318872017,4257.0,461
511002,2015,11.830802603036876,5454.0,461
511002,2016,10.757049891540131,4959.0,461
511002,2017,14.3058568329718,6595.0,461
511002,2018,15.130151843817787,6975.0,461
511002,2019,17.114967462039047,7890.0,461
511002,2020,18.57700650759219,8564.0,461
511011,2000,1.433312061263561,2246.0,1567
511011,2001,1.98468410976388,3110.0,1567
511011,2002,2.308870453095086,3618.0,1567
511011,2003,2.958519463943842,4636.0,1567
511011,2004,3.265475430759413,5117.0,1567
511011,2005,3.3580089342693045,5262.0,1567
511011,2006,3.1652839821314616,4960.0,1567
511011,2007,3.0510529674537334,4781.0,1567
511011,2008,2.6381620931716654,4134.0,1567
511011,2009,2.978940650925335,4668.0,1567
511011,2010,2.6802807913209956,4200.0,1567
511011,2011,4.190810465858328,6567.0,1567
511011,2012,4.6981493299298025,7362.0,1567
511011,2013,5.312699425654116,8325.0,1567
511011,2014,4.685386088066369,7342.0,1567
511011,2015,5.343331206126356,8373.0,1567
511011,2016,4.981493299298021,7806.0,1567
511011,2017,6.630504148053606,10390.0,1567
511011,2018,7.514358647096363,11775.0,1567
511011,2019,8.378430121250798,13129.0,1567
511011,2020,10.03446075303127,15724.0,1567
511024,2000,2.3022727272727272,4052.0,1760
511024,2001,3.059090909090909,5384.0,1760
511024,2002,2.9397727272727274,5174.0,1760
511024,2003,3.328977272727273,5859.0,1760
511024,2004,3.9545454545454546,6960.0,1760
511024,2005,4.227840909090909,7441.0,1760
511024,2006,3.93125,6919.0,1760
511024,2007,3.784090909090909,6660.0,1760
511024,2008,2.74375,4829.0,1760
511024,2009,3.54375,6237.0,1760
511024,2010,3.8829545454545453,6834.0,1760
511024,2011,4.083522727272728,7187.0,1760
511024,2012,4.2295454545454545,7444.0,1760
511024,2013,5.110795454545454,8995.0,1760
511024,2014,4.404545454545454,7752.0,1760
511024,2015,4.427840909090909,7793.0,1760
511024,2016,4.898863636363636,8622.0,1760
511024,2017,7.826704545454546,13775.0,1760
511024,2018,8.898863636363636,15662.0,1760
511024,2019,11.049431818181818,19447.0,1760
511024,2020,12.651136363636363,22266.0,1760
511025,2000,0.8722466960352423,1980.0,2270
511025,2001,1.2577092511013215,2855.0,2270
511025,2002,1.1140969162995595,2529.0,2270
511025,2003,1.5572687224669604,3535.0,2270
511025,2004,2.086784140969163,4737.0,2270
511025,2005,2.1308370044052865,4837.0,2270
511025,2006,2.1387665198237884,4855.0,2270
511025,2007,2.2801762114537443,5176.0,2270
511025,2008,1.6748898678414097,3802.0,2270
511025,2009,2.2052863436123347,5006.0,2270
511025,2010,1.714977973568282,3893.0,2270
511025,2011,2.15726872246696,4897.0,2270
511025,2012,2.1405286343612335,4859.0,2270
511025,2013,2.111013215859031,4792.0,2270
511025,2014,2.005726872246696,4553.0,2270
511025,2015,1.8185022026431719,4128.0,2270
511025,2016,1.7431718061674009,3957.0,2270
511025,2017,2.8008810572687226,6358.0,2270
511025,2018,3.7559471365638766,8526.0,2270
511025,2019,4.214096916299559,9566.0,2270
511025,2020,6.945374449339207,15766.0,2270
511083,2000,1.5317195325542572,1835.0,1198
511083,2001,2.3464106844741237,2811.0,1198
511083,2002,2.832220367278798,3393.0,1198
511083,2003,2.810517529215359,3367.0,1198
511083,2004,3.5141903171953257,4210.0,1198
511083,2005,3.8430717863105177,4604.0,1198
511083,2006,4.217863105175292,5053.0,1198
511083,2007,4.131051752921536,4949.0,1198
511083,2008,3.1018363939899833,3716.0,1198
511083,2009,4.410684474123539,5284.0,1198
511083,2010,4.035058430717863,4834.0,1198
511083,2011,4.493322203672788,5383.0,1198
511083,2012,4.836393989983305,5794.0,1198
511083,2013,5.859766277128547,7020.0,1198
511083,2014,4.230383973288815,5068.0,1198
511083,2015,4.30550918196995,5158.0,1198
511083,2016,5.246243739565943,6285.0,1198
511083,2017,7.487479131886477,8970.0,1198
511083,2018,8.86143572621035,10616.0,1198
511083,2019,10.124373956594324,12129.0,1198
511083,2020,13.300500834724541,15934.0,1198
511102,2000,4.06993006993007,4074.0,1001
511102,2001,4.938061938061938,4943.0,1001
511102,2002,6.115884115884116,6122.0,1001
511102,2003,6.807192807192807,6814.0,1001
511102,2004,9.081918081918081,9091.0,1001
511102,2005,8.111888111888112,8120.0,1001
511102,2006,8.437562437562438,8446.0,1001
511102,2007,7.277722277722278,7285.0,1001
511102,2008,6.672327672327673,6679.0,1001
511102,2009,8.496503496503497,8505.0,1001
511102,2010,9.2987012987013,9308.0,1001
511102,2011,9.857142857142858,9867.0,1001
511102,2012,10.293706293706293,10304.0,1001
511102,2013,13.874125874125873,13888.0,1001
511102,2014,11.851148851148851,11863.0,1001
511102,2015,11.952047952047952,11964.0,1001
511102,2016,11.656343656343656,11668.0,1001
511102,2017,12.776223776223777,12789.0,1001
511102,2018,15.077922077922079,15093.0,1001
511102,2019,17.622377622377623,17640.0,1001
511102,2020,17.98901098901099,18007.0,1001
511111,2000,1.1529093369418133,852.0,739
511111,2001,1.449255751014885,1071.0,739
511111,2002,2.0013531799729365,1479.0,739
511111,2003,2.818673883626522,2083.0,739
511111,2004,8.362652232746955,6180.0,739
511111,2005,4.2259810554803785,3123.0,739
511111,2006,4.705006765899864,3477.0,739
511111,2007,4.577807848443843,3383.0,739
511111,2008,3.1366711772665763,2318.0,739
511111,2009,3.79702300405954,2806.0,739
511111,2010,3.4303112313937754,2535.0,739
511111,2011,2.7009472259810554,1996.0,739
511111,2012,2.3382949932341,1728.0,739
511111,2013,2.8092016238159676,2076.0,739
511111,2014,3.6441136671177268,2693.0,739
511111,2015,3.2692828146143436,2416.0,739
511111,2016,2.465493910690122,1822.0,739
511111,2017,3.9472259810554804,2917.0,739
511111,2018,4.600811907983762,3400.0,739
511111,2019,5.583220568335588,4126.0,739
511111,2020,6.2882273342354535,4647.0,739
511112,2000,2.5461912479740683,1571.0,617
511112,2001,2.554294975688817,1576.0,617
511112,2002,3.841166936790924,2370.0,617
511112,2003,3.893030794165316,2402.0,617
511112,2004,6.427876823338736,3966.0,617
511112,2005,5.181523500810373,3197.0,617
511112,2006,5.282009724473258,3259.0,617
511112,2007,4.894651539708266,3020.0,617
511112,2008,4.669367909238249,2881.0,617
511112,2009,5.73095623987034,3536.0,617
511112,2010,5.918962722852513,3652.0,617
511112,2011,5.836304700162074,3601.0,617
511112,2012,5.106969205834684,3151.0,617
511112,2013,8.47001620745543,5226.0,617
511112,2014,7.7390599675850895,4775.0,617
511112,2015,7.752025931928687,4783.0,617
511112,2016,7.656401944894651,4724.0,617
511112,2017,11.343598055105348,6999.0,617
511112,2018,14.72933549432739,9088.0,617
511112,2019,14.841166936790923,9157.0,617
511112,2020,14.105348460291735,8703.0,617
511113,2000,0.45323741007194246,315.0,695
511113,2001,0.28776978417266186,200.0,695
511113,2002,0.6388489208633094,444.0,695
511113,2003,0.3942446043165468,274.0,695
511113,2004,1.0733812949640287,746.0,695
511113,2005,0.5985611510791367,416.0,695
511113,2006,0.5424460431654676,377.0,695
511113,2007,1.1093525179856114,771.0,695
511113,2008,0.48776978417266187,339.0,695
511113,2009,0.6776978417266187,471.0,695
511113,2010,1.218705035971223,847.0,695
511113,2011,0.7640287769784173,531.0,695
511113,2012,0.9784172661870504,680.0,695
511113,2013,0.8460431654676259,588.0,695
511113,2014,1.3496402877697842,938.0,695
511113,2015,0.6546762589928058,455.0,695
511113,2016,0.6431654676258993,447.0,695
511113,2017,0.9985611510791367,694.0,695
511113,2018,1.176978417266187,818.0,695
511113,2019,1.260431654676259,876.0,695
511113,2020,1.3913669064748202,967.0,695
511123,2000,0.9129259058950784,1688.0,1849
511123,2001,0.7614926987560844,1408.0,1849
511123,2002,1.0968090859924284,2028.0,1849
511123,2003,1.2531097890751757,2317.0,1849
511123,2004,3.2704164413196324,6047.0,1849
511123,2005,2.386695511087074,4413.0,1849
511123,2006,1.8231476473769606,3371.0,1849
511123,2007,1.7847485127095728,3300.0,1849
511123,2008,1.4472687939426716,2676.0,1849
511123,2009,1.4012979989183343,2591.0,1849
511123,2010,1.4072471606273662,2602.0,1849
511123,2011,1.4310438074634937,2646.0,1849
511123,2012,1.3055705786911844,2414.0,1849
511123,2013,1.74256354786371,3222.0,1849
511123,2014,1.4548404542996214,2690.0,1849
511123,2015,2.2336398053001623,4130.0,1849
511123,2016,1.9107625743645213,3533.0,1849
511123,2017,3.516495402920498,6502.0,1849
511123,2018,4.380205516495403,8099.0,1849
511123,2019,4.461871281773932,8250.0,1849
511123,2020,5.254732287723094,9716.0,1849
511124,2000,0.46689595872742906,543.0,1163
511124,2001,0.37833190025795355,440.0,1163
511124,2002,0.7145313843508169,831.0,1163
511124,2003,0.5554600171969045,646.0,1163
511124,2004,1.4299226139294927,1663.0,1163
511124,2005,1.3069647463456577,1520.0,1163
511124,2006,1.0808254514187445,1257.0,1163
511124,2007,1.7145313843508168,1994.0,1163
511124,2008,1.1444539982803095,1331.0,1163
511124,2009,0.9905417024935511,1152.0,1163
511124,2010,1.4823731728288907,1724.0,1163
511124,2011,1.358555460017197,1580.0,1163
511124,2012,0.8993981083404987,1046.0,1163
511124,2013,1.1470335339638864,1334.0,1163
511124,2014,0.9845227858985383,1145.0,1163
511124,2015,1.2252794496990542,1425.0,1163
511124,2016,1.3207222699914016,1536.0,1163
511124,2017,2.4290627687016335,2825.0,1163
511124,2018,3.5588993981083403,4139.0,1163
511124,2019,3.8314703353396387,4456.0,1163
511124,2020,5.565778159931212,6473.0,1163
511126,2000,2.9809417040358746,2659.0,892
511126,2001,3.5885650224215246,3201.0,892
511126,2002,3.913677130044843,3491.0,892
511126,2003,4.221973094170403,3766.0,892
511126,2004,6.353139013452915,5667.0,892
511126,2005,4.951793721973094,4417.0,892
511126,2006,4.896860986547085,4368.0,892
511126,2007,4.801569506726457,4283.0,892
511126,2008,3.7926008968609866,3383.0,892
511126,2009,4.440582959641255,3961.0,892
511126,2010,5.612107623318385,5006.0,892
511126,2011,5.570627802690583,4969.0,892
511126,2012,5.829596412556054,5200.0,892
511126,2013,7.1524663677130045,6380.0,892
511126,2014,7.2242152466367715,6444.0,892
511126,2015,7.705156950672646,6873.0,892
511126,2016,7.436098654708521,6633.0,892
511126,2017,9.789237668161435,8732.0,892
511126,2018,11.383408071748878,10154.0,892
511126,2019,13.399103139013453,11952.0,892
511126,2020,14.02354260089686,12509.0,892
511129,2000,0.12433011789924973,232.0,1866
511129,2001,0.14844587352625938,277.0,1866
511129,2002,0.3258306538049303,608.0,1866
511129,2003,0.5037513397642015,940.0,1866
511129,2004,1.257770632368703,2347.0,1866
511129,2005,0.9469453376205788,1767.0,1866
511129,2006,0.5884244372990354,1098.0,1866
511129,2007,0.6682743837084673,1247.0,1866
511129,2008,0.379957127545552,709.0,1866
511129,2009,0.4003215434083601,747.0,1866
511129,2010,0.5321543408360129,993.0,1866
511129,2011,0.41103965702036444,767.0,1866
511129,2012,0.7717041800643086,1440.0,1866
511129,2013,0.837620578778135,1563.0,1866
511129,2014,0.7347266881028939,1371.0,1866
511129,2015,1.7845659163987138,3330.0,1866
511129,2016,1.2502679528403,2333.0,1866
511129,2017,2.8933547695605575,5399.0,1866
511129,2018,3.4083601286173635,6360.0,1866
511129,2019,2.805466237942122,5235.0,1866
511129,2020,3.392282958199357,6330.0,1866
511132,2000,0.12756410256410255,398.0,3120
511132,2001,0.04871794871794872,152.0,3120
511132,2002,0.16826923076923078,525.0,3120
511132,2003,0.12051282051282051,376.0,3120
511132,2004,0.475,1482.0,3120
511132,2005,0.25544871794871793,797.0,3120
511132,2006,0.23461538461538461,732.0,3120
511132,2007,0.44358974358974357,1384.0,3120
511132,2008,0.2205128205128205,688.0,3120
511132,2009,0.12628205128205128,394.0,3120
511132,2010,0.22403846153846155,699.0,3120
511132,2011,0.26666666666666666,832.0,3120
511132,2012,0.22275641025641027,695.0,3120
511132,2013,0.19775641025641025,617.0,3120
511132,2014,0.3685897435897436,1150.0,3120
511132,2015,0.23846153846153847,744.0,3120
511132,2016,0.2246794871794872,701.0,3120
511132,2017,0.4583333333333333,1430.0,3120
511132,2018,0.4493589743589744,1402.0,3120
511132,2019,0.5375,1677.0,3120
511132,2020,0.6583333333333333,2054.0,3120
511133,2000,0.0785997357992074,238.0,3028
511133,2001,0.05019815059445178,152.0,3028
511133,2002,0.1010568031704095,306.0,3028
511133,2003,0.06571994715984147,199.0,3028
511133,2004,0.3157199471598415,956.0,3028
511133,2005,0.2632100396301189,797.0,3028
511133,2006,0.2001321003963012,606.0,3028
511133,2007,0.2962351387054161,897.0,3028
511133,2008,0.16017173051519154,485.0,3028
511133,2009,0.1225231175693527,371.0,3028
511133,2010,0.24966974900924702,756.0,3028
511133,2011,0.21565389696169088,653.0,3028
511133,2012,0.26585204755614267,805.0,3028
511133,2013,0.26420079260237783,800.0,3028
511133,2014,0.48018494055482164,1454.0,3028
511133,2015,0.6803170409511229,2060.0,3028
511133,2016,0.5677014531043593,1719.0,3028
511133,2017,1.0855350066050198,3287.0,3028
511133,2018,1.308784676354029,3963.0,3028
511133,2019,1.0528401585204756,3188.0,3028
511133,2020,0.9042272126816381,2738.0,3028
511181,2000,2.0332326283987916,3365.0,1655
511181,2001,3.193353474320242,5285.0,1655
511181,2002,3.0779456193353476,5094.0,1655
511181,2003,3.545619335347432,5868.0,1655
511181,2004,4.734743202416919,7836.0,1655
511181,2005,3.814501510574018,6313.0,1655
511181,2006,4.004833836858006,6628.0,1655
511181,2007,4.113595166163142,6808.0,1655
511181,2008,3.5969788519637462,5953.0,1655
511181,2009,4.3842900302114804,7256.0,1655
511181,2010,4.779456193353474,7910.0,1655
511181,2011,4.277341389728097,7079.0,1655
511181,2012,4.686404833836858,7756.0,1655
511181,2013,5.965558912386707,9873.0,1655
511181,2014,7.986102719033233,13217.0,1655
511181,2015,7.964954682779457,13182.0,1655
511181,2016,7.690634441087613,12728.0,1655
511181,2017,8.170392749244712,13522.0,1655
511181,2018,9.36737160120846,15503.0,1655
511181,2019,10.266465256797582,16991.0,1655
511181,2020,11.31238670694864,18722.0,1655
511302,2000,4.753164556962025,3004.0,632
511302,2001,5.1075949367088604,3228.0,632
511302,2002,5.416139240506329,3423.0,632
511302,2003,7.2705696202531644,4595.0,632
511302,2004,6.9604430379746836,4399.0,632
511302,2005,8.020569620253164,5069.0,632
511302,2006,7.438291139240507,4701.0,632
511302,2007,8.058544303797468,5093.0,632
511302,2008,7.094936708860759,4484.0,632
511302,2009,7.887658227848101,4985.0,632
511302,2010,9.871835443037975,6239.0,632
511302,2011,9.939873417721518,6282.0,632
511302,2012,11.180379746835444,7066.0,632
511302,2013,11.087025316455696,7007.0,632
511302,2014,9.620253164556962,6080.0,632
511302,2015,10.189873417721518,6440.0,632
511302,2016,9.94620253164557,6286.0,632
511302,2017,13.185126582278482,8333.0,632
511302,2018,14.54746835443038,9194.0,632
511302,2019,15.628164556962025,9877.0,632
511302,2020,18.889240506329113,11938.0,632
511303,2000,2.020771513353116,2043.0,1011
511303,2001,2.636003956478734,2665.0,1011
511303,2002,3.765578635014837,3807.0,1011
511303,2003,4.924826904055391,4979.0,1011
511303,2004,5.363006923837784,5422.0,1011
511303,2005,4.1533135509396635,4199.0,1011
511303,2006,4.333333333333333,4381.0,1011
511303,2007,5.595450049455984,5657.0,1011
511303,2008,4.510385756676558,4560.0,1011
511303,2009,4.415430267062314,4464.0,1011
511303,2010,5.497527200791295,5558.0,1011
511303,2011,8.090009891196836,8179.0,1011
511303,2012,7.531157270029674,7614.0,1011
511303,2013,8.486646884272997,8580.0,1011
511303,2014,8.834817012858556,8932.0,1011
511303,2015,9.047477744807122,9147.0,1011
511303,2016,9.611275964391691,9717.0,1011
511303,2017,12.210682492581602,12345.0,1011
511303,2018,13.794263105835807,13946.0,1011
511303,2019,15.495548961424332,15666.0,1011
511303,2020,17.89614243323442,18093.0,1011
511304,2000,1.1520432692307692,1917.0,1664
511304,2001,1.4663461538461537,2440.0,1664
511304,2002,1.9278846153846154,3208.0,1664
511304,2003,2.501201923076923,4162.0,1664
511304,2004,2.7373798076923075,4555.0,1664
511304,2005,2.555889423076923,4253.0,1664
511304,2006,2.6400240384615383,4393.0,1664
511304,2007,3.079326923076923,5124.0,1664
511304,2008,2.0943509615384617,3485.0,1664
511304,2009,2.1772836538461537,3623.0,1664
511304,2010,3.256610576923077,5419.0,1664
511304,2011,3.3611778846153846,5593.0,1664
511304,2012,3.2806490384615383,5459.0,1664
511304,2013,4.045072115384615,6731.0,1664
511304,2014,5.056490384615385,8414.0,1664
511304,2015,6.046274038461538,10061.0,1664
511304,2016,5.442908653846154,9057.0,1664
511304,2017,8.069110576923077,13427.0,1664
511304,2018,8.73076923076923,14528.0,1664
511304,2019,9.720552884615385,16175.0,1664
511304,2020,11.52764423076923,19182.0,1664
511321,2000,1.0320468642315643,2995.0,2902
511321,2001,1.1416264645072365,3313.0,2902
511321,2002,1.5265334252239835,4430.0,2902
511321,2003,1.2605099931082013,3658.0,2902
511321,2004,1.5051688490696071,4368.0,2902
511321,2005,1.378015161957271,3999.0,2902
511321,2006,1.321157822191592,3834.0,2902
511321,2007,1.8459682977257064,5357.0,2902
511321,2008,1.1585113714679531,3362.0,2902
511321,2009,1.2935906271536872,3754.0,2902
511321,2010,1.6895244658855961,4903.0,2902
511321,2011,2.1492074431426604,6237.0,2902
511321,2012,2.125775327360441,6169.0,2902
511321,2013,2.3370089593383874,6782.0,2902
511321,2014,1.664369400413508,4830.0,2902
511321,2015,1.6044107512060648,4656.0,2902
511321,2016,1.5606478290833907,4529.0,2902
511321,2017,2.4882839421088905,7221.0,2902
511321,2018,2.36802205375603,6872.0,2902
511321,2019,3.140248104755341,9113.0,2902
511321,2020,3.8587181254307374,11198.0,2902
511322,2000,0.3938953488372093,813.0,2064
511322,2001,0.4903100775193798,1012.0,2064
511322,2002,0.5746124031007752,1186.0,2064
511322,2003,0.7369186046511628,1521.0,2064
511322,2004,0.7751937984496124,1600.0,2064
511322,2005,0.9583333333333334,1978.0,2064
511322,2006,0.8929263565891473,1843.0,2064
511322,2007,1.2843992248062015,2651.0,2064
511322,2008,0.9200581395348837,1899.0,2064
511322,2009,0.7078488372093024,1461.0,2064
511322,2010,0.8900193798449613,1837.0,2064
511322,2011,1.249031007751938,2578.0,2064
511322,2012,1.2325581395348837,2544.0,2064
511322,2013,1.3953488372093024,2880.0,2064
511322,2014,1.945736434108527,4016.0,2064
511322,2015,2.314922480620155,4778.0,2064
511322,2016,2.3963178294573644,4946.0,2064
511322,2017,3.7131782945736433,7664.0,2064
511322,2018,4.9859496124031,10291.0,2064
511322,2019,5.637112403100775,11635.0,2064
511322,2020,6.721899224806202,13874.0,2064
511323,2000,0.6356382978723404,1195.0,1880
511323,2001,0.6414893617021277,1206.0,1880
511323,2002,0.6712765957446809,1262.0,1880
511323,2003,0.9026595744680851,1697.0,1880
511323,2004,1.1063829787234043,2080.0,1880
511323,2005,1.3196808510638298,2481.0,1880
511323,2006,1.202659574468085,2261.0,1880
511323,2007,1.851595744680851,3481.0,1880
511323,2008,1.0882978723404255,2046.0,1880
511323,2009,0.8537234042553191,1605.0,1880
511323,2010,0.9803191489361702,1843.0,1880
511323,2011,1.5601063829787234,2933.0,1880
511323,2012,1.5367021276595745,2889.0,1880
511323,2013,1.6707446808510638,3141.0,1880
511323,2014,1.5728723404255318,2957.0,1880
511323,2015,1.7606382978723405,3310.0,1880
511323,2016,2.202127659574468,4140.0,1880
511323,2017,3.2404255319148936,6092.0,1880
511323,2018,3.700531914893617,6957.0,1880
511323,2019,4.459574468085107,8384.0,1880
511323,2020,7.671276595744681,14422.0,1880
511324,2000,0.33197887037789514,817.0,2461
511324,2001,0.34538805363673303,850.0,2461
511324,2002,0.3587972368955709,883.0,2461
511324,2003,0.42177976432344577,1038.0,2461
511324,2004,0.6468915075172694,1592.0,2461
511324,2005,0.9475822836245429,2332.0,2461
511324,2006,1.2503047541649737,3077.0,2461
511324,2007,1.6651767574156846,4098.0,2461
511324,2008,1.5912230800487606,3916.0,2461
511324,2009,1.4981714750101585,3687.0,2461
511324,2010,1.769199512393336,4354.0,2461
511324,2011,2.0491670052824054,5043.0,2461
511324,2012,1.8407151564404713,4530.0,2461
511324,2013,2.186103210077204,5380.0,2461
511324,2014,1.1239333604225925,2766.0,2461
511324,2015,1.1779764323445754,2899.0,2461
511324,2016,1.1507517269402683,2832.0,2461
511324,2017,2.3730190979276715,5840.0,2461
511324,2018,2.832994717594474,6972.0,2461
511324,2019,3.2905323039414873,8098.0,2461
511324,2020,4.919544900446973,12107.0,2461
511325,2000,0.5090036014405762,848.0,1666
511325,2001,0.7208883553421368,1201.0,1666
511325,2002,0.9507803121248499,1584.0,1666
511325,2003,1.296518607442977,2160.0,1666
511325,2004,1.432172869147659,2386.0,1666
511325,2005,1.322328931572629,2203.0,1666
511325,2006,1.0228091236494599,1704.0,1666
511325,2007,1.4285714285714286,2380.0,1666
511325,2008,0.8727490996398559,1454.0,1666
511325,2009,0.9693877551020408,1615.0,1666
511325,2010,1.23109243697479,2051.0,1666
511325,2011,1.2112845138055222,2018.0,1666
511325,2012,1.358343337334934,2263.0,1666
511325,2013,1.9399759903961584,3232.0,1666
511325,2014,1.862545018007203,3103.0,1666
511325,2015,1.9675870348139255,3278.0,1666
511325,2016,1.9273709483793517,3211.0,1666
511325,2017,3.436374549819928,5725.0,1666
511325,2018,3.430372148859544,5715.0,1666
511325,2019,4.782112845138055,7967.0,1666
511325,2020,5.776110444177671,9623.0,1666
511381,2000,1.1738035264483626,3262.0,2779
511381,2001,1.151133501259446,3199.0,2779
511381,2002,1.3479668945663907,3746.0,2779
511381,2003,1.5415617128463477,4284.0,2779
511381,2004,1.5599136379992804,4335.0,2779
511381,2005,1.748110831234257,4858.0,2779
511381,2006,1.6088521050737676,4471.0,2779
511381,2007,1.9323497661029148,5370.0,2779
511381,2008,1.647715005397625,4579.0,2779
511381,2009,1.856063332133861,5158.0,2779
511381,2010,2.4224541201871177,6732.0,2779
511381,2011,2.775098956459158,7712.0,2779
511381,2012,3.1216264843468875,8675.0,2779
511381,2013,3.7466714645555954,10412.0,2779
511381,2014,4.526808204390068,12580.0,2779
511381,2015,2.3321338611011155,6481.0,2779
511381,2016,2.546239654551997,7076.0,2779
511381,2017,3.832313781935948,10650.0,2779
511381,2018,4.607052896725441,12803.0,2779
511381,2019,4.78733357322778,13304.0,2779
511381,2020,5.400143936667866,15007.0,2779
511402,2000,3.1129976580796255,5317.0,1708
511402,2001,3.51288056206089,6000.0,1708
511402,2002,4.146370023419204,7082.0,1708
511402,2003,5.141100702576113,8781.0,1708
511402,2004,7.006440281030445,11967.0,1708
511402,2005,6.179156908665106,10554.0,1708
511402,2006,5.361241217798595,9157.0,1708
511402,2007,6.86943793911007,11733.0,1708
511402,2008,6.1990632318501175,10588.0,1708
511402,2009,6.43559718969555,10992.0,1708
511402,2010,6.60480093676815,11281.0,1708
511402,2011,7.188524590163935,12278.0,1708
511402,2012,6.725409836065574,11487.0,1708
511402,2013,8.070843091334895,13785.0,1708
511402,2014,7.649297423887588,13065.0,1708
511402,2015,8.534543325526933,14577.0,1708
511402,2016,8.008196721311476,13678.0,1708
511402,2017,10.992974238875878,18776.0,1708
511402,2018,12.162763466042154,20774.0,1708
511402,2019,14.903981264637002,25456.0,1708
511402,2020,16.282201405152225,27810.0,1708
511403,2000,3.9708029197080292,2720.0,685
511403,2001,4.840875912408759,3316.0,685
511403,2002,4.858394160583941,3328.0,685
511403,2003,4.835036496350365,3312.0,685
511403,2004,7.548905109489051,5171.0,685
511403,2005,6.6540145985401455,4558.0,685
511403,2006,6.446715328467153,4416.0,685
511403,2007,7.378102189781022,5054.0,685
511403,2008,7.143065693430657,4893.0,685
511403,2009,9.627737226277372,6595.0,685
511403,2010,10.35036496350365,7090.0,685
511403,2011,9.094890510948906,6230.0,685
511403,2012,9.026277372262774,6183.0,685
511403,2013,11.607299270072993,7951.0,685
511403,2014,12.541605839416059,8591.0,685
511403,2015,13.908029197080293,9527.0,685
511403,2016,13.953284671532847,9558.0,685
511403,2017,17.537226277372262,12013.0,685
511403,2018,18.65255474452555,12777.0,685
511403,2019,22.31970802919708,15289.0,685
511403,2020,23.532846715328468,16120.0,685
511421,2000,0.6071911327385779,2246.0,3699
511421,2001,0.8613138686131386,3186.0,3699
511421,2002,1.1503108948364422,4255.0,3699
511421,2003,1.0002703433360367,3700.0,3699
511421,2004,1.4617464179507975,5407.0,3699
511421,2005,1.5274398486077319,5650.0,3699
511421,2006,1.236280075696134,4573.0,3699
511421,2007,2.2473641524736414,8313.0,3699
511421,2008,1.5450121654501217,5715.0,3699
511421,2009,1.6171938361719385,5982.0,3699
511421,2010,2.019735063530684,7471.0,3699
511421,2011,2.5674506623411735,9497.0,3699
511421,2012,2.5139226818058935,9299.0,3699
511421,2013,3.0008110300081103,11100.0,3699
511421,2014,2.042984590429846,7557.0,3699
511421,2015,3.046769397134361,11270.0,3699
511421,2016,3.3527980535279807,12402.0,3699
511421,2017,5.24330900243309,19395.0,3699
511421,2018,6.726142200594755,24880.0,3699
511421,2019,9.404974317383077,34789.0,3699
511421,2020,11.593944309272777,42886.0,3699
511423,2000,0.4895429899302866,1264.0,2582
511423,2001,0.3876839659178931,1001.0,2582
511423,2002,0.5596436870642912,1445.0,2582
511423,2003,0.7010069713400465,1810.0,2582
511423,2004,1.3838109992254066,3573.0,2582
511423,2005,1.1278079008520527,2912.0,2582
511423,2006,0.7257939581719597,1874.0,2582
511423,2007,1.012006196746708,2613.0,2582
511423,2008,0.6831913245546088,1764.0,2582
511423,2009,0.6065065840433772,1566.0,2582
511423,2010,0.9202168861347793,2376.0,2582
511423,2011,1.0205267234701783,2635.0,2582
511423,2012,1.0708752904725019,2765.0,2582
511423,2013,1.0476374903175834,2705.0,2582
511423,2014,1.0964368706429124,2831.0,2582
511423,2015,1.065453137103021,2751.0,2582
511423,2016,0.8876839659178931,2292.0,2582
511423,2017,1.5116189000774594,3903.0,2582
511423,2018,1.7405112316034081,4494.0,2582
511423,2019,1.5739736638264912,4064.0,2582
511423,2020,2.1940356312935707,5665.0,2582
511424,2000,0.3468208092485549,240.0,692
511424,2001,0.5101156069364162,353.0,692
511424,2002,0.8020231213872833,555.0,692
511424,2003,1.7427745664739884,1206.0,692
511424,2004,2.5838150289017343,1788.0,692
511424,2005,2.598265895953757,1798.0,692
511424,2006,1.0664739884393064,738.0,692
511424,2007,2.3598265895953756,1633.0,692
511424,2008,1.323699421965318,916.0,692
511424,2009,0.8453757225433526,585.0,692
511424,2010,2.213872832369942,1532.0,692
511424,2011,2.1777456647398843,1507.0,692
511424,2012,1.9407514450867052,1343.0,692
511424,2013,1.699421965317919,1176.0,692
511424,2014,1.5303468208092486,1059.0,692
511424,2015,2.1358381502890174,1478.0,692
511424,2016,2.1878612716763004,1514.0,692
511424,2017,3.054913294797688,2114.0,692
511424,2018,3.658959537572254,2532.0,692
511424,2019,4.187861271676301,2898.0,692
511424,2020,5.459537572254336,3778.0,692
511425,2000,1.0359477124183007,634.0,612
511425,2001,0.8333333333333334,510.0,612
511425,2002,1.107843137254902,678.0,612
511425,2003,1.369281045751634,838.0,612
511425,2004,3.3562091503267975,2054.0,612
511425,2005,2.7058823529411766,1656.0,612
511425,2006,1.8431372549019607,1128.0,612
511425,2007,3.3251633986928106,2035.0,612
511425,2008,2.553921568627451,1563.0,612
511425,2009,2.6258169934640523,1607.0,612
511425,2010,2.9754901960784315,1821.0,612
511425,2011,3.8186274509803924,2337.0,612
511425,2012,3.183006535947712,1948.0,612
511425,2013,4.9411764705882355,3024.0,612
511425,2014,4.065359477124183,2488.0,612
511425,2015,4.254901960784314,2604.0,612
511425,2016,4.204248366013072,2573.0,612
511425,2017,6.055555555555555,3706.0,612
511425,2018,7.111111111111111,4352.0,612
511425,2019,8.43954248366013,5165.0,612
511425,2020,11.428104575163399,6994.0,612
511502,2000,1.8789640591966172,3555.0,1892
511502,2001,2.4001057082452433,4541.0,1892
511502,2002,2.303911205073996,4359.0,1892
511502,2003,2.9096194503171247,5505.0,1892
511502,2004,3.3224101479915435,6286.0,1892
511502,2005,3.903276955602537,7385.0,1892
511502,2006,3.897463002114165,7374.0,1892
511502,2007,3.427061310782241,6484.0,1892
511502,2008,3.03276955602537,5738.0,1892
511502,2009,3.514799154334038,6650.0,1892
511502,2010,3.6781183932346724,6959.0,1892
511502,2011,3.108350951374207,5881.0,1892
511502,2012,3.622093023255814,6853.0,1892
511502,2013,4.709302325581396,8910.0,1892
511502,2014,5.105708245243129,9660.0,1892
511502,2015,5.837209302325581,11044.0,1892
511502,2016,5.718816067653277,10820.0,1892
511502,2017,6.528541226215645,12352.0,1892
511502,2018,8.293868921775898,15692.0,1892
511502,2019,9.503699788583509,17981.0,1892
511502,2020,13.836680761099366,26179.0,1892
511503,2000,0.4641350210970464,440.0,948
511503,2001,0.7658227848101266,726.0,948
511503,2002,0.7415611814345991,703.0,948
511503,2003,0.8322784810126582,789.0,948
511503,2004,1.2426160337552743,1178.0,948
511503,2005,1.4409282700421941,1366.0,948
511503,2006,1.2046413502109705,1142.0,948
511503,2007,2.0,1896.0,948
511503,2008,1.3565400843881856,1286.0,948
511503,2009,1.9145569620253164,1815.0,948
511503,2010,2.050632911392405,1944.0,948
511503,2011,2.830168776371308,2683.0,948
511503,2012,3.2911392405063293,3120.0,948
511503,2013,4.633966244725738,4393.0,948
511503,2014,4.512658227848101,4278.0,948
511503,2015,4.503164556962025,4269.0,948
511503,2016,4.6265822784810124,4386.0,948
511503,2017,6.023206751054852,5710.0,948
511503,2018,6.810126582278481,6456.0,948
511503,2019,8.027426160337553,7610.0,948
511503,2020,11.29535864978903,10708.0,948
511504,2000,0.8616866063612489,2953.0,3427
511504,2001,0.9763641669098336,3346.0,3427
511504,2002,0.9646921505690108,3306.0,3427
511504,2003,1.2401517362124308,4250.0,3427
511504,2004,2.018383425736796,6917.0,3427
511504,2005,1.800408520571929,6170.0,3427
511504,2006,1.9792821709950394,6783.0,3427
511504,2007,1.9010796615115262,6515.0,3427
511504,2008,1.7084913918879487,5855.0,3427
511504,2009,1.8027429238400934,6178.0,3427
511504,2010,1.7149110008754012,5877.0,3427
511504,2011,1.7756054858476802,6085.0,3427
511504,2012,1.631164283629997,5590.0,3427
511504,2013,2.376130726583017,8143.0,3427
511504,2014,2.5614239859935806,8778.0,3427
511504,2015,2.689232564925591,9216.0,3427
511504,2016,2.8065363291508607,9618.0,3427
511504,2017,3.5363291508608112,12119.0,3427
511504,2018,4.416399182958856,15135.0,3427
511504,2019,4.720747009045812,16178.0,3427
511504,2020,6.624452874234024,22702.0,3427
511523,2000,0.16785431512272367,212.0,1263
511523,2001,0.4924782264449723,622.0,1263
511523,2002,0.283452098178939,358.0,1263
511523,2003,0.32779097387173395,414.0,1263
511523,2004,0.5518606492478226,697.0,1263
511523,2005,0.6270783847980997,792.0,1263
511523,2006,1.0372129849564529,1310.0,1263
511523,2007,1.4109263657957245,1782.0,1263
511523,2008,0.6943784639746635,877.0,1263
511523,2009,1.3000791765637372,1642.0,1263
511523,2010,1.131433095803642,1429.0,1263
511523,2011,1.4600158353127475,1844.0,1263
511523,2012,1.2240696753760887,1546.0,1263
511523,2013,1.7672209026128265,2232.0,1263
511523,2014,1.5922406967537608,2011.0,1263
511523,2015,2.1369754552652416,2699.0,1263
511523,2016,2.304829770387965,2911.0,1263
511523,2017,3.5368171021377672,4467.0,1263
511523,2018,4.492478226444972,5674.0,1263
511523,2019,5.307205067300079,6703.0,1263
511523,2020,9.280285035629454,11721.0,1263
511524,2000,0.40282131661442006,514.0,1276
511524,2001,0.682601880877743,871.0,1276
511524,2002,0.5846394984326019,746.0,1276
511524,2003,0.5736677115987461,732.0,1276
511524,2004,0.9467084639498433,1208.0,1276
511524,2005,0.9733542319749217,1242.0,1276
511524,2006,1.275078369905956,1627.0,1276
511524,2007,1.5164576802507836,1935.0,1276
511524,2008,0.6630094043887147,846.0,1276
511524,2009,0.8432601880877743,1076.0,1276
511524,2010,0.8808777429467085,1124.0,1276
511524,2011,0.9592476489028213,1224.0,1276
511524,2012,0.6214733542319749,793.0,1276
511524,2013,1.0595611285266457,1352.0,1276
511524,2014,1.243730407523511,1587.0,1276
511524,2015,1.6935736677115987,2161.0,1276
511524,2016,1.5963949843260188,2037.0,1276
511524,2017,2.5274294670846396,3225.0,1276
511524,2018,4.697492163009405,5994.0,1276
511524,2019,4.851880877742946,6191.0,1276
511524,2020,8.468652037617554,10806.0,1276
511525,2000,0.8930995475113123,1579.0,1768
511525,2001,0.790158371040724,1397.0,1768
511525,2002,0.6877828054298643,1216.0,1768
511525,2003,0.6747737556561086,1193.0,1768
511525,2004,1.420814479638009,2512.0,1768
511525,2005,1.3563348416289593,2398.0,1768
511525,2006,1.2352941176470589,2184.0,1768
511525,2007,1.621606334841629,2867.0,1768
511525,2008,0.8908371040723982,1575.0,1768
511525,2009,1.2652714932126696,2237.0,1768
511525,2010,1.1996606334841629,2121.0,1768
511525,2011,1.0135746606334841,1792.0,1768
511525,2012,0.7624434389140271,1348.0,1768
511525,2013,1.3252262443438914,2343.0,1768
511525,2014,0.6572398190045249,1162.0,1768
511525,2015,0.8116515837104072,1435.0,1768
511525,2016,1.085972850678733,1920.0,1768
511525,2017,1.627262443438914,2877.0,1768
511525,2018,2.8388009049773757,5019.0,1768
511525,2019,3.1006787330316743,5482.0,1768
511525,2020,6.067873303167421,10728.0,1768
511526,2000,0.6704929101958136,993.0,1481
511526,2001,0.950033760972316,1407.0,1481
511526,2002,0.7461174881836596,1105.0,1481
511526,2003,0.6961512491559757,1031.0,1481
511526,2004,1.12491559756921,1666.0,1481
511526,2005,0.7164078325455773,1061.0,1481
511526,2006,0.9844699527346388,1458.0,1481
511526,2007,1.2356515867656988,1830.0,1481
511526,2008,0.8021607022282242,1188.0,1481
511526,2009,1.2356515867656988,1830.0,1481
511526,2010,1.1107359891964887,1645.0,1481
511526,2011,0.9675894665766374,1433.0,1481
511526,2012,0.825793382849426,1223.0,1481
511526,2013,1.4436191762322754,2138.0,1481
511526,2014,1.9594868332207969,2902.0,1481
511526,2015,1.7089804186360567,2531.0,1481
511526,2016,1.4159351789331533,2097.0,1481
511526,2017,2.4672518568534776,3654.0,1481
511526,2018,2.636731937879811,3905.0,1481
511526,2019,3.573936529372046,5293.0,1481
511526,2020,6.715057393652938,9945.0,1481
511527,2000,0.21091354996934397,344.0,1631
511527,2001,0.48007357449417537,783.0,1631
511527,2002,0.28019619865113427,457.0,1631
511527,2003,0.2949110974862048,481.0,1631
511527,2004,0.6830165542611895,1114.0,1631
511527,2005,0.4328632740649908,706.0,1631
511527,2006,0.5665236051502146,924.0,1631
511527,2007,0.7847946045370938,1280.0,1631
511527,2008,0.5419987737584304,884.0,1631
511527,2009,0.5419987737584304,884.0,1631
511527,2010,0.51931330472103,847.0,1631
511527,2011,0.6517473942366646,1063.0,1631
511527,2012,0.5818516247700797,949.0,1631
511527,2013,1.006131207847946,1641.0,1631
511527,2014,1.8632740649908033,3039.0,1631
511527,2015,1.3188228080931943,2151.0,1631
511527,2016,0.82158185162477,1340.0,1631
511527,2017,1.5481299816063765,2525.0,1631
511527,2018,1.4322501532801961,2336.0,1631
511527,2019,1.809319435928878,2951.0,1631
511527,2020,2.8019619865113428,4570.0,1631
511528,2000,0.17677024961793172,347.0,1963
511528,2001,0.24554253693326542,482.0,1963
511528,2002,0.22414671421293939,440.0,1963
511528,2003,0.44167091186958735,867.0,1963
511528,2004,0.5771777890983188,1133.0,1963
511528,2005,0.3280692817116658,644.0,1963
511528,2006,0.5292919001528273,1039.0,1963
511528,2007,0.5909322465613857,1160.0,1963
511528,2008,0.2888436067244014,567.0,1963
511528,2009,0.49108507386653083,964.0,1963
511528,2010,0.4819154355578197,946.0,1963
511528,2011,0.5629139072847682,1105.0,1963
511528,2012,0.4177279673968416,820.0,1963
511528,2013,0.6612328069281712,1298.0,1963
511528,2014,1.0733571064696892,2107.0,1963
511528,2015,1.2027508914926133,2361.0,1963
511528,2016,1.087111563932756,2134.0,1963
511528,2017,1.8033622007131942,3540.0,1963
511528,2018,2.3076923076923075,4530.0,1963
511528,2019,3.355068772287315,6586.0,1963
511528,2020,6.327559857361182,12421.0,1963
511529,2000,0.13228809407153355,270.0,2041
511529,2001,0.09652131308182263,197.0,2041
511529,2002,0.1347378735913768,275.0,2041
511529,2003,0.1979421852033317,404.0,2041
511529,2004,0.26016658500734935,531.0,2041
511529,2005,0.42969132778049973,877.0,2041
511529,2006,0.6795688388045076,1387.0,2041
511529,2007,0.8961293483586478,1829.0,2041
511529,2008,0.43067123958843706,879.0,2041
511529,2009,0.39294463498285154,802.0,2041
511529,2010,0.5654091131798138,1154.0,2041
511529,2011,0.9661930426261637,1972.0,2041
511529,2012,0.9358157765801078,1910.0,2041
511529,2013,1.1190592846643803,2284.0,2041
511529,2014,0.8324350808427241,1699.0,2041
511529,2015,0.8035276825085742,1640.0,2041
511529,2016,0.6800587947084762,1388.0,2041
511529,2017,0.986281234688878,2013.0,2041
511529,2018,1.241548260656541,2534.0,2041
511529,2019,1.156295933365997,2360.0,2041
511529,2020,2.55952964233219,5224.0,2041
511602,2000,1.4350597609561753,1801.0,1255
511602,2001,1.9808764940239043,2486.0,1255
511602,2002,3.4167330677290835,4288.0,1255
511602,2003,4.770517928286853,5987.0,1255
511602,2004,5.018326693227092,6298.0,1255
511602,2005,4.761752988047808,5976.0,1255
511602,2006,3.156972111553785,3962.0,1255
511602,2007,4.49003984063745,5635.0,1255
511602,2008,3.9776892430278883,4992.0,1255
511602,2009,3.4924302788844623,4383.0,1255
511602,2010,3.754581673306773,4712.0,1255
511602,2011,3.693227091633466,4635.0,1255
511602,2012,4.409561752988048,5534.0,1255
511602,2013,4.748207171314741,5959.0,1255
511602,2014,5.531474103585658,6942.0,1255
511602,2015,6.556175298804781,8228.0,1255
511602,2016,6.362549800796812,7985.0,1255
511602,2017,7.638247011952191,9586.0,1255
511602,2018,8.105179282868527,10172.0,1255
511602,2019,9.306772908366534,11680.0,1255
511602,2020,10.725099601593625,13460.0,1255
511603,2000,1.8948905109489051,1298.0,685
511603,2001,2.102189781021898,1440.0,685
511603,2002,2.9547445255474454,2024.0,685
511603,2003,4.757664233576643,3259.0,685
511603,2004,4.7912408759124085,3282.0,685
511603,2005,4.25985401459854,2918.0,685
511603,2006,3.651094890510949,2501.0,685
511603,2007,4.966423357664233,3402.0,685
511603,2008,4.294890510948905,2942.0,685
511603,2009,3.945985401459854,2703.0,685
511603,2010,4.294890510948905,2942.0,685
511603,2011,5.997080291970803,4108.0,685
511603,2012,7.0715328467153284,4844.0,685
511603,2013,7.957664233576643,5451.0,685
511603,2014,7.877372262773723,5396.0,685
511603,2015,9.837956204379562,6739.0,685
511603,2016,9.671532846715328,6625.0,685
511603,2017,13.316788321167882,9122.0,685
511603,2018,13.906569343065694,9526.0,685
511603,2019,16.08905109489051,11021.0,685
511603,2020,16.90948905109489,11583.0,685
511621,2000,0.6166103331723805,1277.0,2071
511621,2001,1.1158860453887012,2311.0,2071
511621,2002,1.8358281023660068,3802.0,2071
511621,2003,2.575567358763882,5334.0,2071
511621,2004,2.068083051665862,4283.0,2071
511621,2005,1.6330275229357798,3382.0,2071
511621,2006,1.1260260743602124,2332.0,2071
511621,2007,1.8512795750845001,3834.0,2071
511621,2008,1.1183003380009657,2316.0,2071
511621,2009,1.2201834862385321,2527.0,2071
511621,2010,1.60164171897634,3317.0,2071
511621,2011,2.2056977305649443,4568.0,2071
511621,2012,2.2916465475615646,4746.0,2071
511621,2013,2.3148237566393046,4794.0,2071
511621,2014,2.049734427812651,4245.0,2071
511621,2015,2.5692901979719944,5321.0,2071
511621,2016,2.5369386769676483,5254.0,2071
511621,2017,3.809270883631096,7889.0,2071
511621,2018,4.255432158377595,8813.0,2071
511621,2019,5.3998068565910184,11183.0,2071
511621,2020,7.736359246740705,16022.0,2071
511622,2000,0.525085910652921,764.0,1455
511622,2001,0.7835051546391752,1140.0,1455
511622,2002,0.9993127147766323,1454.0,1455
511622,2003,0.9003436426116839,1310.0,1455
511622,2004,1.1780068728522337,1714.0,1455
511622,2005,1.1216494845360825,1632.0,1455
511622,2006,1.0989690721649485,1599.0,1455
511622,2007,1.8254295532646048,2656.0,1455
511622,2008,1.756701030927835,2556.0,1455
511622,2009,1.3189003436426117,1919.0,1455
511622,2010,3.801374570446735,5531.0,1455
511622,2011,2.4982817869415808,3635.0,1455
511622,2012,1.8845360824742268,2742.0,1455
511622,2013,2.5670103092783507,3735.0,1455
511622,2014,3.693470790378007,5374.0,1455
511622,2015,4.777319587628866,6951.0,1455
511622,2016,3.970446735395189,5777.0,1455
511622,2017,6.011683848797251,8747.0,1455
511622,2018,5.761512027491409,8383.0,1455
511622,2019,7.156013745704468,10412.0,1455
511622,2020,9.706529209621992,14123.0,1455
511623,2000,0.5329178028827425,1368.0,2567
511623,2001,0.695753798208025,1786.0,2567
511623,2002,1.4215037008180755,3649.0,2567
511623,2003,1.6073237241916634,4126.0,2567
511623,2004,1.5317491234904559,3932.0,2567
511623,2005,1.2041293338527463,3091.0,2567
511623,2006,0.9349435138293728,2400.0,2567
511623,2007,1.7841838722243863,4580.0,2567
511623,2008,1.3560576548500194,3481.0,2567
511623,2009,0.9692247760031165,2488.0,2567
511623,2010,0.9980522010128555,2562.0,2567
511623,2011,1.4577327619789637,3742.0,2567
511623,2012,1.7565251266069342,4509.0,2567
511623,2013,1.7767822360732373,4561.0,2567
511623,2014,1.5087650954421503,3873.0,2567
511623,2015,1.6268017140631086,4176.0,2567
511623,2016,1.691858200233736,4343.0,2567
511623,2017,2.6271912738605376,6744.0,2567
511623,2018,2.6801714063108686,6880.0,2567
511623,2019,3.5520062329567588,9118.0,2567
511623,2020,4.860148032723023,12476.0,2567
511681,2000,2.3739612188365653,1714.0,722
511681,2001,2.8407202216066483,2051.0,722
511681,2002,3.988919667590028,2880.0,722
511681,2003,4.793628808864266,3461.0,722
511681,2004,5.950138504155125,4296.0,722
511681,2005,5.293628808864266,3822.0,722
511681,2006,3.7340720221606647,2696.0,722
511681,2007,4.998614958448753,3609.0,722
511681,2008,3.898891966759003,2815.0,722
511681,2009,3.9529085872576175,2854.0,722
511681,2010,4.639889196675901,3350.0,722
511681,2011,4.851800554016621,3503.0,722
511681,2012,5.254847645429363,3794.0,722
511681,2013,5.382271468144045,3886.0,722
511681,2014,5.292243767313019,3821.0,722
511681,2015,6.185595567867036,4466.0,722
511681,2016,5.184210526315789,3743.0,722
511681,2017,7.556786703601108,5456.0,722
511681,2018,8.171745152354571,5900.0,722
511681,2019,10.095567867036012,7289.0,722
511681,2020,11.337950138504155,8186.0,722
511702,2000,2.2684563758389262,2366.0,1043
511702,2001,2.860019175455417,2983.0,1043
511702,2002,3.2128475551294344,3351.0,1043
511702,2003,4.231064237775647,4413.0,1043
511702,2004,4.461169702780441,4653.0,1043
511702,2005,5.488974113135187,5725.0,1043
511702,2006,5.835091083413231,6086.0,1043
511702,2007,5.911792905081495,6166.0,1043
511702,2008,5.418983700862896,5652.0,1043
511702,2009,4.606903163950144,4805.0,1043
511702,2010,5.211888782358581,5436.0,1043
511702,2011,4.99424736337488,5209.0,1043
511702,2012,6.418024928092042,6694.0,1043
511702,2013,5.726749760306808,5973.0,1043
511702,2014,4.653883029721956,4854.0,1043
511702,2015,4.818791946308725,5026.0,1043
511702,2016,5.11313518696069,5333.0,1043
511702,2017,7.445829338446788,7766.0,1043
511702,2018,7.884947267497603,8224.0,1043
511702,2019,8.908916586768935,9292.0,1043
511702,2020,10.132310642377757,10568.0,1043
511703,2000,0.9870043318893702,2962.0,3001
511703,2001,1.307230923025658,3923.0,3001
511703,2002,1.6754415194935022,5028.0,3001
511703,2003,2.0316561146284573,6097.0,3001
511703,2004,2.230589803398867,6694.0,3001
511703,2005,2.4118627124291905,7238.0,3001
511703,2006,2.469843385538154,7412.0,3001
511703,2007,3.124625124958347,9377.0,3001
511703,2008,2.319893368877041,6962.0,3001
511703,2009,1.995334888370543,5988.0,3001
511703,2010,2.3462179273575474,7041.0,3001
511703,2011,2.4791736087970677,7440.0,3001
511703,2012,2.6104631789403534,7834.0,3001
511703,2013,2.7510829723425525,8256.0,3001
511703,2014,2.8963678773742085,8692.0,3001
511703,2015,2.8610463178940355,8586.0,3001
511703,2016,2.8397200933022324,8522.0,3001
511703,2017,3.93835388203932,11819.0,3001
511703,2018,4.149283572142619,12452.0,3001
511703,2019,4.716094635121626,14153.0,3001
511703,2020,5.955348217260913,17872.0,3001
511722,2000,0.16798080219403497,980.0,5834
511722,2001,0.3162495714775454,1845.0,5834
511722,2002,0.5322248885841618,3105.0,5834
511722,2003,0.606102159753171,3536.0,5834
511722,2004,0.6777511141583819,3954.0,5834
511722,2005,0.6467260884470346,3773.0,5834
511722,2006,0.5570791909496058,3250.0,5834
511722,2007,1.2881384984573192,7515.0,5834
511722,2008,1.0680493657867671,6231.0,5834
511722,2009,1.211347274597189,7067.0,5834
511722,2010,1.3935550222831676,8130.0,5834
511722,2011,1.4929722317449434,8710.0,5834
511722,2012,1.3611587247171753,7941.0,5834
511722,2013,1.2733973260198834,7429.0,5834
511722,2014,1.356359273225917,7913.0,5834
511722,2015,1.374357216318135,8018.0,5834
511722,2016,1.4694892012341447,8573.0,5834
511722,2017,1.9974288652725403,11653.0,5834
511722,2018,2.306307850531368,13455.0,5834
511722,2019,2.5113129928008227,14651.0,5834
511722,2020,2.8411038738429895,16575.0,5834
511723,2000,0.2943078913324709,455.0,1546
511723,2001,0.6170763260025873,954.0,1546
511723,2002,0.7930142302716688,1226.0,1546
511723,2003,1.204398447606727,1862.0,1546
511723,2004,1.5116429495472186,2337.0,1546
511723,2005,1.183699870633894,1830.0,1546
511723,2006,0.8538163001293662,1320.0,1546
511723,2007,1.6151358344113842,2497.0,1546
511723,2008,1.1953428201811125,1848.0,1546
511723,2009,0.9773609314359638,1511.0,1546
511723,2010,1.5485122897800776,2394.0,1546
511723,2011,1.7005174644243208,2629.0,1546
511723,2012,2.0252263906856403,3131.0,1546
511723,2013,2.095730918499353,3240.0,1546
511723,2014,1.9398447606727038,2999.0,1546
511723,2015,2.277490297542044,3521.0,1546
511723,2016,2.263260025873221,3499.0,1546
511723,2017,2.986416558861578,4617.0,1546
511723,2018,3.1604139715394566,4886.0,1546
511723,2019,3.2445019404915914,5016.0,1546
511723,2020,5.067270375161708,7834.0,1546
511724,2000,0.5561911170928667,1653.0,2972
511724,2001,0.8792059219380888,2613.0,2972
511724,2002,1.4357335127860027,4267.0,2972
511724,2003,1.7267833109017496,5132.0,2972
511724,2004,1.949192462987887,5793.0,2972
511724,2005,1.9818304172274563,5890.0,2972
511724,2006,1.592193808882907,4732.0,2972
511724,2007,2.2836473755047106,6787.0,2972
511724,2008,1.6312247644683715,4848.0,2972
511724,2009,1.5484522207267832,4602.0,2972
511724,2010,1.4148721399730821,4205.0,2972
511724,2011,1.6029609690444144,4764.0,2972
511724,2012,2.2012113055181697,6542.0,2972
511724,2013,2.1504037685060564,6391.0,2972
511724,2014,1.3977119784656797,4154.0,2972
511724,2015,1.4542395693135934,4322.0,2972
511724,2016,1.648384925975774,4899.0,2972
511724,2017,2.6571332436069985,7897.0,2972
511724,2018,2.8549798115746974,8485.0,2972
511724,2019,3.487550471063257,10365.0,2972
511724,2020,4.397039030955585,13068.0,2972
511725,2000,0.3470848960109103,1018.0,2933
511725,2001,0.5792703716331401,1699.0,2933
511725,2002,0.7712240027275826,2262.0,2933
511725,2003,0.9191953631094443,2696.0,2933
511725,2004,1.2550289805659733,3681.0,2933
511725,2005,1.3337879304466416,3912.0,2933
511725,2006,1.4490282986703034,4250.0,2933
511725,2007,1.7971360381861574,5271.0,2933
511725,2008,1.3184452778724856,3867.0,2933
511725,2009,1.0197749744289124,2991.0,2933
511725,2010,1.1629730651210364,3411.0,2933
511725,2011,1.2219570405727924,3584.0,2933
511725,2012,1.4848278213433346,4355.0,2933
511725,2013,1.6310944425502898,4784.0,2933
511725,2014,1.6648482782134333,4883.0,2933
511725,2015,1.5840436413228776,4646.0,2933
511725,2016,1.5444936924650527,4530.0,2933
511725,2017,2.4340265939311285,7139.0,2933
511725,2018,2.7170132969655643,7969.0,2933
511725,2019,2.9689737470167064,8708.0,2933
511725,2020,3.6539379474940334,10717.0,2933
511781,2000,0.1841556636553162,1060.0,5756
511781,2001,0.1580958999305073,910.0,5756
511781,2002,0.2837039610840862,1633.0,5756
511781,2003,0.3582348853370396,2062.0,5756
511781,2004,0.3891591382904795,2240.0,5756
511781,2005,0.3587560806115358,2065.0,5756
511781,2006,0.4414523974982627,2541.0,5756
511781,2007,0.6316886726893676,3636.0,5756
511781,2008,0.5255385684503128,3025.0,5756
511781,2009,0.3749131341209173,2158.0,5756
511781,2010,0.645587213342599,3716.0,5756
511781,2011,0.6014593467685893,3462.0,5756
511781,2012,0.4876650451702571,2807.0,5756
511781,2013,0.5396108408617095,3106.0,5756
511781,2014,0.3420778318276581,1969.0,5756
511781,2015,0.41869353717859625,2410.0,5756
511781,2016,0.39610840861709523,2280.0,5756
511781,2017,0.6396803335649757,3682.0,5756
511781,2018,0.6692147324530924,3852.0,5756
511781,2019,0.6956219596942321,4004.0,5756
511781,2020,0.7215079916608756,4153.0,5756
511802,2000,1.537037037037037,2158.0,1404
511802,2001,1.7457264957264957,2451.0,1404
511802,2002,2.108974358974359,2961.0,1404
511802,2003,1.8183760683760684,2553.0,1404
511802,2004,2.990740740740741,4199.0,1404
511802,2005,3.212962962962963,4511.0,1404
511802,2006,2.78988603988604,3917.0,1404
511802,2007,3.4166666666666665,4797.0,1404
511802,2008,2.3789173789173788,3340.0,1404
511802,2009,2.114672364672365,2969.0,1404
511802,2010,2.3874643874643873,3352.0,1404
511802,2011,2.2713675213675213,3189.0,1404
511802,2012,2.4465811965811968,3435.0,1404
511802,2013,2.8347578347578346,3980.0,1404
511802,2014,3.5598290598290596,4998.0,1404
511802,2015,4.318376068376068,6063.0,1404
511802,2016,4.274216524216524,6001.0,1404
511802,2017,5.638888888888889,7917.0,1404
511802,2018,6.338319088319088,8899.0,1404
511802,2019,6.3084045584045585,8857.0,1404
511802,2020,7.507122507122507,10540.0,1404
511803,2000,1.1493018259935552,1070.0,931
511803,2001,0.8603651987110634,801.0,931
511803,2002,1.5424274973147154,1436.0,931
511803,2003,1.3114930182599356,1221.0,931
511803,2004,2.313641245972073,2154.0,931
511803,2005,1.9033297529538131,1772.0,931
511803,2006,1.1482277121374866,1069.0,931
511803,2007,2.1482277121374866,2000.0,931
511803,2008,1.9033297529538131,1772.0,931
511803,2009,1.6509129967776583,1537.0,931
511803,2010,2.1783029001074112,2028.0,931
511803,2011,1.7744360902255638,1652.0,931
511803,2012,2.21374865735768,2061.0,931
511803,2013,1.904403866809882,1773.0,931
511803,2014,2.728249194414608,2540.0,931
511803,2015,3.669172932330827,3416.0,931
511803,2016,3.372717508055854,3140.0,931
511803,2017,5.20515574650913,4846.0,931
511803,2018,5.756176154672395,5359.0,931
511803,2019,6.922663802363051,6445.0,931
511803,2020,8.989258861439312,8369.0,931
511822,2000,0.4413287316652286,1023.0,2318
511822,2001,0.32269197584124243,748.0,2318
511822,2002,0.500862812769629,1161.0,2318
511822,2003,0.3451251078515962,800.0,2318
511822,2004,0.6285591026747196,1457.0,2318
511822,2005,0.6531492666091459,1514.0,2318
511822,2006,0.5073339085418465,1176.0,2318
511822,2007,0.7696289905090595,1784.0,2318
511822,2008,0.586281276962899,1359.0,2318
511822,2009,0.6665228645383952,1545.0,2318
511822,2010,0.6630716134598792,1537.0,2318
511822,2011,0.5358067299396031,1242.0,2318
511822,2012,0.635030198446937,1472.0,2318
511822,2013,0.5936151855047455,1376.0,2318
511822,2014,0.9180327868852459,2128.0,2318
511822,2015,0.8132010353753235,1885.0,2318
511822,2016,0.7761000862812769,1799.0,2318
511822,2017,1.0099223468507335,2341.0,2318
511822,2018,1.1984469370146678,2778.0,2318
511822,2019,1.0595340811044003,2456.0,2318
511822,2020,1.077653149266609,2498.0,2318
511823,2000,0.2391228680821441,687.0,2873
511823,2001,0.22276366167768882,640.0,2873
511823,2002,0.3445875391576749,990.0,2873
511823,2003,0.4942568743473721,1420.0,2873
511823,2004,0.7984684998259659,2294.0,2873
511823,2005,0.6094674556213018,1751.0,2873
511823,2006,0.5885833623390184,1691.0,2873
511823,2007,1.1200835363731292,3218.0,2873
511823,2008,1.506787330316742,4329.0,2873
511823,2009,1.8994082840236686,5457.0,2873
511823,2010,1.8583362339018448,5339.0,2873
511823,2011,1.4211625478593803,4083.0,2873
511823,2012,1.4907761921336582,4283.0,2873
511823,2013,1.4998259658893143,4309.0,2873
511823,2014,1.4375217542638357,4130.0,2873
511823,2015,1.3000348068221372,3735.0,2873
511823,2016,1.0055690915419422,2889.0,2873
511823,2017,1.5328924469195961,4404.0,2873
511823,2018,2.2794987817612253,6549.0,2873
511823,2019,2.6004176818656455,7471.0,2873
511823,2020,2.3602506091193876,6781.0,2873
511824,2000,0.5880657249927933,2040.0,3469
511824,2001,0.5500144133756125,1908.0,3469
511824,2002,0.5730758143557221,1988.0,3469
511824,2003,0.5990198904583454,2078.0,3469
511824,2004,1.0098010954165466,3503.0,3469
511824,2005,1.1219371576823292,3892.0,3469
511824,2006,1.3217065436725282,4585.0,3469
511824,2007,2.1666186220812915,7516.0,3469
511824,2008,2.280484289420582,7911.0,3469
511824,2009,2.1954453733064283,7616.0,3469
511824,2010,2.4006918420294032,8328.0,3469
511824,2011,1.9521475929662726,6772.0,3469
511824,2012,1.4704525799942347,5101.0,3469
511824,2013,1.0971461516287115,3806.0,3469
511824,2014,1.290285384837129,4476.0,3469
511824,2015,1.1813202652061112,4098.0,3469
511824,2016,0.9622369558950706,3338.0,3469
511824,2017,1.3897376765638512,4821.0,3469
511824,2018,1.6500432401268377,5724.0,3469
511824,2019,1.5439607956183339,5356.0,3469
511824,2020,1.9066013260305563,6614.0,3469
511825,2000,0.3094637223974763,981.0,3170
511825,2001,0.29305993690851734,929.0,3170
511825,2002,0.4485804416403785,1422.0,3170
511825,2003,0.2832807570977918,898.0,3170
511825,2004,0.6599369085173502,2092.0,3170
511825,2005,0.6788643533123029,2152.0,3170
511825,2006,0.42176656151419556,1337.0,3170
511825,2007,0.7123028391167192,2258.0,3170
511825,2008,0.38422712933753944,1218.0,3170
511825,2009,0.37066246056782337,1175.0,3170
511825,2010,0.4129337539432177,1309.0,3170
511825,2011,0.3410094637223975,1081.0,3170
511825,2012,0.4466876971608833,1416.0,3170
511825,2013,0.20189274447949526,640.0,3170
511825,2014,0.4981072555205047,1579.0,3170
511825,2015,0.7684542586750789,2436.0,3170
511825,2016,0.7678233438485804,2434.0,3170
511825,2017,1.110410094637224,3520.0,3170
511825,2018,1.4258675078864353,4520.0,3170
511825,2019,1.2735015772870661,4037.0,3170
511825,2020,1.3523659305993692,4287.0,3170
511826,2000,0.31238670694864046,517.0,1655
511826,2001,0.22598187311178247,374.0,1655
511826,2002,0.32084592145015106,531.0,1655
511826,2003,0.19395770392749245,321.0,1655
511826,2004,0.6477341389728096,1072.0,1655
511826,2005,0.5667673716012085,938.0,1655
511826,2006,0.2851963746223565,472.0,1655
511826,2007,0.6712990936555892,1111.0,1655
511826,2008,0.3329305135951662,551.0,1655
511826,2009,0.29003021148036257,480.0,1655
511826,2010,0.43202416918429004,715.0,1655
511826,2011,0.43927492447129907,727.0,1655
511826,2012,0.7226586102719034,1196.0,1655
511826,2013,0.7117824773413898,1178.0,1655
511826,2014,1.4604229607250756,2417.0,1655
511826,2015,1.3758308157099697,2277.0,1655
511826,2016,1.6682779456193353,2761.0,1655
511826,2017,1.5987915407854985,2646.0,1655
511826,2018,2.106344410876133,3486.0,1655
511826,2019,1.8471299093655589,3057.0,1655
511826,2020,2.1909365558912386,3626.0,1655
511827,2000,0.2610337502950201,1106.0,4237
511827,2001,0.1699315553457635,720.0,4237
511827,2002,0.13075289119660136,554.0,4237
511827,2003,0.09464243568562662,401.0,4237
511827,2004,0.2650460231295728,1123.0,4237
511827,2005,0.2050979466603729,869.0,4237
511827,2006,0.20840217134765163,883.0,4237
511827,2007,0.2914798206278027,1235.0,4237
511827,2008,0.24120840217134765,1022.0,4237
511827,2009,0.14680198253481236,622.0,4237
511827,2010,0.16521123436393675,700.0,4237
511827,2011,0.09747462827472268,413.0,4237
511827,2012,0.061364172763747935,260.0,4237
511827,2013,0.1493981590748171,633.0,4237
511827,2014,0.24758083549681378,1049.0,4237
511827,2015,0.2546613169695539,1079.0,4237
511827,2016,0.13311305168751475,564.0,4237
511827,2017,0.2546613169695539,1079.0,4237
511827,2018,0.2650460231295728,1123.0,4237
511827,2019,0.17441586027849892,739.0,4237
511827,2020,0.1871607269294312,793.0,4237
511902,2000,1.385786802030457,2457.0,1773
511902,2001,1.5104342921601805,2678.0,1773
511902,2002,1.7721376198533558,3142.0,1773
511902,2003,2.146644106034969,3806.0,1773
511902,2004,2.1641285956006766,3837.0,1773
511902,2005,2.0417371686407217,3620.0,1773
511902,2006,2.01804850535815,3578.0,1773
511902,2007,2.7918781725888326,4950.0,1773
511902,2008,2.0377890580936264,3613.0,1773
511902,2009,1.614213197969543,2862.0,1773
511902,2010,1.922165820642978,3408.0,1773
511902,2011,2.684715172024817,4760.0,1773
511902,2012,4.109983079526227,7287.0,1773
511902,2013,4.9424703891708965,8763.0,1773
511902,2014,4.328821206993796,7675.0,1773
511902,2015,4.041737168640722,7166.0,1773
511902,2016,4.657642413987592,8258.0,1773
511902,2017,6.6559503666102655,11801.0,1773
511902,2018,6.222222222222222,11032.0,1773
511902,2019,6.793006204173717,12044.0,1773
511902,2020,7.17540891144952,12722.0,1773
511903,2000,0.14285714285714285,244.0,1708
511903,2001,0.12763466042154567,218.0,1708
511903,2002,0.202576112412178,346.0,1708
511903,2003,0.17388758782201405,297.0,1708
511903,2004,0.11182669789227166,191.0,1708
511903,2005,0.18208430913348947,311.0,1708
511903,2006,0.12470725995316159,213.0,1708
511903,2007,0.3366510538641686,575.0,1708
511903,2008,0.34894613583138173,596.0,1708
511903,2009,0.2786885245901639,476.0,1708
511903,2010,0.5526932084309133,944.0,1708
511903,2011,0.6563231850117096,1121.0,1708
511903,2012,0.8161592505854801,1394.0,1708
511903,2013,0.7909836065573771,1351.0,1708
511903,2014,0.7049180327868853,1204.0,1708
511903,2015,0.7710772833723654,1317.0,1708
511903,2016,1.2300936768149884,2101.0,1708
511903,2017,2.309718969555035,3945.0,1708
511903,2018,2.1352459016393444,3647.0,1708
511903,2019,2.6352459016393444,4501.0,1708
511903,2020,3.7927400468384076,6478.0,1708
511921,2000,0.08950237383506242,509.0,5687
511921,2001,0.11429576226481448,650.0,5687
511921,2002,0.20696324951644102,1177.0,5687
511921,2003,0.16159662387902232,919.0,5687
511921,2004,0.1496395287497802,851.0,5687
511921,2005,0.13381396166695975,761.0,5687
511921,2006,0.12308774397749253,700.0,5687
511921,2007,0.2795850184631616,1590.0,5687
511921,2008,0.17126780376296818,974.0,5687
511921,2009,0.1169333567786179,665.0,5687
511921,2010,0.16546509583260066,941.0,5687
511921,2011,0.2074907684192017,1180.0,5687
511921,2012,0.3937049410937225,2239.0,5687
511921,2013,0.4805697204149815,2733.0,5687
511921,2014,0.30666432213820993,1744.0,5687
511921,2015,0.22859152452962897,1300.0,5687
511921,2016,0.21557939159486547,1226.0,5687
511921,2017,0.42096008440302446,2394.0,5687
511921,2018,0.5213645155618076,2965.0,5687
511921,2019,0.6126252857394057,3484.0,5687
511921,2020,0.7200633022683313,4095.0,5687
511922,2000,0.12649261283141064,625.0,4941
511922,2001,0.15907710989678203,786.0,4941
511922,2002,0.24792552114956487,1225.0,4941
511922,2003,0.2392228293867638,1182.0,4941
511922,2004,0.2790933009512244,1379.0,4941
511922,2005,0.29548674357417526,1460.0,4941
511922,2006,0.22647237401335762,1119.0,4941
511922,2007,0.604735883424408,2988.0,4941
511922,2008,0.5703298927342643,2818.0,4941
511922,2009,0.4080145719489982,2016.0,4941
511922,2010,0.4063954665047561,2008.0,4941
511922,2011,0.5620319773325237,2777.0,4941
511922,2012,0.9352357822303178,4621.0,4941
511922,2013,0.8935438170410848,4415.0,4941
511922,2014,0.35539364501113135,1756.0,4941
511922,2015,0.38737097753491195,1914.0,4941
511922,2016,0.42744383727990287,2112.0,4941
511922,2017,0.6873102610807529,3396.0,4941
511922,2018,0.7383120825743776,3648.0,4941
511922,2019,0.7947783849423193,3927.0,4941
511922,2020,0.7895162922485327,3901.0,4941
511923,2000,0.1804804804804805,601.0,3330
511923,2001,0.17717717717717718,590.0,3330
511923,2002,0.23423423423423423,780.0,3330
511923,2003,0.2981981981981982,993.0,3330
511923,2004,0.36186186186186187,1205.0,3330
511923,2005,0.41921921921921923,1396.0,3330
511923,2006,0.3282282282282282,1093.0,3330
511923,2007,0.4024024024024024,1340.0,3330
511923,2008,0.36156156156156155,1204.0,3330
511923,2009,0.2057057057057057,685.0,3330
511923,2010,0.38618618618618616,1286.0,3330
511923,2011,0.6681681681681682,2225.0,3330
511923,2012,1.056156156156156,3517.0,3330
511923,2013,0.9762762762762762,3251.0,3330
511923,2014,0.7267267267267268,2420.0,3330
511923,2015,0.7411411411411412,2468.0,3330
511923,2016,0.8396396396396396,2796.0,3330
511923,2017,1.5660660660660661,5215.0,3330
511923,2018,1.4336336336336337,4774.0,3330
511923,2019,1.4498498498498498,4828.0,3330
511923,2020,1.4132132132132131,4706.0,3330
512002,2000,1.3920380787537863,3217.0,2311
512002,2001,1.9251406317611424,4449.0,2311
512002,2002,2.1614019904803117,4995.0,2311
512002,2003,2.183037646040675,5045.0,2311
512002,2004,3.208567719601904,7415.0,2311
512002,2005,3.1579402855906533,7298.0,2311
512002,2006,3.1003894418000866,7165.0,2311
512002,2007,3.468628299437473,8016.0,2311
512002,2008,2.4617048896581566,5689.0,2311
512002,2009,3.219385547382086,7440.0,2311
512002,2010,3.0796192124621378,7117.0,2311
512002,2011,4.188230203375162,9679.0,2311
512002,2012,4.1367373431414975,9560.0,2311
512002,2013,4.147122457810472,9584.0,2311
512002,2014,4.003461704889658,9252.0,2311
512002,2015,3.8944180008654263,9000.0,2311
512002,2016,4.021635655560363,9294.0,2311
512002,2017,5.330592816962354,12319.0,2311
512002,2018,6.022501081782778,13918.0,2311
512002,2019,7.379489398528776,17054.0,2311
512002,2020,9.011250540891389,20825.0,2311
512021,2000,0.16644579909886031,628.0,3773
512021,2001,0.26239067055393583,990.0,3773
512021,2002,0.3782136231115823,1427.0,3773
512021,2003,0.31248343493241454,1179.0,3773
512021,2004,0.47256824807845216,1783.0,3773
512021,2005,0.3999469917837265,1509.0,3773
512021,2006,0.437847866419295,1652.0,3773
512021,2007,0.6045587065995229,2281.0,3773
512021,2008,0.4402332361516035,1661.0,3773
512021,2009,0.49880731513384574,1882.0,3773
512021,2010,0.6300026504108137,2377.0,3773
512021,2011,1.353034720381659,5105.0,3773
512021,2012,1.6975881261595547,6405.0,3773
512021,2013,2.4084283063874903,9087.0,3773
512021,2014,2.08878876225815,7881.0,3773
512021,2015,1.6013782136231116,6042.0,3773
512021,2016,1.0384309567983037,3918.0,3773
512021,2017,2.0638749006095947,7787.0,3773
512021,2018,2.411873840445269,9100.0,3773
512021,2019,3.187119003445534,12025.0,3773
512021,2020,5.12430426716141,19334.0,3773
512022,2000,0.27122641509433965,575.0,2120
512022,2001,0.4509433962264151,956.0,2120
512022,2002,0.4981132075471698,1056.0,2120
512022,2003,0.41320754716981134,876.0,2120
512022,2004,0.6094339622641509,1292.0,2120
512022,2005,0.49575471698113205,1051.0,2120
512022,2006,0.755188679245283,1601.0,2120
512022,2007,0.8952830188679245,1898.0,2120
512022,2008,0.6273584905660378,1330.0,2120
512022,2009,0.9316037735849056,1975.0,2120
512022,2010,1.1622641509433962,2464.0,2120
512022,2011,1.8716981132075472,3968.0,2120
512022,2012,2.181603773584906,4625.0,2120
512022,2013,2.033490566037736,4311.0,2120
512022,2014,1.7580188679245283,3727.0,2120
512022,2015,1.6528301886792454,3504.0,2120
512022,2016,1.3995283018867926,2967.0,2120
512022,2017,2.758490566037736,5848.0,2120
512022,2018,3.1136792452830186,6601.0,2120
512022,2019,3.6183962264150944,7671.0,2120
512022,2020,4.765566037735849,10103.0,2120
513201,2000,0.10445714285714286,914.0,8750
513201,2001,0.13062857142857143,1143.0,8750
513201,2002,0.1521142857142857,1331.0,8750
513201,2003,0.15005714285714286,1313.0,8750
513201,2004,0.1656,1449.0,8750
513201,2005,0.1656,1449.0,8750
513201,2006,0.1558857142857143,1364.0,8750
513201,2007,0.16022857142857144,1402.0,8750
513201,2008,0.17268571428571428,1511.0,8750
513201,2009,0.1616,1414.0,8750
513201,2010,0.17314285714285715,1515.0,8750
513201,2011,0.16857142857142857,1475.0,8750
513201,2012,0.1552,1358.0,8750
513201,2013,0.18857142857142858,1650.0,8750
513201,2014,0.11771428571428572,1030.0,8750
513201,2015,0.15771428571428572,1380.0,8750
513201,2016,0.14342857142857143,1255.0,8750
513201,2017,0.22377142857142857,1958.0,8750
513201,2018,0.2104,1841.0,8750
513201,2019,0.30251428571428574,2647.0,8750
513201,2020,0.6488,5677.0,8750
513221,2000,0.32096307023895726,1773.0,5524
513221,2001,0.3875814627081825,2141.0,5524
513221,2002,0.36332367849384506,2007.0,5524
513221,2003,0.4560101375814627,2519.0,5524
513221,2004,0.8640477914554671,4773.0,5524
513221,2005,0.6893555394641564,3808.0,5524
513221,2006,0.4348298334540188,2402.0,5524
513221,2007,0.5706010137581463,3152.0,5524
513221,2008,0.2775162925416365,1533.0,5524
513221,2009,0.4112961622013034,2272.0,5524
513221,2010,1.0175597393193339,5621.0,5524
513221,2011,0.832367849384504,4598.0,5524
513221,2012,0.7733526430123099,4272.0,5524
513221,2013,0.6873642288196958,3797.0,5524
513221,2014,0.5573859522085446,3079.0,5524
513221,2015,0.5452570601013759,3012.0,5524
513221,2016,0.49131064446053585,2714.0,5524
513221,2017,0.7572411296162201,4183.0,5524
513221,2018,0.693519188993483,3831.0,5524
513221,2019,0.7402244750181028,4089.0,5524
513221,2020,0.8973569876900797,4957.0,5524
513222,2000,0.06283783783783783,372.0,5920
513222,2001,0.13614864864864865,806.0,5920
513222,2002,0.11621621621621622,688.0,5920
513222,2003,0.0804054054054054,476.0,5920
513222,2004,0.16891891891891891,1000.0,5920
513222,2005,0.21300675675675676,1261.0,5920
513222,2006,0.2890202702702703,1711.0,5920
513222,2007,0.3722972972972973,2204.0,5920
513222,2008,0.19341216216216217,1145.0,5920
513222,2009,0.17871621621621622,1058.0,5920
513222,2010,0.3238175675675676,1917.0,5920
513222,2011,0.19324324324324324,1144.0,5920
513222,2012,0.1947635135135135,1153.0,5920
513222,2013,0.14358108108108109,850.0,5920
513222,2014,0.11317567567567567,670.0,5920
513222,2015,0.2606418918918919,1543.0,5920
513222,2016,0.22888513513513514,1355.0,5920
513222,2017,0.31148648648648647,1844.0,5920
513222,2018,0.2929054054054054,1734.0,5920
513222,2019,0.3013513513513513,1784.0,5920
513222,2020,0.35405405405405405,2096.0,5920
513223,2000,0.15079659133012227,814.0,5398
513223,2001,0.1802519451648759,973.0,5398
513223,2002,0.2352723230826232,1270.0,5398
513223,2003,0.3052982586143016,1648.0,5398
513223,2004,0.37106335679881436,2003.0,5398
513223,2005,0.3277139681363468,1769.0,5398
513223,2006,0.19488699518340125,1052.0,5398
513223,2007,0.307336050389033,1659.0,5398
513223,2008,0.22045201926639496,1190.0,5398
513223,2009,0.28492034086698775,1538.0,5398
513223,2010,0.4386809929603557,2368.0,5398
513223,2011,0.4603556872915895,2485.0,5398
513223,2012,0.46702482400889217,2521.0,5398
513223,2013,0.5296406076324565,2859.0,5398
513223,2014,0.44442386068914413,2399.0,5398
513223,2015,0.45776213412374955,2471.0,5398
513223,2016,0.3762504631344943,2031.0,5398
513223,2017,0.6028158577250834,3254.0,5398
513223,2018,0.6102260096331975,3294.0,5398
513223,2019,0.6654316413486476,3592.0,5398
513223,2020,0.6330122267506484,3417.0,5398
513224,2000,0.03381726506128836,389.0,11503
513224,2001,0.08771624793532122,1009.0,11503
513224,2002,0.059028079631400505,679.0,11503
513224,2003,0.13057463270451186,1502.0,11503
513224,2004,0.24098061375293403,2772.0,11503
513224,2005,0.2638442145527254,3035.0,11503
513224,2006,0.20568547335477702,2366.0,11503
513224,2007,0.20672867947491957,2378.0,11503
513224,2008,0.1715204729201078,1973.0,11503
513224,2009,0.1453533860731983,1672.0,11503
513224,2010,0.23811179692254195,2739.0,11503
513224,2011,0.2390680691993393,2750.0,11503
513224,2012,0.32330696340085197,3719.0,11503
513224,2013,0.2858384769190646,3288.0,11503
513224,2014,0.18586455707206814,2138.0,11503
513224,2015,0.19125445535947144,2200.0,11503
513224,2016,0.15552464574458838,1789.0,11503
513224,2017,0.1903851169260193,2190.0,11503
513224,2018,0.13709467095540293,1577.0,11503
513224,2019,0.15196035816743458,1748.0,11503
513224,2020,0.19603581674345824,2255.0,11503
513225,2000,0.2471211118464593,1867.0,7555
513225,2001,0.2615486432825943,1976.0,7555
513225,2002,0.25625413633355393,1936.0,7555
513225,2003,0.40357379219060224,3049.0,7555
513225,2004,0.7704831237590999,5821.0,7555
513225,2005,0.8029119788219722,6066.0,7555
513225,2006,0.5437458636664461,4108.0,7555
513225,2007,0.5749834546657843,4344.0,7555
513225,2008,0.48788881535407014,3686.0,7555
513225,2009,0.42753143613500993,3230.0,7555
513225,2010,0.5736598279285241,4334.0,7555
513225,2011,0.4848444738583719,3663.0,7555
513225,2012,0.5088021178027796,3844.0,7555
513225,2013,0.5114493712772998,3864.0,7555
513225,2014,0.18623428193249503,1407.0,7555
513225,2015,0.2043679682329583,1544.0,7555
513225,2016,0.33540701522170746,2534.0,7555
513225,2017,0.42819324950363996,3235.0,7555
513225,2018,0.36346790205162144,2746.0,7555
513225,2019,0.4014559894109861,3033.0,7555
513225,2020,0.42461945731303774,3208.0,7555
513226,2000,0.016729401923881223,120.0,7173
513226,2001,0.018959988847065384,136.0,7173
513226,2002,0.016729401923881223,120.0,7173
513226,2003,0.009898229471629723,71.0,7173
513226,2004,0.03136762860727729,225.0,7173
513226,2005,0.03638644918444166,261.0,7173
513226,2006,0.03164645197267531,227.0,7173
513226,2007,0.043635856684790184,313.0,7173
513226,2008,0.05116408755053674,367.0,7173
513226,2009,0.06078349365676844,436.0,7173
513226,2010,0.09479994423532692,680.0,7173
513226,2011,0.11041405269761606,792.0,7173
513226,2012,0.10985640596682002,788.0,7173
513226,2013,0.14331520981458246,1028.0,7173
513226,2014,0.03778056601143176,271.0,7173
513226,2015,0.03262233375156838,234.0,7173
513226,2016,0.022305869231841628,160.0,7173
513226,2017,0.07472466192666946,536.0,7173
513226,2018,0.07054231144569915,506.0,7173
513226,2019,0.09535759096612297,684.0,7173
513226,2020,0.137041684093127,983.0,7173
513227,2000,0.06384915474642393,491.0,7690
513227,2001,0.0764629388816645,588.0,7690
513227,2002,0.06801040312093629,523.0,7690
513227,2003,0.05097529258777633,392.0,7690
513227,2004,0.07477243172951886,575.0,7690
513227,2005,0.06384915474642393,491.0,7690
513227,2006,0.07347204161248375,565.0,7690
513227,2007,0.08205461638491547,631.0,7690
513227,2008,0.09752925877763328,750.0,7690
513227,2009,0.0764629388816645,588.0,7690
513227,2010,0.0894668400520156,688.0,7690
513227,2011,0.07776332899869962,598.0,7690
513227,2012,0.08426527958387517,648.0,7690
513227,2013,0.06176853055916775,475.0,7690
513227,2014,0.08608582574772432,662.0,7690
513227,2015,0.08504551365409622,654.0,7690
513227,2016,0.08504551365409622,654.0,7690
513227,2017,0.16072821846553967,1236.0,7690
513227,2018,0.14421326397919376,1109.0,7690
513227,2019,0.24733420026007802,1902.0,7690
513227,2020,0.22782834850455136,1752.0,7690
513228,2000,0.024119055764625384,141.0,5846
513228,2001,0.011631885049606569,68.0,5846
513228,2002,0.02651385562777968,155.0,5846
513228,2003,0.015566199110502908,91.0,5846
513228,2004,0.036264112213479305,212.0,5846
513228,2005,0.11358193636674649,664.0,5846
513228,2006,0.1671228190215532,977.0,5846
513228,2007,0.25401984262743754,1485.0,5846
513228,2008,0.3162846390694492,1849.0,5846
513228,2009,0.19261033185083817,1126.0,5846
513228,2010,0.4596305165925419,2687.0,5846
513228,2011,0.36127266507013345,2112.0,5846
513228,2012,0.23434827232295588,1370.0,5846
513228,2013,0.17310981867943892,1012.0,5846
513228,2014,0.13821416353061922,808.0,5846
513228,2015,0.22117687307560727,1293.0,5846
513228,2016,0.13410879233664044,784.0,5846
513228,2017,0.1857680465275402,1086.0,5846
513228,2018,0.189873417721519,1110.0,5846
513228,2019,0.18628121792678753,1089.0,5846
513228,2020,0.23794047211768732,1391.0,5846
513230,2000,0.009331430453397738,85.0,9109
513230,2001,0.004940169063563509,45.0,9109
513230,2002,0.0,0.0,9109
513230,2003,0.0024151937644088265,22.0,9109
513230,2004,0.0,0.0,9109
513230,2005,0.0,0.0,9109
513230,2006,0.0,0.0,9109
513230,2007,0.00724558129322648,66.0,9109
513230,2008,0.02041936546272917,186.0,9109
513230,2009,0.010429245800856296,95.0,9109
513230,2010,0.017125919420353495,156.0,9109
513230,2011,0.015808541003403228,144.0,9109
513230,2012,0.01888242397628719,172.0,9109
513230,2013,0.023273685366121417,212.0,9109
513230,2014,0.015698759468657373,143.0,9109
513230,2015,0.03469096497969042,316.0,9109
513230,2016,0.011417279613568998,104.0,9109
513230,2017,0.04621802612800527,421.0,9109
513230,2018,0.04314414315512131,393.0,9109
513230,2019,0.04325392468986716,394.0,9109
513230,2020,0.04830387528817653,440.0,9109
513231,2000,0.014896008993816752,212.0,14232
513231,2001,0.01419336706014615,202.0,14232
513231,2002,0.011312535132096683,161.0,14232
513231,2003,0.012577290612703766,179.0,14232
513231,2004,0.015949971894322654,227.0,14232
513231,2005,0.042088251826869025,599.0,14232
513231,2006,0.03414839797639123,486.0,14232
513231,2007,0.030775716694772345,438.0,14232
513231,2008,0.02824620573355818,402.0,14232
513231,2009,0.03822372119168072,544.0,14232
513231,2010,0.054454749859471616,775.0,14232
513231,2011,0.05810848791455874,827.0,14232
513231,2012,0.058389544688026984,831.0,14232
513231,2013,0.10068858909499719,1433.0,14232
513231,2014,0.08614390106801574,1226.0,14232
513231,2015,0.1262647554806071,1797.0,14232
513231,2016,0.11031478358628442,1570.0,14232
513231,2017,0.16048341765036536,2284.0,14232
513231,2018,0.15823496346261945,2252.0,14232
513231,2019,0.15697020798201236,2234.0,14232
513231,2020,0.21451658234963464,3053.0,14232
513232,2000,0.013887952538259286,206.0,14833
513232,2001,0.012135104159644037,180.0,14833
513232,2002,0.016449807860850804,244.0,14833
513232,2003,0.017595901031483854,261.0,14833
513232,2004,0.031281601833749076,464.0,14833
513232,2005,0.04806849592125666,713.0,14833
513232,2006,0.07564214926178116,1122.0,14833
513232,2007,0.08292321175756759,1230.0,14833
513232,2008,0.08683341198678622,1288.0,14833
513232,2009,0.0724061214858761,1074.0,14833
513232,2010,0.06930492820063372,1028.0,14833
513232,2011,0.07281062495786422,1080.0,14833
513232,2012,0.07800175284837861,1157.0,14833
513232,2013,0.06512505899008966,966.0,14833
513232,2014,0.03242769500438212,481.0,14833
513232,2015,0.04779882693993123,709.0,14833
513232,2016,0.0432818715027304,642.0,14833
513232,2017,0.060405851816894764,896.0,14833
513232,2018,0.05366412728375919,796.0,14833
513232,2019,0.08582215330681589,1273.0,14833
513232,2020,0.10948560641812176,1624.0,14833
513233,2000,0.009230001663063363,111.0,12026
513233,2001,0.01696324629968402,204.0,12026
513233,2002,0.057625145518044235,693.0,12026
513233,2003,0.06527523698652919,785.0,12026
513233,2004,0.08198902378180609,986.0,12026
513233,2005,0.0835689339763845,1005.0,12026
513233,2006,0.08589722268418427,1033.0,12026
513233,2007,0.07907866289705638,951.0,12026
513233,2008,0.06577415599534342,791.0,12026
513233,2009,0.047480459005488106,571.0,12026
513233,2010,0.053716946615666054,646.0,12026
513233,2011,0.05712622650923,687.0,12026
513233,2012,0.04939298187260935,594.0,12026
513233,2013,0.04548478297023117,547.0,12026
513233,2014,0.02145351737901214,258.0,12026
513233,2015,0.03658739397971063,440.0,12026
513233,2016,0.051305504739730584,617.0,12026
513233,2017,0.1337102943622152,1608.0,12026
513233,2018,0.12356560784965907,1486.0,12026
513233,2019,0.15416597372359886,1854.0,12026
513233,2020,0.15724264094461998,1891.0,12026
513301,2000,0.09196975622474254,1411.0,15342
513301,2001,0.10546213010037804,1618.0,15342
513301,2002,0.10846043540607482,1664.0,15342
513301,2003,0.1185634206752705,1819.0,15342
513301,2004,0.17129448572545952,2628.0,15342
513301,2005,0.19150045626385087,2938.0,15342
513301,2006,0.20616608004171555,3163.0,15342
513301,2007,0.2713466301655586,4163.0,15342
513301,2008,0.2942250032590275,4514.0,15342
513301,2009,0.29174814235432145,4476.0,15342
513301,2010,0.346760526658845,5320.0,15342
513301,2011,0.41572154868987093,6378.0,15342
513301,2012,0.41956720114717766,6437.0,15342
513301,2013,0.41102854908095426,6306.0,15342
513301,2014,0.38000260722200496,5830.0,15342
513301,2015,0.35731977577890756,5482.0,15342
513301,2016,0.2899230869508539,4448.0,15342
513301,2017,0.4382088384825968,6723.0,15342
513301,2018,0.45104940685699385,6920.0,15342
513301,2019,0.4719723634467475,7241.0,15342
513301,2020,0.48187980706557165,7393.0,15342
513322,2000,0.26708278580814715,813.0,3044
513322,2001,0.25492772667542707,776.0,3044
513322,2002,0.36695137976346914,1117.0,3044
513322,2003,0.32260183968462547,982.0,3044
513322,2004,0.8196452036793692,2495.0,3044
513322,2005,0.44579500657030224,1357.0,3044
513322,2006,0.5131406044678055,1562.0,3044
513322,2007,0.6080814717477004,1851.0,3044
513322,2008,0.5400788436268068,1644.0,3044
513322,2009,0.6908672798948752,2103.0,3044
513322,2010,1.007555847568988,3067.0,3044
513322,2011,1.0036136662286466,3055.0,3044
513322,2012,0.9540078843626807,2904.0,3044
513322,2013,0.84526938239159,2573.0,3044
513322,2014,0.6488173455978975,1975.0,3044
513322,2015,0.65473061760841,1993.0,3044
513322,2016,0.39848883048620237,1213.0,3044
513322,2017,0.7509855453350854,2286.0,3044
513322,2018,0.8222733245729303,2503.0,3044
513322,2019,0.9287122207621551,2827.0,3044
513322,2020,1.4802890932982917,4506.0,3044
513323,2000,0.020071220459695695,124.0,6178
513323,2001,0.019100032372936226,118.0,6178
513323,2002,0.01602460343153124,99.0,6178
513323,2003,0.02136613790870832,132.0,6178
513323,2004,0.03237293622531564,200.0,6178
513323,2005,0.04386532858530269,271.0,6178
513323,2006,0.03981871155713823,246.0,6178
513323,2007,0.038847523470378766,240.0,6178
513323,2008,0.04402719326642927,272.0,6178
513323,2009,0.04920686306247977,304.0,6178
513323,2010,0.07850437034639042,485.0,6178
513323,2011,0.12350275169957915,763.0,6178
513323,2012,0.12334088701845257,762.0,6178
513323,2013,0.1209129168015539,747.0,6178
513323,2014,0.14859177727419878,918.0,6178
513323,2015,0.13580446746519909,839.0,6178
513323,2016,0.0904823567497572,559.0,6178
513323,2017,0.19180964713499515,1185.0,6178
513323,2018,0.16736808028488184,1034.0,6178
513323,2019,0.21770799611524766,1345.0,6178
513323,2020,0.23794108125606991,1470.0,6178
513324,2000,0.008929568032146444,80.0,8959
513324,2001,0.024779551289206385,222.0,8959
513324,2002,0.02634222569483201,236.0,8959
513324,2003,0.035718272128585776,320.0,8959
513324,2004,0.08371470030137292,750.0,8959
513324,2005,0.12021430963277152,1077.0,8959
513324,2006,0.1552628641589463,1391.0,8959
513324,2007,0.27893738140417457,2499.0,8959
513324,2008,0.25661346132380847,2299.0,8959
513324,2009,0.2102913271570488,1884.0,8959
513324,2010,0.26353387654872196,2361.0,8959
513324,2011,0.2697845741712245,2417.0,8959
513324,2012,0.2840718830226588,2545.0,8959
513324,2013,0.1895300814823083,1698.0,8959
513324,2014,0.14075231610670833,1261.0,8959
513324,2015,0.11999107043196786,1075.0,8959
513324,2016,0.08114744949213082,727.0,8959
513324,2017,0.12188860363879897,1092.0,8959
513324,2018,0.12010269003236969,1076.0,8959
513324,2019,0.1932135282955687,1731.0,8959
513324,2020,0.15325371135171337,1373.0,8959
513325,2000,0.005083367222448149,50.0,9836
513325,2001,0.004168361122407482,41.0,9836
513325,2002,0.014843432289548597,146.0,9836
513325,2003,0.014233428222854819,140.0,9836
513325,2004,0.01911346075640504,188.0,9836
513325,2005,0.01596177307848719,157.0,9836
513325,2006,0.012810085400569337,126.0,9836
513325,2007,0.03690524603497357,363.0,9836
513325,2008,0.07523383489223262,740.0,9836
513325,2009,0.11163074420496137,1098.0,9836
513325,2010,0.11966246441642944,1177.0,9836
513325,2011,0.11874745831638878,1168.0,9836
513325,2012,0.16602277348515657,1633.0,9836
513325,2013,0.10868239121594143,1069.0,9836
513325,2014,0.0629320862139081,619.0,9836
513325,2015,0.07808052053680357,768.0,9836
513325,2016,0.09333062220414803,918.0,9836
513325,2017,0.14497763318422122,1426.0,9836
513325,2018,0.14731598210654737,1449.0,9836
513325,2019,0.16063440422936154,1580.0,9836
513325,2020,0.16714111427409517,1644.0,9836
513326,2000,0.011538065313691151,112.0,9707
513326,2001,0.013804471000309055,134.0,9707
513326,2002,0.012774286597300916,124.0,9707
513326,2003,0.016895024209333472,164.0,9707
513326,2004,0.02472442567219532,240.0,9707
513326,2005,0.041104357680024725,399.0,9707
513326,2006,0.03193571649325229,310.0,9707
513326,2007,0.036880601627691356,358.0,9707
513326,2008,0.038734933553106005,376.0,9707
513326,2009,0.042958689605439374,417.0,9707
513326,2010,0.056145049963943545,545.0,9707
513326,2011,0.09632224168126094,935.0,9707
513326,2012,0.1651385598022046,1603.0,9707
513326,2013,0.12372514680127743,1201.0,9707
513326,2014,0.07489440609869166,727.0,9707
513326,2015,0.051097146389203665,496.0,9707
513326,2016,0.05068507262800041,492.0,9707
513326,2017,0.10023694241269188,973.0,9707
513326,2018,0.15566086329452972,1511.0,9707
513326,2019,0.17368909034717214,1686.0,9707
513326,2020,0.2551766766251159,2477.0,9707
513327,2000,0.03020300379600594,183.0,6059
513327,2001,0.06651262584584915,403.0,6059
513327,2002,0.1188314903449414,720.0,6059
513327,2003,0.11107443472520218,673.0,6059
513327,2004,0.11833635913517082,717.0,6059
513327,2005,0.10282224789569236,623.0,6059
513327,2006,0.10892886614952962,660.0,6059
513327,2007,0.07542498762171976,457.0,6059
513327,2008,0.06816306321175111,413.0,6059
513327,2009,0.07674533751444133,465.0,6059
513327,2010,0.08681300544644331,526.0,6059
513327,2011,0.0917643175441492,556.0,6059
513327,2012,0.08136656213896683,493.0,6059
513327,2013,0.10480277273477472,635.0,6059
513327,2014,0.08202673708532761,497.0,6059
513327,2015,0.10216207294933158,619.0,6059
513327,2016,0.09390988611982175,569.0,6059
513327,2017,0.18121802277603566,1098.0,6059
513327,2018,0.15365571876547285,931.0,6059
513327,2019,0.13533586400396105,820.0,6059
513327,2020,0.12163723386697475,737.0,6059
513328,2000,0.01940348153897328,175.0,9019
513328,2001,0.04956203570240603,447.0,9019
513328,2002,0.057212551280629784,516.0,9019
513328,2003,0.05033817496396496,454.0,9019
513328,2004,0.07528550837121632,679.0,9019
513328,2005,0.06929814835347599,625.0,9019
513328,2006,0.06253464907417673,564.0,9019
513328,2007,0.07184832021288391,648.0,9019
513328,2008,0.06497394389621909,586.0,9019
513328,2009,0.06031710832686551,544.0,9019
513328,2010,0.06918727131611044,624.0,9019
513328,2011,0.07739217208116199,698.0,9019
513328,2012,0.10355915289943453,934.0,9019
513328,2013,0.16354363011420334,1475.0,9019
513328,2014,0.151236278966626,1364.0,9019
513328,2015,0.18971061093247588,1711.0,9019
513328,2016,0.19181727464242154,1730.0,9019
513328,2017,0.3622352810732897,3267.0,9019
513328,2018,0.473444949550948,4270.0,9019
513328,2019,0.6125956314447278,5525.0,9019
513328,2020,0.6639316997449828,5988.0,9019
513329,2000,0.0009394081728511038,12.0,12774
513329,2001,0.0,0.0,12774
513329,2002,0.0029747925473618286,38.0,12774
513329,2003,0.0,0.0,12774
513329,2004,0.003131360576170346,40.0,12774
513329,2005,0.00931579771410678,119.0,12774
513329,2006,0.018475027399405042,236.0,12774
513329,2007,0.020666979802724285,264.0,12774
513329,2008,0.013777986535149523,176.0,12774
513329,2009,0.01103804603100047,141.0,12774
513329,2010,0.011742602160638797,150.0,12774
513329,2011,0.013777986535149523,176.0,12774
513329,2012,0.010255205886957884,131.0,12774
513329,2013,0.017770471269766712,227.0,12774
513329,2014,0.02035384374510725,260.0,12774
513329,2015,0.017065915140128386,218.0,12774
513329,2016,0.025442304681384063,325.0,12774
513329,2017,0.08548614372945045,1092.0,12774
513329,2018,0.0846250195710036,1081.0,12774
513329,2019,0.09245342101142946,1181.0,12774
513329,2020,0.1253327070612181,1601.0,12774
513330,2000,0.0,0.0,15813
513330,2001,0.0026560424966799467,42.0,15813
513330,2002,0.0,0.0,15813
513330,2003,0.0037311073167646874,59.0,15813
513330,2004,0.003478150888509454,55.0,15813
513330,2005,0.0050591285651046605,80.0,15813
513330,2006,0.008663757667741731,137.0,15813
513330,2007,0.027888446215139442,441.0,15813
513330,2008,0.021564535508758618,341.0,15813
513330,2009,0.01808638462024916,286.0,15813
513330,2010,0.017643710870802503,279.0,15813
513330,2011,0.02074242711692911,328.0,15813
513330,2012,0.017706949977866312,280.0,15813
513330,2013,0.022007209258205273,348.0,15813
513330,2014,0.02175425282995004,344.0,15813
513330,2015,0.024852969076076648,393.0,15813
513330,2016,0.02662366407386328,421.0,15813
513330,2017,0.09100107506482008,1439.0,15813
513330,2018,0.07980775311452602,1262.0,15813
513330,2019,0.08935685828116106,1413.0,15813
513330,2020,0.11364067539366345,1797.0,15813
513331,2000,0.005220826866092846,74.0,14174
513331,2001,0.002610413433046423,37.0,14174
513331,2002,0.0,0.0,14174
513331,2003,0.0,0.0,14174
513331,2004,0.014180894595738677,201.0,14174
513331,2005,0.027162410046564132,385.0,14174
513331,2006,0.029631720050797235,420.0,14174
513331,2007,0.04226047692958939,599.0,14174
513331,2008,0.02553972061521095,362.0,14174
513331,2009,0.020671652321151403,293.0,14174
513331,2010,0.029278961478763934,415.0,14174
513331,2011,0.028714547763510654,407.0,14174
513331,2012,0.01876675603217158,266.0,14174
513331,2013,0.029631720050797235,420.0,14174
513331,2014,0.021588824608437984,306.0,14174
513331,2015,0.049597855227882036,703.0,14174
513331,2016,0.040637787498236204,576.0,14174
513331,2017,0.08953012558205165,1269.0,14174
513331,2018,0.08550867786087202,1212.0,14174
513331,2019,0.09856074502610414,1397.0,14174
513331,2020,0.11252998447862284,1595.0,14174
513332,2000,0.0,0.0,31798
513332,2001,0.0,0.0,31798
513332,2002,0.0,0.0,31798
513332,2003,0.0,0.0,31798
513332,2004,0.004119755959494308,131.0,31798
513332,2005,0.012044782690735266,383.0,31798
513332,2006,0.006698534499025096,213.0,31798
513332,2007,0.005314799672935405,169.0,31798
513332,2008,0.004560035222341028,145.0,31798
513332,2009,0.004528586703566262,144.0,31798
513332,2010,0.004151204478269073,132.0,31798
513332,2011,0.0029876092836027424,95.0,31798
513332,2012,0.00908862192590729,289.0,31798
513332,2013,0.025441851688785457,809.0,31798
513332,2014,0.020315743128498646,646.0,31798
513332,2015,0.017642619032643563,561.0,31798
513332,2016,0.02132209572929115,678.0,31798
513332,2017,0.049405622995156925,1571.0,31798
513332,2018,0.05928045789043336,1885.0,31798
513332,2019,0.07053902761179949,2243.0,31798
513332,2020,0.06959557204855651,2213.0,31798
513333,2000,0.00228095013371087,29.0,12714
513333,2001,0.0,0.0,12714
513333,2002,0.0,0.0,12714
513333,2003,0.016595878559068744,211.0,12714
513333,2004,0.02918043102092182,371.0,12714
513333,2005,0.04451785433380526,566.0,12714
513333,2006,0.06559697970740916,834.0,12714
513333,2007,0.07047349378637723,896.0,12714
513333,2008,0.04664149756174296,593.0,12714
513333,2009,0.03264118294793141,415.0,12714
513333,2010,0.03618058832782759,460.0,12714
513333,2011,0.05521472392638037,702.0,12714
513333,2012,0.07739499764039641,984.0,12714
513333,2013,0.05788894132452415,736.0,12714
513333,2014,0.026270253264118294,334.0,12714
513333,2015,0.03893345917885795,495.0,12714
513333,2016,0.04310209218184678,548.0,12714
513333,2017,0.10012584552461853,1273.0,12714
513333,2018,0.10555293377379267,1342.0,12714
513333,2019,0.15203712442976247,1933.0,12714
513333,2020,0.3683341198678622,4683.0,12714
513334,2000,0.019487721151307102,369.0,18935
513334,2001,0.02429363612358067,460.0,18935
513334,2002,0.026775811988381304,507.0,18935
513334,2003,0.019012410879324003,360.0,18935
513334,2004,0.030155796144705573,571.0,18935
513334,2005,0.02799049379456034,530.0,18935
513334,2006,0.016741484024293637,317.0,18935
513334,2007,0.018853974121996304,357.0,18935
513334,2008,0.018008978082915236,341.0,18935
513334,2009,0.02049115394771587,388.0,18935
513334,2010,0.024399260628465803,462.0,18935
513334,2011,0.022656456297861102,429.0,18935
513334,2012,0.030472669659360973,577.0,18935
513334,2013,0.027409559017692105,519.0,18935
513334,2014,0.02165302350145234,410.0,18935
513334,2015,0.022128333773435437,419.0,18935
513334,2016,0.015685238975442304,297.0,18935
513334,2017,0.06221283337734354,1178.0,18935
513334,2018,0.07034592025349881,1332.0,18935
513334,2019,0.10689199894375495,2024.0,18935
513334,2020,0.11476102455769739,2173.0,18935
513335,2000,0.009204782691212754,97.0,10538
513335,2001,0.019832985386221295,209.0,10538
513335,2002,0.018884038717024102,199.0,10538
513335,2003,0.04621370278990321,487.0,10538
513335,2004,0.08711330423230214,918.0,10538
513335,2005,0.10277092427405579,1083.0,10538
513335,2006,0.050009489466691974,527.0,10538
513335,2007,0.05010438413361169,528.0,10538
513335,2008,0.05048396280129057,532.0,10538
513335,2009,0.04925033213133422,519.0,10538
513335,2010,0.0407098121085595,429.0,10538
513335,2011,0.06073258682862023,640.0,10538
513335,2012,0.11254507496678687,1186.0,10538
513335,2013,0.10504839628012906,1107.0,10538
513335,2014,0.04535965078762574,478.0,10538
513335,2015,0.0600683241601822,633.0,10538
513335,2016,0.03976086543936231,419.0,10538
513335,2017,0.1107420762953122,1167.0,10538
513335,2018,0.1250711710001898,1318.0,10538
513335,2019,0.3384892769026381,3567.0,10538
513335,2020,0.5029417346745113,5300.0,10538
513336,2000,0.01495560056083502,96.0,6419
513336,2001,0.003115750116840629,20.0,6419
513336,2002,0.00638728773952329,41.0,6419
513336,2003,0.008879887832995793,57.0,6419
513336,2004,0.026951238510671445,173.0,6419
513336,2005,0.03520797632029911,226.0,6419
513336,2006,0.05561613958560523,357.0,6419
513336,2007,0.07010437762891417,450.0,6419
513336,2008,0.08287895310796074,532.0,6419
513336,2009,0.14145505530456456,908.0,6419
513336,2010,0.2430285091135691,1560.0,6419
513336,2011,0.28275432310328713,1815.0,6419
513336,2012,0.27636703536376384,1774.0,6419
513336,2013,0.3237264371397414,2078.0,6419
513336,2014,0.232746533727995,1494.0,6419
513336,2015,0.14612868047982552,938.0,6419
513336,2016,0.08334631562548683,535.0,6419
513336,2017,0.13537934257672535,869.0,6419
513336,2018,0.12213740458015267,784.0,6419
513336,2019,0.14145505530456456,908.0,6419
513336,2020,0.17448200654307525,1120.0,6419
513337,2000,0.0,0.0,9443
513337,2001,0.0,0.0,9443
513337,2002,0.0,0.0,9443
513337,2003,0.012284231706025628,116.0,9443
513337,2004,0.02986339087154506,282.0,9443
513337,2005,0.025203854707190512,238.0,9443
513337,2006,0.02848670973207667,269.0,9443
513337,2007,0.027851318436937413,263.0,9443
513337,2008,0.03844117335592502,363.0,9443
513337,2009,0.0677750714815207,640.0,9443
513337,2010,0.04447739065974796,420.0,9443
513337,2011,0.0699989410145081,661.0,9443
513337,2012,0.08302446256486286,784.0,9443
513337,2013,0.16509583818701684,1559.0,9443
513337,2014,0.0681986656782802,644.0,9443
513337,2015,0.08577782484379964,810.0,9443
513337,2016,0.07656465106428043,723.0,9443
513337,2017,0.17738006989304247,1675.0,9443
513337,2018,0.14158636026686433,1337.0,9443
513337,2019,0.13311447633167425,1257.0,9443
513337,2020,0.1696494758021815,1602.0,9443
513338,2000,0.049582463465553235,190.0,3832
513338,2001,0.023225469728601254,89.0,3832
513338,2002,0.022964509394572025,88.0,3832
513338,2003,0.031315240083507306,120.0,3832
513338,2004,0.06080375782881002,233.0,3832
513338,2005,0.08455114822546973,324.0,3832
513338,2006,0.05767223382045929,221.0,3832
513338,2007,0.05140918580375783,197.0,3832
513338,2008,0.07332985386221294,281.0,3832
513338,2009,0.07541753653444676,289.0,3832
513338,2010,0.05793319415448852,222.0,3832
513338,2011,0.05010438413361169,192.0,3832
513338,2012,0.0652400835073069,250.0,3832
513338,2013,0.06889352818371608,264.0,3832
513338,2014,0.03966597077244259,152.0,3832
513338,2015,0.07698329853862212,295.0,3832
513338,2016,0.09029227557411273,346.0,3832
513338,2017,0.14326722338204592,549.0,3832
513338,2018,0.11090814196242171,425.0,3832
513338,2019,0.08689979123173278,333.0,3832
513338,2020,0.10594989561586639,406.0,3832
513401,2000,1.8894137260350097,6800.0,3599
513401,2001,2.2028341205890527,7928.0,3599
513401,2002,2.3987218671853294,8633.0,3599
513401,2003,2.4167824395665463,8698.0,3599
513401,2004,3.018616282300639,10864.0,3599
513401,2005,3.1558766323978884,11358.0,3599
513401,2006,3.6701861628230064,13209.0,3599
513401,2007,3.98388441233676,14338.0,3599
513401,2008,3.945818282856349,14201.0,3599
513401,2009,3.9130313976104474,14083.0,3599
513401,2010,4.595998888580161,16541.0,3599
513401,2011,5.0822450680744655,18291.0,3599
513401,2012,5.613503751041956,20203.0,3599
513401,2013,5.615170880800222,20209.0,3599
513401,2014,5.323145318143929,19158.0,3599
513401,2015,5.168380105584885,18601.0,3599
513401,2016,4.298416226729647,15470.0,3599
513401,2017,5.549319255348708,19972.0,3599
513401,2018,5.644623506529592,20315.0,3599
513401,2019,5.853292581272576,21066.0,3599
513401,2020,6.659905529313698,23969.0,3599
513422,2000,0.002500284123195818,44.0,17598
513422,2001,0.007330378452096829,129.0,17598
513422,2002,0.010057961131946812,177.0,17598
513422,2003,0.01954767587225821,344.0,17598
513422,2004,0.043414024320945564,764.0,17598
513422,2005,0.06915558586202977,1217.0,17598
513422,2006,0.04795999545402887,844.0,17598
513422,2007,0.06449596545061939,1135.0,17598
513422,2008,0.10870553471985453,1913.0,17598
513422,2009,0.22087737242868508,3887.0,17598
513422,2010,0.3396408682804864,5977.0,17598
513422,2011,0.26963291283100355,4745.0,17598
513422,2012,0.24536879190817137,4318.0,17598
513422,2013,0.1708148653256052,3006.0,17598
513422,2014,0.08518013410614843,1499.0,17598
513422,2015,0.0719399931810433,1266.0,17598
513422,2016,0.04852824184566428,854.0,17598
513422,2017,0.07478122513922036,1316.0,17598
513422,2018,0.06648482782134334,1170.0,17598
513422,2019,0.08722582111603591,1535.0,17598
513422,2020,0.17439481759290829,3069.0,17598
513423,2000,0.03431111111111111,386.0,11250
513423,2001,0.04142222222222222,466.0,11250
513423,2002,0.08693333333333333,978.0,11250
513423,2003,0.10693333333333334,1203.0,11250
513423,2004,0.17013333333333333,1914.0,11250
513423,2005,0.21884444444444445,2462.0,11250
513423,2006,0.17413333333333333,1959.0,11250
513423,2007,0.2976888888888889,3349.0,11250
513423,2008,0.3274666666666667,3684.0,11250
513423,2009,0.3476444444444444,3911.0,11250
513423,2010,0.5049777777777777,5681.0,11250
513423,2011,0.4999111111111111,5624.0,11250
513423,2012,0.3824,4302.0,11250
513423,2013,0.41404444444444444,4658.0,11250
513423,2014,0.18106666666666665,2037.0,11250
513423,2015,0.24231111111111112,2726.0,11250
513423,2016,0.1624,1827.0,11250
513423,2017,0.2488,2799.0,11250
513423,2018,0.34444444444444444,3875.0,11250
513423,2019,0.3728,4194.0,11250
513423,2020,0.5676444444444444,6386.0,11250
513424,2000,0.3285055957867018,998.0,3038
513424,2001,0.4298880842659645,1306.0,3038
513424,2002,0.554312047399605,1684.0,3038
513424,2003,0.892034233048058,2710.0,3038
513424,2004,1.9052007899934167,5788.0,3038
513424,2005,1.933838051349572,5875.0,3038
513424,2006,1.6033574720210666,4871.0,3038
513424,2007,1.5671494404213298,4761.0,3038
513424,2008,1.3742593811718236,4175.0,3038
513424,2009,1.1260697827518105,3421.0,3038
513424,2010,1.4098090849242924,4283.0,3038
513424,2011,1.3248847926267282,4025.0,3038
513424,2012,1.3752468729427254,4178.0,3038
513424,2013,1.2337063857801185,3748.0,3038
513424,2014,0.6385780118499013,1940.0,3038
513424,2015,0.6685319289005925,2031.0,3038
513424,2016,0.5319289005924951,1616.0,3038
513424,2017,0.8706385780118499,2645.0,3038
513424,2018,0.7287689269256089,2214.0,3038
513424,2019,0.8492429229756419,2580.0,3038
513424,2020,1.315009874917709,3995.0,3038
513425,2000,0.3267343485617597,1931.0,5910
513425,2001,0.3631133671742809,2146.0,5910
513425,2002,0.4291032148900169,2536.0,5910
513425,2003,0.7258883248730964,4290.0,5910
513425,2004,0.7047377326565144,4165.0,5910
513425,2005,0.7245346869712352,4282.0,5910
513425,2006,0.6076142131979695,3591.0,5910
513425,2007,0.8373942470389171,4949.0,5910
513425,2008,1.245346869712352,7360.0,5910
513425,2009,1.2460236886632825,7364.0,5910
513425,2010,1.6401015228426397,9693.0,5910
513425,2011,1.5983079526226733,9446.0,5910
513425,2012,1.531472081218274,9051.0,5910
513425,2013,1.7253807106598984,10197.0,5910
513425,2014,0.8707275803722504,5146.0,5910
513425,2015,0.6500846023688663,3842.0,5910
513425,2016,0.5236886632825719,3095.0,5910
513425,2017,0.7851099830795262,4640.0,5910
513425,2018,0.8725888324873097,5157.0,5910
513425,2019,0.8423011844331642,4978.0,5910
513425,2020,1.1406091370558376,6741.0,5910
513426,2000,0.194484412470024,811.0,4170
513426,2001,0.2565947242206235,1070.0,4170
513426,2002,0.41510791366906474,1731.0,4170
513426,2003,0.4170263788968825,1739.0,4170
513426,2004,0.5779376498800959,2410.0,4170
513426,2005,0.5323741007194245,2220.0,4170
513426,2006,0.41007194244604317,1710.0,4170
513426,2007,0.5,2085.0,4170
513426,2008,0.6390887290167866,2665.0,4170
513426,2009,0.5290167865707434,2206.0,4170
513426,2010,0.7565947242206235,3155.0,4170
513426,2011,0.6637889688249401,2768.0,4170
513426,2012,0.6587529976019184,2747.0,4170
513426,2013,1.1774580335731415,4910.0,4170
513426,2014,0.5388489208633094,2247.0,4170
513426,2015,0.5808153477218225,2422.0,4170
513426,2016,0.4273381294964029,1782.0,4170
513426,2017,0.8798561151079136,3669.0,4170
513426,2018,0.9844124700239808,4105.0,4170
513426,2019,1.0522781774580336,4388.0,4170
513426,2020,1.4354916067146284,5986.0,4170
513427,2000,0.3309123921924648,729.0,2203
513427,2001,0.39355424421243757,867.0,2203
513427,2002,0.48070812528370405,1059.0,2203
513427,2003,0.625510667271902,1378.0,2203
513427,2004,0.53109396277803,1170.0,2203
513427,2005,0.5220154334997731,1150.0,2203
513427,2006,0.3663186563776668,807.0,2203
513427,2007,0.6867907399001362,1513.0,2203
513427,2008,0.7430776214253291,1637.0,2203
513427,2009,0.6404902405810259,1411.0,2203
513427,2010,0.9210167952791648,2029.0,2203
513427,2011,1.097140263277349,2417.0,2203
513427,2012,1.4816159782115297,3264.0,2203
513427,2013,1.6926917839310032,3729.0,2203
513427,2014,1.1715842033590558,2581.0,2203
513427,2015,1.3590558329550613,2994.0,2203
513427,2016,1.1139355424421244,2454.0,2203
513427,2017,1.6064457557875624,3539.0,2203
513427,2018,1.7980027235587834,3961.0,2203
513427,2019,1.755333635950976,3867.0,2203
513427,2020,2.6150703586019066,5761.0,2203
513428,2000,0.118772419290554,298.0,2509
513428,2001,0.1490633718612993,374.0,2509
513428,2002,0.1478676763650857,371.0,2509
513428,2003,0.16660023913909924,418.0,2509
513428,2004,0.1944998007174173,488.0,2509
513428,2005,0.1873256277401355,470.0,2509
513428,2006,0.10761259465922679,270.0,2509
513428,2007,0.22997210043842167,577.0,2509
513428,2008,0.2885611797528896,724.0,2509
513428,2009,0.26863292148266243,674.0,2509
513428,2010,0.3208449581506576,805.0,2509
513428,2011,0.26265444400159427,659.0,2509
513428,2012,0.21522518931845358,540.0,2509
513428,2013,0.26982861697887606,677.0,2509
513428,2014,0.10721402949382224,269.0,2509
513428,2015,0.20526106018333998,515.0,2509
513428,2016,0.14507772020725387,364.0,2509
513428,2017,0.31526504583499404,791.0,2509
513428,2018,0.4990035870864886,1252.0,2509
513428,2019,0.5695496213630928,1429.0,2509
513428,2020,0.7210043842168194,1809.0,2509
513429,2000,0.1826047358834244,401.0,2196
513429,2001,0.1621129326047359,356.0,2196
513429,2002,0.19899817850637522,437.0,2196
513429,2003,0.28324225865209474,622.0,2196
513429,2004,0.19171220400728597,421.0,2196
513429,2005,0.23816029143897996,523.0,2196
513429,2006,0.30191256830601093,663.0,2196
513429,2007,0.43169398907103823,948.0,2196
513429,2008,0.47996357012750457,1054.0,2196
513429,2009,0.24817850637522768,545.0,2196
513429,2010,0.24681238615664844,542.0,2196
513429,2011,0.1994535519125683,438.0,2196
513429,2012,0.2955373406193078,649.0,2196
513429,2013,0.30601092896174864,672.0,2196
513429,2014,0.1894353369763206,416.0,2196
513429,2015,0.1493624772313297,328.0,2196
513429,2016,0.08652094717668488,190.0,2196
513429,2017,0.19216757741347906,422.0,2196
513429,2018,0.21402550091074682,470.0,2196
513429,2019,0.26320582877959925,578.0,2196
513429,2020,0.7053734061930783,1549.0,2196
513430,2000,0.03589232303090728,72.0,2006
513430,2001,0.04685942173479561,94.0,2006
513430,2002,0.12362911266201396,248.0,2006
513430,2003,0.1769690927218345,355.0,2006
513430,2004,0.16301096709870389,327.0,2006
513430,2005,0.15653040877367896,314.0,2006
513430,2006,0.12063808574277168,242.0,2006
513430,2007,0.3115653040877368,625.0,2006
513430,2008,0.3230309072781655,648.0,2006
513430,2009,0.2676969092721834,537.0,2006
513430,2010,0.15403788634097706,309.0,2006
513430,2011,0.2098703888334995,421.0,2006
513430,2012,0.3584247258225324,719.0,2006
513430,2013,0.3374875373878365,677.0,2006
513430,2014,0.13509471585244268,271.0,2006
513430,2015,0.09072781655034895,182.0,2006
513430,2016,0.06580259222333001,132.0,2006
513430,2017,0.14057826520438685,282.0,2006
513430,2018,0.16600199401794616,333.0,2006
513430,2019,0.24925224327018944,500.0,2006
513430,2020,0.4780658025922233,959.0,2006
513431,2000,0.05618311533888228,189.0,3364
513431,2001,0.12395957193816885,417.0,3364
513431,2002,0.1721165279429251,579.0,3364
513431,2003,0.14774078478002378,497.0,3364
513431,2004,0.24286563614744353,817.0,3364
513431,2005,0.2294887039239001,772.0,3364
513431,2006,0.2407847800237812,810.0,3364
513431,2007,0.380499405469679,1280.0,3364
513431,2008,0.3807966706302021,1281.0,3364
513431,2009,0.19530321046373364,657.0,3364
513431,2010,0.18608799048751487,626.0,3364
513431,2011,0.2208680142687277,743.0,3364
513431,2012,0.23275862068965517,783.0,3364
513431,2013,0.21878715814506539,736.0,3364
513431,2014,0.1340665873959572,451.0,3364
513431,2015,0.1584423305588585,533.0,3364
513431,2016,0.11682520808561236,393.0,3364
513431,2017,0.1697384066587396,571.0,3364
513431,2018,0.2387039239001189,803.0,3364
513431,2019,0.4414387633769322,1485.0,3364
513431,2020,0.713436385255648,2400.0,3364
513432,2000,0.10833035395066143,303.0,2797
513432,2001,0.2313192706471219,647.0,2797
513432,2002,0.17661780479084735,494.0,2797
513432,2003,0.3049696102967465,853.0,2797
513432,2004,0.46120843761172686,1290.0,2797
513432,2005,0.44547729710404005,1246.0,2797
513432,2006,0.32248838040757954,902.0,2797
513432,2007,0.5373614587057561,1503.0,2797
513432,2008,0.4504826599928495,1260.0,2797
513432,2009,0.3432248838040758,960.0,2797
513432,2010,0.3282087951376475,918.0,2797
513432,2011,0.5173400071505184,1447.0,2797
513432,2012,0.5252055774043618,1469.0,2797
513432,2013,0.5269932070075081,1474.0,2797
513432,2014,0.2366821594565606,662.0,2797
513432,2015,0.22059349302824455,617.0,2797
513432,2016,0.16195924204504827,453.0,2797
513432,2017,0.37826242402574184,1058.0,2797
513432,2018,0.44190203789774757,1236.0,2797
513432,2019,0.5448695030389703,1524.0,2797
513432,2020,0.7332856632105827,2051.0,2797
513433,2000,0.35198406109912006,2120.0,6023
513433,2001,0.409596546571476,2467.0,6023
513433,2002,0.4682052133488295,2820.0,6023
513433,2003,0.47932923792130167,2887.0,6023
513433,2004,0.672422380873319,4050.0,6023
513433,2005,1.0051469367424872,6054.0,6023
513433,2006,0.7587580939731031,4570.0,6023
513433,2007,1.040843433504898,6269.0,6023
513433,2008,1.009961813049975,6083.0,6023
513433,2009,0.9840610991200398,5927.0,6023
513433,2010,1.0821849576622946,6518.0,6023
513433,2011,1.0009961813049975,6029.0,6023
513433,2012,1.0986219491947535,6617.0,6023
513433,2013,0.9752614975925619,5874.0,6023
513433,2014,0.5666611323260834,3413.0,6023
513433,2015,0.6033538103934916,3634.0,6023
513433,2016,0.48862693010127844,2943.0,6023
513433,2017,0.832807570977918,5016.0,6023
513433,2018,0.7607504565830981,4582.0,6023
513433,2019,0.8024240411754939,4833.0,6023
513433,2020,0.886435331230284,5339.0,6023
513434,2000,0.1287978863936592,390.0,3028
513434,2001,0.14960369881109642,453.0,3028
513434,2002,0.18527080581241745,561.0,3028
513434,2003,0.23183619550858653,702.0,3028
513434,2004,0.2701453104359313,818.0,3028
513434,2005,0.18956406869220607,574.0,3028
513434,2006,0.15290620871862615,463.0,3028
513434,2007,0.28797886393659183,872.0,3028
513434,2008,0.17239101717305153,522.0,3028
513434,2009,0.14167767503302509,429.0,3028
513434,2010,0.29359313077939236,889.0,3028
513434,2011,0.43394980184940557,1314.0,3028
513434,2012,0.41677675033025097,1262.0,3028
513434,2013,0.2846763540290621,862.0,3028
513434,2014,0.20871862615587847,632.0,3028
513434,2015,0.24207397622192867,733.0,3028
513434,2016,0.24471598414795245,741.0,3028
513434,2017,0.37450462351387054,1134.0,3028
513434,2018,0.3939894319682959,1193.0,3028
513434,2019,0.42800528401585203,1296.0,3028
513434,2020,0.8735138705416117,2645.0,3028
513435,2000,0.1886730325979585,573.0,3037
513435,2001,0.23180770497201186,704.0,3037
513435,2002,0.2999670727691801,911.0,3037
513435,2003,0.4741521238063879,1440.0,3037
513435,2004,0.7283503457359236,2212.0,3037
513435,2005,0.4721764899571946,1434.0,3037
513435,2006,0.5814948962792229,1766.0,3037
513435,2007,0.7599604873230161,2308.0,3037
513435,2008,0.6960816595324333,2114.0,3037
513435,2009,0.5581165623971024,1695.0,3037
513435,2010,0.7599604873230161,2308.0,3037
513435,2011,0.5828119855120184,1770.0,3037
513435,2012,0.4991768192295028,1516.0,3037
513435,2013,0.2311491603556141,702.0,3037
513435,2014,0.30754033585775437,934.0,3037
513435,2015,0.27955218966084955,849.0,3037
513435,2016,0.24432005268356932,742.0,3037
513435,2017,0.5100428054000659,1549.0,3037
513435,2018,0.5650312808692789,1716.0,3037
513435,2019,0.5432993085281528,1650.0,3037
513435,2020,0.7415212380638788,2252.0,3037
513436,2000,0.038081395348837206,131.0,3440
513436,2001,0.023546511627906976,81.0,3440
513436,2002,0.08953488372093023,308.0,3440
513436,2003,0.15494186046511627,533.0,3440
513436,2004,0.2116279069767442,728.0,3440
513436,2005,0.1816860465116279,625.0,3440
513436,2006,0.22296511627906976,767.0,3440
513436,2007,0.24941860465116278,858.0,3440
513436,2008,0.17063953488372094,587.0,3440
513436,2009,0.15348837209302327,528.0,3440
513436,2010,0.1566860465116279,539.0,3440
513436,2011,0.1125,387.0,3440
513436,2012,0.10494186046511628,361.0,3440
513436,2013,0.09912790697674419,341.0,3440
513436,2014,0.06337209302325582,218.0,3440
513436,2015,0.07703488372093023,265.0,3440
513436,2016,0.07674418604651163,264.0,3440
513436,2017,0.1569767441860465,540.0,3440
513436,2018,0.1369186046511628,471.0,3440
513436,2019,0.12180232558139535,419.0,3440
513436,2020,0.42034883720930233,1446.0,3440
513437,2000,0.06510895248096614,248.0,3809
513437,2001,0.03859280651089525,147.0,3809
513437,2002,0.024940929377789446,95.0,3809
513437,2003,0.10895248096613284,415.0,3809
513437,2004,0.3830401680231032,1459.0,3809
513437,2005,0.5408243633499606,2060.0,3809
513437,2006,0.5297978472039906,2018.0,3809
513437,2007,0.5287477028091363,2014.0,3809
513437,2008,0.4481491205040693,1707.0,3809
513437,2009,0.44289839852979784,1687.0,3809
513437,2010,0.4652139669204516,1772.0,3809
513437,2011,0.4757154108689945,1812.0,3809
513437,2012,0.5544762404830664,2112.0,3809
513437,2013,0.4898923601995274,1866.0,3809
513437,2014,0.3896035704909425,1484.0,3809
513437,2015,0.6161722236807561,2347.0,3809
513437,2016,0.6440010501443949,2453.0,3809
513437,2017,0.7946967708059858,3027.0,3809
513437,2018,0.9435547387765818,3594.0,3809
513437,2019,1.4245208716198476,5426.0,3809
513437,2020,1.4688894723024415,5595.0,3809
520102,2000,17.705,3541.0,200
520102,2001,18.42,3684.0,200
520102,2002,22.535,4507.0,200
520102,2003,26.205,5241.0,200
520102,2004,27.155,5431.0,200
520102,2005,24.345,4869.0,200
520102,2006,23.97,4794.0,200
520102,2007,26.48,5296.0,200
520102,2008,28.29,5658.0,200
520102,2009,27.595,5519.0,200
520102,2010,27.99,5598.0,200
520102,2011,33.06,6612.0,200
520102,2012,29.875,5975.0,200
520102,2013,39.85,7970.0,200
520102,2014,44.06,8812.0,200
520102,2015,43.01,8602.0,200
520102,2016,45.255,9051.0,200
520102,2017,47.495,9499.0,200
520102,2018,49.455,9891.0,200
520102,2019,51.475,10295.0,200
520102,2020,51.22,10244.0,200
520103,2000,41.791666666666664,4012.0,96
520103,2001,42.21875,4053.0,96
520103,2002,46.28125,4443.0,96
520103,2003,54.208333333333336,5204.0,96
520103,2004,49.552083333333336,4757.0,96
520103,2005,51.010416666666664,4897.0,96
520103,2006,49.291666666666664,4732.0,96
520103,2007,49.71875,4773.0,96
520103,2008,49.604166666666664,4762.0,96
520103,2009,49.447916666666664,4747.0,96
520103,2010,49.916666666666664,4792.0,96
520103,2011,54.291666666666664,5212.0,96
520103,2012,52.395833333333336,5030.0,96
520103,2013,58.385416666666664,5605.0,96
520103,2014,60.447916666666664,5803.0,96
520103,2015,60.25,5784.0,96
520103,2016,60.78125,5835.0,96
520103,2017,60.229166666666664,5782.0,96
520103,2018,60.458333333333336,5804.0,96
520103,2019,61.072916666666664,5863.0,96
520103,2020,60.802083333333336,5837.0,96
520111,2000,6.5729257641921395,7526.0,1145
520111,2001,6.6183406113537115,7578.0,1145
520111,2002,7.379912663755459,8450.0,1145
520111,2003,9.131004366812228,10455.0,1145
520111,2004,9.892576419213974,11327.0,1145
520111,2005,8.909170305676856,10201.0,1145
520111,2006,8.793013100436681,10068.0,1145
520111,2007,9.622707423580787,11018.0,1145
520111,2008,10.558078602620087,12089.0,1145
520111,2009,11.031441048034935,12631.0,1145
520111,2010,11.299563318777292,12938.0,1145
520111,2011,12.682096069868996,14521.0,1145
520111,2012,12.683842794759824,14523.0,1145
520111,2013,18.41659388646288,21087.0,1145
520111,2014,23.30131004366812,26680.0,1145
520111,2015,26.42882096069869,30261.0,1145
520111,2016,29.062008733624456,33276.0,1145
520111,2017,30.027947598253274,34382.0,1145
520111,2018,31.17467248908297,35695.0,1145
520111,2019,32.36768558951965,37061.0,1145
520111,2020,31.64541484716157,36234.0,1145
520112,2000,3.592503022974607,2971.0,827
520112,2001,3.2551390568319225,2692.0,827
520112,2002,4.581620314389359,3789.0,827
520112,2003,6.452237001209189,5336.0,827
520112,2004,6.568319226118501,5432.0,827
520112,2005,6.698911729141475,5540.0,827
520112,2006,5.782345828295043,4782.0,827
520112,2007,6.740024183796856,5574.0,827
520112,2008,6.159613059250303,5094.0,827
520112,2009,5.819830713422007,4813.0,827
520112,2010,5.166868198307134,4273.0,827
520112,2011,7.084643288996372,5859.0,827
520112,2012,6.8851269649334945,5694.0,827
520112,2013,8.98186215235792,7428.0,827
520112,2014,10.632406287787182,8793.0,827
520112,2015,10.03869407496977,8302.0,827
520112,2016,11.047158403869407,9136.0,827
520112,2017,13.944377267230955,11532.0,827
520112,2018,15.126964933494559,12510.0,827
520112,2019,16.347037484885128,13519.0,827
520112,2020,17.282950423216445,14293.0,827
520113,2000,10.411940298507462,3488.0,335
520113,2001,10.444776119402984,3499.0,335
520113,2002,12.874626865671642,4313.0,335
520113,2003,16.77313432835821,5619.0,335
520113,2004,16.134328358208954,5405.0,335
520113,2005,17.6955223880597,5928.0,335
520113,2006,16.444776119402984,5509.0,335
520113,2007,16.81492537313433,5633.0,335
520113,2008,16.55820895522388,5547.0,335
520113,2009,16.623880597014924,5569.0,335
520113,2010,15.214925373134328,5097.0,335
520113,2011,17.991044776119402,6027.0,335
520113,2012,20.244776119402985,6782.0,335
520113,2013,27.450746268656715,9196.0,335
520113,2014,27.755223880597015,9298.0,335
520113,2015,26.788059701492536,8974.0,335
520113,2016,28.408955223880596,9517.0,335
520113,2017,29.707462686567165,9952.0,335
520113,2018,32.92537313432836,11030.0,335
520113,2019,38.89850746268657,13031.0,335
520113,2020,40.2,13467.0,335
520115,2000,10.33173076923077,4298.0,416
520115,2001,10.057692307692308,4184.0,416
520115,2002,12.764423076923077,5310.0,416
520115,2003,20.420673076923077,8495.0,416
520115,2004,19.401442307692307,8071.0,416
520115,2005,19.60576923076923,8156.0,416
520115,2006,19.302884615384617,8030.0,416
520115,2007,20.89903846153846,8694.0,416
520115,2008,20.579326923076923,8561.0,416
520115,2009,21.329326923076923,8873.0,416
520115,2010,25.11298076923077,10447.0,416
520115,2011,24.21875,10075.0,416
520115,2012,24.420673076923077,10159.0,416
520115,2013,29.057692307692307,12088.0,416
520115,2014,32.12259615384615,13363.0,416
520115,2015,33.94711538461539,14122.0,416
520115,2016,33.94711538461539,14122.0,416
520115,2017,36.03365384615385,14990.0,416
520115,2018,37.77403846153846,15714.0,416
520115,2019,39.01442307692308,16230.0,416
520115,2020,38.90144230769231,16183.0,416
520121,2000,1.1896687697160884,3017.0,2536
520121,2001,1.195583596214511,3032.0,2536
520121,2002,1.3150630914826498,3335.0,2536
520121,2003,1.274447949526814,3232.0,2536
520121,2004,1.7590694006309149,4461.0,2536
520121,2005,2.6001577287066246,6594.0,2536
520121,2006,2.675078864353312,6784.0,2536
520121,2007,2.918769716088328,7402.0,2536
520121,2008,2.2022870662460567,5585.0,2536
520121,2009,2.285094637223975,5795.0,2536
520121,2010,1.973186119873817,5004.0,2536
520121,2011,2.390378548895899,6062.0,2536
520121,2012,2.340299684542587,5935.0,2536
520121,2013,2.6332807570977916,6678.0,2536
520121,2014,3.2318611987381702,8196.0,2536
520121,2015,3.0910883280757098,7839.0,2536
520121,2016,3.468454258675079,8796.0,2536
520121,2017,5.402208201892744,13700.0,2536
520121,2018,5.7137223974763405,14490.0,2536
520121,2019,4.436908517350158,11252.0,2536
520121,2020,5.266561514195583,13356.0,2536
520122,2000,1.5885093167701863,2046.0,1288
520122,2001,1.5861801242236024,2043.0,1288
520122,2002,1.921583850931677,2475.0,1288
520122,2003,2.084627329192547,2685.0,1288
520122,2004,2.500776397515528,3221.0,1288
520122,2005,3.031055900621118,3904.0,1288
520122,2006,3.6319875776397517,4678.0,1288
520122,2007,4.195652173913044,5404.0,1288
520122,2008,3.0760869565217392,3962.0,1288
520122,2009,3.0388198757763973,3914.0,1288
520122,2010,3.045807453416149,3923.0,1288
520122,2011,3.1677018633540373,4080.0,1288
520122,2012,3.915372670807453,5043.0,1288
520122,2013,4.458074534161491,5742.0,1288
520122,2014,4.783385093167702,6161.0,1288
520122,2015,5.21583850931677,6718.0,1288
520122,2016,4.899068322981367,6310.0,1288
520122,2017,6.97360248447205,8982.0,1288
520122,2018,7.384316770186335,9511.0,1288
520122,2019,6.53027950310559,8411.0,1288
520122,2020,7.312111801242236,9418.0,1288
520123,2000,1.9698216735253773,2872.0,1458
520123,2001,1.6001371742112482,2333.0,1458
520123,2002,2.1104252400548695,3077.0,1458
520123,2003,2.3463648834019204,3421.0,1458
520123,2004,3.0665294924554183,4471.0,1458
520123,2005,2.731824417009602,3983.0,1458
520123,2006,2.6838134430727023,3913.0,1458
520123,2007,2.9266117969821672,4267.0,1458
520123,2008,2.3751714677640603,3463.0,1458
520123,2009,2.674897119341564,3900.0,1458
520123,2010,2.7482853223593966,4007.0,1458
520123,2011,2.9801097393689986,4345.0,1458
520123,2012,3.5534979423868314,5181.0,1458
520123,2013,4.288751714677641,6253.0,1458
520123,2014,3.932098765432099,5733.0,1458
520123,2015,4.126886145404664,6017.0,1458
520123,2016,3.9684499314128945,5786.0,1458
520123,2017,6.609053497942387,9636.0,1458
520123,2018,8.339506172839506,12159.0,1458
520123,2019,8.810013717421125,12845.0,1458
520123,2020,9.800411522633745,14289.0,1458
520181,2000,2.724581005586592,4877.0,1790
520181,2001,2.660893854748603,4763.0,1790
520181,2002,2.641340782122905,4728.0,1790
520181,2003,3.805027932960894,6811.0,1790
520181,2004,4.418994413407821,7910.0,1790
520181,2005,3.7782122905027933,6763.0,1790
520181,2006,3.6167597765363126,6474.0,1790
520181,2007,4.063687150837989,7274.0,1790
520181,2008,3.7229050279329607,6664.0,1790
520181,2009,4.19217877094972,7504.0,1790
520181,2010,4.389385474860335,7857.0,1790
520181,2011,4.240782122905028,7591.0,1790
520181,2012,4.941899441340782,8846.0,1790
520181,2013,5.667597765363128,10145.0,1790
520181,2014,6.996648044692737,12524.0,1790
520181,2015,8.06536312849162,14437.0,1790
520181,2016,8.389385474860335,15017.0,1790
520181,2017,11.489944134078213,20567.0,1790
520181,2018,12.441899441340782,22271.0,1790
520181,2019,13.022346368715084,23310.0,1790
520181,2020,12.937988826815642,23159.0,1790
520201,2000,5.51792828685259,6925.0,1255
520201,2001,4.4398406374501995,5572.0,1255
520201,2002,4.330677290836653,5435.0,1255
520201,2003,5.937051792828686,7451.0,1255
520201,2004,7.608764940239044,9549.0,1255
520201,2005,7.8701195219123505,9877.0,1255
520201,2006,7.565737051792829,9495.0,1255
520201,2007,7.419123505976096,9311.0,1255
520201,2008,6.500398406374502,8158.0,1255
520201,2009,6.354581673306773,7975.0,1255
520201,2010,6.884462151394422,8640.0,1255
520201,2011,6.41195219123506,8047.0,1255
520201,2012,7.249402390438247,9098.0,1255
520201,2013,8.933067729083666,11211.0,1255
520201,2014,9.2199203187251,11571.0,1255
520201,2015,9.829482071713148,12336.0,1255
520201,2016,11.076494023904383,13901.0,1255
520201,2017,13.372908366533865,16783.0,1255
520201,2018,14.02390438247012,17600.0,1255
520201,2019,12.081274900398407,15162.0,1255
520201,2020,13.06613545816733,16398.0,1255
520203,2000,1.4258747697974217,3097.0,2172
520203,2001,1.7117863720073665,3718.0,2172
520203,2002,1.5534069981583793,3374.0,2172
520203,2003,1.732965009208103,3764.0,2172
520203,2004,1.4203499079189688,3085.0,2172
520203,2005,1.0230202578268877,2222.0,2172
520203,2006,0.8268876611418048,1796.0,2172
520203,2007,1.1160220994475138,2424.0,2172
520203,2008,1.110036832412523,2411.0,2172
520203,2009,1.2472375690607735,2709.0,2172
520203,2010,1.5999079189686924,3475.0,2172
520203,2011,0.9930939226519337,2157.0,2172
520203,2012,1.8199815837937385,3953.0,2172
520203,2013,2.401012891344383,5215.0,2172
520203,2014,3.4000920810313073,7385.0,2172
520203,2015,3.1151012891344383,6766.0,2172
520203,2016,2.998618784530387,6513.0,2172
520203,2017,4.511510128913444,9799.0,2172
520203,2018,4.862338858195212,10561.0,2172
520203,2019,4.233885819521179,9196.0,2172
520203,2020,4.44659300184162,9658.0,2172
520221,2000,1.5455015511892451,5978.0,3868
520221,2001,1.142967942088935,4421.0,3868
520221,2002,0.8055842812823164,3116.0,3868
520221,2003,1.2678386763185108,4904.0,3868
520221,2004,1.735780765253361,6714.0,3868
520221,2005,1.7699069286452946,6846.0,3868
520221,2006,1.5835056876938987,6125.0,3868
520221,2007,1.8797828335056876,7271.0,3868
520221,2008,1.3032574974146847,5041.0,3868
520221,2009,1.4676835573940021,5677.0,3868
520221,2010,2.5576525336091005,9893.0,3868
520221,2011,2.0685108583247156,8001.0,3868
520221,2012,2.1491726990692865,8313.0,3868
520221,2013,2.514219234746639,9725.0,3868
520221,2014,2.700620475698035,10446.0,3868
520221,2015,2.6290072388831436,10169.0,3868
520221,2016,2.4436401240951398,9452.0,3868
520221,2017,3.986297828335057,15419.0,3868
520221,2018,4.335056876938986,16768.0,3868
520221,2019,3.8322130299896586,14823.0,3868
520221,2020,4.101085832471561,15863.0,3868
520281,2000,1.7778874629812438,9005.0,5065
520281,2001,1.456268509378085,7376.0,5065
520281,2002,1.308193484698914,6626.0,5065
520281,2003,1.641263573543929,8313.0,5065
520281,2004,2.947877591312932,14931.0,5065
520281,2005,3.115893385982231,15782.0,5065
520281,2006,3.5597235932872655,18030.0,5065
520281,2007,3.6548864758144126,18512.0,5065
520281,2008,2.5076011846001975,12701.0,5065
520281,2009,2.5076011846001975,12701.0,5065
520281,2010,3.44284304047384,17438.0,5065
520281,2011,2.9909180651530107,15149.0,5065
520281,2012,3.739585389930898,18941.0,5065
520281,2013,3.66969397828233,18587.0,5065
520281,2014,3.1040473840078975,15722.0,5065
520281,2015,3.584402764067127,18155.0,5065
520281,2016,3.2908193484698915,16668.0,5065
520281,2017,5.372556762092794,27212.0,5065
520281,2018,5.350246791707798,27099.0,5065
520281,2019,4.988746298124383,25268.0,5065
520281,2020,5.349457058242843,27095.0,5065
520302,2000,2.846013390139988,4676.0,1643
520302,2001,3.125989044430919,5136.0,1643
520302,2002,3.8210590383444916,6278.0,1643
520302,2003,4.015216068167986,6597.0,1643
520302,2004,4.740109555690809,7788.0,1643
520302,2005,4.2045039561777235,6908.0,1643
520302,2006,3.8794887401095557,6374.0,1643
520302,2007,3.9196591600730373,6440.0,1643
520302,2008,3.445526475958612,5661.0,1643
520302,2009,3.0803408399269627,5061.0,1643
520302,2010,3.294583079732197,5413.0,1643
520302,2011,4.78210590383445,7857.0,1643
520302,2012,5.425441265976872,8914.0,1643
520302,2013,6.831405964698722,11224.0,1643
520302,2014,9.724893487522824,15978.0,1643
520302,2015,9.898965307364577,16264.0,1643
520302,2016,12.5642118076689,20643.0,1643
520302,2017,18.203286670724285,29908.0,1643
520302,2018,19.817407181984176,32560.0,1643
520302,2019,17.757151552038952,29175.0,1643
520302,2020,18.07181984175289,29692.0,1643
520303,2000,1.785824345146379,3477.0,1947
520303,2001,2.143297380585516,4173.0,1947
520303,2002,2.8407806882383153,5531.0,1947
520303,2003,3.6414997431946583,7090.0,1947
520303,2004,3.37442218798151,6570.0,1947
520303,2005,3.4591679506933746,6735.0,1947
520303,2006,3.180277349768875,6192.0,1947
520303,2007,2.926040061633282,5697.0,1947
520303,2008,2.6538263995891116,5167.0,1947
520303,2009,2.4745762711864407,4818.0,1947
520303,2010,2.5115562403697997,4890.0,1947
520303,2011,2.8602978941961994,5569.0,1947
520303,2012,3.3728813559322033,6567.0,1947
520303,2013,4.510529019003595,8782.0,1947
520303,2014,5.499743194658449,10708.0,1947
520303,2015,5.155110426296867,10037.0,1947
520303,2016,5.647149460708783,10995.0,1947
520303,2017,9.175654853620955,17865.0,1947
520303,2018,9.205444273240884,17923.0,1947
520303,2019,8.570621468926554,16687.0,1947
520303,2020,8.629173086800206,16801.0,1947
520304,2000,0.9428223844282239,3100.0,3288
520304,2001,1.253345498783455,4121.0,3288
520304,2002,1.775243309002433,5837.0,3288
520304,2003,2.042579075425791,6716.0,3288
520304,2004,2.4105839416058394,7926.0,3288
520304,2005,2.4066301703163018,7913.0,3288
520304,2006,2.3132603406326036,7606.0,3288
520304,2007,2.8552311435523112,9388.0,3288
520304,2008,2.241484184914842,7370.0,3288
520304,2009,2.052919708029197,6750.0,3288
520304,2010,2.4510340632603405,8059.0,3288
520304,2011,2.8421532846715327,9345.0,3288
520304,2012,3.039233576642336,9993.0,3288
520304,2013,3.7515206812652067,12335.0,3288
520304,2014,4.3345498783454985,14252.0,3288
520304,2015,4.297445255474453,14130.0,3288
520304,2016,5.359793187347932,17623.0,3288
520304,2017,9.320863746958638,30647.0,3288
520304,2018,9.333029197080291,30687.0,3288
520304,2019,8.834245742092458,29047.0,3288
520304,2020,8.661192214111923,28478.0,3288
520322,2000,0.2295656235404017,983.0,4282
520322,2001,0.2561886968706212,1097.0,4282
520322,2002,0.6317141522652966,2705.0,4282
520322,2003,1.1221391872956563,4805.0,4282
520322,2004,1.4051844932274637,6017.0,4282
520322,2005,1.1300794021485288,4839.0,4282
520322,2006,0.5861746847267632,2510.0,4282
520322,2007,0.6032227930873424,2583.0,4282
520322,2008,0.5284913591779542,2263.0,4282
520322,2009,0.49182624941616065,2106.0,4282
520322,2010,0.5686595049042503,2435.0,4282
520322,2011,0.6630079402148529,2839.0,4282
520322,2012,0.796823914058851,3412.0,4282
520322,2013,1.0672582905184493,4570.0,4282
520322,2014,1.3724894908921066,5877.0,4282
520322,2015,1.1679121905651564,5001.0,4282
520322,2016,1.275105091078935,5460.0,4282
520322,2017,2.1662774404483884,9276.0,4282
520322,2018,2.379962634283045,10191.0,4282
520322,2019,2.8078000934142926,12023.0,4282
520322,2020,3.158337225595516,13524.0,4282
520323,2000,0.16477949940405245,553.0,3356
520323,2001,0.2702622169249106,907.0,3356
520323,2002,0.3498212157330155,1174.0,3356
520323,2003,0.36442193087008345,1223.0,3356
520323,2004,0.4034564958283671,1354.0,3356
520323,2005,0.4535160905840286,1522.0,3356
520323,2006,0.4463647199046484,1498.0,3356
520323,2007,0.4210369487485101,1413.0,3356
520323,2008,0.3399880810488677,1141.0,3356
520323,2009,0.30870083432657924,1036.0,3356
520323,2010,0.42491060786650775,1426.0,3356
520323,2011,0.5464839094159714,1834.0,3356
520323,2012,0.5747914183551848,1929.0,3356
520323,2013,0.9305721096543504,3123.0,3356
520323,2014,0.9725864123957092,3264.0,3356
520323,2015,0.5655542312276519,1898.0,3356
520323,2016,0.8528009535160905,2862.0,3356
520323,2017,1.8748510131108462,6292.0,3356
520323,2018,2.062574493444577,6922.0,3356
520323,2019,1.864123957091776,6256.0,3356
520323,2020,2.052741358760429,6889.0,3356
520324,2000,0.11507246376811595,397.0,3450
520324,2001,0.11333333333333333,391.0,3450
520324,2002,0.21565217391304348,744.0,3450
520324,2003,0.20405797101449274,704.0,3450
520324,2004,0.3063768115942029,1057.0,3450
520324,2005,0.32608695652173914,1125.0,3450
520324,2006,0.23159420289855073,799.0,3450
520324,2007,0.29739130434782607,1026.0,3450
520324,2008,0.23420289855072463,808.0,3450
520324,2009,0.2544927536231884,878.0,3450
520324,2010,0.21536231884057971,743.0,3450
520324,2011,0.38579710144927537,1331.0,3450
520324,2012,0.3820289855072464,1318.0,3450
520324,2013,0.6765217391304348,2334.0,3450
520324,2014,0.9602898550724638,3313.0,3450
520324,2015,0.8165217391304348,2817.0,3450
520324,2016,0.7388405797101449,2549.0,3450
520324,2017,1.9266666666666667,6647.0,3450
520324,2018,2.4420289855072466,8425.0,3450
520324,2019,2.584057971014493,8915.0,3450
520324,2020,2.6008695652173914,8973.0,3450
520325,2000,0.08865010073875083,264.0,2978
520325,2001,0.09939556749496306,296.0,2978
520325,2002,0.1511081262592344,450.0,2978
520325,2003,0.13935527199462727,415.0,2978
520325,2004,0.25990597716588315,774.0,2978
520325,2005,0.29583613163196776,881.0,2978
520325,2006,0.15815983881799867,471.0,2978
520325,2007,0.16319677635997312,486.0,2978
520325,2008,0.1880456682337139,560.0,2978
520325,2009,0.22330423102753527,665.0,2978
520325,2010,0.17897918065815985,533.0,2978
520325,2011,0.21490933512424445,640.0,2978
520325,2012,0.3169912693082606,944.0,2978
520325,2013,0.42914707857622564,1278.0,2978
520325,2014,0.583948959032908,1739.0,2978
520325,2015,0.7897918065815984,2352.0,2978
520325,2016,0.7904633982538617,2354.0,2978
520325,2017,1.8885157824042982,5624.0,2978
520325,2018,1.6920752182672936,5039.0,2978
520325,2019,1.6840161182001343,5015.0,2978
520325,2020,1.9204163868368032,5719.0,2978
520326,2000,0.04421862125789618,161.0,3641
520326,2001,0.054380664652567974,198.0,3641
520326,2002,0.09008514144465807,328.0,3641
520326,2003,0.08981049162318044,327.0,3641
520326,2004,0.1661631419939577,605.0,3641
520326,2005,0.20104366932161494,732.0,3641
520326,2006,0.24333974182916782,886.0,3641
520326,2007,0.38560834935457294,1404.0,3641
520326,2008,0.35347432024169184,1287.0,3641
520326,2009,0.314748695413348,1146.0,3641
520326,2010,0.2683328755836309,977.0,3641
520326,2011,0.22823400164789892,831.0,3641
520326,2012,0.18621257896182367,678.0,3641
520326,2013,0.6369129360065916,2319.0,3641
520326,2014,0.4910738808019775,1788.0,3641
520326,2015,0.6014831090359791,2190.0,3641
520326,2016,1.1095852787695688,4040.0,3641
520326,2017,1.8978302664103268,6910.0,3641
520326,2018,2.009063444108761,7315.0,3641
520326,2019,1.6154902499313375,5882.0,3641
520326,2020,1.6726174127986817,6090.0,3641
520327,2000,0.16430948419301164,395.0,2404
520327,2001,0.1543261231281198,371.0,2404
520327,2002,0.2237936772046589,538.0,2404
520327,2003,0.18178036605657238,437.0,2404
520327,2004,0.2545757071547421,612.0,2404
520327,2005,0.3007487520798669,723.0,2404
520327,2006,0.3652246256239601,878.0,2404
520327,2007,0.41430948419301167,996.0,2404
520327,2008,0.3277870216306156,788.0,2404
520327,2009,0.28410981697171384,683.0,2404
520327,2010,0.2529118136439268,608.0,2404
520327,2011,0.4987520798668885,1199.0,2404
520327,2012,0.6281198003327787,1510.0,2404
520327,2013,0.7940931780366056,1909.0,2404
520327,2014,1.127703826955075,2711.0,2404
520327,2015,1.0253743760399334,2465.0,2404
520327,2016,1.0232945091514143,2460.0,2404
520327,2017,1.8548252911813643,4459.0,2404
520327,2018,2.3082362728785357,5549.0,2404
520327,2019,2.135191347753744,5133.0,2404
520327,2020,2.53369384359401,6091.0,2404
520328,2000,0.2436448963629253,623.0,2557
520328,2001,0.22135314822057098,566.0,2557
520328,2002,0.2850997262416895,729.0,2557
520328,2003,0.4286272976143919,1096.0,2557
520328,2004,0.4958936253421979,1268.0,2557
520328,2005,0.5526007039499413,1413.0,2557
520328,2006,0.5866249511145875,1500.0,2557
520328,2007,0.7418850215095816,1897.0,2557
520328,2008,0.6628861947594837,1695.0,2557
520328,2009,0.4790770434102464,1225.0,2557
520328,2010,0.5439968713335941,1391.0,2557
520328,2011,0.9898318341806804,2531.0,2557
520328,2012,1.2064919827923348,3085.0,2557
520328,2013,1.6409855299178726,4196.0,2557
520328,2014,2.147438404380133,5491.0,2557
520328,2015,1.8678138443488463,4776.0,2557
520328,2016,2.524833789597184,6456.0,2557
520328,2017,4.458349628470864,11400.0,2557
520328,2018,4.486507626124364,11472.0,2557
520328,2019,4.290965975752836,10972.0,2557
520328,2020,4.707078607743449,12036.0,2557
520329,2000,0.23269513991163476,474.0,2037
520329,2001,0.21011291114383898,428.0,2037
520329,2002,0.6013745704467354,1225.0,2037
520329,2003,0.9518900343642611,1939.0,2037
520329,2004,1.2739322533136965,2595.0,2037
520329,2005,1.1796759941089838,2403.0,2037
520329,2006,1.046146293568974,2131.0,2037
520329,2007,1.4334806087383407,2920.0,2037
520329,2008,1.3161512027491409,2681.0,2037
520329,2009,0.9779086892488954,1992.0,2037
520329,2010,0.8109965635738832,1652.0,2037
520329,2011,0.9690721649484536,1974.0,2037
520329,2012,1.0643102601865488,2168.0,2037
520329,2013,1.9396170839469808,3951.0,2037
520329,2014,2.3681885125184094,4824.0,2037
520329,2015,2.1212567501227295,4321.0,2037
520329,2016,2.390770741286205,4870.0,2037
520329,2017,3.8551791850760924,7853.0,2037
520329,2018,3.7491408934707904,7637.0,2037
520329,2019,3.0834560628375063,6281.0,2037
520329,2020,3.5424644084437897,7216.0,2037
520330,2000,0.22288580984233158,933.0,4186
520330,2001,0.3122312470138557,1307.0,4186
520330,2002,0.3179646440516006,1331.0,4186
520330,2003,0.3284758719541328,1375.0,4186
520330,2004,0.39751552795031053,1664.0,4186
520330,2005,0.4290492116579073,1796.0,4186
520330,2006,0.48877209746774963,2046.0,4186
520330,2007,0.5719063545150501,2394.0,4186
520330,2008,0.5071667462971811,2123.0,4186
520330,2009,0.47157190635451507,1974.0,4186
520330,2010,0.4658385093167702,1950.0,4186
520330,2011,0.7599139990444338,3181.0,4186
520330,2012,1.0769230769230769,4508.0,4186
520330,2013,0.9947443860487338,4164.0,4186
520330,2014,1.1118012422360248,4654.0,4186
520330,2015,1.214046822742475,5082.0,4186
520330,2016,1.3516483516483517,5658.0,4186
520330,2017,2.2073578595317724,9240.0,4186
520330,2018,2.2589584328714762,9456.0,4186
520330,2019,2.92809364548495,12257.0,4186
520330,2020,3.6710463449593886,15367.0,4186
520381,2000,0.09742441209406495,261.0,2679
520381,2001,0.11683463979096678,313.0,2679
520381,2002,0.17357222844344905,465.0,2679
520381,2003,0.13325867861142218,357.0,2679
520381,2004,0.2530795072788354,678.0,2679
520381,2005,0.16386711459499814,439.0,2679
520381,2006,0.1881298992161254,504.0,2679
520381,2007,0.2112728630085853,566.0,2679
520381,2008,0.23292273236282196,624.0,2679
520381,2009,0.20604703247480402,552.0,2679
520381,2010,0.22396416573348266,600.0,2679
520381,2011,0.3519970138111235,943.0,2679
520381,2012,0.3217618514371034,862.0,2679
520381,2013,0.38521836506159013,1032.0,2679
520381,2014,1.7816349384098544,4773.0,2679
520381,2015,0.8992161254199328,2409.0,2679
520381,2016,1.0559910414333706,2829.0,2679
520381,2017,1.6543486375513252,4432.0,2679
520381,2018,1.6438969764837625,4404.0,2679
520381,2019,1.6326987681970884,4374.0,2679
520381,2020,2.204180664427025,5905.0,2679
520382,2000,0.5143550343712091,1272.0,2473
520382,2001,0.5685402345329559,1406.0,2473
520382,2002,0.9462191670036393,2340.0,2473
520382,2003,1.1827739587545492,2925.0,2473
520382,2004,1.5907804286291953,3934.0,2473
520382,2005,1.467044076021027,3628.0,2473
520382,2006,1.8940558026688232,4684.0,2473
520382,2007,1.94298422968055,4805.0,2473
520382,2008,1.90497371613425,4711.0,2473
520382,2009,1.7545491306105945,4339.0,2473
520382,2010,1.8681763040841084,4620.0,2473
520382,2011,2.564092195713708,6341.0,2473
520382,2012,3.675293166194905,9089.0,2473
520382,2013,4.289526890416498,10608.0,2473
520382,2014,4.1370804690659115,10231.0,2473
520382,2015,3.6579053780832997,9046.0,2473
520382,2016,4.479175090982612,11077.0,2473
520382,2017,6.099878689850384,15085.0,2473
520382,2018,6.529720986655883,16148.0,2473
520382,2019,6.876668014557218,17006.0,2473
520382,2020,8.760614638091386,21665.0,2473
520402,2000,2.672566371681416,5436.0,2034
520402,2001,2.8348082595870205,5766.0,2034
520402,2002,2.964110127826942,6029.0,2034
520402,2003,4.040806293018682,8219.0,2034
520402,2004,4.152409046214356,8446.0,2034
520402,2005,3.7949852507374633,7719.0,2034
520402,2006,3.9768928220255653,8089.0,2034
520402,2007,4.736479842674533,9634.0,2034
520402,2008,4.150934119960668,8443.0,2034
520402,2009,4.090462143559488,8320.0,2034
520402,2010,4.3780727630285154,8905.0,2034
520402,2011,4.385447394296952,8920.0,2034
520402,2012,5.105703048180924,10385.0,2034
520402,2013,6.939036381514257,14114.0,2034
520402,2014,8.038839724680432,16351.0,2034
520402,2015,8.673058013765978,17641.0,2034
520402,2016,10.018682399213372,20378.0,2034
520402,2017,11.768928220255654,23938.0,2034
520402,2018,14.049164208456244,28576.0,2034
520402,2019,14.107669616519175,28695.0,2034
520402,2020,13.65929203539823,27783.0,2034
520403,2000,2.0143163922691483,2814.0,1397
520403,2001,2.0973514674302076,2930.0,1397
520403,2002,2.143879742304939,2995.0,1397
520403,2003,3.1911238367931283,4458.0,1397
520403,2004,3.658554044380816,5111.0,1397
520403,2005,2.8554044380816035,3989.0,1397
520403,2006,2.926270579813887,4088.0,1397
520403,2007,4.042949176807444,5648.0,1397
520403,2008,3.5697924123120974,4987.0,1397
520403,2009,3.7852541159627773,5288.0,1397
520403,2010,4.002863278453829,5592.0,1397
520403,2011,4.400858983536149,6148.0,1397
520403,2012,4.329992841803866,6049.0,1397
520403,2013,6.109520400858983,8535.0,1397
520403,2014,7.987115246957766,11158.0,1397
520403,2015,11.065855404438082,15459.0,1397
520403,2016,14.346456692913385,20042.0,1397
520403,2017,16.302075876879027,22774.0,1397
520403,2018,17.713672154617036,24746.0,1397
520403,2019,16.435934144595564,22961.0,1397
520403,2020,16.425912670007158,22947.0,1397
520422,2000,1.9712885154061626,2815.0,1428
520422,2001,2.369047619047619,3383.0,1428
520422,2002,2.3893557422969187,3412.0,1428
520422,2003,2.9642857142857144,4233.0,1428
520422,2004,3.2738095238095237,4675.0,1428
520422,2005,2.7661064425770308,3950.0,1428
520422,2006,2.6211484593837535,3743.0,1428
520422,2007,3.350840336134454,4785.0,1428
520422,2008,3.2177871148459385,4595.0,1428
520422,2009,3.1099439775910365,4441.0,1428
520422,2010,3.5644257703081235,5090.0,1428
520422,2011,2.7717086834733893,3958.0,1428
520422,2012,3.649859943977591,5212.0,1428
520422,2013,4.5777310924369745,6537.0,1428
520422,2014,4.268207282913165,6095.0,1428
520422,2015,4.63515406162465,6619.0,1428
520422,2016,6.135854341736695,8762.0,1428
520422,2017,8.335434173669467,11903.0,1428
520422,2018,9.584733893557424,13687.0,1428
520422,2019,8.86204481792717,12655.0,1428
520422,2020,9.472689075630251,13527.0,1428
520423,2000,0.5912067352666043,1264.0,2138
520423,2001,0.8648269410664172,1849.0,2138
520423,2002,0.9073900841908326,1940.0,2138
520423,2003,0.9279700654817586,1984.0,2138
520423,2004,1.295603367633302,2770.0,2138
520423,2005,1.0968194574368568,2345.0,2138
520423,2006,1.2768942937324603,2730.0,2138
520423,2007,1.4625818521983163,3127.0,2138
520423,2008,1.2488306828811975,2670.0,2138
520423,2009,1.3980355472404116,2989.0,2138
520423,2010,1.2815715622076707,2740.0,2138
520423,2011,1.9158091674462114,4096.0,2138
520423,2012,2.627689429373246,5618.0,2138
520423,2013,2.618802619270346,5599.0,2138
520423,2014,2.001870907390084,4280.0,2138
520423,2015,2.1884939195509823,4679.0,2138
520423,2016,2.629092609915809,5621.0,2138
520423,2017,4.186155285313377,8950.0,2138
520423,2018,4.883536014967259,10441.0,2138
520423,2019,4.449485500467727,9513.0,2138
520423,2020,4.158559401309635,8891.0,2138
520424,2000,0.49844398340248963,961.0,1928
520424,2001,1.045643153526971,2016.0,1928
520424,2002,1.0243775933609958,1975.0,1928
520424,2003,1.0643153526970954,2052.0,1928
520424,2004,1.441908713692946,2780.0,1928
520424,2005,2.0643153526970957,3980.0,1928
520424,2006,2.70798755186722,5221.0,1928
520424,2007,2.7437759336099585,5290.0,1928
520424,2008,1.441390041493776,2779.0,1928
520424,2009,1.462655601659751,2820.0,1928
520424,2010,1.679460580912863,3238.0,1928
520424,2011,1.2894190871369295,2486.0,1928
520424,2012,1.741182572614108,3357.0,1928
520424,2013,2.0575726141078836,3967.0,1928
520424,2014,1.987551867219917,3832.0,1928
520424,2015,2.1141078838174274,4076.0,1928
520424,2016,2.115663900414938,4079.0,1928
520424,2017,4.039419087136929,7788.0,1928
520424,2018,3.965767634854772,7646.0,1928
520424,2019,3.5715767634854774,6886.0,1928
520424,2020,3.487033195020747,6723.0,1928
520425,2000,0.1095890410958904,312.0,2847
520425,2001,0.10818405338953284,308.0,2847
520425,2002,0.12574639971900245,358.0,2847
520425,2003,0.15700737618545837,447.0,2847
520425,2004,0.2760800842992624,786.0,2847
520425,2005,0.32771338250790305,933.0,2847
520425,2006,0.45345978222690553,1291.0,2847
520425,2007,0.46821215314366,1333.0,2847
520425,2008,0.5068493150684932,1443.0,2847
520425,2009,0.5282753775904461,1504.0,2847
520425,2010,0.5296803652968036,1508.0,2847
520425,2011,1.0035124692658939,2857.0,2847
520425,2012,1.2054794520547945,3432.0,2847
520425,2013,0.8847910080786793,2519.0,2847
520425,2014,1.1415525114155252,3250.0,2847
520425,2015,1.8018967334035827,5130.0,2847
520425,2016,2.231822971548999,6354.0,2847
520425,2017,3.3185809624165787,9448.0,2847
520425,2018,3.3041798384264136,9407.0,2847
520425,2019,3.3076923076923075,9417.0,2847
520425,2020,2.6181945907973305,7454.0,2847
520502,2000,0.37813578826237054,1643.0,4345
520502,2001,0.4437284234752589,1928.0,4345
520502,2002,0.5130034522439586,2229.0,4345
520502,2003,0.569620253164557,2475.0,4345
520502,2004,0.7489067894131185,3254.0,4345
520502,2005,0.6080552359033372,2642.0,4345
520502,2006,0.6805523590333717,2957.0,4345
520502,2007,0.768469505178366,3339.0,4345
520502,2008,0.9705408515535098,4217.0,4345
520502,2009,1.1339470655926351,4927.0,4345
520502,2010,1.2220943613348676,5310.0,4345
520502,2011,1.3666283084004602,5938.0,4345
520502,2012,1.8701956271576525,8126.0,4345
520502,2013,1.8968929804372843,8242.0,4345
520502,2014,2.3231300345224395,10094.0,4345
520502,2015,2.1657077100115076,9410.0,4345
520502,2016,2.776754890678941,12065.0,4345
520502,2017,4.046720368239356,17583.0,4345
520502,2018,4.450172612197929,19336.0,4345
520502,2019,5.228998849252013,22720.0,4345
520502,2020,5.664672036823935,24613.0,4345
520521,2000,0.4448888888888889,2002.0,4500
520521,2001,0.5142222222222222,2314.0,4500
520521,2002,0.272,1224.0,4500
520521,2003,0.316,1422.0,4500
520521,2004,0.6835555555555556,3076.0,4500
520521,2005,0.602,2709.0,4500
520521,2006,0.628,2826.0,4500
520521,2007,0.5591111111111111,2516.0,4500
520521,2008,0.4922222222222222,2215.0,4500
520521,2009,0.6855555555555556,3085.0,4500
520521,2010,0.9848888888888889,4432.0,4500
520521,2011,1.1355555555555557,5110.0,4500
520521,2012,1.3426666666666667,6042.0,4500
520521,2013,1.846,8307.0,4500
520521,2014,2.6006666666666667,11703.0,4500
520521,2015,1.9273333333333333,8673.0,4500
520521,2016,2.4602222222222223,11071.0,4500
520521,2017,4.0408888888888885,18184.0,4500
520521,2018,4.396,19782.0,4500
520521,2019,4.640666666666666,20883.0,4500
520521,2020,5.317777777777778,23930.0,4500
520522,2000,0.6972748815165877,2354.0,3376
520522,2001,0.6279620853080569,2120.0,3376
520522,2002,0.6534360189573459,2206.0,3376
520522,2003,1.0352488151658767,3495.0,3376
520522,2004,1.4964454976303319,5052.0,3376
520522,2005,1.2813981042654028,4326.0,3376
520522,2006,1.2843601895734598,4336.0,3376
520522,2007,1.372037914691943,4632.0,3376
520522,2008,1.0204383886255923,3445.0,3376
520522,2009,1.363744075829384,4604.0,3376
520522,2010,1.5781990521327014,5328.0,3376
520522,2011,1.7556279620853081,5927.0,3376
520522,2012,2.2571090047393363,7620.0,3376
520522,2013,1.9324644549763033,6524.0,3376
520522,2014,1.9229857819905214,6492.0,3376
520522,2015,1.8548578199052133,6262.0,3376
520522,2016,1.8966232227488151,6403.0,3376
520522,2017,3.0826421800947865,10407.0,3376
520522,2018,4.2864336492890995,14471.0,3376
520522,2019,4.567831753554502,15421.0,3376
520522,2020,5.1649881516587675,17437.0,3376
520523,2000,0.49775280898876406,1772.0,3560
520523,2001,0.7073033707865168,2518.0,3560
520523,2002,0.6542134831460674,2329.0,3560
520523,2003,0.7064606741573034,2515.0,3560
520523,2004,0.9008426966292135,3207.0,3560
520523,2005,1.0075842696629214,3587.0,3560
520523,2006,0.9688202247191011,3449.0,3560
520523,2007,1.048314606741573,3732.0,3560
520523,2008,0.9064606741573034,3227.0,3560
520523,2009,0.8505617977528089,3028.0,3560
520523,2010,1.1356741573033708,4043.0,3560
520523,2011,1.2025280898876405,4281.0,3560
520523,2012,1.3261235955056179,4721.0,3560
520523,2013,1.8359550561797753,6536.0,3560
520523,2014,2.2171348314606742,7893.0,3560
520523,2015,1.9073033707865168,6790.0,3560
520523,2016,2.143258426966292,7630.0,3560
520523,2017,3.5401685393258426,12603.0,3560
520523,2018,3.808988764044944,13560.0,3560
520523,2019,3.6828651685393257,13111.0,3560
520523,2020,4.596067415730337,16362.0,3560
520524,2000,0.3568111455108359,1383.0,3876
520524,2001,0.4713622291021672,1827.0,3876
520524,2002,0.4806501547987616,1863.0,3876
520524,2003,0.5247678018575851,2034.0,3876
520524,2004,0.6346749226006192,2460.0,3876
520524,2005,0.5,1938.0,3876
520524,2006,0.6909184726522187,2678.0,3876
520524,2007,0.8470072239422085,3283.0,3876
520524,2008,0.7985036119711042,3095.0,3876
520524,2009,0.935500515995872,3626.0,3876
520524,2010,1.2138802889576883,4705.0,3876
520524,2011,1.0134158926728587,3928.0,3876
520524,2012,1.368421052631579,5304.0,3876
520524,2013,1.476264189886481,5722.0,3876
520524,2014,1.512125902992776,5861.0,3876
520524,2015,2.0606295149638805,7987.0,3876
520524,2016,1.6689886480908154,6469.0,3876
520524,2017,3.0441176470588234,11799.0,3876
520524,2018,3.05546955624355,11843.0,3876
520524,2019,3.3875128998968007,13130.0,3876
520524,2020,4.708462332301342,18250.0,3876
520525,2000,0.14392579293836028,481.0,3342
520525,2001,0.379114302812687,1267.0,3342
520525,2002,0.4545182525433872,1519.0,3342
520525,2003,0.8267504488330341,2763.0,3342
520525,2004,1.040095751047277,3476.0,3342
520525,2005,0.8719329742669061,2914.0,3342
520525,2006,0.8898862956313585,2974.0,3342
520525,2007,0.8264512268102933,2762.0,3342
520525,2008,0.6573907839616996,2197.0,3342
520525,2009,0.8276481149012568,2766.0,3342
520525,2010,0.9964093357271095,3330.0,3342
520525,2011,0.914721723518851,3057.0,3342
520525,2012,1.2570317175344106,4201.0,3342
520525,2013,1.6532016756433274,5525.0,3342
520525,2014,1.4305804907241173,4781.0,3342
520525,2015,1.2118491921005385,4050.0,3342
520525,2016,1.0083782166367445,3370.0,3342
520525,2017,2.005385996409336,6702.0,3342
520525,2018,2.254039497307002,7533.0,3342
520525,2019,2.3252543387193296,7771.0,3342
520525,2020,3.22950329144225,10793.0,3342
520526,2000,0.6983512365725706,5591.0,8006
520526,2001,0.3747189607794154,3000.0,8006
520526,2002,0.24156882338246316,1934.0,8006
520526,2003,0.39420434673994503,3156.0,8006
520526,2004,0.581438920809393,4655.0,8006
520526,2005,0.5183612290781914,4150.0,8006
520526,2006,0.500624531601299,4008.0,8006
520526,2007,0.4710217336997252,3771.0,8006
520526,2008,0.35073694728953286,2808.0,8006
520526,2009,0.3463652260804397,2773.0,8006
520526,2010,0.4392955283537347,3517.0,8006
520526,2011,0.5620784411691232,4500.0,8006
520526,2012,0.6723707219585311,5383.0,8006
520526,2013,0.7027229577816637,5626.0,8006
520526,2014,0.5605795653260055,4488.0,8006
520526,2015,0.5445915563327505,4360.0,8006
520526,2016,0.6447664251811142,5162.0,8006
520526,2017,1.2702972770422183,10170.0,8006
520526,2018,1.475643267549338,11814.0,8006
520526,2019,1.3342493130152386,10682.0,8006
520526,2020,1.9249313015238572,15411.0,8006
520527,2000,0.2172405823896464,940.0,4327
520527,2001,0.2516755257684308,1089.0,4327
520527,2002,0.21446729835914027,928.0,4327
520527,2003,0.2777906170556968,1202.0,4327
520527,2004,0.5458747400046221,2362.0,4327
520527,2005,0.5315461058470071,2300.0,4327
520527,2006,0.46937832216316155,2031.0,4327
520527,2007,0.5070487635775364,2194.0,4327
520527,2008,0.2807950080887451,1215.0,4327
520527,2009,0.32054541252599955,1387.0,4327
520527,2010,0.4938756644326323,2137.0,4327
520527,2011,0.7631153223942685,3302.0,4327
520527,2012,0.8775132886526462,3797.0,4327
520527,2013,0.6189045528079501,2678.0,4327
520527,2014,0.7453200831985209,3225.0,4327
520527,2015,0.7772128495493413,3363.0,4327
520527,2016,0.7963947307603421,3446.0,4327
520527,2017,1.6817656574994222,7277.0,4327
520527,2018,1.577074185347816,6824.0,4327
520527,2019,1.4351744857869193,6210.0,4327
520527,2020,2.3508204298590245,10172.0,4327
520602,2000,1.1669254658385093,1503.0,1288
520602,2001,1.701086956521739,2191.0,1288
520602,2002,2.1925465838509317,2824.0,1288
520602,2003,2.277173913043478,2933.0,1288
520602,2004,2.3718944099378882,3055.0,1288
520602,2005,2.56444099378882,3303.0,1288
520602,2006,2.612577639751553,3365.0,1288
520602,2007,2.4580745341614905,3166.0,1288
520602,2008,3.341614906832298,4304.0,1288
520602,2009,2.847049689440994,3667.0,1288
520602,2010,3.6607142857142856,4715.0,1288
520602,2011,4.65916149068323,6001.0,1288
520602,2012,4.752329192546584,6121.0,1288
520602,2013,6.270186335403727,8076.0,1288
520602,2014,7.563664596273292,9742.0,1288
520602,2015,7.217391304347826,9296.0,1288
520602,2016,8.832298136645962,11376.0,1288
520602,2017,13.027173913043478,16779.0,1288
520602,2018,13.729037267080745,17683.0,1288
520602,2019,12.8222049689441,16515.0,1288
520602,2020,12.501552795031056,16102.0,1288
520603,2000,0.3279569892473118,366.0,1116
520603,2001,0.3602150537634409,402.0,1116
520603,2002,0.4050179211469534,452.0,1116
520603,2003,0.732078853046595,817.0,1116
520603,2004,0.8198924731182796,915.0,1116
520603,2005,0.828853046594982,925.0,1116
520603,2006,0.8422939068100358,940.0,1116
520603,2007,0.760752688172043,849.0,1116
520603,2008,1.1523297491039426,1286.0,1116
520603,2009,0.8602150537634409,960.0,1116
520603,2010,1.1120071684587813,1241.0,1116
520603,2011,1.836021505376344,2049.0,1116
520603,2012,1.4650537634408602,1635.0,1116
520603,2013,1.53584229390681,1714.0,1116
520603,2014,1.8494623655913978,2064.0,1116
520603,2015,1.767921146953405,1973.0,1116
520603,2016,2.3091397849462365,2577.0,1116
520603,2017,3.6442652329749103,4067.0,1116
520603,2018,3.7840501792114694,4223.0,1116
520603,2019,3.9229390681003586,4378.0,1116
520603,2020,4.342293906810036,4846.0,1116
520621,2000,0.09071818563628728,216.0,2381
520621,2001,0.126417471650567,301.0,2381
520621,2002,0.2108357832843343,502.0,2381
520621,2003,0.1751364972700546,417.0,2381
520621,2004,0.2574548509029819,613.0,2381
520621,2005,0.2755144897102058,656.0,2381
520621,2006,0.34229315413691724,815.0,2381
520621,2007,0.3385132297354053,806.0,2381
520621,2008,0.34439311213775725,820.0,2381
520621,2009,0.30575388492230154,728.0,2381
520621,2010,0.38345233095338094,913.0,2381
520621,2011,0.8542629147417051,2034.0,2381
520621,2012,1.0650986980260395,2536.0,2381
520621,2013,0.9580008399832003,2281.0,2381
520621,2014,0.8420831583368332,2005.0,2381
520621,2015,0.7429651406971861,1769.0,2381
520621,2016,0.9109617807643847,2169.0,2381
520621,2017,1.8273834523309533,4351.0,2381
520621,2018,1.8261234775304493,4348.0,2381
520621,2019,1.6686266274674506,3973.0,2381
520621,2020,1.9517009659806803,4647.0,2381
520622,2000,1.797752808988764,1280.0,712
520622,2001,2.24438202247191,1598.0,712
520622,2002,2.832865168539326,2017.0,712
520622,2003,3.782303370786517,2693.0,712
520622,2004,5.077247191011236,3615.0,712
520622,2005,5.248595505617978,3737.0,712
520622,2006,4.398876404494382,3132.0,712
520622,2007,3.587078651685393,2554.0,712
520622,2008,4.183988764044944,2979.0,712
520622,2009,3.105337078651685,2211.0,712
520622,2010,3.639044943820225,2591.0,712
520622,2011,6.033707865168539,4296.0,712
520622,2012,5.765449438202247,4105.0,712
520622,2013,7.410112359550562,5276.0,712
520622,2014,7.200842696629214,5127.0,712
520622,2015,6.759831460674158,4813.0,712
520622,2016,6.957865168539326,4954.0,712
520622,2017,12.879213483146067,9170.0,712
520622,2018,13.470505617977528,9591.0,712
520622,2019,13.44943820224719,9576.0,712
520622,2020,13.323033707865168,9486.0,712
520623,2000,0.08645533141210375,240.0,2776
520623,2001,0.08465417867435159,235.0,2776
520623,2002,0.21361671469740634,593.0,2776
520623,2003,0.29755043227665706,826.0,2776
520623,2004,0.6322046109510087,1755.0,2776
520623,2005,0.49819884726224783,1383.0,2776
520623,2006,0.5630403458213257,1563.0,2776
520623,2007,0.5122478386167147,1422.0,2776
520623,2008,0.4510086455331412,1252.0,2776
520623,2009,0.44020172910662825,1222.0,2776
520623,2010,0.513328530259366,1425.0,2776
520623,2011,0.787463976945245,2186.0,2776
520623,2012,0.6923631123919308,1922.0,2776
520623,2013,0.7719740634005764,2143.0,2776
520623,2014,0.739193083573487,2052.0,2776
520623,2015,1.0061239193083573,2793.0,2776
520623,2016,1.0435878962536023,2897.0,2776
520623,2017,1.7492795389048992,4856.0,2776
520623,2018,2.1628242074927955,6004.0,2776
520623,2019,1.9906340057636887,5526.0,2776
520623,2020,2.4311959654178676,6749.0,2776
520624,2000,0.15379334019910745,448.0,2913
520624,2001,0.1561963611397185,455.0,2913
520624,2002,0.23927222794370065,697.0,2913
520624,2003,0.3175420528664607,925.0,2913
520624,2004,0.6330243734981119,1844.0,2913
520624,2005,0.5949193271541366,1733.0,2913
520624,2006,0.6206659800892551,1808.0,2913
520624,2007,0.9299691040164778,2709.0,2913
520624,2008,0.8410573292138689,2450.0,2913
520624,2009,0.6368005492619293,1855.0,2913
520624,2010,0.7198764160659115,2097.0,2913
520624,2011,1.3899759697905938,4049.0,2913
520624,2012,1.4521112255406796,4230.0,2913
520624,2013,1.2272571232406453,3575.0,2913
520624,2014,1.231719876416066,3588.0,2913
520624,2015,1.3642293168554755,3974.0,2913
520624,2016,1.283899759697906,3740.0,2913
520624,2017,2.3209749399244766,6761.0,2913
520624,2018,2.6879505664263648,7830.0,2913
520624,2019,2.6474424991417784,7712.0,2913
520624,2020,2.672159285959492,7784.0,2913
520625,2000,0.1059001512859304,280.0,2644
520625,2001,0.17662632375189108,467.0,2644
520625,2002,0.1951588502269289,516.0,2644
520625,2003,0.17549167927382753,464.0,2644
520625,2004,0.3063540090771558,810.0,2644
520625,2005,0.2216338880484115,586.0,2644
520625,2006,0.3093797276853253,818.0,2644
520625,2007,0.3608169440242057,954.0,2644
520625,2008,0.5071860816944024,1341.0,2644
520625,2009,0.4636913767019667,1226.0,2644
520625,2010,0.4712556732223903,1246.0,2644
520625,2011,0.768910741301059,2033.0,2644
520625,2012,0.7953857791225416,2103.0,2644
520625,2013,0.8566565809379728,2265.0,2644
520625,2014,0.7273071104387292,1923.0,2644
520625,2015,0.632375189107413,1672.0,2644
520625,2016,0.6558245083207261,1734.0,2644
520625,2017,1.3710287443267777,3625.0,2644
520625,2018,1.785930408472012,4722.0,2644
520625,2019,1.926626323751891,5094.0,2644
520625,2020,1.8146747352496218,4798.0,2644
520626,2000,0.10716795502459592,305.0,2846
520626,2001,0.18692902319044272,532.0,2846
520626,2002,0.2565003513703443,730.0,2846
520626,2003,0.4040758959943781,1150.0,2846
520626,2004,0.49964862965565704,1422.0,2846
520626,2005,0.39915671117357693,1136.0,2846
520626,2006,0.4690794096978215,1335.0,2846
520626,2007,0.39634574841883347,1128.0,2846
520626,2008,0.4448348559381588,1266.0,2846
520626,2009,0.4146170063246662,1180.0,2846
520626,2010,0.5154602951510893,1467.0,2846
520626,2011,0.9483485593815882,2699.0,2846
520626,2012,1.2399859451862263,3529.0,2846
520626,2013,1.3338018271257905,3796.0,2846
520626,2014,1.7951510892480675,5109.0,2846
520626,2015,1.7596626844694307,5008.0,2846
520626,2016,1.7947997189037246,5108.0,2846
520626,2017,2.989458889669712,8508.0,2846
520626,2018,3.1714687280393536,9026.0,2846
520626,2019,3.2449051300070275,9235.0,2846
520626,2020,2.9114546732255797,8286.0,2846
520627,2000,0.06027164685908319,213.0,3534
520627,2001,0.08970005659309564,317.0,3534
520627,2002,0.11969439728353141,423.0,3534
520627,2003,0.10979060554612337,388.0,3534
520627,2004,0.39473684210526316,1395.0,3534
520627,2005,0.25947934352009056,917.0,3534
520627,2006,0.43604980192416526,1541.0,3534
520627,2007,0.6740237691001698,2382.0,3534
520627,2008,0.7102433503112621,2510.0,3534
520627,2009,0.4971703452178834,1757.0,3534
520627,2010,0.6310130164119977,2230.0,3534
520627,2011,0.700339558573854,2475.0,3534
520627,2012,0.7710809281267685,2725.0,3534
520627,2013,1.0251839275608376,3623.0,3534
520627,2014,1.018958687040181,3601.0,3534
520627,2015,0.9657611771363893,3413.0,3534
520627,2016,1.0899830220713074,3852.0,3534
520627,2017,2.3092812676853423,8161.0,3534
520627,2018,2.1859083191850592,7725.0,3534
520627,2019,2.5288624787775893,8937.0,3534
520627,2020,2.2840973401245046,8072.0,3534
520628,2000,0.08305084745762711,343.0,4130
520628,2001,0.1397094430992736,577.0,4130
520628,2002,0.25254237288135595,1043.0,4130
520628,2003,0.24382566585956417,1007.0,4130
520628,2004,0.2232445520581114,922.0,4130
520628,2005,0.2171912832929782,897.0,4130
520628,2006,0.39394673123486684,1627.0,4130
520628,2007,0.5220338983050847,2156.0,4130
520628,2008,0.8673123486682809,3582.0,4130
520628,2009,0.3665859564164649,1514.0,4130
520628,2010,0.4414043583535109,1823.0,4130
520628,2011,0.5963680387409201,2463.0,4130
520628,2012,0.6767554479418886,2795.0,4130
520628,2013,0.9673123486682809,3995.0,4130
520628,2014,1.2707021791767554,5248.0,4130
520628,2015,0.6980629539951574,2883.0,4130
520628,2016,1.1987893462469734,4951.0,4130
520628,2017,2.719370460048426,11231.0,4130
520628,2018,2.58910411622276,10693.0,4130
520628,2019,2.5092009685230026,10363.0,4130
520628,2020,2.4871670702179176,10272.0,4130
522301,2000,1.462479608482871,5379.0,3678
522301,2001,1.855899945622621,6826.0,3678
522301,2002,1.5258292550299075,5612.0,3678
522301,2003,2.22294725394236,8176.0,3678
522301,2004,2.923599782490484,10753.0,3678
522301,2005,2.654431756389342,9763.0,3678
522301,2006,2.7629146275149536,10162.0,3678
522301,2007,3.792006525285481,13947.0,3678
522301,2008,3.042142468733007,11189.0,3678
522301,2009,2.984774333877107,10978.0,3678
522301,2010,4.4064709081022295,16207.0,3678
522301,2011,5.028276237085373,18494.0,3678
522301,2012,7.024741707449701,25837.0,3678
522301,2013,6.957313757476889,25589.0,3678
522301,2014,6.028548123980424,22173.0,3678
522301,2015,6.840402392604677,25159.0,3678
522301,2016,6.718868950516585,24712.0,3678
522301,2017,7.62778684067428,28055.0,3678
522301,2018,7.276237085372485,26762.0,3678
522301,2019,7.546764545948886,27757.0,3678
522301,2020,9.122349102773246,33552.0,3678
522302,2000,0.6864716636197441,1502.0,2188
522302,2001,1.0374771480804388,2270.0,2188
522302,2002,0.9401279707495429,2057.0,2188
522302,2003,1.0936928702010968,2393.0,2188
522302,2004,1.2148080438756856,2658.0,2188
522302,2005,0.8336380255941499,1824.0,2188
522302,2006,1.1622486288848264,2543.0,2188
522302,2007,1.8308957952468008,4006.0,2188
522302,2008,1.556672760511883,3406.0,2188
522302,2009,1.6924131627056673,3703.0,2188
522302,2010,2.862431444241316,6263.0,2188
522302,2011,3.2001828153564897,7002.0,2188
522302,2012,4.420932358318098,9673.0,2188
522302,2013,3.196526508226691,6994.0,2188
522302,2014,2.1348263254113347,4671.0,2188
522302,2015,1.8180987202925045,3978.0,2188
522302,2016,1.4981718464351006,3278.0,2188
522302,2017,2.6416819012797075,5780.0,2188
522302,2018,3.83363802559415,8388.0,2188
522302,2019,3.4360146252285193,7518.0,2188
522302,2020,3.4355575868372945,7517.0,2188
522323,2000,0.2645095017976374,515.0,1947
522323,2001,0.41910631741140214,816.0,1947
522323,2002,0.42321520287621983,824.0,1947
522323,2003,0.4221879815100154,822.0,1947
522323,2004,0.6096558808423215,1187.0,1947
522323,2005,1.1679506933744221,2274.0,1947
522323,2006,1.184386235233693,2306.0,1947
522323,2007,1.608115048793015,3131.0,1947
522323,2008,0.6507447354904982,1267.0,1947
522323,2009,0.5125834617360041,998.0,1947
522323,2010,1.1884951206985106,2314.0,1947
522323,2011,1.0385208012326657,2022.0,1947
522323,2012,1.3009758602978942,2533.0,1947
522323,2013,0.9322033898305084,1815.0,1947
522323,2014,0.9491525423728814,1848.0,1947
522323,2015,0.9922958397534669,1932.0,1947
522323,2016,0.7894196199280945,1537.0,1947
522323,2017,1.531587057010786,2982.0,1947
522323,2018,1.7750385208012327,3456.0,1947
522323,2019,1.810477657935285,3525.0,1947
522323,2020,1.8900873138161274,3680.0,1947
522324,2000,0.7670270270270271,1419.0,1850
522324,2001,1.007027027027027,1863.0,1850
522324,2002,0.8589189189189189,1589.0,1850
522324,2003,1.2767567567567568,2362.0,1850
522324,2004,2.023783783783784,3744.0,1850
522324,2005,2.044864864864865,3783.0,1850
522324,2006,1.8210810810810811,3369.0,1850
522324,2007,2.6297297297297297,4865.0,1850
522324,2008,1.2945945945945947,2395.0,1850
522324,2009,0.9264864864864865,1714.0,1850
522324,2010,1.5810810810810811,2925.0,1850
522324,2011,1.1010810810810812,2037.0,1850
522324,2012,1.2383783783783784,2291.0,1850
522324,2013,0.7432432432432432,1375.0,1850
522324,2014,1.0313513513513513,1908.0,1850
522324,2015,1.0783783783783785,1995.0,1850
522324,2016,1.2367567567567568,2288.0,1850
522324,2017,2.2951351351351352,4246.0,1850
522324,2018,2.547027027027027,4712.0,1850
522324,2019,3.0043243243243243,5558.0,1850
522324,2020,2.5313513513513515,4683.0,1850
522325,2000,0.6368801652892562,1233.0,1936
522325,2001,1.0826446280991735,2096.0,1936
522325,2002,1.0433884297520661,2020.0,1936
522325,2003,1.2159090909090908,2354.0,1936
522325,2004,1.4245867768595042,2758.0,1936
522325,2005,0.9917355371900827,1920.0,1936
522325,2006,1.4664256198347108,2839.0,1936
522325,2007,2.302685950413223,4458.0,1936
522325,2008,2.102789256198347,4071.0,1936
522325,2009,2.2360537190082646,4329.0,1936
522325,2010,2.6389462809917354,5109.0,1936
522325,2011,2.6725206611570247,5174.0,1936
522325,2012,2.7360537190082646,5297.0,1936
522325,2013,2.231404958677686,4320.0,1936
522325,2014,1.9168388429752066,3711.0,1936
522325,2015,1.8088842975206612,3502.0,1936
522325,2016,1.375,2662.0,1936
522325,2017,3.0557851239669422,5916.0,1936
522325,2018,4.446797520661157,8609.0,1936
522325,2019,4.006198347107438,7756.0,1936
522325,2020,4.097623966942149,7933.0,1936
522326,2000,0.08174044265593561,325.0,3976
522326,2001,0.17580482897384306,699.0,3976
522326,2002,0.0897887323943662,357.0,3976
522326,2003,0.19290744466800805,767.0,3976
522326,2004,0.17806841046277666,708.0,3976
522326,2005,0.14361167002012074,571.0,3976
522326,2006,0.23717303822937627,943.0,3976
522326,2007,0.2351609657947686,935.0,3976
522326,2008,0.2067404426559356,822.0,3976
522326,2009,0.2346579476861167,933.0,3976
522326,2010,0.2761569416498994,1098.0,3976
522326,2011,0.2761569416498994,1098.0,3976
522326,2012,0.29074446680080485,1156.0,3976
522326,2013,0.3289738430583501,1308.0,3976
522326,2014,0.3380281690140845,1344.0,3976
522326,2015,0.9652917505030181,3838.0,3976
522326,2016,0.4323440643863179,1719.0,3976
522326,2017,1.0490442655935615,4171.0,3976
522326,2018,0.8322434607645876,3309.0,3976
522326,2019,0.8428068410462777,3351.0,3976
522326,2020,0.9881790744466801,3929.0,3976
522327,2000,0.07394569612940496,256.0,3462
522327,2001,0.19612940496822645,679.0,3462
522327,2002,0.14529173887926056,503.0,3462
522327,2003,0.2856730213749278,989.0,3462
522327,2004,0.32957827845176196,1141.0,3462
522327,2005,0.18284228769497402,633.0,3462
522327,2006,0.18255343731946852,632.0,3462
522327,2007,0.30213749277874064,1046.0,3462
522327,2008,0.2296360485268631,795.0,3462
522327,2009,0.4222992489890237,1462.0,3462
522327,2010,0.7917388792605431,2741.0,3462
522327,2011,0.4855574812247256,1681.0,3462
522327,2012,0.30906990179087235,1070.0,3462
522327,2013,0.30473714615829,1055.0,3462
522327,2014,0.5511265164644714,1908.0,3462
522327,2015,0.8757943385326401,3032.0,3462
522327,2016,0.32553437319468514,1127.0,3462
522327,2017,0.8232235701906413,2850.0,3462
522327,2018,1.0548815713460427,3652.0,3462
522327,2019,1.0300404390525708,3566.0,3462
522327,2020,1.2746967071057191,4413.0,3462
522328,2000,1.1302370899642742,3480.0,3079
522328,2001,1.0542383890873661,3246.0,3079
522328,2002,0.7888924975641443,2429.0,3079
522328,2003,0.9782396882104579,3012.0,3079
522328,2004,1.275089314712569,3926.0,3079
522328,2005,0.8385839558298148,2582.0,3079
522328,2006,0.9948035076323481,3063.0,3079
522328,2007,1.4319584280610589,4409.0,3079
522328,2008,1.2432607989607016,3828.0,3079
522328,2009,1.276388437804482,3930.0,3079
522328,2010,2.1373822669697953,6581.0,3079
522328,2011,1.5722637219876583,4841.0,3079
522328,2012,1.6752192270217603,5158.0,3079
522328,2013,1.7294576161091264,5325.0,3079
522328,2014,1.570315037349789,4835.0,3079
522328,2015,1.9428385839558298,5982.0,3079
522328,2016,2.0961351088015587,6454.0,3079
522328,2017,3.4222150048717115,10537.0,3079
522328,2018,2.90224098733355,8936.0,3079
522328,2019,2.8226696979538812,8691.0,3079
522328,2020,3.6148100032478077,11130.0,3079
522601,2000,3.720604099244876,6898.0,1854
522601,2001,3.402373247033441,6308.0,1854
522601,2002,2.4935275080906147,4623.0,1854
522601,2003,3.3985976267529665,6301.0,1854
522601,2004,4.119741100323624,7638.0,1854
522601,2005,3.7006472491909386,6861.0,1854
522601,2006,3.227076591154261,5983.0,1854
522601,2007,3.7001078748651564,6860.0,1854
522601,2008,3.769687162891046,6989.0,1854
522601,2009,3.8047464940668823,7054.0,1854
522601,2010,4.006472491909385,7428.0,1854
522601,2011,5.941208198489752,11015.0,1854
522601,2012,5.8381877022653725,10824.0,1854
522601,2013,7.686623516720604,14251.0,1854
522601,2014,8.236785329018339,15271.0,1854
522601,2015,7.503236245954692,13911.0,1854
522601,2016,8.498381877022654,15756.0,1854
522601,2017,12.21359223300971,22644.0,1854
522601,2018,12.787486515641856,23708.0,1854
522601,2019,13.220604099244875,24511.0,1854
522601,2020,12.333333333333334,22866.0,1854
522622,2000,0.4947867298578199,1044.0,2110
522622,2001,0.061611374407582936,130.0,2110
522622,2002,0.1900473933649289,401.0,2110
522622,2003,0.2772511848341232,585.0,2110
522622,2004,0.3137440758293839,662.0,2110
522622,2005,0.2772511848341232,585.0,2110
522622,2006,0.36113744075829385,762.0,2110
522622,2007,0.4165876777251185,879.0,2110
522622,2008,0.5080568720379147,1072.0,2110
522622,2009,0.44075829383886256,930.0,2110
522622,2010,0.4127962085308057,871.0,2110
522622,2011,0.5488151658767773,1158.0,2110
522622,2012,0.5601895734597157,1182.0,2110
522622,2013,0.966824644549763,2040.0,2110
522622,2014,1.1630331753554501,2454.0,2110
522622,2015,0.9023696682464455,1904.0,2110
522622,2016,1.928436018957346,4069.0,2110
522622,2017,2.243127962085308,4733.0,2110
522622,2018,2.0459715639810425,4317.0,2110
522622,2019,1.8502369668246446,3904.0,2110
522622,2020,2.7018957345971564,5701.0,2110
522623,2000,0.3630445668502754,725.0,1997
522623,2001,0.17926890335503254,358.0,1997
522623,2002,0.3304957436154231,660.0,1997
522623,2003,0.43365047571357035,866.0,1997
522623,2004,0.6114171256885328,1221.0,1997
522623,2005,0.4957436154231347,990.0,1997
522623,2006,0.49674511767651475,992.0,1997
522623,2007,0.5187781672508763,1036.0,1997
522623,2008,0.45468202303455185,908.0,1997
522623,2009,0.4296444667000501,858.0,1997
522623,2010,0.39459188783174765,788.0,1997
522623,2011,0.5327991987981973,1064.0,1997
522623,2012,0.5558337506259389,1110.0,1997
522623,2013,0.7621432148222334,1522.0,1997
522623,2014,0.771657486229344,1541.0,1997
522623,2015,0.613420130195293,1225.0,1997
522623,2016,0.628442663995994,1255.0,1997
522623,2017,2.0250375563345018,4044.0,1997
522623,2018,1.8127190786179268,3620.0,1997
522623,2019,1.7896845267901853,3574.0,1997
522623,2020,2.0961442163244866,4186.0,1997
522624,2000,0.20994475138121546,266.0,1267
522624,2001,0.15232833464877663,193.0,1267
522624,2002,0.23599052880820837,299.0,1267
522624,2003,0.9423835832675612,1194.0,1267
522624,2004,1.5974743488555643,2024.0,1267
522624,2005,1.3133385951065508,1664.0,1267
522624,2006,0.6819258089976322,864.0,1267
522624,2007,0.36148382004735596,458.0,1267
522624,2008,0.49171270718232046,623.0,1267
522624,2009,0.5406471981057617,685.0,1267
522624,2010,0.7032359905288083,891.0,1267
522624,2011,1.281767955801105,1624.0,1267
522624,2012,1.026835043409629,1301.0,1267
522624,2013,1.595895816890292,2022.0,1267
522624,2014,1.9108129439621153,2421.0,1267
522624,2015,1.3425414364640884,1701.0,1267
522624,2016,1.4119968429360694,1789.0,1267
522624,2017,2.58405682715075,3274.0,1267
522624,2018,3.0513022888713497,3866.0,1267
522624,2019,3.457774269928966,4381.0,1267
522624,2020,3.5832675611681135,4540.0,1267
522625,2000,0.6116279069767442,1578.0,2580
522625,2001,0.30271317829457367,781.0,2580
522625,2002,0.3612403100775194,932.0,2580
522625,2003,0.774031007751938,1997.0,2580
522625,2004,1.151937984496124,2972.0,2580
522625,2005,0.8174418604651162,2109.0,2580
522625,2006,0.8015503875968992,2068.0,2580
522625,2007,0.712015503875969,1837.0,2580
522625,2008,0.9542635658914729,2462.0,2580
522625,2009,0.9065891472868217,2339.0,2580
522625,2010,1.186046511627907,3060.0,2580
522625,2011,1.827906976744186,4716.0,2580
522625,2012,1.417829457364341,3658.0,2580
522625,2013,1.2891472868217053,3326.0,2580
522625,2014,1.3116279069767443,3384.0,2580
522625,2015,1.0069767441860464,2598.0,2580
522625,2016,1.237596899224806,3193.0,2580
522625,2017,1.7968992248062015,4636.0,2580
522625,2018,2.1496124031007753,5546.0,2580
522625,2019,2.710077519379845,6992.0,2580
522625,2020,2.4616279069767444,6351.0,2580
522626,2000,0.21516587677725119,454.0,2110
522626,2001,0.16682464454976303,352.0,2110
522626,2002,0.28199052132701424,595.0,2110
522626,2003,0.5213270142180095,1100.0,2110
522626,2004,0.6777251184834123,1430.0,2110
522626,2005,0.704739336492891,1487.0,2110
522626,2006,0.6090047393364929,1285.0,2110
522626,2007,0.442654028436019,934.0,2110
522626,2008,0.5113744075829384,1079.0,2110
522626,2009,0.36066350710900474,761.0,2110
522626,2010,0.4071090047393365,859.0,2110
522626,2011,0.5957345971563981,1257.0,2110
522626,2012,0.6928909952606636,1462.0,2110
522626,2013,0.7701421800947867,1625.0,2110
522626,2014,0.9312796208530806,1965.0,2110
522626,2015,0.8843601895734597,1866.0,2110
522626,2016,1.0412322274881516,2197.0,2110
522626,2017,2.0345971563981045,4293.0,2110
522626,2018,2.243127962085308,4733.0,2110
522626,2019,1.6582938388625592,3499.0,2110
522626,2020,1.8274881516587678,3856.0,2110
522627,2000,0.07781456953642384,235.0,3020
522627,2001,0.12748344370860928,385.0,3020
522627,2002,0.1304635761589404,394.0,3020
522627,2003,0.37284768211920527,1126.0,3020
522627,2004,0.4384105960264901,1324.0,3020
522627,2005,0.3221854304635762,973.0,3020
522627,2006,0.5079470198675496,1534.0,3020
522627,2007,0.4470198675496689,1350.0,3020
522627,2008,0.3973509933774834,1200.0,3020
522627,2009,0.23178807947019867,700.0,3020
522627,2010,0.343046357615894,1036.0,3020
522627,2011,0.41887417218543044,1265.0,3020
522627,2012,0.41887417218543044,1265.0,3020
522627,2013,0.678476821192053,2049.0,3020
522627,2014,0.7519867549668874,2271.0,3020
522627,2015,0.9440397350993377,2851.0,3020
522627,2016,0.9576158940397351,2892.0,3020
522627,2017,1.3625827814569536,4115.0,3020
522627,2018,1.4486754966887416,4375.0,3020
522627,2019,1.5,4530.0,3020
522627,2020,1.5725165562913908,4749.0,3020
522628,2000,0.125418860698899,262.0,2089
522628,2001,0.11967448539971279,250.0,2089
522628,2002,0.215414073719483,450.0,2089
522628,2003,0.48922929631402584,1022.0,2089
522628,2004,0.6960268070847295,1454.0,2089
522628,2005,0.8755385351842987,1829.0,2089
522628,2006,0.5232168501675443,1093.0,2089
522628,2007,0.3690761129727142,771.0,2089
522628,2008,0.3752991862134993,784.0,2089
522628,2009,0.170416467209191,356.0,2089
522628,2010,0.17999042604116802,376.0,2089
522628,2011,0.24605074198180948,514.0,2089
522628,2012,0.2742939205361417,573.0,2089
522628,2013,0.3714696026807085,776.0,2089
522628,2014,0.3513642891335567,734.0,2089
522628,2015,0.3575873623743418,747.0,2089
522628,2016,0.524174246050742,1095.0,2089
522628,2017,0.8606988989947343,1798.0,2089
522628,2018,1.3269506941120153,2772.0,2089
522628,2019,1.0134035423647678,2117.0,2089
522628,2020,0.9492580181905218,1983.0,2089
522629,2000,0.04209775240813414,118.0,2803
522629,2001,0.05387085265786657,151.0,2803
522629,2002,0.03674634320371031,103.0,2803
522629,2003,0.43774527292186943,1227.0,2803
522629,2004,0.7120941848019978,1996.0,2803
522629,2005,0.8986799857295754,2519.0,2803
522629,2006,0.5033892258294684,1411.0,2803
522629,2007,0.3660363895825901,1026.0,2803
522629,2008,0.3203710310381734,898.0,2803
522629,2009,0.2515162326079201,705.0,2803
522629,2010,0.31894398858366035,894.0,2803
522629,2011,0.5212272565108812,1461.0,2803
522629,2012,0.5722440242597218,1604.0,2803
522629,2013,0.8883339279343561,2490.0,2803
522629,2014,0.5337138779878702,1496.0,2803
522629,2015,0.24045665358544416,674.0,2803
522629,2016,0.4445237245808063,1246.0,2803
522629,2017,1.064216910453086,2983.0,2803
522629,2018,0.7524081341419907,2109.0,2803
522629,2019,0.741705315733143,2079.0,2803
522629,2020,0.9532643596146986,2672.0,2803
522630,2000,0.21920529801324504,331.0,1510
522630,2001,0.14304635761589404,216.0,1510
522630,2002,0.19403973509933775,293.0,1510
522630,2003,0.8609271523178808,1300.0,1510
522630,2004,1.2788079470198674,1931.0,1510
522630,2005,1.5582781456953643,2353.0,1510
522630,2006,0.66158940397351,999.0,1510
522630,2007,0.3490066225165563,527.0,1510
522630,2008,0.5933774834437087,896.0,1510
522630,2009,0.5443708609271524,822.0,1510
522630,2010,0.595364238410596,899.0,1510
522630,2011,0.9119205298013245,1377.0,1510
522630,2012,0.9013245033112582,1361.0,1510
522630,2013,0.8827814569536424,1333.0,1510
522630,2014,0.8920529801324504,1347.0,1510
522630,2015,0.5635761589403974,851.0,1510
522630,2016,0.6735099337748345,1017.0,1510
522630,2017,1.2834437086092716,1938.0,1510
522630,2018,1.600662251655629,2417.0,1510
522630,2019,1.6708609271523178,2523.0,1510
522630,2020,2.0490066225165564,3094.0,1510
522631,2000,0.07716102423096752,449.0,5819
522631,2001,0.0787076817322564,458.0,5819
522631,2002,0.09984533424987112,581.0,5819
522631,2003,0.1654923526379103,963.0,5819
522631,2004,0.18405224265337686,1071.0,5819
522631,2005,0.26104141605086784,1519.0,5819
522631,2006,0.21120467434267057,1229.0,5819
522631,2007,0.21361058601134217,1243.0,5819
522631,2008,0.38168070115140057,2221.0,5819
522631,2009,0.5818869221515724,3386.0,5819
522631,2010,0.5262072521051727,3062.0,5819
522631,2011,0.6088675030073896,3543.0,5819
522631,2012,0.3438735177865613,2001.0,5819
522631,2013,0.39439766282866473,2295.0,5819
522631,2014,0.25210517271008764,1467.0,5819
522631,2015,0.1979721601649768,1152.0,5819
522631,2016,0.26430658188692213,1538.0,5819
522631,2017,0.547516755456264,3186.0,5819
522631,2018,0.5066162570888468,2948.0,5819
522631,2019,0.6973706822478088,4058.0,5819
522631,2020,0.7420518989517099,4318.0,5819
522632,2000,0.11633956017971152,492.0,4229
522632,2001,0.11870418538661621,502.0,4229
522632,2002,0.09742255852447387,412.0,4229
522632,2003,0.1317096240245921,557.0,4229
522632,2004,0.1397493497280681,591.0,4229
522632,2005,0.1551194135729487,656.0,4229
522632,2006,0.15488295105225822,655.0,4229
522632,2007,0.16457791440056752,696.0,4229
522632,2008,0.37573894537715774,1589.0,4229
522632,2009,0.9574367462757153,4049.0,4229
522632,2010,0.7510049657129345,3176.0,4229
522632,2011,0.538188697091511,2276.0,4229
522632,2012,0.4050602979427761,1713.0,4229
522632,2013,0.6356112556159849,2688.0,4229
522632,2014,0.6067628280917474,2566.0,4229
522632,2015,0.4686687160085127,1982.0,4229
522632,2016,0.647197919129818,2737.0,4229
522632,2017,1.2927406006148026,5467.0,4229
522632,2018,1.1558288011350202,4888.0,4229
522632,2019,1.032158902813904,4365.0,4229
522632,2020,1.2059588555213998,5100.0,4229
522633,2000,0.055198403901573934,249.0,4511
522633,2001,0.0583019286189315,263.0,4511
522633,2002,0.05963201064065617,269.0,4511
522633,2003,0.06118377299933496,276.0,4511
522633,2004,0.10330303702061627,466.0,4511
522633,2005,0.11350033252050543,512.0,4511
522633,2006,0.09399246286854356,424.0,4511
522633,2007,0.1294613167812015,584.0,4511
522633,2008,0.3613389492352028,1630.0,4511
522633,2009,0.8248725338062514,3721.0,4511
522633,2010,0.7282199068942585,3285.0,4511
522633,2011,0.5686100642872978,2565.0,4511
522633,2012,0.45067612502771004,2033.0,4511
522633,2013,0.34559964531146087,1559.0,4511
522633,2014,0.26911992906229215,1214.0,4511
522633,2015,0.19441365550875636,877.0,4511
522633,2016,0.30902238971403234,1394.0,4511
522633,2017,1.1636000886721347,5249.0,4511
522633,2018,1.3956994014630901,6296.0,4511
522633,2019,0.9080026601640434,4096.0,4511
522633,2020,0.7749944579915762,3496.0,4511
522634,2000,0.1562302340290955,247.0,1581
522634,2001,0.1739405439595193,275.0,1581
522634,2002,0.13409234661606578,212.0,1581
522634,2003,0.17204301075268819,272.0,1581
522634,2004,0.2738772928526249,433.0,1581
522634,2005,0.35610373181530675,563.0,1581
522634,2006,0.38519924098671726,609.0,1581
522634,2007,0.43833017077798864,693.0,1581
522634,2008,0.41302972802024035,653.0,1581
522634,2009,0.5692599620493358,900.0,1581
522634,2010,0.6445287792536369,1019.0,1581
522634,2011,0.8387096774193549,1326.0,1581
522634,2012,0.7956989247311828,1258.0,1581
522634,2013,0.9114484503478811,1441.0,1581
522634,2014,0.46110056925996207,729.0,1581
522634,2015,0.4781783681214421,756.0,1581
522634,2016,0.8001265022137888,1265.0,1581
522634,2017,2.282099936748893,3608.0,1581
522634,2018,2.340290955091714,3700.0,1581
522634,2019,2.58191018342821,4082.0,1581
522634,2020,2.4648956356736242,3897.0,1581
522635,2000,1.117794486215539,1338.0,1197
522635,2001,1.2406015037593985,1485.0,1197
522635,2002,0.6675020885547202,799.0,1197
522635,2003,0.43859649122807015,525.0,1197
522635,2004,0.5697577276524645,682.0,1197
522635,2005,0.6658312447786132,797.0,1197
522635,2006,0.6365914786967418,762.0,1197
522635,2007,0.8412698412698413,1007.0,1197
522635,2008,0.9665831244778613,1157.0,1197
522635,2009,1.0509607351712615,1258.0,1197
522635,2010,0.9039264828738512,1082.0,1197
522635,2011,1.0818713450292399,1295.0,1197
522635,2012,0.899749373433584,1077.0,1197
522635,2013,1.0918964076858815,1307.0,1197
522635,2014,1.5572263993316624,1864.0,1197
522635,2015,1.2940685045948204,1549.0,1197
522635,2016,1.746031746031746,2090.0,1197
522635,2017,3.3116123642439432,3964.0,1197
522635,2018,4.221386800334169,5053.0,1197
522635,2019,4.680868838763575,5603.0,1197
522635,2020,4.822890559732665,5773.0,1197
522636,2000,0.32148626817447495,398.0,1238
522636,2001,0.21324717285945072,264.0,1238
522636,2002,0.22536348949919224,279.0,1238
522636,2003,0.2641357027463651,327.0,1238
522636,2004,0.3788368336025848,469.0,1238
522636,2005,0.45476575121163165,563.0,1238
522636,2006,0.33521809369951533,415.0,1238
522636,2007,0.425686591276252,527.0,1238
522636,2008,0.6615508885298869,819.0,1238
522636,2009,1.1494345718901453,1423.0,1238
522636,2010,0.7891760904684976,977.0,1238
522636,2011,0.7988691437802908,989.0,1238
522636,2012,1.0751211631663975,1331.0,1238
522636,2013,2.0977382875605817,2597.0,1238
522636,2014,2.1179321486268177,2622.0,1238
522636,2015,2.0694668820678515,2562.0,1238
522636,2016,2.3933764135702744,2963.0,1238
522636,2017,4.7617124394184165,5895.0,1238
522636,2018,4.194668820678514,5193.0,1238
522636,2019,3.9240710823909533,4858.0,1238
522636,2020,3.6704361873990305,4544.0,1238
522701,2000,1.6250429996560027,4724.0,2907
522701,2001,1.587203302373581,4614.0,2907
522701,2002,1.5166838665290678,4409.0,2907
522701,2003,1.8376332989336086,5342.0,2907
522701,2004,1.934984520123839,5625.0,2907
522701,2005,2.3113175094599243,6719.0,2907
522701,2006,2.2879256965944275,6651.0,2907
522701,2007,2.34296525627795,6811.0,2907
522701,2008,2.738562091503268,7961.0,2907
522701,2009,2.954936360509116,8590.0,2907
522701,2010,2.3615411076711386,6865.0,2907
522701,2011,2.221190230478156,6457.0,2907
522701,2012,2.045407636738906,5946.0,2907
522701,2013,2.439284485724114,7091.0,2907
522701,2014,3.7719298245614037,10965.0,2907
522701,2015,4.158582731338149,12089.0,2907
522701,2016,5.232542139662883,15211.0,2907
522701,2017,7.12280701754386,20706.0,2907
522701,2018,7.39594083247334,21500.0,2907
522701,2019,7.189198486412109,20899.0,2907
522701,2020,6.571379428964568,19103.0,2907
522702,2000,1.7977728285077952,4036.0,2245
522702,2001,1.114922048997773,2503.0,2245
522702,2002,1.2993318485523386,2917.0,2245
522702,2003,1.5919821826280625,3574.0,2245
522702,2004,1.9474387527839643,4372.0,2245
522702,2005,1.9452115812917594,4367.0,2245
522702,2006,1.9046770601336303,4276.0,2245
522702,2007,2.13630289532294,4796.0,2245
522702,2008,1.8151447661469933,4075.0,2245
522702,2009,1.7518930957683743,3933.0,2245
522702,2010,1.6133630289532295,3622.0,2245
522702,2011,2.088641425389755,4689.0,2245
522702,2012,1.9581291759465478,4396.0,2245
522702,2013,2.3282850779510023,5227.0,2245
522702,2014,2.7706013363028954,6220.0,2245
522702,2015,2.305122494432071,5175.0,2245
522702,2016,3.174164810690423,7126.0,2245
522702,2017,4.596881959910913,10320.0,2245
522702,2018,5.012472160356348,11253.0,2245
522702,2019,5.061469933184855,11363.0,2245
522702,2020,6.194654788418708,13907.0,2245
522722,2000,0.2448527082673424,773.0,3157
522722,2001,0.36585365853658536,1155.0,3157
522722,2002,0.283496990814064,895.0,3157
522722,2003,0.4203357617991764,1327.0,3157
522722,2004,0.5679442508710801,1793.0,3157
522722,2005,0.5695280329426671,1798.0,3157
522722,2006,0.38739309471016786,1223.0,3157
522722,2007,0.39562876148242004,1249.0,3157
522722,2008,0.3652201457079506,1153.0,3157
522722,2009,0.29046563192904656,917.0,3157
522722,2010,0.2914159011719987,920.0,3157
522722,2011,0.3500158378207159,1105.0,3157
522722,2012,0.31422236300285084,992.0,3157
522722,2013,0.6930630345264491,2188.0,3157
522722,2014,0.6122901488755147,1933.0,3157
522722,2015,0.48622109597719354,1535.0,3157
522722,2016,0.789673740893253,2493.0,3157
522722,2017,1.9727589483687045,6228.0,3157
522722,2018,1.4843205574912892,4686.0,3157
522722,2019,1.264808362369338,3993.0,3157
522722,2020,1.2939499524865379,4085.0,3157
522723,2000,1.1515151515151516,2432.0,2112
522723,2001,0.4900568181818182,1035.0,2112
522723,2002,0.5232007575757576,1105.0,2112
522723,2003,0.6751893939393939,1426.0,2112
522723,2004,0.734375,1551.0,2112
522723,2005,1.1704545454545454,2472.0,2112
522723,2006,0.9957386363636364,2103.0,2112
522723,2007,1.1699810606060606,2471.0,2112
522723,2008,0.8972537878787878,1895.0,2112
522723,2009,1.4976325757575757,3163.0,2112
522723,2010,1.3115530303030303,2770.0,2112
522723,2011,1.3740530303030303,2902.0,2112
522723,2012,1.6089015151515151,3398.0,2112
522723,2013,1.337594696969697,2825.0,2112
522723,2014,1.6609848484848484,3508.0,2112
522723,2015,1.5179924242424243,3206.0,2112
522723,2016,2.0298295454545454,4287.0,2112
522723,2017,3.049715909090909,6441.0,2112
522723,2018,3.527935606060606,7451.0,2112
522723,2019,3.405776515151515,7193.0,2112
522723,2020,4.20407196969697,8879.0,2112
522725,2000,0.76010101010101,2107.0,2772
522725,2001,0.6378066378066378,1768.0,2772
522725,2002,0.8567821067821068,2375.0,2772
522725,2003,0.886002886002886,2456.0,2772
522725,2004,0.9880952380952381,2739.0,2772
522725,2005,1.1984126984126984,3322.0,2772
522725,2006,1.296176046176046,3593.0,2772
522725,2007,1.3755411255411256,3813.0,2772
522725,2008,1.0905483405483405,3023.0,2772
522725,2009,1.6302308802308803,4519.0,2772
522725,2010,1.2694805194805194,3519.0,2772
522725,2011,1.294011544011544,3587.0,2772
522725,2012,1.5036075036075036,4168.0,2772
522725,2013,1.8311688311688312,5076.0,2772
522725,2014,2.338744588744589,6483.0,2772
522725,2015,2.585137085137085,7166.0,2772
522725,2016,3.0764790764790764,8528.0,2772
522725,2017,4.463203463203463,12372.0,2772
522725,2018,4.520923520923521,12532.0,2772
522725,2019,4.104617604617605,11378.0,2772
522725,2020,4.4978354978354975,12468.0,2772
522726,2000,0.6458985597996243,2063.0,3194
522726,2001,0.6549780839073263,2092.0,3194
522726,2002,0.4257983719474014,1360.0,3194
522726,2003,0.5757670632435817,1839.0,3194
522726,2004,0.7789605510331872,2488.0,3194
522726,2005,1.0466499686912962,3343.0,3194
522726,2006,0.9636819035691923,3078.0,3194
522726,2007,1.1036318096430808,3525.0,3194
522726,2008,1.254539762053851,4007.0,3194
522726,2009,1.0641828428303068,3399.0,3194
522726,2010,0.8988728866624922,2871.0,3194
522726,2011,1.0147150907952411,3241.0,3194
522726,2012,0.9881026925485284,3156.0,3194
522726,2013,1.1343143393863495,3623.0,3194
522726,2014,1.0407013149655604,3324.0,3194
522726,2015,1.0742016280525986,3431.0,3194
522726,2016,1.8184095178459612,5808.0,3194
522726,2017,3.6712586098935502,11726.0,3194
522726,2018,3.8450219160926737,12281.0,3194
522726,2019,2.492798998121478,7962.0,3194
522726,2020,2.492798998121478,7962.0,3194
522727,2000,0.12045517624202054,434.0,3603
522727,2001,0.12933666389120177,466.0,3603
522727,2002,0.13627532611712462,491.0,3603
522727,2003,0.1867887871218429,673.0,3603
522727,2004,0.21426588953649736,772.0,3603
522727,2005,0.3291701359977796,1186.0,3603
522727,2006,0.22647793505412156,816.0,3603
522727,2007,0.35248404107688036,1270.0,3603
522727,2008,0.3411046350263669,1229.0,3603
522727,2009,0.36636136552872606,1320.0,3603
522727,2010,0.3116847071884541,1123.0,3603
522727,2011,0.3530391340549542,1272.0,3603
522727,2012,0.2903136275326117,1046.0,3603
522727,2013,0.28420760477379964,1024.0,3603
522727,2014,0.21010269220094366,757.0,3603
522727,2015,0.34970857618651124,1260.0,3603
522727,2016,0.6516791562586733,2348.0,3603
522727,2017,1.8889814043852344,6806.0,3603
522727,2018,1.7887871218429088,6445.0,3603
522727,2019,1.27699139605884,4601.0,3603
522727,2020,1.4301970580072163,5153.0,3603
522728,2000,0.2257665677546983,913.0,4044
522728,2001,0.2613748763600396,1057.0,4044
522728,2002,0.19658753709198812,795.0,4044
522728,2003,0.4149357072205737,1678.0,4044
522728,2004,0.40182987141444115,1625.0,4044
522728,2005,0.2942631058358061,1190.0,4044
522728,2006,0.38625123639960435,1562.0,4044
522728,2007,0.7171117705242335,2900.0,4044
522728,2008,0.48986152324431254,1981.0,4044
522728,2009,0.6520771513353115,2637.0,4044
522728,2010,0.3086053412462908,1248.0,4044
522728,2011,0.31750741839762614,1284.0,4044
522728,2012,0.3239366963402572,1310.0,4044
522728,2013,0.49258160237388726,1992.0,4044
522728,2014,0.7571711177052424,3062.0,4044
522728,2015,0.847675568743818,3428.0,4044
522728,2016,0.6926310583580614,2801.0,4044
522728,2017,1.4903560830860534,6027.0,4044
522728,2018,1.258160237388724,5088.0,4044
522728,2019,1.083086053412463,4380.0,4044
522728,2020,1.1154797230464886,4511.0,4044
522729,2000,0.24444444444444444,506.0,2070
522729,2001,0.23285024154589373,482.0,2070
522729,2002,0.25265700483091785,523.0,2070
522729,2003,0.33768115942028987,699.0,2070
522729,2004,0.3526570048309179,730.0,2070
522729,2005,0.23816425120772947,493.0,2070
522729,2006,0.30289855072463767,627.0,2070
522729,2007,0.4603864734299517,953.0,2070
522729,2008,0.36231884057971014,750.0,2070
522729,2009,0.30628019323671496,634.0,2070
522729,2010,0.45410628019323673,940.0,2070
522729,2011,0.9130434782608695,1890.0,2070
522729,2012,1.0719806763285025,2219.0,2070
522729,2013,0.9753623188405797,2019.0,2070
522729,2014,0.5917874396135265,1225.0,2070
522729,2015,0.6758454106280193,1399.0,2070
522729,2016,1.2990338164251207,2689.0,2070
522729,2017,2.666183574879227,5519.0,2070
522729,2018,4.122705314009662,8534.0,2070
522729,2019,4.604830917874396,9532.0,2070
522729,2020,4.857971014492754,10056.0,2070
522730,2000,1.0166435506241331,2199.0,2163
522730,2001,0.763291724456773,1651.0,2163
522730,2002,0.889967637540453,1925.0,2163
522730,2003,1.2269995376791494,2654.0,2163
522730,2004,1.5048543689320388,3255.0,2163
522730,2005,1.4512251502542766,3139.0,2163
522730,2006,1.2297734627831716,2660.0,2163
522730,2007,1.7249190938511327,3731.0,2163
522730,2008,1.588534442903375,3436.0,2163
522730,2009,1.9061488673139158,4123.0,2163
522730,2010,1.8460471567267684,3993.0,2163
522730,2011,1.9981507165973185,4322.0,2163
522730,2012,2.2894128525196487,4952.0,2163
522730,2013,3.02542764678687,6544.0,2163
522730,2014,3.501155802126676,7573.0,2163
522730,2015,3.2852519648636154,7106.0,2163
522730,2016,4.109570041608877,8889.0,2163
522730,2017,6.4114655570966255,13868.0,2163
522730,2018,8.43134535367545,18237.0,2163
522730,2019,9.220064724919094,19943.0,2163
522730,2020,10.424872861766065,22549.0,2163
522731,2000,0.4531521110468479,1567.0,3458
522731,2001,0.48582995951417,1680.0,3458
522731,2002,0.548582995951417,1897.0,3458
522731,2003,0.7157316367842683,2475.0,3458
522731,2004,0.6775592828224407,2343.0,3458
522731,2005,0.6020821283979179,2082.0,3458
522731,2006,0.6032388663967612,2086.0,3458
522731,2007,0.8010410641989589,2770.0,3458
522731,2008,0.7917871602082128,2738.0,3458
522731,2009,0.763447079236553,2640.0,3458
522731,2010,0.8473105841526894,2930.0,3458
522731,2011,1.0335454019664545,3574.0,3458
522731,2012,1.2495662232504339,4321.0,3458
522731,2013,1.6969346443030653,5868.0,3458
522731,2014,1.4412955465587045,4984.0,3458
522731,2015,1.4178716020821285,4903.0,3458
522731,2016,1.3716020821283978,4743.0,3458
522731,2017,2.9586466165413534,10231.0,3458
522731,2018,2.8941584731058416,10008.0,3458
522731,2019,3.1862348178137654,11018.0,3458
522731,2020,3.1017929438982073,10726.0,3458
522732,2000,0.1059001512859304,350.0,3305
522732,2001,0.09742813918305597,322.0,3305
522732,2002,0.118910741301059,393.0,3305
522732,2003,0.19334341906202723,639.0,3305
522732,2004,0.2680786686838124,886.0,3305
522732,2005,0.3146747352496218,1040.0,3305
522732,2006,0.27745839636913766,917.0,3305
522732,2007,0.36671709531013613,1212.0,3305
522732,2008,0.6208774583963691,2052.0,3305
522732,2009,1.1370650529500756,3758.0,3305
522732,2010,0.8272314674735249,2734.0,3305
522732,2011,0.621180030257186,2053.0,3305
522732,2012,0.4042360060514372,1336.0,3305
522732,2013,0.3476550680786687,1149.0,3305
522732,2014,0.5222390317700454,1726.0,3305
522732,2015,0.5969742813918305,1973.0,3305
522732,2016,0.7040847201210287,2327.0,3305
522732,2017,2.252647503782148,7445.0,3305
522732,2018,1.9824508320726173,6552.0,3305
522732,2019,1.7609682299546143,5820.0,3305
522732,2020,1.9885022692889562,6572.0,3305
530102,2000,18.317961165048544,7547.0,412
530102,2001,18.609223300970875,7667.0,412
530102,2002,18.74757281553398,7724.0,412
530102,2003,20.606796116504853,8490.0,412
530102,2004,18.939320388349515,7803.0,412
530102,2005,21.703883495145632,8942.0,412
530102,2006,20.563106796116504,8472.0,412
530102,2007,20.764563106796118,8555.0,412
530102,2008,20.281553398058254,8356.0,412
530102,2009,19.50728155339806,8037.0,412
530102,2010,21.856796116504853,9005.0,412
530102,2011,22.12621359223301,9116.0,412
530102,2012,25.79368932038835,10627.0,412
530102,2013,24.191747572815533,9967.0,412
530102,2014,19.691747572815533,8113.0,412
530102,2015,19.546116504854368,8053.0,412
530102,2016,18.716019417475728,7711.0,412
530102,2017,21.024271844660195,8662.0,412
530102,2018,21.66747572815534,8927.0,412
530102,2019,23.160194174757283,9542.0,412
530102,2020,24.33252427184466,10025.0,412
530103,2000,7.576320939334638,7743.0,1022
530103,2001,7.851272015655577,8024.0,1022
530103,2002,8.03522504892368,8212.0,1022
530103,2003,9.182974559686889,9385.0,1022
530103,2004,9.928571428571429,10147.0,1022
530103,2005,11.143835616438356,11389.0,1022
530103,2006,10.148727984344422,10372.0,1022
530103,2007,10.619373776908024,10853.0,1022
530103,2008,10.290606653620353,10517.0,1022
530103,2009,10.07729941291585,10299.0,1022
530103,2010,10.58904109589041,10822.0,1022
530103,2011,11.318003913894325,11567.0,1022
530103,2012,13.191780821917808,13482.0,1022
530103,2013,13.521526418786692,13819.0,1022
530103,2014,11.26027397260274,11508.0,1022
530103,2015,10.980430528375734,11222.0,1022
530103,2016,10.452054794520548,10682.0,1022
530103,2017,11.95890410958904,12222.0,1022
530103,2018,12.990215264187867,13276.0,1022
530103,2019,13.104696673189824,13393.0,1022
530103,2020,13.984344422700588,14292.0,1022
530111,2000,14.871134020618557,11540.0,776
530111,2001,15.216494845360824,11808.0,776
530111,2002,16.048969072164947,12454.0,776
530111,2003,16.037371134020617,12445.0,776
530111,2004,18.52319587628866,14374.0,776
530111,2005,19.52963917525773,15155.0,776
530111,2006,20.00257731958763,15522.0,776
530111,2007,21.060567010309278,16343.0,776
530111,2008,21.501288659793815,16685.0,776
530111,2009,24.649484536082475,19128.0,776
530111,2010,25.7229381443299,19961.0,776
530111,2011,27.323453608247423,21203.0,776
530111,2012,31.850515463917525,24716.0,776
530111,2013,33.96649484536083,26358.0,776
530111,2014,35.28221649484536,27379.0,776
530111,2015,35.376288659793815,27452.0,776
530111,2016,36.83762886597938,28586.0,776
530111,2017,39.46134020618557,30622.0,776
530111,2018,41.69329896907217,32354.0,776
530111,2019,45.970360824742265,35673.0,776
530111,2020,46.5360824742268,36112.0,776
530112,2000,13.19569288389513,14093.0,1068
530112,2001,13.72940074906367,14663.0,1068
530112,2002,15.039325842696629,16062.0,1068
530112,2003,14.822097378277153,15830.0,1068
530112,2004,15.431647940074907,16481.0,1068
530112,2005,16.308988764044944,17418.0,1068
530112,2006,16.397940074906366,17513.0,1068
530112,2007,17.377340823970037,18559.0,1068
530112,2008,17.700374531835205,18904.0,1068
530112,2009,17.53932584269663,18732.0,1068
530112,2010,20.04307116104869,21406.0,1068
530112,2011,18.90730337078652,20193.0,1068
530112,2012,22.867977528089888,24423.0,1068
530112,2013,22.379213483146067,23901.0,1068
530112,2014,19.89700374531835,21250.0,1068
530112,2015,20.18820224719101,21561.0,1068
530112,2016,19.2687265917603,20579.0,1068
530112,2017,21.874531835205993,23362.0,1068
530112,2018,22.459737827715355,23987.0,1068
530112,2019,23.732209737827716,25346.0,1068
530112,2020,24.725655430711612,26407.0,1068
530113,2000,0.8717391304347826,2005.0,2300
530113,2001,1.2047826086956521,2771.0,2300
530113,2002,1.4908695652173913,3429.0,2300
530113,2003,1.4708695652173913,3383.0,2300
530113,2004,1.7195652173913043,3955.0,2300
530113,2005,1.661304347826087,3821.0,2300
530113,2006,1.5539130434782609,3574.0,2300
530113,2007,2.4882608695652175,5723.0,2300
530113,2008,2.7421739130434784,6307.0,2300
530113,2009,2.2734782608695654,5229.0,2300
530113,2010,3.2730434782608695,7528.0,2300
530113,2011,3.1539130434782607,7254.0,2300
530113,2012,3.1495652173913045,7244.0,2300
530113,2013,2.727391304347826,6273.0,2300
530113,2014,1.6682608695652175,3837.0,2300
530113,2015,1.617391304347826,3720.0,2300
530113,2016,1.4369565217391305,3305.0,2300
530113,2017,2.3082608695652174,5309.0,2300
530113,2018,2.7113043478260868,6236.0,2300
530113,2019,2.3726086956521737,5457.0,2300
530113,2020,2.759130434782609,6346.0,2300
530114,2000,8.931818181818182,5502.0,616
530114,2001,9.964285714285714,6138.0,616
530114,2002,11.332792207792208,6981.0,616
530114,2003,10.689935064935066,6585.0,616
530114,2004,12.982142857142858,7997.0,616
530114,2005,11.761363636363637,7245.0,616
530114,2006,13.097402597402597,8068.0,616
530114,2007,18.07792207792208,11136.0,616
530114,2008,19.641233766233768,12099.0,616
530114,2009,25.633116883116884,15790.0,616
530114,2010,28.454545454545453,17528.0,616
530114,2011,29.037337662337663,17887.0,616
530114,2012,31.623376623376622,19480.0,616
530114,2013,33.548701298701296,20666.0,616
530114,2014,34.410714285714285,21197.0,616
530114,2015,35.58766233766234,21922.0,616
530114,2016,35.39448051948052,21803.0,616
530114,2017,39.032467532467535,24044.0,616
530114,2018,39.90097402597402,24579.0,616
530114,2019,43.672077922077925,26902.0,616
530114,2020,45.160714285714285,27819.0,616
530115,2000,3.025386996904025,4886.0,1615
530115,2001,3.178328173374613,5133.0,1615
530115,2002,3.6315789473684212,5865.0,1615
530115,2003,3.3275541795665635,5374.0,1615
530115,2004,4.373374613003096,7063.0,1615
530115,2005,4.139938080495356,6686.0,1615
530115,2006,4.3541795665634675,7032.0,1615
530115,2007,6.063777089783282,9793.0,1615
530115,2008,6.063777089783282,9793.0,1615
530115,2009,7.120743034055727,11500.0,1615
530115,2010,9.050773993808049,14617.0,1615
530115,2011,8.756656346749226,14142.0,1615
530115,2012,10.894736842105264,17595.0,1615
530115,2013,11.536222910216718,18631.0,1615
530115,2014,9.485448916408668,15319.0,1615
530115,2015,9.707120743034055,15677.0,1615
530115,2016,9.111455108359133,14715.0,1615
530115,2017,12.523839009287926,20226.0,1615
530115,2018,13.787616099071208,22267.0,1615
530115,2019,14.340557275541796,23160.0,1615
530115,2020,15.312693498452012,24730.0,1615
530124,2000,2.1569230769230767,2804.0,1300
530124,2001,1.966923076923077,2557.0,1300
530124,2002,2.5215384615384617,3278.0,1300
530124,2003,3.229230769230769,4198.0,1300
530124,2004,3.4184615384615387,4444.0,1300
530124,2005,3.332307692307692,4332.0,1300
530124,2006,1.7246153846153847,2242.0,1300
530124,2007,3.2607692307692306,4239.0,1300
530124,2008,3.3215384615384616,4318.0,1300
530124,2009,3.256153846153846,4233.0,1300
530124,2010,4.537692307692308,5899.0,1300
530124,2011,5.140769230769231,6683.0,1300
530124,2012,5.895384615384615,7664.0,1300
530124,2013,5.623076923076923,7310.0,1300
530124,2014,2.414615384615385,3139.0,1300
530124,2015,2.812307692307692,3656.0,1300
530124,2016,2.293846153846154,2982.0,1300
530124,2017,3.1846153846153844,4140.0,1300
530124,2018,3.190769230769231,4148.0,1300
530124,2019,3.42,4446.0,1300
530124,2020,4.348461538461539,5653.0,1300
530125,2000,2.943470639789658,6717.0,2282
530125,2001,3.4723926380368098,7924.0,2282
530125,2002,3.3628396143733568,7674.0,2282
530125,2003,3.1283961437335672,7139.0,2282
530125,2004,3.6205083260297983,8262.0,2282
530125,2005,3.2077125328659073,7320.0,2282
530125,2006,3.0622261174408414,6988.0,2282
530125,2007,3.7747589833479402,8614.0,2282
530125,2008,3.3799298860648554,7713.0,2282
530125,2009,3.4645048203330413,7906.0,2282
530125,2010,4.039877300613497,9219.0,2282
530125,2011,4.070552147239264,9289.0,2282
530125,2012,4.5127081507449605,10298.0,2282
530125,2013,4.627519719544259,10560.0,2282
530125,2014,2.773006134969325,6328.0,2282
530125,2015,3.2063978965819455,7317.0,2282
530125,2016,2.5854513584574934,5900.0,2282
530125,2017,4.628396143733567,10562.0,2282
530125,2018,4.900087642418931,11182.0,2282
530125,2019,5.079754601226994,11592.0,2282
530125,2020,6.690622261174409,15268.0,2282
530126,2000,2.948717948717949,6210.0,2106
530126,2001,3.0584045584045585,6441.0,2106
530126,2002,3.0042735042735043,6327.0,2106
530126,2003,2.45346628679962,5167.0,2106
530126,2004,2.534662867996201,5338.0,2106
530126,2005,2.207977207977208,4650.0,2106
530126,2006,2.1082621082621085,4440.0,2106
530126,2007,2.6989553656220324,5684.0,2106
530126,2008,2.8779677113010447,6061.0,2106
530126,2009,3.5455840455840457,7467.0,2106
530126,2010,4.471984805318138,9418.0,2106
530126,2011,3.92022792022792,8256.0,2106
530126,2012,3.9349477682811016,8287.0,2106
530126,2013,3.6766381766381766,7743.0,2106
530126,2014,2.4586894586894585,5178.0,2106
530126,2015,2.898385565052232,6104.0,2106
530126,2016,2.3295346628679963,4906.0,2106
530126,2017,4.147673314339981,8735.0,2106
530126,2018,3.819563152896486,8044.0,2106
530126,2019,4.020417853751187,8467.0,2106
530126,2020,4.962488129154796,10451.0,2106
530127,2000,4.18001800180018,4644.0,1111
530127,2001,4.612061206120612,5124.0,1111
530127,2002,4.317731773177318,4797.0,1111
530127,2003,4.223222322232223,4692.0,1111
530127,2004,4.924392439243924,5471.0,1111
530127,2005,5.1161116111611165,5684.0,1111
530127,2006,4.640864086408641,5156.0,1111
530127,2007,5.578757875787579,6198.0,1111
530127,2008,6.134113411341134,6815.0,1111
530127,2009,7.2727272727272725,8080.0,1111
530127,2010,9.398739873987399,10442.0,1111
530127,2011,9.882988298829883,10980.0,1111
530127,2012,12.538253825382538,13930.0,1111
530127,2013,11.551755175517552,12834.0,1111
530127,2014,9.72097209720972,10800.0,1111
530127,2015,10.431143114311432,11589.0,1111
530127,2016,11.721872187218722,13023.0,1111
530127,2017,15.263726372637263,16958.0,1111
530127,2018,16.246624662466246,18050.0,1111
530127,2019,17.774077407740773,19747.0,1111
530127,2020,20.477947794779478,22751.0,1111
530128,2000,0.2565789473684211,1404.0,5472
530128,2001,0.3505116959064328,1918.0,5472
530128,2002,0.4369517543859649,2391.0,5472
530128,2003,0.5953947368421053,3258.0,5472
530128,2004,0.5824195906432749,3187.0,5472
530128,2005,0.4303728070175439,2355.0,5472
530128,2006,0.24908625730994152,1363.0,5472
530128,2007,0.5632309941520468,3082.0,5472
530128,2008,0.7724780701754386,4227.0,5472
530128,2009,0.6374269005847953,3488.0,5472
530128,2010,0.8969298245614035,4908.0,5472
530128,2011,1.0219298245614035,5592.0,5472
530128,2012,1.1419956140350878,6249.0,5472
530128,2013,1.2225877192982457,6690.0,5472
530128,2014,0.5252192982456141,2874.0,5472
530128,2015,0.4828216374269006,2642.0,5472
530128,2016,0.3614766081871345,1978.0,5472
530128,2017,0.6445540935672515,3527.0,5472
530128,2018,0.7669956140350878,4197.0,5472
530128,2019,0.8125,4446.0,5472
530128,2020,0.8605628654970761,4709.0,5472
530129,2000,0.5687724487639975,2692.0,4733
530129,2001,0.692161419818297,3276.0,4733
530129,2002,0.6306782167758292,2985.0,4733
530129,2003,0.5372913585463766,2543.0,4733
530129,2004,0.7175153179801395,3396.0,4733
530129,2005,0.8523135432072682,4034.0,4733
530129,2006,0.7318825269385167,3464.0,4733
530129,2007,1.009507711810691,4778.0,4733
530129,2008,1.3807310373969999,6535.0,4733
530129,2009,1.3564335516585675,6420.0,4733
530129,2010,2.1521233889710545,10186.0,4733
530129,2011,2.2379040777519545,10592.0,4733
530129,2012,2.5041200084512996,11852.0,4733
530129,2013,2.254595394041834,10671.0,4733
530129,2014,1.3591802239594337,6433.0,4733
530129,2015,1.4392562856539193,6812.0,4733
530129,2016,1.1952250158461863,5657.0,4733
530129,2017,2.032748785125713,9621.0,4733
530129,2018,2.1236002535389815,10051.0,4733
530129,2019,1.89330234523558,8961.0,4733
530129,2020,2.261778998521023,10705.0,4733
530181,2000,7.153755174452987,12097.0,1691
530181,2001,7.2732111176818455,12299.0,1691
530181,2002,8.159077468953281,13797.0,1691
530181,2003,8.358367829686577,14134.0,1691
530181,2004,8.307510348905973,14048.0,1691
530181,2005,8.785334121821407,14856.0,1691
530181,2006,8.742755765819043,14784.0,1691
530181,2007,9.37137788290952,15847.0,1691
530181,2008,9.241277350680072,15627.0,1691
530181,2009,10.153755174452986,17170.0,1691
530181,2010,11.697220579538735,19780.0,1691
530181,2011,12.529863985807214,21188.0,1691
530181,2012,14.436428149024247,24412.0,1691
530181,2013,13.742164399763453,23238.0,1691
530181,2014,11.675931401537552,19744.0,1691
530181,2015,11.610289769367238,19633.0,1691
530181,2016,12.232998225901833,20686.0,1691
530181,2017,15.209343583678297,25719.0,1691
530181,2018,15.98521584861029,27031.0,1691
530181,2019,16.797752808988765,28405.0,1691
530181,2020,17.55706682436428,29689.0,1691
530302,2000,5.58259423503326,10071.0,1804
530302,2001,6.188470066518847,11164.0,1804
530302,2002,6.58980044345898,11888.0,1804
530302,2003,6.867516629711751,12389.0,1804
530302,2004,8.070953436807095,14560.0,1804
530302,2005,7.292128603104213,13155.0,1804
530302,2006,7.623614190687362,13753.0,1804
530302,2007,7.9029933481153,14257.0,1804
530302,2008,7.500554323725056,13531.0,1804
530302,2009,7.5060975609756095,13541.0,1804
530302,2010,8.936807095343681,16122.0,1804
530302,2011,8.888580931263858,16035.0,1804
530302,2012,9.92461197339246,17904.0,1804
530302,2013,9.414634146341463,16984.0,1804
530302,2014,8.417960088691796,15186.0,1804
530302,2015,8.891352549889135,16040.0,1804
530302,2016,8.336474501108647,15039.0,1804
530302,2017,10.67350332594235,19255.0,1804
530302,2018,10.847006651884701,19568.0,1804
530302,2019,12.794345898004435,23081.0,1804
530302,2020,14.32039911308204,25834.0,1804
530303,2000,1.725847819891707,6056.0,3509
530303,2001,2.225705329153605,7810.0,3509
530303,2002,2.420347677400969,8493.0,3509
530303,2003,3.0156739811912225,10582.0,3509
530303,2004,2.8198917070390426,9895.0,3509
530303,2005,2.866343687660302,10058.0,3509
530303,2006,2.988885722428042,10488.0,3509
530303,2007,3.6739811912225706,12892.0,3509
530303,2008,3.079509831860929,10806.0,3509
530303,2009,2.7480763750356227,9643.0,3509
530303,2010,3.523795953263038,12365.0,3509
530303,2011,3.3605015673981193,11792.0,3509
530303,2012,4.1806782559133655,14670.0,3509
530303,2013,3.439156454830436,12068.0,3509
530303,2014,2.93872898261613,10312.0,3509
530303,2015,3.3624964377315476,11799.0,3509
530303,2016,2.8270162439441435,9920.0,3509
530303,2017,3.748931319464235,13155.0,3509
530303,2018,3.8253063550869193,13423.0,3509
530303,2019,4.271587346822456,14989.0,3509
530303,2020,5.12539184952978,17985.0,3509
530304,2000,0.5732718894009217,1244.0,2170
530304,2001,0.6658986175115207,1445.0,2170
530304,2002,1.0235023041474653,2221.0,2170
530304,2003,1.1797235023041475,2560.0,2170
530304,2004,1.7940092165898618,3893.0,2170
530304,2005,2.2253456221198156,4829.0,2170
530304,2006,1.8253456221198157,3961.0,2170
530304,2007,2.049308755760369,4447.0,2170
530304,2008,1.9,4123.0,2170
530304,2009,2.144700460829493,4654.0,2170
530304,2010,3.215668202764977,6978.0,2170
530304,2011,3.0543778801843318,6628.0,2170
530304,2012,3.6797235023041477,7985.0,2170
530304,2013,3.463594470046083,7516.0,2170
530304,2014,2.8705069124423965,6229.0,2170
530304,2015,3.1170506912442395,6764.0,2170
530304,2016,3.113824884792627,6757.0,2170
530304,2017,4.074654377880185,8842.0,2170
530304,2018,4.02258064516129,8729.0,2170
530304,2019,4.75852534562212,10326.0,2170
530304,2020,6.004147465437788,13029.0,2170
530322,2000,2.65001891789633,7004.0,2643
530322,2001,2.849413545213772,7531.0,2643
530322,2002,2.751040484298146,7271.0,2643
530322,2003,2.905032160423761,7678.0,2643
530322,2004,3.4597048808172532,9144.0,2643
530322,2005,3.1101021566401816,8220.0,2643
530322,2006,3.2898221717744986,8695.0,2643
530322,2007,3.913734392735528,10344.0,2643
530322,2008,3.551645856980704,9387.0,2643
530322,2009,3.385546727203935,8948.0,2643
530322,2010,4.1532349602724175,10977.0,2643
530322,2011,3.729474082482028,9857.0,2643
530322,2012,4.438138479001135,11730.0,2643
530322,2013,4.30268634127885,11372.0,2643
530322,2014,1.7990919409761634,4755.0,2643
530322,2015,2.2682557699583805,5995.0,2643
530322,2016,1.9655694286795309,5195.0,2643
530322,2017,3.3488460083238745,8851.0,2643
530322,2018,3.53424139235717,9341.0,2643
530322,2019,4.033673855467272,10661.0,2643
530322,2020,5.983352251229663,15814.0,2643
530323,2000,1.4874594275597521,5041.0,3389
530323,2001,1.4904101504868692,5051.0,3389
530323,2002,1.4789023310711125,5012.0,3389
530323,2003,1.430805547359103,4849.0,3389
530323,2004,1.649749188551195,5591.0,3389
530323,2005,1.2047801711419297,4083.0,3389
530323,2006,1.273827087636471,4317.0,3389
530323,2007,1.8259073473000884,6188.0,3389
530323,2008,1.4718205960460313,4988.0,3389
530323,2009,1.1976984361168486,4059.0,3389
530323,2010,2.2248450870463263,7540.0,3389
530323,2011,2.208911183239894,7486.0,3389
530323,2012,2.289465919150192,7759.0,3389
530323,2013,2.2682207140749484,7687.0,3389
530323,2014,1.2876954853939215,4364.0,3389
530323,2015,1.5455886692239598,5238.0,3389
530323,2016,1.2702862201239304,4305.0,3389
530323,2017,2.131307170256713,7223.0,3389
530323,2018,2.229566243729714,7556.0,3389
530323,2019,2.231336677485984,7562.0,3389
530323,2020,2.81233402183535,9531.0,3389
530324,2000,1.124438902743142,4509.0,4010
530324,2001,1.1119700748129675,4459.0,4010
530324,2002,1.0311720698254363,4135.0,4010
530324,2003,1.1790523690773067,4728.0,4010
530324,2004,1.4860349127182044,5959.0,4010
530324,2005,1.184788029925187,4751.0,4010
530324,2006,1.1668329177057357,4679.0,4010
530324,2007,1.8189526184538654,7294.0,4010
530324,2008,1.1541147132169576,4628.0,4010
530324,2009,0.8733167082294264,3502.0,4010
530324,2010,2.0700748129675812,8301.0,4010
530324,2011,1.6561097256857855,6641.0,4010
530324,2012,1.870573566084788,7501.0,4010
530324,2013,1.6845386533665836,6755.0,4010
530324,2014,1.2783042394014963,5126.0,4010
530324,2015,1.3334164588528679,5347.0,4010
530324,2016,1.27356608478803,5107.0,4010
530324,2017,1.9670822942643391,7888.0,4010
530324,2018,2.45785536159601,9856.0,4010
530324,2019,2.3236907730673315,9318.0,4010
530324,2020,2.650872817955112,10630.0,4010
530325,2000,2.8664880553695022,12839.0,4479
530325,2001,3.8562179057825405,17272.0,4479
530325,2002,3.679839249832552,16482.0,4479
530325,2003,3.9109176155391827,17517.0,4479
530325,2004,3.565974547890154,15972.0,4479
530325,2005,2.812458137977227,12597.0,4479
530325,2006,2.9752176825184193,13326.0,4479
530325,2007,3.0797052913596783,13794.0,4479
530325,2008,2.2665773610180846,10152.0,4479
530325,2009,2.0171913373520876,9035.0,4479
530325,2010,3.185979013172583,14270.0,4479
530325,2011,2.7544094663987497,12337.0,4479
530325,2012,3.4166108506363027,15303.0,4479
530325,2013,3.0761330654163874,13778.0,4479
530325,2014,2.1703505246706856,9721.0,4479
530325,2015,2.0841705737887923,9335.0,4479
530325,2016,1.4382674704175038,6442.0,4479
530325,2017,2.814467515070328,12606.0,4479
530325,2018,2.8816700156284885,12907.0,4479
530325,2019,2.530922080821612,11336.0,4479
530325,2020,2.9930788122348737,13406.0,4479
530326,2000,0.4366891541255838,3366.0,7708
530326,2001,0.4919564089257914,3792.0,7708
530326,2002,0.5917228853139596,4561.0,7708
530326,2003,0.6796834457706279,5239.0,7708
530326,2004,0.6794239750908148,5237.0,7708
530326,2005,0.9466787752983913,7297.0,7708
530326,2006,0.9335755059678257,7196.0,7708
530326,2007,1.0018162947586922,7722.0,7708
530326,2008,0.7952776336274001,6130.0,7708
530326,2009,0.636870783601453,4909.0,7708
530326,2010,0.909704203425013,7012.0,7708
530326,2011,0.9817073170731707,7567.0,7708
530326,2012,1.0866632070576026,8376.0,7708
530326,2013,1.0080435910742087,7770.0,7708
530326,2014,0.8857031655422937,6827.0,7708
530326,2015,0.9359107420861442,7214.0,7708
530326,2016,0.7807472755578619,6018.0,7708
530326,2017,1.2476647638816813,9617.0,7708
530326,2018,1.3382200311364816,10315.0,7708
530326,2019,1.3844058121432279,10671.0,7708
530326,2020,1.685651271406331,12993.0,7708
530381,2000,0.9630172098132552,7890.0,8193
530381,2001,0.9702184791895521,7949.0,8193
530381,2002,1.0227023068473087,8379.0,8193
530381,2003,1.2863419992676675,10539.0,8193
530381,2004,1.4979860856829,12273.0,8193
530381,2005,1.2020017087757842,9848.0,8193
530381,2006,1.194922494812645,9790.0,8193
530381,2007,1.3673867936042963,11203.0,8193
530381,2008,1.348834370804345,11051.0,8193
530381,2009,1.2394727206151592,10155.0,8193
530381,2010,1.7934822409373856,14694.0,8193
530381,2011,1.465641401196143,12008.0,8193
530381,2012,1.7844501403637252,14620.0,8193
530381,2013,1.822287318442573,14930.0,8193
530381,2014,1.4762602221408518,12095.0,8193
530381,2015,1.4657634566093005,12009.0,8193
530381,2016,1.1071646527523495,9071.0,8193
530381,2017,1.7045038447455145,13965.0,8193
530381,2018,1.7497864030269743,14336.0,8193
530381,2019,1.7008421823507873,13935.0,8193
530381,2020,2.151104601489076,17624.0,8193
530402,2000,9.17652027027027,10865.0,1184
530402,2001,10.418074324324325,12335.0,1184
530402,2002,11.710304054054054,13865.0,1184
530402,2003,12.609797297297296,14930.0,1184
530402,2004,14.402871621621621,17053.0,1184
530402,2005,14.77195945945946,17490.0,1184
530402,2006,15.442567567567568,18284.0,1184
530402,2007,15.872466216216216,18793.0,1184
530402,2008,14.79391891891892,17516.0,1184
530402,2009,14.807432432432432,17532.0,1184
530402,2010,16.008445945945947,18954.0,1184
530402,2011,15.858952702702704,18777.0,1184
530402,2012,17.008445945945947,20138.0,1184
530402,2013,16.70439189189189,19778.0,1184
530402,2014,14.033783783783784,16616.0,1184
530402,2015,13.905405405405405,16464.0,1184
530402,2016,12.627533783783784,14951.0,1184
530402,2017,15.050675675675675,17820.0,1184
530402,2018,16.46706081081081,19497.0,1184
530402,2019,17.888513513513512,21180.0,1184
530402,2020,18.440033783783782,21833.0,1184
530403,2000,4.8115799803729145,4903.0,1019
530403,2001,5.1766437684003925,5275.0,1019
530403,2002,6.343473994111874,6464.0,1019
530403,2003,6.5093228655544655,6633.0,1019
530403,2004,6.416094210009813,6538.0,1019
530403,2005,6.267909715407262,6387.0,1019
530403,2006,6.126594700686948,6243.0,1019
530403,2007,6.979391560353288,7112.0,1019
530403,2008,7.006869479882237,7140.0,1019
530403,2009,6.612365063788028,6738.0,1019
530403,2010,7.207065750736016,7344.0,1019
530403,2011,7.123650637880274,7259.0,1019
530403,2012,7.369970559371933,7510.0,1019
530403,2013,7.563297350343474,7707.0,1019
530403,2014,2.521099116781158,2569.0,1019
530403,2015,2.942100098135427,2998.0,1019
530403,2016,2.3876349362119726,2433.0,1019
530403,2017,6.996074582924436,7129.0,1019
530403,2018,6.739941118743866,6868.0,1019
530403,2019,6.5220804710500495,6646.0,1019
530403,2020,7.722276741903827,7869.0,1019
530423,2000,4.216666666666667,3795.0,900
530423,2001,4.5777777777777775,4120.0,900
530423,2002,5.887777777777778,5299.0,900
530423,2003,6.463333333333333,5817.0,900
530423,2004,6.868888888888889,6182.0,900
530423,2005,6.848888888888889,6164.0,900
530423,2006,6.916666666666667,6225.0,900
530423,2007,7.512222222222222,6761.0,900
530423,2008,6.964444444444444,6268.0,900
530423,2009,7.484444444444445,6736.0,900
530423,2010,7.9255555555555555,7133.0,900
530423,2011,8.04888888888889,7244.0,900
530423,2012,8.596666666666666,7737.0,900
530423,2013,8.322222222222223,7490.0,900
530423,2014,4.4255555555555555,3983.0,900
530423,2015,4.852222222222222,4367.0,900
530423,2016,4.2444444444444445,3820.0,900
530423,2017,7.003333333333333,6303.0,900
530423,2018,8.02111111111111,7219.0,900
530423,2019,7.9222222222222225,7130.0,900
530423,2020,9.197777777777778,8278.0,900
530424,2000,1.4865556978233034,2322.0,1562
530424,2001,1.6370038412291934,2557.0,1562
530424,2002,1.7285531370038412,2700.0,1562
530424,2003,1.5998719590268886,2499.0,1562
530424,2004,1.9660691421254801,3071.0,1562
530424,2005,1.6440460947503202,2568.0,1562
530424,2006,1.6139564660691421,2521.0,1562
530424,2007,2.091549295774648,3267.0,1562
530424,2008,1.8886043533930859,2950.0,1562
530424,2009,1.8533930857874519,2895.0,1562
530424,2010,2.235595390524968,3492.0,1562
530424,2011,2.0371318822023046,3182.0,1562
530424,2012,2.263124199743918,3535.0,1562
530424,2013,2.224071702944942,3474.0,1562
530424,2014,1.5998719590268886,2499.0,1562
530424,2015,1.5781049935979514,2465.0,1562
530424,2016,1.1254801536491676,1758.0,1562
530424,2017,2.0486555697823303,3200.0,1562
530424,2018,2.551216389244558,3985.0,1562
530424,2019,2.41741357234315,3776.0,1562
530424,2020,2.6939820742637646,4208.0,1562
530425,2000,0.7057580559957739,1336.0,1893
530425,2001,0.7939778129952456,1503.0,1893
530425,2002,1.01162176439514,1915.0,1893
530425,2003,1.3798203909138933,2612.0,1893
530425,2004,1.3903856312731115,2632.0,1893
530425,2005,1.3734812466983624,2600.0,1893
530425,2006,1.5298468040147912,2896.0,1893
530425,2007,2.209720021130481,4183.0,1893
530425,2008,1.8404648705758055,3484.0,1893
530425,2009,1.786053882725832,3381.0,1893
530425,2010,2.1341785525620707,4040.0,1893
530425,2011,2.09878499735869,3973.0,1893
530425,2012,1.9054410987849975,3607.0,1893
530425,2013,1.8763866877971473,3552.0,1893
530425,2014,0.7691494981510829,1456.0,1893
530425,2015,0.7913365029054411,1498.0,1893
530425,2016,0.8679344955097729,1643.0,1893
530425,2017,1.4030639197041732,2656.0,1893
530425,2018,1.700475435816165,3219.0,1893
530425,2019,1.5652403592181723,2963.0,1893
530425,2020,1.8943475964078182,3586.0,1893
530426,2000,1.119738455251328,2740.0,2447
530426,2001,1.2611360850020432,3086.0,2447
530426,2002,1.4527993461381283,3555.0,2447
530426,2003,1.4425827543931344,3530.0,2447
530426,2004,1.5480179812014712,3788.0,2447
530426,2005,2.003269309358398,4902.0,2447
530426,2006,1.7351859419697588,4246.0,2447
530426,2007,2.104617899468737,5150.0,2447
530426,2008,1.8442991418062935,4513.0,2447
530426,2009,1.9027380465876584,4656.0,2447
530426,2010,2.4041683694319573,5883.0,2447
530426,2011,2.1238250919493256,5197.0,2447
530426,2012,1.5737637923988557,3851.0,2447
530426,2013,1.8855741724560686,4614.0,2447
530426,2014,1.3731099305271761,3360.0,2447
530426,2015,1.1720474049856968,2868.0,2447
530426,2016,1.1838986514098897,2897.0,2447
530426,2017,1.9668982427462198,4813.0,2447
530426,2018,2.113199836534532,5171.0,2447
530426,2019,2.104617899468737,5150.0,2447
530426,2020,2.4458520637515324,5985.0,2447
530427,2000,0.6570057581573896,3423.0,5210
530427,2001,0.783109404990403,4080.0,5210
530427,2002,1.010940499040307,5267.0,5210
530427,2003,0.9414587332053743,4905.0,5210
530427,2004,0.9500959692898272,4950.0,5210
530427,2005,0.919193857965451,4789.0,5210
530427,2006,0.9224568138195778,4806.0,5210
530427,2007,1.1877159309021112,6188.0,5210
530427,2008,1.1652591170825335,6071.0,5210
530427,2009,1.0687140115163147,5568.0,5210
530427,2010,1.4499040307101727,7554.0,5210
530427,2011,1.3558541266794626,7064.0,5210
530427,2012,1.2138195777351248,6324.0,5210
530427,2013,1.3946257197696736,7266.0,5210
530427,2014,0.6869481765834933,3579.0,5210
530427,2015,0.7422264875239923,3867.0,5210
530427,2016,0.6792706333973129,3539.0,5210
530427,2017,1.208637236084453,6297.0,5210
530427,2018,1.3767754318618042,7173.0,5210
530427,2019,1.3416506717850287,6990.0,5210
530427,2020,1.616122840690979,8420.0,5210
530428,2000,1.4361324659964518,4857.0,3382
530428,2001,1.839739798935541,6222.0,3382
530428,2002,1.9201655824955648,6494.0,3382
530428,2003,1.7882909520993495,6048.0,3382
530428,2004,1.5576581904198699,5268.0,3382
530428,2005,1.530159668835009,5175.0,3382
530428,2006,1.420756948551153,4805.0,3382
530428,2007,1.8920756948551154,6399.0,3382
530428,2008,2.175931401537552,7359.0,3382
530428,2009,2.2161442933175635,7495.0,3382
530428,2010,2.7909520993494974,9439.0,3382
530428,2011,2.7652276759314014,9352.0,3382
530428,2012,2.476936723832052,8377.0,3382
530428,2013,2.6845062093435836,9079.0,3382
530428,2014,2.098166765227676,7096.0,3382
530428,2015,2.3811354228267296,8053.0,3382
530428,2016,2.4559432288586636,8306.0,3382
530428,2017,2.8619160260201064,9679.0,3382
530428,2018,3.2729154346540508,11069.0,3382
530428,2019,2.717918391484329,9192.0,3382
530428,2020,2.4393849793021882,8250.0,3382
530481,2000,4.275254865616311,4613.0,1079
530481,2001,4.560704355885079,4921.0,1079
530481,2002,5.701575532900834,6152.0,1079
530481,2003,5.139017608897127,5545.0,1079
530481,2004,5.207599629286376,5619.0,1079
530481,2005,3.893419833178869,4201.0,1079
530481,2006,4.217794253938832,4551.0,1079
530481,2007,5.7154772937905465,6167.0,1079
530481,2008,5.491195551436515,5925.0,1079
530481,2009,5.581093605189991,6022.0,1079
530481,2010,7.189063948100093,7757.0,1079
530481,2011,7.000926784059314,7554.0,1079
530481,2012,7.94902687673772,8577.0,1079
530481,2013,8.519925857275254,9193.0,1079
530481,2014,7.420759962928638,8007.0,1079
530481,2015,9.352177942539388,10091.0,1079
530481,2016,7.60518999073216,8206.0,1079
530481,2017,9.658943466172381,10422.0,1079
530481,2018,11.133456904541243,12013.0,1079
530481,2019,11.618164967562558,12536.0,1079
530481,2020,12.900834105653383,13920.0,1079
530502,2000,1.5534601784812259,9226.0,5939
530502,2001,1.543694224616939,9168.0,5939
530502,2002,1.6635797272268058,9880.0,5939
530502,2003,1.3958578885334232,8290.0,5939
530502,2004,1.5687826233372621,9317.0,5939
530502,2005,2.0001683785149016,11879.0,5939
530502,2006,2.240107762249537,13304.0,5939
530502,2007,2.7087051692204076,16087.0,5939
530502,2008,2.4800471459841726,14729.0,5939
530502,2009,2.477858225290453,14716.0,5939
530502,2010,2.953190772857383,17539.0,5939
530502,2011,2.778750631419431,16503.0,5939
530502,2012,2.87304259976427,17063.0,5939
530502,2013,3.356962451591177,19937.0,5939
530502,2014,1.3662232699107595,8114.0,5939
530502,2015,1.7198181512039064,10214.0,5939
530502,2016,1.777740360330022,10558.0,5939
530502,2017,2.7986192961778076,16621.0,5939
530502,2018,3.0092608183195826,17872.0,5939
530502,2019,3.234382892742886,19209.0,5939
530502,2020,3.439467923892911,20427.0,5939
530521,2000,0.6506172839506172,1581.0,2430
530521,2001,0.8016460905349794,1948.0,2430
530521,2002,1.1111111111111112,2700.0,2430
530521,2003,0.9534979423868313,2317.0,2430
530521,2004,0.9106995884773662,2213.0,2430
530521,2005,1.0497942386831276,2551.0,2430
530521,2006,0.8695473251028807,2113.0,2430
530521,2007,1.1670781893004116,2836.0,2430
530521,2008,1.28559670781893,3124.0,2430
530521,2009,1.4613168724279835,3551.0,2430
530521,2010,2.096707818930041,5095.0,2430
530521,2011,2.0131687242798355,4892.0,2430
530521,2012,2.0646090534979424,5017.0,2430
530521,2013,2.774074074074074,6741.0,2430
530521,2014,0.3888888888888889,945.0,2430
530521,2015,0.49835390946502056,1211.0,2430
530521,2016,0.4740740740740741,1152.0,2430
530521,2017,0.977366255144033,2375.0,2430
530521,2018,1.4592592592592593,3546.0,2430
530521,2019,1.4053497942386832,3415.0,2430
530521,2020,2.1934156378600824,5330.0,2430
530523,2000,0.5788882650196518,2062.0,3562
530523,2001,0.5819764177428411,2073.0,3562
530523,2002,0.7734418865805727,2755.0,3562
530523,2003,0.8245367770915216,2937.0,3562
530523,2004,0.961257720381808,3424.0,3562
530523,2005,1.3722627737226278,4888.0,3562
530523,2006,1.2978663672094328,4623.0,3562
530523,2007,1.5176866928691746,5406.0,3562
530523,2008,1.1872543514879281,4229.0,3562
530523,2009,0.8629983155530601,3074.0,3562
530523,2010,1.5247052217855137,5431.0,3562
530523,2011,1.7077484559236384,6083.0,3562
530523,2012,1.5586749017405952,5552.0,3562
530523,2013,1.6476698483997754,5869.0,3562
530523,2014,0.5915216170690624,2107.0,3562
530523,2015,0.6900617630544638,2458.0,3562
530523,2016,0.5693430656934306,2028.0,3562
530523,2017,0.9977540707467715,3554.0,3562
530523,2018,1.2863559797866366,4582.0,3562
530523,2019,1.0631667602470523,3787.0,3562
530523,2020,1.1075238629983155,3945.0,3562
530524,2000,0.4552175749894381,2155.0,4734
530524,2001,0.5889311364596536,2788.0,4734
530524,2002,0.7463033375580904,3533.0,4734
530524,2003,0.8060836501901141,3816.0,4734
530524,2004,0.7839036755386565,3711.0,4734
530524,2005,0.7555978031263202,3577.0,4734
530524,2006,0.7380650612589776,3494.0,4734
530524,2007,0.9594423320659062,4542.0,4734
530524,2008,1.2072243346007605,5715.0,4734
530524,2009,0.8933248838191804,4229.0,4734
530524,2010,1.3969159273341782,6613.0,4734
530524,2011,1.290874524714829,6111.0,4734
530524,2012,1.582382762991128,7491.0,4734
530524,2013,1.8757921419518377,8880.0,4734
530524,2014,0.5050697084917617,2391.0,4734
530524,2015,0.5352767215885087,2534.0,4734
530524,2016,0.5627376425855514,2664.0,4734
530524,2017,0.8633291085762569,4087.0,4734
530524,2018,1.0109843683988171,4786.0,4734
530524,2019,1.1349809885931559,5373.0,4734
530524,2020,1.3514997887621463,6398.0,4734
530581,2000,0.6907105298638263,5123.0,7417
530581,2001,0.6988000539301604,5183.0,7417
530581,2002,0.8515572333827693,6316.0,7417
530581,2003,0.856006471619253,6349.0,7417
530581,2004,0.978427935823109,7257.0,7417
530581,2005,1.1681272751786436,8664.0,7417
530581,2006,1.086153431306458,8056.0,7417
530581,2007,1.4345422677632467,10640.0,7417
530581,2008,1.3118511527571795,9730.0,7417
530581,2009,1.4261830928947015,10578.0,7417
530581,2010,2.048941620601321,15197.0,7417
530581,2011,2.137926385330996,15857.0,7417
530581,2012,2.0594580018875557,15275.0,7417
530581,2013,2.224888769044088,16502.0,7417
530581,2014,0.5960630982877174,4421.0,7417
530581,2015,0.6048267493595794,4486.0,7417
530581,2016,0.5273021437238776,3911.0,7417
530581,2017,1.030875016853175,7646.0,7417
530581,2018,1.5463125252797627,11469.0,7417
530581,2019,1.7478764999325873,12964.0,7417
530581,2020,2.2416071187811784,16626.0,7417
530602,2000,1.7625418060200668,4743.0,2691
530602,2001,1.6183574879227054,4355.0,2691
530602,2002,1.4284652545522112,3844.0,2691
530602,2003,1.7220364176885916,4634.0,2691
530602,2004,1.8773690078037903,5052.0,2691
530602,2005,2.0668896321070234,5562.0,2691
530602,2006,2.4938684503901896,6711.0,2691
530602,2007,3.3935340022296545,9132.0,2691
530602,2008,3.0598290598290596,8234.0,2691
530602,2009,3.094017094017094,8326.0,2691
530602,2010,3.807134894091416,10245.0,2691
530602,2011,4.259011519881085,11461.0,2691
530602,2012,5.31140839836492,14293.0,2691
530602,2013,5.764028242289112,15511.0,2691
530602,2014,4.60200668896321,12384.0,2691
530602,2015,5.182460052025269,13946.0,2691
530602,2016,4.6871051653660345,12613.0,2691
530602,2017,6.916387959866221,18612.0,2691
530602,2018,7.09290226681531,19087.0,2691
530602,2019,7.3299888517279825,19725.0,2691
530602,2020,9.263099219620958,24927.0,2691
530621,2000,0.16666666666666666,338.0,2028
530621,2001,0.15335305719921105,311.0,2028
530621,2002,0.3895463510848126,790.0,2028
530621,2003,0.5379684418145957,1091.0,2028
530621,2004,0.6198224852071006,1257.0,2028
530621,2005,0.8673570019723866,1759.0,2028
530621,2006,1.0621301775147929,2154.0,2028
530621,2007,1.1203155818540433,2272.0,2028
530621,2008,1.002465483234714,2033.0,2028
530621,2009,1.032544378698225,2094.0,2028
530621,2010,1.4245562130177514,2889.0,2028
530621,2011,1.955621301775148,3966.0,2028
530621,2012,2.1479289940828403,4356.0,2028
530621,2013,2.5527613412228796,5177.0,2028
530621,2014,1.858974358974359,3770.0,2028
530621,2015,2.574457593688363,5221.0,2028
530621,2016,1.106015779092702,2243.0,2028
530621,2017,2.9023668639053253,5886.0,2028
530621,2018,3.3185404339250493,6730.0,2028
530621,2019,3.633629191321499,7369.0,2028
530621,2020,4.421597633136095,8967.0,2028
530622,2000,0.19214269586814178,851.0,4429
530622,2001,0.1815308195981034,804.0,4429
530622,2002,0.2108828177918266,934.0,4429
530622,2003,0.33935425603973807,1503.0,4429
530622,2004,0.3413863174531497,1512.0,4429
530622,2005,0.30661548882366224,1358.0,4429
530622,2006,0.2524271844660194,1118.0,4429
530622,2007,0.3504177015127568,1552.0,4429
530622,2008,0.44276360352223976,1961.0,4429
530622,2009,0.4666967712801987,2067.0,4429
530622,2010,0.65816211334387,2915.0,4429
530622,2011,0.9435538496274554,4179.0,4429
530622,2012,0.8358545947166404,3702.0,4429
530622,2013,0.8195981034093475,3630.0,4429
530622,2014,0.6326484533754798,2802.0,4429
530622,2015,0.7484759539399413,3315.0,4429
530622,2016,0.6204560848950101,2748.0,4429
530622,2017,1.1677579589072025,5172.0,4429
530622,2018,1.2605554301196658,5583.0,4429
530622,2019,1.527884398284037,6767.0,4429
530622,2020,2.258071799503274,10001.0,4429
530623,2000,0.1785986290936786,469.0,2626
530623,2001,0.09862909367859862,259.0,2626
530623,2002,0.08606245239908607,226.0,2626
530623,2003,0.14737242955064736,387.0,2626
530623,2004,0.2440974866717441,641.0,2626
530623,2005,0.7018278750952018,1843.0,2626
530623,2006,0.8545316070068545,2244.0,2626
530623,2007,0.9002284843869002,2364.0,2626
530623,2008,0.28903274942878904,759.0,2626
530623,2009,0.13214013709063213,347.0,2626
530623,2010,0.11614623000761615,305.0,2626
530623,2011,0.10738766184310738,282.0,2626
530623,2012,0.05178979436405179,136.0,2626
530623,2013,0.19763899466869764,519.0,2626
530623,2014,0.22543792840822544,592.0,2626
530623,2015,0.19916222391469915,523.0,2626
530623,2016,0.19421172886519422,510.0,2626
530623,2017,0.45734958111195734,1201.0,2626
530623,2018,0.599009900990099,1573.0,2626
530623,2019,0.49428789032749426,1298.0,2626
530623,2020,0.9055597867479056,2378.0,2626
530624,2000,0.8452488687782805,1868.0,2210
530624,2001,0.3402714932126697,752.0,2210
530624,2002,0.09819004524886878,217.0,2210
530624,2003,0.09683257918552036,214.0,2210
530624,2004,0.23122171945701359,511.0,2210
530624,2005,0.6361990950226244,1406.0,2210
530624,2006,0.5746606334841629,1270.0,2210
530624,2007,0.7113122171945702,1572.0,2210
530624,2008,0.2904977375565611,642.0,2210
530624,2009,0.251131221719457,555.0,2210
530624,2010,0.2493212669683258,551.0,2210
530624,2011,0.3909502262443439,864.0,2210
530624,2012,0.18416289592760182,407.0,2210
530624,2013,0.2515837104072398,556.0,2210
530624,2014,0.5244343891402715,1159.0,2210
530624,2015,0.48778280542986424,1078.0,2210
530624,2016,0.27873303167420815,616.0,2210
530624,2017,0.47285067873303166,1045.0,2210
530624,2018,0.6429864253393666,1421.0,2210
530624,2019,0.6049773755656108,1337.0,2210
530624,2020,0.9167420814479638,2026.0,2210
530625,2000,0.06506761929063537,255.0,3919
530625,2001,0.03980607297780046,156.0,3919
530625,2002,0.05435059964276601,213.0,3919
530625,2003,0.1446797652462363,567.0,3919
530625,2004,0.47052819596835926,1844.0,3919
530625,2005,0.4766522071957132,1868.0,3919
530625,2006,0.3965297269711661,1554.0,3919
530625,2007,0.4258739474355703,1669.0,3919
530625,2008,0.309772901250319,1214.0,3919
530625,2009,0.3294207706047461,1291.0,3919
530625,2010,0.3373309517734116,1322.0,3919
530625,2011,0.40469507527430465,1586.0,3919
530625,2012,0.39933656545037,1565.0,3919
530625,2013,0.475886705792294,1865.0,3919
530625,2014,0.702730288338862,2754.0,3919
530625,2015,0.6626690482265885,2597.0,3919
530625,2016,0.6430211788721613,2520.0,3919
530625,2017,0.7757080887981628,3040.0,3919
530625,2018,0.9303393722888492,3646.0,3919
530625,2019,0.9880071446797652,3872.0,3919
530625,2020,1.2449604490941566,4879.0,3919
530626,2000,0.1378986866791745,147.0,1066
530626,2001,0.08911819887429644,95.0,1066
530626,2002,0.19324577861163228,206.0,1066
530626,2003,0.16135084427767354,172.0,1066
530626,2004,0.3630393996247655,387.0,1066
530626,2005,0.20919324577861162,223.0,1066
530626,2006,0.2879924953095685,307.0,1066
530626,2007,0.47842401500938087,510.0,1066
530626,2008,0.17636022514071295,188.0,1066
530626,2009,0.36679174484052535,391.0,1066
530626,2010,0.7917448405253283,844.0,1066
530626,2011,1.2682926829268293,1352.0,1066
530626,2012,0.7523452157598499,802.0,1066
530626,2013,1.1088180112570356,1182.0,1066
530626,2014,1.0290806754221389,1097.0,1066
530626,2015,0.8039399624765479,857.0,1066
530626,2016,0.924953095684803,986.0,1066
530626,2017,1.5675422138836772,1671.0,1066
530626,2018,2.0403377110694185,2175.0,1066
530626,2019,1.598499061913696,1704.0,1066
530626,2020,2.296435272045028,2448.0,1066
530627,2000,0.11308662394045896,547.0,4837
530627,2001,0.16704568947694853,808.0,4837
530627,2002,0.12301013024602026,595.0,4837
530627,2003,0.12466404796361381,603.0,4837
530627,2004,0.2199710564399421,1064.0,4837
530627,2005,0.2338226173247881,1131.0,4837
530627,2006,0.28736820343187924,1390.0,4837
530627,2007,0.30473433946661155,1474.0,4837
530627,2008,0.2174901798635518,1052.0,4837
530627,2009,0.3626214595823858,1754.0,4837
530627,2010,0.4670250155054786,2259.0,4837
530627,2011,0.35703948728550755,1727.0,4837
530627,2012,0.39321893735786645,1902.0,4837
530627,2013,0.5799048997312384,2805.0,4837
530627,2014,0.6721108124870787,3251.0,4837
530627,2015,0.6929915236716974,3352.0,4837
530627,2016,0.7860243952863345,3802.0,4837
530627,2017,1.944387016745917,9405.0,4837
530627,2018,1.992557370270829,9638.0,4837
530627,2019,2.418234442836469,11697.0,4837
530627,2020,3.595410378333678,17391.0,4837
530628,2000,0.3473205257836198,1374.0,3956
530628,2001,0.2224469160768453,880.0,3956
530628,2002,0.09959555106167846,394.0,3956
530628,2003,0.13372093023255813,529.0,3956
530628,2004,0.1873104145601618,741.0,3956
530628,2005,0.19893832153690597,787.0,3956
530628,2006,0.13422649140546006,531.0,3956
530628,2007,0.21587462082912032,854.0,3956
530628,2008,0.25202224469160767,997.0,3956
530628,2009,0.3222952477249747,1275.0,3956
530628,2010,0.28892821031344795,1143.0,3956
530628,2011,0.31167846309403435,1233.0,3956
530628,2012,0.26971688574317493,1067.0,3956
530628,2013,0.3597067745197169,1423.0,3956
530628,2014,0.2429221435793731,961.0,3956
530628,2015,0.35540950455005055,1406.0,3956
530628,2016,0.25202224469160767,997.0,3956
530628,2017,0.5083417593528817,2011.0,3956
530628,2018,0.7100606673407482,2809.0,3956
530628,2019,1.058392315470172,4187.0,3956
530628,2020,1.6337209302325582,6463.0,3956
530629,2000,0.09514370664023786,192.0,2018
530629,2001,0.20564915758176414,415.0,2018
530629,2002,0.20862239841427155,421.0,2018
530629,2003,0.16551040634291378,334.0,2018
530629,2004,0.22249752229930625,449.0,2018
530629,2005,0.19127849355797819,386.0,2018
530629,2006,0.29137760158572845,588.0,2018
530629,2007,0.311199207135778,628.0,2018
530629,2008,0.31466798810703667,635.0,2018
530629,2009,0.4028741328047572,813.0,2018
530629,2010,0.5009910802775025,1011.0,2018
530629,2011,0.4499504459861249,908.0,2018
530629,2012,0.37908820614469774,765.0,2018
530629,2013,0.4588701684836472,926.0,2018
530629,2014,0.8181367690782954,1651.0,2018
530629,2015,0.7666005946481665,1547.0,2018
530629,2016,1.0485629335976214,2116.0,2018
530629,2017,2.2210109018830524,4482.0,2018
530629,2018,2.2507433102081267,4542.0,2018
530629,2019,2.4311199207135776,4906.0,2018
530629,2020,3.029236868186323,6113.0,2018
530681,2000,0.8248502994011976,551.0,668
530681,2001,0.405688622754491,271.0,668
530681,2002,0.5973053892215568,399.0,668
530681,2003,0.5958083832335329,398.0,668
530681,2004,1.3532934131736527,904.0,668
530681,2005,2.3637724550898205,1579.0,668
530681,2006,3.5853293413173652,2395.0,668
530681,2007,3.465568862275449,2315.0,668
530681,2008,2.0119760479041915,1344.0,668
530681,2009,1.9221556886227544,1284.0,668
530681,2010,2.182634730538922,1458.0,668
530681,2011,1.7709580838323353,1183.0,668
530681,2012,1.526946107784431,1020.0,668
530681,2013,2.3233532934131738,1552.0,668
530681,2014,3.817365269461078,2550.0,668
530681,2015,2.1676646706586826,1448.0,668
530681,2016,2.7215568862275448,1818.0,668
530681,2017,3.4191616766467066,2284.0,668
530681,2018,3.844311377245509,2568.0,668
530681,2019,3.604790419161677,2408.0,668
530681,2020,4.479041916167665,2992.0,668
530702,2000,2.04774897680764,3002.0,1466
530702,2001,2.2537517053206004,3304.0,1466
530702,2002,2.3144611186903137,3393.0,1466
530702,2003,3.1159618008185537,4568.0,1466
530702,2004,3.6241473396998636,5313.0,1466
530702,2005,4.432469304229195,6498.0,1466
530702,2006,4.710777626193725,6906.0,1466
530702,2007,4.863574351978172,7130.0,1466
530702,2008,4.38881309686221,6434.0,1466
530702,2009,4.533424283765348,6646.0,1466
530702,2010,4.906548431105048,7193.0,1466
530702,2011,5.830150068212824,8547.0,1466
530702,2012,6.147339699863575,9012.0,1466
530702,2013,6.536152796725784,9582.0,1466
530702,2014,4.551159618008185,6672.0,1466
530702,2015,4.748976807639837,6962.0,1466
530702,2016,4.406548431105048,6460.0,1466
530702,2017,5.85675306957708,8586.0,1466
530702,2018,6.465893587994543,9479.0,1466
530702,2019,8.39768076398363,12311.0,1466
530702,2020,9.361527967257844,13724.0,1466
530721,2000,0.1339865122789159,1053.0,7859
530721,2001,0.15778088815370914,1240.0,7859
530721,2002,0.12915129151291513,1015.0,7859
530721,2003,0.21478559613182338,1688.0,7859
530721,2004,0.3347754167196844,2631.0,7859
530721,2005,0.4113754930652755,3233.0,7859
530721,2006,0.4061585443440641,3192.0,7859
530721,2007,0.48924799592823515,3845.0,7859
530721,2008,0.4977732535946049,3912.0,7859
530721,2009,0.5313653136531366,4176.0,7859
530721,2010,0.8904440768545616,6998.0,7859
530721,2011,1.072146583534801,8426.0,7859
530721,2012,1.1470925054078127,9015.0,7859
530721,2013,1.1734317343173433,9222.0,7859
530721,2014,0.6575900241761038,5168.0,7859
530721,2015,0.6883827458964245,5410.0,7859
530721,2016,0.5759002417610383,4526.0,7859
530721,2017,0.8632141493828731,6784.0,7859
530721,2018,0.8952792976205625,7036.0,7859
530721,2019,0.9554650718920983,7509.0,7859
530721,2020,1.0724010688382746,8428.0,7859
530722,2000,0.2844631852092118,1754.0,6166
530722,2001,0.24310736295815763,1499.0,6166
530722,2002,0.2607849497242945,1608.0,6166
530722,2003,0.26289328576062276,1621.0,6166
530722,2004,0.17726240674667532,1093.0,6166
530722,2005,0.3400908206292572,2097.0,6166
530722,2006,0.3358741485566007,2071.0,6166
530722,2007,0.5358417126175803,3304.0,6166
530722,2008,0.5587090496269868,3445.0,6166
530722,2009,0.6699643204670775,4131.0,6166
530722,2010,0.8224132338631204,5071.0,6166
530722,2011,0.8884203697697048,5478.0,6166
530722,2012,0.7941939669153422,4897.0,6166
530722,2013,1.1336360687641907,6990.0,6166
530722,2014,0.2601362309438858,1604.0,6166
530722,2015,0.2197534868634447,1355.0,6166
530722,2016,0.13655530327602985,842.0,6166
530722,2017,0.5463833927992215,3369.0,6166
530722,2018,0.6738566331495297,4155.0,6166
530722,2019,0.4614012325656828,2845.0,6166
530722,2020,0.6021732079143691,3713.0,6166
530723,2000,0.8467023172905526,2375.0,2805
530723,2001,1.0623885918003566,2980.0,2805
530723,2002,1.5058823529411764,4224.0,2805
530723,2003,2.0409982174688057,5725.0,2805
530723,2004,1.9358288770053476,5430.0,2805
530723,2005,2.305169340463458,6466.0,2805
530723,2006,1.5311942959001783,4295.0,2805
530723,2007,2.175757575757576,6103.0,2805
530723,2008,1.8420677361853832,5167.0,2805
530723,2009,2.3529411764705883,6600.0,2805
530723,2010,3.2837789661319072,9211.0,2805
530723,2011,2.257397504456328,6332.0,2805
530723,2012,2.625668449197861,7365.0,2805
530723,2013,2.862032085561497,8028.0,2805
530723,2014,1.5871657754010695,4452.0,2805
530723,2015,1.3294117647058823,3729.0,2805
530723,2016,0.8709447415329769,2443.0,2805
530723,2017,1.53048128342246,4293.0,2805
530723,2018,1.8274509803921568,5126.0,2805
530723,2019,1.736898395721925,4872.0,2805
530723,2020,1.5732620320855615,4413.0,2805
530724,2000,0.05885878686166387,491.0,8342
530724,2001,0.05478302565332055,457.0,8342
530724,2002,0.05082713977463438,424.0,8342
530724,2003,0.07660033565092304,639.0,8342
530724,2004,0.05466315032366339,456.0,8342
530724,2005,0.0913450011987533,762.0,8342
530724,2006,0.08595061136418125,717.0,8342
530724,2007,0.15487892591704627,1292.0,8342
530724,2008,0.132462239271158,1105.0,8342
530724,2009,0.15547830256533204,1297.0,8342
530724,2010,0.2897386717813474,2417.0,8342
530724,2011,0.39834572045073124,3323.0,8342
530724,2012,0.2751138815631743,2295.0,8342
530724,2013,0.3559098537520978,2969.0,8342
530724,2014,0.14193239031407337,1184.0,8342
530724,2015,0.12682809877727164,1058.0,8342
530724,2016,0.060656916806521216,506.0,8342
530724,2017,0.1490050347638456,1243.0,8342
530724,2018,0.18400863102373533,1535.0,8342
530724,2019,0.34008631023735314,2837.0,8342
530724,2020,0.535243346919204,4465.0,8342
530802,2000,0.6916936353829558,3206.0,4635
530802,2001,0.7395900755124056,3428.0,4635
530802,2002,1.0237324703344122,4745.0,4635
530802,2003,1.2593311758360302,5837.0,4635
530802,2004,1.8737864077669903,8685.0,4635
530802,2005,1.6347357065803667,7577.0,4635
530802,2006,1.5704422869471413,7279.0,4635
530802,2007,2.1568500539374327,9997.0,4635
530802,2008,1.9605177993527507,9087.0,4635
530802,2009,2.006040992448759,9298.0,4635
530802,2010,2.225026968716289,10313.0,4635
530802,2011,2.585760517799353,11985.0,4635
530802,2012,2.6321467098166127,12200.0,4635
530802,2013,2.798705501618123,12972.0,4635
530802,2014,1.7533980582524271,8127.0,4635
530802,2015,1.9613807982740021,9091.0,4635
530802,2016,1.798705501618123,8337.0,4635
530802,2017,2.4431499460625674,11324.0,4635
530802,2018,2.716504854368932,12591.0,4635
530802,2019,2.417044228694714,11203.0,4635
530802,2020,2.5132686084142395,11649.0,4635
530821,2000,0.47571523619427813,2145.0,4509
530821,2001,0.5670880461299623,2557.0,4509
530821,2002,0.626746506986028,2826.0,4509
530821,2003,0.49988911066755376,2254.0,4509
530821,2004,0.6404967842093591,2888.0,4509
530821,2005,0.49545353736970504,2234.0,4509
530821,2006,0.5404746063428698,2437.0,4509
530821,2007,0.8176979374584165,3687.0,4509
530821,2008,0.959414504324684,4326.0,4509
530821,2009,0.89354624085163,4029.0,4509
530821,2010,1.1248613883344423,5072.0,4509
530821,2011,0.8119316921712131,3661.0,4509
530821,2012,0.5034375693058328,2270.0,4509
530821,2013,1.0341539143934353,4663.0,4509
530821,2014,0.22732313151474828,1025.0,4509
530821,2015,0.22599245952539365,1019.0,4509
530821,2016,0.180527833222444,814.0,4509
530821,2017,0.7447327567088046,3358.0,4509
530821,2018,0.9385673098247949,4232.0,4509
530821,2019,0.8003992015968064,3609.0,4509
530821,2020,0.7862053670436904,3545.0,4509
530822,2000,0.5169833906928026,3455.0,6683
530822,2001,0.8781984138859793,5869.0,6683
530822,2002,0.9365554391740236,6259.0,6683
530822,2003,0.6942989675295526,4640.0,6683
530822,2004,0.6699087236271136,4477.0,6683
530822,2005,0.49827921592099356,3330.0,6683
530822,2006,0.4055065090528206,2710.0,6683
530822,2007,0.4821188089181505,3222.0,6683
530822,2008,0.41209037857249736,2754.0,6683
530822,2009,0.33697441268891215,2252.0,6683
530822,2010,0.3800688313631603,2540.0,6683
530822,2011,0.35074068532096364,2344.0,6683
530822,2012,0.2655992817596888,1775.0,6683
530822,2013,0.31572647014813704,2110.0,6683
530822,2014,0.18270237917103097,1221.0,6683
530822,2015,0.22295376327996408,1490.0,6683
530822,2016,0.19227891665419722,1285.0,6683
530822,2017,0.3911417028280712,2614.0,6683
530822,2018,0.392338770013467,2622.0,6683
530822,2019,0.4418674248092174,2953.0,6683
530822,2020,0.4601226993865031,3075.0,6683
530823,2000,0.28012606599925843,1511.0,5394
530823,2001,0.28698553948832034,1548.0,5394
530823,2002,0.4872080088987764,2628.0,5394
530823,2003,0.42584352984797924,2297.0,5394
530823,2004,0.42398961809417873,2287.0,5394
530823,2005,0.4907304412309974,2647.0,5394
530823,2006,0.5737856878012607,3095.0,5394
530823,2007,0.692992213570634,3738.0,5394
530823,2008,0.5708194289951798,3079.0,5394
530823,2009,0.5320726733407489,2870.0,5394
530823,2010,0.5791620318872822,3124.0,5394
530823,2011,0.6205042639970337,3347.0,5394
530823,2012,0.5331850203930293,2876.0,5394
530823,2013,0.6481275491286614,3496.0,5394
530823,2014,0.06655543196143864,359.0,5394
530823,2015,0.09454949944382647,510.0,5394
530823,2016,0.06395995550611791,345.0,5394
530823,2017,0.16332962550982574,881.0,5394
530823,2018,0.1696329254727475,915.0,5394
530823,2019,0.13626251390433816,735.0,5394
530823,2020,0.2410085279940675,1300.0,5394
530824,2000,0.22324062368310155,2119.0,9492
530824,2001,0.2084913611462284,1979.0,9492
530824,2002,0.2551622418879056,2422.0,9492
530824,2003,0.3382848714707122,3211.0,9492
530824,2004,0.39233038348082594,3724.0,9492
530824,2005,0.33238516645596294,3155.0,9492
530824,2006,0.38463969658659924,3651.0,9492
530824,2007,0.4805099030762748,4561.0,9492
530824,2008,0.5149599662873999,4888.0,9492
530824,2009,0.37115465655288665,3523.0,9492
530824,2010,0.3816898440792246,3623.0,9492
530824,2011,0.48272229245680576,4582.0,9492
530824,2012,0.4223556679308892,4009.0,9492
530824,2013,0.4608091024020228,4374.0,9492
530824,2014,0.18331226295828065,1740.0,9492
530824,2015,0.1561314791403287,1482.0,9492
530824,2016,0.13727349346818374,1303.0,9492
530824,2017,0.23893805309734514,2268.0,9492
530824,2018,0.24546986936367468,2330.0,9492
530824,2019,0.29024441635061105,2755.0,9492
530824,2020,0.30457227138643067,2891.0,9492
530825,2000,0.15420310547920757,864.0,5603
530825,2001,0.1136890951276102,637.0,5603
530825,2002,0.21238622166696414,1190.0,5603
530825,2003,0.19007674460110655,1065.0,5603
530825,2004,0.23737283598072462,1330.0,5603
530825,2005,0.14688559700160628,823.0,5603
530825,2006,0.1351061931108335,757.0,5603
530825,2007,0.2591468855970016,1452.0,5603
530825,2008,0.2955559521684812,1656.0,5603
530825,2009,0.2505800464037123,1404.0,5603
530825,2010,0.3705157951097626,2076.0,5603
530825,2011,0.4149562734249509,2325.0,5603
530825,2012,0.29216491165447084,1637.0,5603
530825,2013,0.40085668391932894,2246.0,5603
530825,2014,0.11600928074245939,650.0,5603
530825,2015,0.11743708727467428,658.0,5603
530825,2016,0.12118507942173835,679.0,5603
530825,2017,0.3219703730144565,1804.0,5603
530825,2018,0.4156701766910584,2329.0,5603
530825,2019,0.4515438158129573,2530.0,5603
530825,2020,0.45707656612529,2561.0,5603
530826,2000,0.108047522976911,482.0,4461
530826,2001,0.07845774490024658,350.0,4461
530826,2002,0.12754987670925802,569.0,4461
530826,2003,0.11320331764178436,505.0,4461
530826,2004,0.33916162295449453,1513.0,4461
530826,2005,0.2701188074422775,1205.0,4461
530826,2006,0.28760367630576106,1283.0,4461
530826,2007,0.3221250840618695,1437.0,4461
530826,2008,0.34319659269222147,1531.0,4461
530826,2009,0.24904729881192558,1111.0,4461
530826,2010,0.2860345214077561,1276.0,4461
530826,2011,0.3196592692221475,1426.0,4461
530826,2012,0.3405066128670702,1519.0,4461
530826,2013,0.2844653665097512,1269.0,4461
530826,2014,0.08137188971082716,363.0,4461
530826,2015,0.0652320107599193,291.0,4461
530826,2016,0.06747366061421206,301.0,4461
530826,2017,0.15691548980049316,700.0,4461
530826,2018,0.1992826720466263,889.0,4461
530826,2019,0.1620712844653665,723.0,4461
530826,2020,0.23783904954046178,1061.0,4461
530827,2000,0.5235711305798916,1255.0,2397
530827,2001,0.5394242803504381,1293.0,2397
530827,2002,0.5794743429286608,1389.0,2397
530827,2003,0.6937838965373383,1663.0,2397
530827,2004,0.9002920317062996,2158.0,2397
530827,2005,0.9787234042553191,2346.0,2397
530827,2006,0.6754276178556529,1619.0,2397
530827,2007,0.7446808510638298,1785.0,2397
530827,2008,0.8556528994576554,2051.0,2397
530827,2009,0.6587400917813934,1579.0,2397
530827,2010,0.6804338756779308,1631.0,2397
530827,2011,1.0492282019190655,2515.0,2397
530827,2012,0.982060909470171,2354.0,2397
530827,2013,1.1113892365456821,2664.0,2397
530827,2014,0.4034209428452232,967.0,2397
530827,2015,0.44722569879015434,1072.0,2397
530827,2016,0.3692115143929912,885.0,2397
530827,2017,0.785148101793909,1882.0,2397
530827,2018,1.5477680433875678,3710.0,2397
530827,2019,1.4322069253233207,3433.0,2397
530827,2020,1.42636629119733,3419.0,2397
530828,2000,0.17163030687064362,1896.0,11047
530828,2001,0.25291934461844845,2794.0,11047
530828,2002,0.1734407531456504,1916.0,11047
530828,2003,0.2950122205123563,3259.0,11047
530828,2004,0.3467909839775505,3831.0,11047
530828,2005,0.3673395491988775,4058.0,11047
530828,2006,0.39241423010772153,4335.0,11047
530828,2007,0.40309586313026163,4453.0,11047
530828,2008,0.5594278989770979,6180.0,11047
530828,2009,0.47506110256178147,5248.0,11047
530828,2010,0.6150991219335566,6795.0,11047
530828,2011,0.6457861862949217,7134.0,11047
530828,2012,0.47587580338553453,5257.0,11047
530828,2013,0.5529102923870735,6108.0,11047
530828,2014,0.2278446637096044,2517.0,11047
530828,2015,0.19136417126821761,2114.0,11047
530828,2016,0.17190187381189465,1899.0,11047
530828,2017,0.3815515524576808,4215.0,11047
530828,2018,0.4388521770616457,4848.0,11047
530828,2019,0.3978455689327419,4395.0,11047
530828,2020,0.46075857698922784,5090.0,11047
530829,2000,0.33544668587896254,582.0,1735
530829,2001,0.323342939481268,561.0,1735
530829,2002,0.2743515850144092,476.0,1735
530829,2003,0.20518731988472622,356.0,1735
530829,2004,0.1994236311239193,346.0,1735
530829,2005,0.22939481268011527,398.0,1735
530829,2006,0.26512968299711814,460.0,1735
530829,2007,0.37175792507204614,645.0,1735
530829,2008,0.45244956772334294,785.0,1735
530829,2009,0.4,694.0,1735
530829,2010,0.4144092219020173,719.0,1735
530829,2011,0.392507204610951,681.0,1735
530829,2012,0.48760806916426513,846.0,1735
530829,2013,0.5204610951008646,903.0,1735
530829,2014,0.09913544668587897,172.0,1735
530829,2015,0.11815561959654179,205.0,1735
530829,2016,0.07953890489913544,138.0,1735
530829,2017,0.1873198847262248,325.0,1735
530829,2018,0.1988472622478386,345.0,1735
530829,2019,0.15446685878962535,268.0,1735
530829,2020,0.2017291066282421,350.0,1735
530902,2000,0.9187657430730478,2918.0,3176
530902,2001,1.098551637279597,3489.0,3176
530902,2002,1.2547229219143576,3985.0,3176
530902,2003,1.230793450881612,3909.0,3176
530902,2004,1.516057934508816,4815.0,3176
530902,2005,1.353904282115869,4300.0,3176
530902,2006,1.2490554156171285,3967.0,3176
530902,2007,1.595403022670025,5067.0,3176
530902,2008,1.4600125944584383,4637.0,3176
530902,2009,1.2862090680100755,4085.0,3176
530902,2010,1.602015113350126,5088.0,3176
530902,2011,1.883816120906801,5983.0,3176
530902,2012,2.013539042821159,6395.0,3176
530902,2013,1.9278967254408061,6123.0,3176
530902,2014,1.3013224181360201,4133.0,3176
530902,2015,1.4370277078085643,4564.0,3176
530902,2016,1.432934508816121,4551.0,3176
530902,2017,1.9641057934508817,6238.0,3176
530902,2018,2.0802896725440805,6607.0,3176
530902,2019,2.2981738035264483,7299.0,3176
530902,2020,2.845403022670025,9037.0,3176
530921,2000,0.3498688290007155,1467.0,4193
530921,2001,0.6370140710708323,2671.0,4193
530921,2002,0.9909372764130694,4155.0,4193
530921,2003,1.0803720486525161,4530.0,4193
530921,2004,1.1533508227999045,4836.0,4193
530921,2005,1.1218697829716193,4704.0,4193
530921,2006,0.8974481278321012,3763.0,4193
530921,2007,1.1438111137610303,4796.0,4193
530921,2008,1.1466730264726925,4808.0,4193
530921,2009,0.9215358931552587,3864.0,4193
530921,2010,1.3615549725733365,5709.0,4193
530921,2011,1.2845218220844263,5386.0,4193
530921,2012,1.7324111614595754,7264.0,4193
530921,2013,1.7703315048891008,7423.0,4193
530921,2014,0.7307417123777725,3064.0,4193
530921,2015,0.736465537801097,3088.0,4193
530921,2016,0.6243739565943238,2618.0,4193
530921,2017,0.8709754352492249,3652.0,4193
530921,2018,1.0062008108752682,4219.0,4193
530921,2019,1.1311709992845218,4743.0,4193
530921,2020,1.2194133078941092,5113.0,4193
530922,2000,0.611088379705401,2987.0,4888
530922,2001,0.6182487725040916,3022.0,4888
530922,2002,1.1984451718494271,5858.0,4888
530922,2003,1.2718903436988542,6217.0,4888
530922,2004,1.3764320785597381,6728.0,4888
530922,2005,0.95949263502455,4690.0,4888
530922,2006,0.9073240589198036,4435.0,4888
530922,2007,1.1458674304418985,5601.0,4888
530922,2008,1.210924713584288,5919.0,4888
530922,2009,0.9875204582651391,4827.0,4888
530922,2010,1.3911620294599019,6800.0,4888
530922,2011,1.4566284779050735,7120.0,4888
530922,2012,1.6898527004909984,8260.0,4888
530922,2013,1.3179214402618658,6442.0,4888
530922,2014,0.6687806873977087,3269.0,4888
530922,2015,0.5734451718494271,2803.0,4888
530922,2016,0.521481178396072,2549.0,4888
530922,2017,0.8095335515548282,3957.0,4888
530922,2018,0.8729541734860884,4267.0,4888
530922,2019,0.8267184942716858,4041.0,4888
530922,2020,0.9914075286415712,4846.0,4888
530923,2000,0.20295829291949563,837.0,4124
530923,2001,0.18671193016488846,770.0,4124
530923,2002,0.43113482056256064,1778.0,4124
530923,2003,0.34626576139670223,1428.0,4124
530923,2004,0.44835111542192047,1849.0,4124
530923,2005,0.40227934044616875,1659.0,4124
530923,2006,0.3765761396702231,1553.0,4124
530923,2007,0.5807468477206595,2395.0,4124
530923,2008,0.8998545101842871,3711.0,4124
530923,2009,0.47356935014548984,1953.0,4124
530923,2010,1.321290009699321,5449.0,4124
530923,2011,1.438894277400582,5934.0,4124
530923,2012,1.587051406401552,6545.0,4124
530923,2013,1.0327352085354025,4259.0,4124
530923,2014,0.24078564500484967,993.0,4124
530923,2015,0.18064985451018428,745.0,4124
530923,2016,0.11445198836081474,472.0,4124
530923,2017,0.2967992240543162,1224.0,4124
530923,2018,0.3879728419010669,1600.0,4124
530923,2019,0.2873423860329777,1185.0,4124
530923,2020,0.5016973811833172,2069.0,4124
530924,2000,0.22188815393866507,738.0,3326
530924,2001,0.18430547203848466,613.0,3326
530924,2002,0.2648827420324714,881.0,3326
530924,2003,0.39266386049308477,1306.0,3326
530924,2004,0.5802766085387854,1930.0,3326
530924,2005,0.949789536981359,3159.0,3326
530924,2006,0.6617558628983764,2201.0,3326
530924,2007,0.8671076368009621,2884.0,3326
530924,2008,0.9987973541791942,3322.0,3326
530924,2009,0.7140709561034275,2375.0,3326
530924,2010,0.9110042092603728,3030.0,3326
530924,2011,1.3797354179194228,4589.0,3326
530924,2012,1.5817799158147925,5261.0,3326
530924,2013,1.4657245941070354,4875.0,3326
530924,2014,0.547504509921828,1821.0,3326
530924,2015,0.43926638604930845,1461.0,3326
530924,2016,0.31930246542393265,1062.0,3326
530924,2017,0.5072158749248347,1687.0,3326
530924,2018,0.5904990980156344,1964.0,3326
530924,2019,0.6972339146121467,2319.0,3326
530924,2020,0.8725195429945881,2902.0,3326
530925,2000,0.3622103386809269,1016.0,2805
530925,2001,0.3611408199643494,1013.0,2805
530925,2002,0.40748663101604277,1143.0,2805
530925,2003,0.5900178253119429,1655.0,2805
530925,2004,0.7982174688057041,2239.0,2805
530925,2005,0.8409982174688057,2359.0,2805
530925,2006,0.7126559714795009,1999.0,2805
530925,2007,0.7319073083778966,2053.0,2805
530925,2008,0.8873440285204991,2489.0,2805
530925,2009,0.663458110516934,1861.0,2805
530925,2010,0.889126559714795,2494.0,2805
530925,2011,1.0591800356506238,2971.0,2805
530925,2012,1.0816399286987521,3034.0,2805
530925,2013,1.025668449197861,2877.0,2805
530925,2014,0.30303030303030304,850.0,2805
530925,2015,0.3304812834224599,927.0,2805
530925,2016,0.2124777183600713,596.0,2805
530925,2017,0.382174688057041,1072.0,2805
530925,2018,0.49376114081996436,1385.0,2805
530925,2019,0.5561497326203209,1560.0,2805
530925,2020,1.22174688057041,3427.0,2805
530926,2000,0.4909315746084089,2382.0,4852
530926,2001,0.7376339653751031,3579.0,4852
530926,2002,0.7133140972794724,3461.0,4852
530926,2003,0.8223413025556472,3990.0,4852
530926,2004,1.0018549051937344,4861.0,4852
530926,2005,0.9291014014839242,4508.0,4852
530926,2006,0.8779884583676835,4260.0,4852
530926,2007,1.158285243198681,5620.0,4852
530926,2008,1.572959604286892,7632.0,4852
530926,2009,1.1640560593569662,5648.0,4852
530926,2010,1.4031327287716406,6808.0,4852
530926,2011,2.0298845836768344,9849.0,4852
530926,2012,1.9095218466611708,9265.0,4852
530926,2013,1.5805853256389117,7669.0,4852
530926,2014,0.5517312448474856,2677.0,4852
530926,2015,0.4666117065127782,2264.0,4852
530926,2016,0.33615004122011544,1631.0,4852
530926,2017,0.6929101401483924,3362.0,4852
530926,2018,1.03441879637263,5019.0,4852
530926,2019,1.1995053586150042,5820.0,4852
530926,2020,1.5663643858202803,7600.0,4852
530927,2000,0.2562203791469194,865.0,3376
530927,2001,0.3613744075829384,1220.0,3376
530927,2002,0.3521919431279621,1189.0,3376
530927,2003,0.5260663507109005,1776.0,3376
530927,2004,0.5870853080568721,1982.0,3376
530927,2005,0.5313981042654028,1794.0,3376
530927,2006,0.4283175355450237,1446.0,3376
530927,2007,0.49111374407582936,1658.0,3376
530927,2008,0.7523696682464455,2540.0,3376
530927,2009,0.518957345971564,1752.0,3376
530927,2010,0.9292061611374408,3137.0,3376
530927,2011,1.058649289099526,3574.0,3376
530927,2012,1.2710308056872037,4291.0,3376
530927,2013,1.0808649289099526,3649.0,3376
530927,2014,0.4306872037914692,1454.0,3376
530927,2015,0.4084715639810427,1379.0,3376
530927,2016,0.28791469194312796,972.0,3376
530927,2017,0.5263625592417062,1777.0,3376
530927,2018,0.6241113744075829,2107.0,3376
530927,2019,0.7725118483412322,2608.0,3376
530927,2020,1.1398104265402844,3848.0,3376
532301,2000,1.067622197721426,5810.0,5442
532301,2001,1.0275633958103638,5592.0,5442
532301,2002,1.2668136714443219,6894.0,5442
532301,2003,1.5453877251010657,8410.0,5442
532301,2004,1.551819184123484,8445.0,5442
532301,2005,1.4994487320837928,8160.0,5442
532301,2006,1.511944138184491,8228.0,5442
532301,2007,1.7598309445056963,9577.0,5442
532301,2008,1.7001102535832415,9252.0,5442
532301,2009,1.778757809628813,9680.0,5442
532301,2010,2.1457184858507903,11677.0,5442
532301,2011,2.4496508636530687,13331.0,5442
532301,2012,2.2557883131201764,12276.0,5442
532301,2013,2.493384785005513,13569.0,5442
532301,2014,1.9185961043733921,10441.0,5442
532301,2015,2.0970231532524806,11412.0,5442
532301,2016,2.043733921352444,11122.0,5442
532301,2017,2.591510474090408,14103.0,5442
532301,2018,3.0672546857772875,16692.0,5442
532301,2019,3.311098860712973,18019.0,5442
532301,2020,3.6065784638000733,19627.0,5442
532322,2000,0.12183125236473705,644.0,5286
532322,2001,0.09572455542943625,506.0,5286
532322,2002,0.13904653802497163,735.0,5286
532322,2003,0.12788497919031402,676.0,5286
532322,2004,0.094211123723042,498.0,5286
532322,2005,0.09402194475974272,497.0,5286
532322,2006,0.06791524782444192,359.0,5286
532322,2007,0.14301929625425652,756.0,5286
532322,2008,0.13280363223609534,702.0,5286
532322,2009,0.15966704502459325,844.0,5286
532322,2010,0.21074536511539918,1114.0,5286
532322,2011,0.22436625047294742,1186.0,5286
532322,2012,0.23874385168369278,1262.0,5286
532322,2013,0.33409004918653046,1766.0,5286
532322,2014,0.24177071509648126,1278.0,5286
532322,2015,0.2393113885735906,1265.0,5286
532322,2016,0.22285281876655316,1178.0,5286
532322,2017,0.30401059402194475,1607.0,5286
532322,2018,0.38441165342413924,2032.0,5286
532322,2019,0.45270525917517973,2393.0,5286
532322,2020,0.48259553537646616,2551.0,5286
532323,2000,0.4389269406392694,769.0,1752
532323,2001,0.3464611872146119,607.0,1752
532323,2002,0.5393835616438356,945.0,1752
532323,2003,0.5684931506849316,996.0,1752
532323,2004,0.6438356164383562,1128.0,1752
532323,2005,0.5393835616438356,945.0,1752
532323,2006,0.4412100456621005,773.0,1752
532323,2007,0.805365296803653,1411.0,1752
532323,2008,0.8350456621004566,1463.0,1752
532323,2009,0.9897260273972602,1734.0,1752
532323,2010,1.5268264840182648,2675.0,1752
532323,2011,1.1609589041095891,2034.0,1752
532323,2012,1.0924657534246576,1914.0,1752
532323,2013,1.3384703196347032,2345.0,1752
532323,2014,0.20490867579908675,359.0,1752
532323,2015,0.24885844748858446,436.0,1752
532323,2016,0.23858447488584475,418.0,1752
532323,2017,0.8230593607305936,1442.0,1752
532323,2018,1.2825342465753424,2247.0,1752
532323,2019,1.1307077625570776,1981.0,1752
532323,2020,1.5005707762557077,2629.0,1752
532324,2000,0.5575674752306116,1632.0,2927
532324,2001,0.434916296549368,1273.0,2927
532324,2002,0.6006149641270926,1758.0,2927
532324,2003,0.53501879057055,1566.0,2927
532324,2004,0.5794328664161257,1696.0,2927
532324,2005,0.6033481380252819,1766.0,2927
532324,2006,0.5900239152716091,1727.0,2927
532324,2007,0.9432866416125726,2761.0,2927
532324,2008,0.7010591048855483,2052.0,2927
532324,2009,0.8233686368295183,2410.0,2927
532324,2010,1.0474888964810387,3066.0,2927
532324,2011,1.0368978476255553,3035.0,2927
532324,2012,1.1906388793987017,3485.0,2927
532324,2013,1.4923129484113427,4368.0,2927
532324,2014,1.0785787495729415,3157.0,2927
532324,2015,1.162282200204988,3402.0,2927
532324,2016,1.076187222412026,3150.0,2927
532324,2017,1.4714724974376494,4307.0,2927
532324,2018,1.5333105568841818,4488.0,2927
532324,2019,1.6170140075162283,4733.0,2927
532324,2020,1.6607447898872565,4861.0,2927
532325,2000,0.4900875979714154,1063.0,2169
532325,2001,0.5633932687874597,1222.0,2169
532325,2002,0.5749193176579068,1247.0,2169
532325,2003,0.5408022130013831,1173.0,2169
532325,2004,0.5481788842784694,1189.0,2169
532325,2005,0.5136007376671277,1114.0,2169
532325,2006,0.4024896265560166,873.0,2169
532325,2007,0.62010142923006,1345.0,2169
532325,2008,0.6104195481788843,1324.0,2169
532325,2009,0.8533886583679114,1851.0,2169
532325,2010,1.1106500691562933,2409.0,2169
532325,2011,1.1230982019363762,2436.0,2169
532325,2012,1.0216689718764407,2216.0,2169
532325,2013,0.9562010142923006,2074.0,2169
532325,2014,0.31258644536652835,678.0,2169
532325,2015,0.38035961272475793,825.0,2169
532325,2016,0.23374827109266944,507.0,2169
532325,2017,0.46473029045643155,1008.0,2169
532325,2018,0.5218994928538497,1132.0,2169
532325,2019,0.5112955278930382,1109.0,2169
532325,2020,0.839096357768557,1820.0,2169
532326,2000,0.1494716618635927,778.0,5205
532326,2001,0.20902977905859751,1088.0,5205
532326,2002,0.22247838616714696,1158.0,5205
532326,2003,0.2424591738712776,1262.0,5205
532326,2004,0.28414985590778097,1479.0,5205
532326,2005,0.2741594620557157,1427.0,5205
532326,2006,0.2165225744476465,1127.0,5205
532326,2007,0.309702209414025,1612.0,5205
532326,2008,0.29433237271853985,1532.0,5205
532326,2009,0.46397694524495675,2415.0,5205
532326,2010,0.6251681075888569,3254.0,5205
532326,2011,0.6374639769452449,3318.0,5205
532326,2012,0.5936599423631124,3090.0,5205
532326,2013,0.5959654178674352,3102.0,5205
532326,2014,0.3143131604226705,1636.0,5205
532326,2015,0.3684918347742555,1918.0,5205
532326,2016,0.3633045148895293,1891.0,5205
532326,2017,0.5965417867435159,3105.0,5205
532326,2018,0.6584053794428434,3427.0,5205
532326,2019,0.626897214217099,3263.0,5205
532326,2020,0.6324687800192123,3292.0,5205
532327,2000,0.14054982817869416,409.0,2910
532327,2001,0.15532646048109966,452.0,2910
532327,2002,0.1852233676975945,539.0,2910
532327,2003,0.23539518900343642,685.0,2910
532327,2004,0.2470790378006873,719.0,2910
532327,2005,0.4663230240549828,1357.0,2910
532327,2006,0.3745704467353952,1090.0,2910
532327,2007,0.4618556701030928,1344.0,2910
532327,2008,0.5577319587628866,1623.0,2910
532327,2009,0.5941580756013746,1729.0,2910
532327,2010,0.9020618556701031,2625.0,2910
532327,2011,1.1075601374570447,3223.0,2910
532327,2012,0.7608247422680412,2214.0,2910
532327,2013,0.8405498281786942,2446.0,2910
532327,2014,0.3254295532646048,947.0,2910
532327,2015,0.29828178694158075,868.0,2910
532327,2016,0.18350515463917524,534.0,2910
532327,2017,0.3481099656357388,1013.0,2910
532327,2018,0.38900343642611684,1132.0,2910
532327,2019,0.33298969072164947,969.0,2910
532327,2020,0.436426116838488,1270.0,2910
532328,2000,0.6480637813211845,1707.0,2634
532328,2001,0.6150341685649203,1620.0,2634
532328,2002,0.7395596051632498,1948.0,2634
532328,2003,0.9062262718299164,2387.0,2634
532328,2004,0.8010630220197419,2110.0,2634
532328,2005,1.246013667425968,3282.0,2634
532328,2006,1.6123766135155657,4247.0,2634
532328,2007,1.6545178435839027,4358.0,2634
532328,2008,1.335231586940015,3517.0,2634
532328,2009,0.9776006074411542,2575.0,2634
532328,2010,1.450645406226272,3821.0,2634
532328,2011,1.3663629460895976,3599.0,2634
532328,2012,1.1864085041761578,3125.0,2634
532328,2013,1.5364464692482915,4047.0,2634
532328,2014,0.5721336370539104,1507.0,2634
532328,2015,0.7023538344722855,1850.0,2634
532328,2016,0.6214882308276386,1637.0,2634
532328,2017,1.7088078967350038,4501.0,2634
532328,2018,1.8694001518602885,4924.0,2634
532328,2019,1.806378132118451,4758.0,2634
532328,2020,2.2323462414578588,5880.0,2634
532329,2000,0.3169067475360121,1254.0,3957
532329,2001,0.3527925195855446,1396.0,3957
532329,2002,0.42608036391205456,1686.0,3957
532329,2003,0.5514278493808441,2182.0,3957
532329,2004,0.5595147839272175,2214.0,3957
532329,2005,0.8112206216830933,3210.0,3957
532329,2006,0.8799595653272682,3482.0,3957
532329,2007,1.0533232246651503,4168.0,3957
532329,2008,0.9679049785190801,3830.0,3957
532329,2009,0.724286075309578,2866.0,3957
532329,2010,1.1721000758150113,4638.0,3957
532329,2011,1.197877179681577,4740.0,3957
532329,2012,1.5415718979024513,6100.0,3957
532329,2013,1.3452110184483195,5323.0,3957
532329,2014,0.42254233004801617,1672.0,3957
532329,2015,0.6967399545109931,2757.0,3957
532329,2016,0.585039171089209,2315.0,3957
532329,2017,0.9800353803386403,3878.0,3957
532329,2018,0.6952236542835482,2751.0,3957
532329,2019,0.8928481172605509,3533.0,3957
532329,2020,1.079100328531716,4270.0,3957
532331,2000,0.9967023907666942,4836.0,4852
532331,2001,0.9975267930750206,4840.0,4852
532331,2002,1.241343775762572,6023.0,4852
532331,2003,2.266694146743611,10998.0,4852
532331,2004,2.0239076669414673,9820.0,4852
532331,2005,1.6343775762572135,7930.0,4852
532331,2006,1.2850370981038748,6235.0,4852
532331,2007,1.9443528441879638,9434.0,4852
532331,2008,2.0278235779060183,9839.0,4852
532331,2009,2.136850783182193,10368.0,4852
532331,2010,2.60840890354493,12656.0,4852
532331,2011,2.633140972794724,12776.0,4852
532331,2012,2.554204451772465,12393.0,4852
532331,2013,2.3751030502885406,11524.0,4852
532331,2014,1.1611706512778235,5634.0,4852
532331,2015,1.0717230008244023,5200.0,4852
532331,2016,0.982275350370981,4766.0,4852
532331,2017,1.7256801319043693,8373.0,4852
532331,2018,1.649629018961253,8004.0,4852
532331,2019,1.751030502885408,8496.0,4852
532331,2020,2.1339653751030503,10354.0,4852
532501,2000,5.505005561735262,9898.0,1798
532501,2001,6.026696329254728,10836.0,1798
532501,2002,6.299777530589544,11327.0,1798
532501,2003,5.906562847608454,10620.0,1798
532501,2004,6.655728587319244,11967.0,1798
532501,2005,6.689655172413793,12028.0,1798
532501,2006,6.775305895439377,12182.0,1798
532501,2007,7.362625139043382,13238.0,1798
532501,2008,6.991101223581757,12570.0,1798
532501,2009,6.911012235817575,12426.0,1798
532501,2010,8.21579532814238,14772.0,1798
532501,2011,7.202447163515017,12950.0,1798
532501,2012,7.384315906562848,13277.0,1798
532501,2013,6.8776418242491655,12366.0,1798
532501,2014,4.744716351501668,8531.0,1798
532501,2015,4.776974416017797,8589.0,1798
532501,2016,4.201334816462737,7554.0,1798
532501,2017,5.948275862068965,10695.0,1798
532501,2018,6.489988876529477,11669.0,1798
532501,2019,6.508342602892102,11702.0,1798
532501,2020,7.0828698553948835,12735.0,1798
532502,2000,3.748176748176748,8737.0,2331
532502,2001,4.271128271128271,9956.0,2331
532502,2002,4.177606177606178,9738.0,2331
532502,2003,4.394680394680394,10244.0,2331
532502,2004,5.067782067782068,11813.0,2331
532502,2005,5.112398112398113,11917.0,2331
532502,2006,4.972972972972973,11592.0,2331
532502,2007,5.168597168597168,12048.0,2331
532502,2008,5.066495066495066,11810.0,2331
532502,2009,5.587730587730587,13025.0,2331
532502,2010,6.093093093093093,14203.0,2331
532502,2011,5.049335049335049,11770.0,2331
532502,2012,5.685542685542686,13253.0,2331
532502,2013,4.818532818532819,11232.0,2331
532502,2014,3.2784212784212783,7642.0,2331
532502,2015,3.5555555555555554,8288.0,2331
532502,2016,2.9832689832689834,6954.0,2331
532502,2017,4.400686400686401,10258.0,2331
532502,2018,5.111969111969112,11916.0,2331
532502,2019,6.0926640926640925,14202.0,2331
532502,2020,6.968253968253968,16243.0,2331
532503,2000,2.1066471877282686,5768.0,2738
532503,2001,2.212563915266618,6058.0,2738
532503,2002,2.391891891891892,6549.0,2738
532503,2003,2.7881665449233015,7634.0,2738
532503,2004,3.879474068663258,10622.0,2738
532503,2005,4.276113951789627,11708.0,2738
532503,2006,4.344046749452155,11894.0,2738
532503,2007,4.9609203798392985,13583.0,2738
532503,2008,4.330533235938641,11857.0,2738
532503,2009,4.318845872899927,11825.0,2738
532503,2010,4.658509861212564,12755.0,2738
532503,2011,4.7034331628926225,12878.0,2738
532503,2012,4.924762600438276,13484.0,2738
532503,2013,5.0113221329437545,13721.0,2738
532503,2014,3.9561723886048212,10832.0,2738
532503,2015,4.47881665449233,12263.0,2738
532503,2016,4.496347699050402,12311.0,2738
532503,2017,6.306793279766253,17268.0,2738
532503,2018,7.64572680788897,20934.0,2738
532503,2019,7.16691015339664,19623.0,2738
532503,2020,7.899926953981008,21630.0,2738
532504,2000,1.3424657534246576,6762.0,5037
532504,2001,1.3978558665872542,7041.0,5037
532504,2002,1.4061941631923764,7083.0,5037
532504,2003,1.5493349215803058,7804.0,5037
532504,2004,2.303156640857653,11601.0,5037
532504,2005,2.088941830454636,10522.0,5037
532504,2006,2.1220964860035734,10689.0,5037
532504,2007,2.4588048441532657,12385.0,5037
532504,2008,2.208258884256502,11123.0,5037
532504,2009,2.240023823704586,11283.0,5037
532504,2010,2.744093706571372,13822.0,5037
532504,2011,2.3847528290649196,12012.0,5037
532504,2012,2.3647012110383163,11911.0,5037
532504,2013,2.357752630534048,11876.0,5037
532504,2014,1.9942426047250348,10045.0,5037
532504,2015,2.1999205876513797,11081.0,5037
532504,2016,1.854675402025015,9342.0,5037
532504,2017,2.798094103633115,14094.0,5037
532504,2018,2.9285288862418106,14751.0,5037
532504,2019,3.313877307921382,16692.0,5037
532504,2020,3.4538415723645026,17397.0,5037
532523,2000,0.3627323821876351,839.0,2313
532523,2001,0.36619109381755294,847.0,2313
532523,2002,0.42455685257241677,982.0,2313
532523,2003,0.5015131863380891,1160.0,2313
532523,2004,0.7042801556420234,1629.0,2313
532523,2005,0.5365326415910073,1241.0,2313
532523,2006,0.4721141374837873,1092.0,2313
532523,2007,0.6035451794206658,1396.0,2313
532523,2008,0.5979247730220493,1383.0,2313
532523,2009,0.4695201037613489,1086.0,2313
532523,2010,0.7310851707738867,1691.0,2313
532523,2011,0.44055339386078685,1019.0,2313
532523,2012,0.3437094682230869,795.0,2313
532523,2013,0.4150453955901427,960.0,2313
532523,2014,0.20363164721141375,471.0,2313
532523,2015,0.2654561175961954,614.0,2313
532523,2016,0.2438391699092088,564.0,2313
532523,2017,0.5201037613488976,1203.0,2313
532523,2018,0.7228707306528318,1672.0,2313
532523,2019,0.5067012537829658,1172.0,2313
532523,2020,0.7661046260268051,1772.0,2313
532524,2000,1.144140465496121,5604.0,4898
532524,2001,1.3060432829726418,6397.0,4898
532524,2002,1.4575336872192732,7139.0,4898
532524,2003,1.4750918742343815,7225.0,4898
532524,2004,1.920783993466721,9408.0,4898
532524,2005,1.611269906084116,7892.0,4898
532524,2006,1.9801959983666804,9699.0,4898
532524,2007,2.605349122090649,12761.0,4898
532524,2008,2.128623928133932,10426.0,4898
532524,2009,2.0536953858717846,10059.0,4898
532524,2010,2.490812576561862,12200.0,4898
532524,2011,2.101061657819518,10291.0,4898
532524,2012,1.9759085340955491,9678.0,4898
532524,2013,2.0914659044507964,10244.0,4898
532524,2014,1.2501020824826459,6123.0,4898
532524,2015,1.291343405471621,6325.0,4898
532524,2016,1.1043282972641895,5409.0,4898
532524,2017,1.619640669661086,7933.0,4898
532524,2018,1.782360146998775,8730.0,4898
532524,2019,1.9056757860351163,9334.0,4898
532524,2020,2.2768476929358923,11152.0,4898
532525,2000,0.6004920049200492,2441.0,4065
532525,2001,0.6912669126691267,2810.0,4065
532525,2002,0.8169741697416975,3321.0,4065
532525,2003,0.6154981549815498,2502.0,4065
532525,2004,0.8723247232472324,3546.0,4065
532525,2005,0.7564575645756457,3075.0,4065
532525,2006,0.8563345633456334,3481.0,4065
532525,2007,0.9003690036900369,3660.0,4065
532525,2008,0.8280442804428044,3366.0,4065
532525,2009,0.7815498154981549,3177.0,4065
532525,2010,0.9808118081180812,3987.0,4065
532525,2011,1.0125461254612547,4116.0,4065
532525,2012,0.8755227552275523,3559.0,4065
532525,2013,0.9057810578105782,3682.0,4065
532525,2014,0.5687576875768757,2312.0,4065
532525,2015,0.8093480934809348,3290.0,4065
532525,2016,0.643050430504305,2614.0,4065
532525,2017,0.8063960639606396,3278.0,4065
532525,2018,0.8851168511685117,3598.0,4065
532525,2019,0.8017220172201722,3259.0,4065
532525,2020,0.9412054120541206,3826.0,4065
532527,2000,2.5531151949798296,5696.0,2231
532527,2001,2.648588077095473,5909.0,2231
532527,2002,2.845809054235769,6349.0,2231
532527,2003,2.9574181981174363,6598.0,2231
532527,2004,3.403406544150605,7593.0,2231
532527,2005,2.4957418198117436,5568.0,2231
532527,2006,2.0883012102196323,4659.0,2231
532527,2007,2.903182429403855,6477.0,2231
532527,2008,2.3809950694755715,5312.0,2231
532527,2009,2.31331241595697,5161.0,2231
532527,2010,3.701927386822053,8259.0,2231
532527,2011,3.08023307933662,6872.0,2231
532527,2012,3.009412819363514,6714.0,2231
532527,2013,3.1730165844912595,7079.0,2231
532527,2014,2.10667861945316,4700.0,2231
532527,2015,2.3151053339309726,5165.0,2231
532527,2016,2.147467503361721,4791.0,2231
532527,2017,3.7449574181981173,8355.0,2231
532527,2018,3.9977588525324967,8919.0,2231
532527,2019,3.8381891528462573,8563.0,2231
532527,2020,4.821156432093232,10756.0,2231
532528,2000,0.5601938128960119,1503.0,2683
532528,2001,0.6034289973909802,1619.0,2683
532528,2002,0.7543794260156541,2024.0,2683
532528,2003,0.4651509504286247,1248.0,2683
532528,2004,0.7092806559821095,1903.0,2683
532528,2005,0.4163250093179277,1117.0,2683
532528,2006,0.49534103615355946,1329.0,2683
532528,2007,0.7689153932165487,2063.0,2683
532528,2008,0.551248602310846,1479.0,2683
532528,2009,0.55721207603429,1495.0,2683
532528,2010,1.4998136414461425,4024.0,2683
532528,2011,1.335818114051435,3584.0,2683
532528,2012,0.6716362281028699,1802.0,2683
532528,2013,0.7991054789414834,2144.0,2683
532528,2014,0.5367126351099516,1440.0,2683
532528,2015,0.5314945956019381,1426.0,2683
532528,2016,0.47856876630637346,1284.0,2683
532528,2017,1.1136787178531495,2988.0,2683
532528,2018,1.140514349608647,3060.0,2683
532528,2019,0.9698099142750652,2602.0,2683
532528,2020,1.2735743570629892,3417.0,2683
532529,2000,0.11646884272997032,314.0,2696
532529,2001,0.11387240356083086,307.0,2696
532529,2002,0.18731454005934717,505.0,2696
532529,2003,0.18397626112759644,496.0,2696
532529,2004,0.37166172106824924,1002.0,2696
532529,2005,0.3987388724035608,1075.0,2696
532529,2006,0.36350148367952523,980.0,2696
532529,2007,0.366839762611276,989.0,2696
532529,2008,0.3456973293768546,932.0,2696
532529,2009,0.4091246290801187,1103.0,2696
532529,2010,0.7199554896142433,1941.0,2696
532529,2011,0.6357566765578635,1714.0,2696
532529,2012,0.46958456973293766,1266.0,2696
532529,2013,0.4725519287833828,1274.0,2696
532529,2014,0.2793026706231454,753.0,2696
532529,2015,0.28857566765578635,778.0,2696
532529,2016,0.1824925816023739,492.0,2696
532529,2017,0.4814540059347181,1298.0,2696
532529,2018,0.49295252225519287,1329.0,2696
532529,2019,0.4599406528189911,1240.0,2696
532529,2020,0.6190652818991098,1669.0,2696
532530,2000,0.26348677358883565,1265.0,4801
532530,2001,0.21599666736096645,1037.0,4801
532530,2002,0.4461570506144553,2142.0,4801
532530,2003,0.43490939387627575,2088.0,4801
532530,2004,0.8429493855446782,4047.0,4801
532530,2005,0.7138096229952093,3427.0,4801
532530,2006,0.6784003332639034,3257.0,4801
532530,2007,0.7887940012497396,3787.0,4801
532530,2008,0.5938346177879609,2851.0,4801
532530,2009,0.6340345761299729,3044.0,4801
532530,2010,0.876275775880025,4207.0,4801
532530,2011,0.9033534680274943,4337.0,4801
532530,2012,0.5163507602582795,2479.0,4801
532530,2013,0.47052697354717765,2259.0,4801
532530,2014,0.3020204124140804,1450.0,4801
532530,2015,0.28452405748802334,1366.0,4801
532530,2016,0.2614038741928765,1255.0,4801
532530,2017,0.4851072693188919,2329.0,4801
532530,2018,0.497396375755051,2388.0,4801
532530,2019,0.44678192043324305,2145.0,4801
532530,2020,0.5877942095396792,2822.0,4801
532531,2000,0.07267020762916465,301.0,4142
532531,2001,0.07218734910671173,299.0,4142
532531,2002,0.09971028488652825,413.0,4142
532531,2003,0.14751327860936744,611.0,4142
532531,2004,0.34693384838242397,1437.0,4142
532531,2005,0.410912602607436,1702.0,4142
532531,2006,0.37783679381941093,1565.0,4142
532531,2007,0.39377112506035733,1631.0,4142
532531,2008,0.3256880733944954,1349.0,4142
532531,2009,0.30951231289232256,1282.0,4142
532531,2010,0.36576533075808787,1515.0,4142
532531,2011,0.40680830516658617,1685.0,4142
532531,2012,0.23346209560598744,967.0,4142
532531,2013,0.22887493964268468,948.0,4142
532531,2014,0.1110574601641719,460.0,4142
532531,2015,0.1086431675519073,450.0,4142
532531,2016,0.05842588121680348,242.0,4142
532531,2017,0.11178174794785128,463.0,4142
532531,2018,0.11636890391115404,482.0,4142
532531,2019,0.12481892805408015,517.0,4142
532531,2020,0.1982134234669242,821.0,4142
532532,2000,0.9157836029001674,1642.0,1793
532532,2001,0.9866146123814835,1769.0,1793
532532,2002,1.0658114891243726,1911.0,1793
532532,2003,1.316787506971556,2361.0,1793
532532,2004,1.2928053541550475,2318.0,1793
532532,2005,1.9827105409927497,3555.0,1793
532532,2006,2.468488566648076,4426.0,1793
532532,2007,2.7830451756832124,4990.0,1793
532532,2008,1.5644171779141105,2805.0,1793
532532,2009,1.467930842163971,2632.0,1793
532532,2010,1.4166201896263246,2540.0,1793
532532,2011,1.437813720022309,2578.0,1793
532532,2012,1.2186279977691021,2185.0,1793
532532,2013,1.3519241494701617,2424.0,1793
532532,2014,0.4963747908533185,890.0,1793
532532,2015,0.8243167875069716,1478.0,1793
532532,2016,0.7774679308421639,1394.0,1793
532532,2017,1.7886224205242611,3207.0,1793
532532,2018,1.569994422755159,2815.0,1793
532532,2019,1.2771890686001115,2290.0,1793
532532,2020,1.6558839933073062,2969.0,1793
532601,2000,0.9157379722750747,3369.0,3679
532601,2001,1.0956781734166894,4031.0,3679
532601,2002,1.2299537917912475,4525.0,3679
532601,2003,1.3060614297363413,4805.0,3679
532601,2004,1.6972003261755912,6244.0,3679
532601,2005,1.607502038597445,5914.0,3679
532601,2006,1.513998369122044,5570.0,3679
532601,2007,2.006523511823865,7382.0,3679
532601,2008,1.9858657243816253,7306.0,3679
532601,2009,2.1965207936939386,8081.0,3679
532601,2010,2.454199510736613,9029.0,3679
532601,2011,2.733895080184833,10058.0,3679
532601,2012,3.011687958684425,11080.0,3679
532601,2013,2.9989127480293556,11033.0,3679
532601,2014,2.741234030986681,10085.0,3679
532601,2015,2.922805110084262,10753.0,3679
532601,2016,2.937483011687959,10807.0,3679
532601,2017,3.7531938026637675,13808.0,3679
532601,2018,4.730089698287578,17402.0,3679
532601,2019,4.63740146779016,17061.0,3679
532601,2020,5.241369937483012,19283.0,3679
532622,2000,0.5609805924412666,2746.0,4895
532622,2001,0.8563840653728294,4192.0,4895
532622,2002,0.9707865168539326,4752.0,4895
532622,2003,0.9266598569969356,4536.0,4895
532622,2004,1.2100102145045966,5923.0,4895
532622,2005,0.8367722165474974,4096.0,4895
532622,2006,0.9720122574055158,4758.0,4895
532622,2007,1.483350357507661,7261.0,4895
532622,2008,1.2537282941777323,6137.0,4895
532622,2009,1.335035750766088,6535.0,4895
532622,2010,1.4490296220633299,7093.0,4895
532622,2011,1.5317671092951992,7498.0,4895
532622,2012,1.43023493360572,7001.0,4895
532622,2013,1.6016343207354444,7840.0,4895
532622,2014,0.9724208375893769,4760.0,4895
532622,2015,1.2167517875383045,5956.0,4895
532622,2016,1.3092951991828397,6409.0,4895
532622,2017,1.7848825331971399,8737.0,4895
532622,2018,1.967517875383044,9631.0,4895
532622,2019,1.7250255362614912,8444.0,4895
532622,2020,2.013891726251277,9858.0,4895
532623,2000,0.3812871822606814,705.0,1849
532623,2001,0.4272579772850189,790.0,1849
532623,2002,0.5624661979448351,1040.0,1849
532623,2003,0.5997836668469443,1109.0,1849
532623,2004,0.5716603569497025,1057.0,1849
532623,2005,0.5262303948080044,973.0,1849
532623,2006,0.39048134126554895,722.0,1849
532623,2007,0.6895619253650622,1275.0,1849
532623,2008,0.5278528934559221,976.0,1849
532623,2009,0.5348837209302325,989.0,1849
532623,2010,0.7209302325581395,1333.0,1849
532623,2011,0.7090319091400757,1311.0,1849
532623,2012,0.4791779340183883,886.0,1849
532623,2013,0.5294753921038399,979.0,1849
532623,2014,0.23688480259599784,438.0,1849
532623,2015,0.2585181179015684,478.0,1849
532623,2016,0.2817739318550568,521.0,1849
532623,2017,0.5505678745267713,1018.0,1849
532623,2018,0.8945375878853434,1654.0,1849
532623,2019,1.0703082747431043,1979.0,1849
532623,2020,1.0995132504056246,2033.0,1849
532624,2000,0.2663642255346727,822.0,3086
532624,2001,0.2375243033052495,733.0,3086
532624,2002,0.35742060920285157,1103.0,3086
532624,2003,0.5489306545690213,1694.0,3086
532624,2004,0.7676604018146468,2369.0,3086
532624,2005,0.4779650032404407,1475.0,3086
532624,2006,0.525599481529488,1622.0,3086
532624,2007,0.9147764095917045,2823.0,3086
532624,2008,0.6856772521062865,2116.0,3086
532624,2009,0.5353208036292936,1652.0,3086
532624,2010,0.4983797796500324,1538.0,3086
532624,2011,0.5657809462086844,1746.0,3086
532624,2012,0.440051847051199,1358.0,3086
532624,2013,0.4206092028515878,1298.0,3086
532624,2014,0.23460790667530784,724.0,3086
532624,2015,0.2744653272845107,847.0,3086
532624,2016,0.24206092028515877,747.0,3086
532624,2017,0.5437459494491251,1678.0,3086
532624,2018,0.4449125081011017,1373.0,3086
532624,2019,0.44134802333117307,1362.0,3086
532624,2020,0.5758263123784835,1777.0,3086
532625,2000,0.38529574350469875,1394.0,3618
532625,2001,0.46572692095080154,1685.0,3618
532625,2002,0.5796019900497512,2097.0,3618
532625,2003,0.6235489220563848,2256.0,3618
532625,2004,0.7506909894969597,2716.0,3618
532625,2005,0.6724709784411277,2433.0,3618
532625,2006,0.593698175787728,2148.0,3618
532625,2007,1.054726368159204,3816.0,3618
532625,2008,1.0268103924820342,3715.0,3618
532625,2009,1.013819789939193,3668.0,3618
532625,2010,0.9129353233830846,3303.0,3618
532625,2011,0.896627971254837,3244.0,3618
532625,2012,0.7846876727473743,2839.0,3618
532625,2013,0.7443338861249309,2693.0,3618
532625,2014,0.554726368159204,2007.0,3618
532625,2015,0.5923161967938088,2143.0,3618
532625,2016,0.5317855168601437,1924.0,3618
532625,2017,1.0348258706467661,3744.0,3618
532625,2018,1.1862907683803205,4292.0,3618
532625,2019,1.6102819237147596,5826.0,3618
532625,2020,1.642620232172471,5943.0,3618
532626,2000,0.20066334991708126,1331.0,6633
532626,2001,0.25252525252525254,1675.0,6633
532626,2002,0.23337856173677068,1548.0,6633
532626,2003,0.249811548319011,1657.0,6633
532626,2004,0.3182571988542138,2111.0,6633
532626,2005,0.2700135685210312,1791.0,6633
532626,2006,0.23775064073571536,1577.0,6633
532626,2007,0.5002261420171868,3318.0,6633
532626,2008,0.3102668475802804,2058.0,6633
532626,2009,0.3651439770842756,2422.0,6633
532626,2010,0.6200814111261872,4113.0,6633
532626,2011,0.5792250866877733,3842.0,6633
532626,2012,0.6668174280114578,4423.0,6633
532626,2013,0.6543042363937887,4340.0,6633
532626,2014,0.49133122267450624,3259.0,6633
532626,2015,0.4687170209558269,3109.0,6633
532626,2016,0.4697723503693653,3116.0,6633
532626,2017,0.5278154681139756,3501.0,6633
532626,2018,0.6651590532187547,4412.0,6633
532626,2019,0.7084275591738278,4699.0,6633
532626,2020,0.8403437358661239,5574.0,6633
532627,2000,0.12497522299306243,1261.0,10090
532627,2001,0.14222001982160554,1435.0,10090
532627,2002,0.13746283448959365,1387.0,10090
532627,2003,0.1717542120911794,1733.0,10090
532627,2004,0.2929633300297324,2956.0,10090
532627,2005,0.2634291377601586,2658.0,10090
532627,2006,0.45361744301288404,4577.0,10090
532627,2007,0.725569871159564,7321.0,10090
532627,2008,0.38602576808721506,3895.0,10090
532627,2009,0.24578790882061446,2480.0,10090
532627,2010,0.4616451932606541,4658.0,10090
532627,2011,0.4909811694747275,4954.0,10090
532627,2012,0.5350842418235877,5399.0,10090
532627,2013,0.41219028741328045,4159.0,10090
532627,2014,0.5144697720515362,5191.0,10090
532627,2015,0.518037661050545,5227.0,10090
532627,2016,0.455203171456888,4593.0,10090
532627,2017,0.6468780971258672,6527.0,10090
532627,2018,0.698414271555996,7047.0,10090
532627,2019,0.712784935579782,7192.0,10090
532627,2020,0.7391476709613479,7458.0,10090
532628,2000,0.0994912379875636,704.0,7076
532628,2001,0.13270209157716223,939.0,7076
532628,2002,0.14824759751271904,1049.0,7076
532628,2003,0.22569248162803843,1597.0,7076
532628,2004,0.34567552289429054,2446.0,7076
532628,2005,0.7336065573770492,5191.0,7076
532628,2006,0.919728660260034,6508.0,7076
532628,2007,0.7121254946297343,5039.0,7076
532628,2008,0.31274731486715657,2213.0,7076
532628,2009,0.2960712266817411,2095.0,7076
532628,2010,0.4697569248162804,3324.0,7076
532628,2011,0.5648671565856416,3997.0,7076
532628,2012,0.5387224420576597,3812.0,7076
532628,2013,0.4181741096664782,2959.0,7076
532628,2014,0.3702656868287168,2620.0,7076
532628,2015,0.41054267947993217,2905.0,7076
532628,2016,0.35302430751837194,2498.0,7076
532628,2017,0.5192198982475975,3674.0,7076
532628,2018,0.4385245901639344,3103.0,7076
532628,2019,0.36687394007914076,2596.0,7076
532628,2020,0.5163934426229508,3654.0,7076
532801,2000,0.9052814857806152,7799.0,8615
532801,2001,0.8482878699941961,7308.0,8615
532801,2002,0.9196749854904237,7923.0,8615
532801,2003,0.9941961694718514,8565.0,8615
532801,2004,1.6749854904236796,14430.0,8615
532801,2005,1.5028438769587928,12947.0,8615
532801,2006,1.428554846198491,12307.0,8615
532801,2007,1.4875217643644805,12815.0,8615
532801,2008,1.3319791062100987,11475.0,8615
532801,2009,1.3323273360417875,11478.0,8615
532801,2010,1.657690075449797,14281.0,8615
532801,2011,2.0313406848520024,17500.0,8615
532801,2012,1.9955890887986072,17192.0,8615
532801,2013,1.9522925130586186,16819.0,8615
532801,2014,1.0826465467208357,9327.0,8615
532801,2015,1.1943122460824145,10289.0,8615
532801,2016,1.159141033081834,9986.0,8615
532801,2017,1.4672083575159605,12640.0,8615
532801,2018,1.591758560650029,13713.0,8615
532801,2019,2.252466627974463,19405.0,8615
532801,2020,2.9853743470690657,25719.0,8615
532822,2000,0.48898991333996306,3442.0,7039
532822,2001,0.38641852535871574,2720.0,7039
532822,2002,0.5526353175166927,3890.0,7039
532822,2003,0.5330302599801108,3752.0,7039
532822,2004,0.6681346782213382,4703.0,7039
532822,2005,0.5686887341951982,4003.0,7039
532822,2006,0.5394232135246484,3797.0,7039
532822,2007,0.6236681346782214,4390.0,7039
532822,2008,0.7287967040772837,5130.0,7039
532822,2009,0.8022446370223043,5647.0,7039
532822,2010,0.8001136525074585,5632.0,7039
532822,2011,1.0957522375337405,7713.0,7039
532822,2012,0.8755505043330019,6163.0,7039
532822,2013,0.8379031112373917,5898.0,7039
532822,2014,0.3104134109958801,2185.0,7039
532822,2015,0.35345929819576644,2488.0,7039
532822,2016,0.31638016763744853,2227.0,7039
532822,2017,0.5102997584884217,3592.0,7039
532822,2018,0.6394374200880807,4501.0,7039
532822,2019,0.8306577638869157,5847.0,7039
532822,2020,1.002273050149169,7055.0,7039
532823,2000,0.15623603039785428,1398.0,8948
532823,2001,0.14215467143495752,1272.0,8948
532823,2002,0.18439874832364775,1650.0,8948
532823,2003,0.18920429146177917,1693.0,8948
532823,2004,0.2329012069736254,2084.0,8948
532823,2005,0.3674564148413053,3288.0,8948
532823,2006,0.5357621814930711,4794.0,8948
532823,2007,0.5940992400536432,5316.0,8948
532823,2008,0.4680375502905677,4188.0,8948
532823,2009,0.4384219937416182,3923.0,8948
532823,2010,0.5634778721502012,5042.0,8948
532823,2011,0.5762181493071077,5156.0,8948
532823,2012,0.5409029950827,4840.0,8948
532823,2013,0.5582253017434063,4995.0,8948
532823,2014,0.15757711220384443,1410.0,8948
532823,2015,0.18540455967814037,1659.0,8948
532823,2016,0.2246312025033527,2010.0,8948
532823,2017,0.3909253464461332,3498.0,8948
532823,2018,0.5013410818059901,4486.0,8948
532823,2019,0.7386008046490836,6609.0,8948
532823,2020,1.0675011175681717,9552.0,8948
532901,2000,6.132139399806389,12669.0,2066
532901,2001,6.059535333978703,12519.0,2066
532901,2002,6.456921587608906,13340.0,2066
532901,2003,6.8242981606969995,14099.0,2066
532901,2004,7.1747337850919655,14823.0,2066
532901,2005,8.049370764762827,16630.0,2066
532901,2006,8.57163601161665,17709.0,2066
532901,2007,10.205227492739594,21084.0,2066
532901,2008,9.899806389157792,20453.0,2066
532901,2009,9.81703775411423,20282.0,2066
532901,2010,11.196030977734754,23131.0,2066
532901,2011,11.833010648596321,24447.0,2066
532901,2012,12.370764762826719,25558.0,2066
532901,2013,13.443852855759923,27775.0,2066
532901,2014,9.687802516940948,20015.0,2066
532901,2015,9.94240077444337,20541.0,2066
532901,2016,9.696030977734754,20032.0,2066
532901,2017,11.319941916747338,23387.0,2066
532901,2018,11.649564375605033,24068.0,2066
532901,2019,12.44675701839303,25715.0,2066
532901,2020,12.778799612778316,26401.0,2066
532922,2000,1.2947368421052632,2952.0,2280
532922,2001,1.0241228070175439,2335.0,2280
532922,2002,0.993421052631579,2265.0,2280
532922,2003,0.8758771929824561,1997.0,2280
532922,2004,0.5662280701754386,1291.0,2280
532922,2005,1.4855263157894736,3387.0,2280
532922,2006,0.9385964912280702,2140.0,2280
532922,2007,1.3105263157894738,2988.0,2280
532922,2008,0.9469298245614035,2159.0,2280
532922,2009,1.207017543859649,2752.0,2280
532922,2010,2.055263157894737,4686.0,2280
532922,2011,1.5447368421052632,3522.0,2280
532922,2012,1.5557017543859648,3547.0,2280
532922,2013,1.9763157894736842,4506.0,2280
532922,2014,0.35657894736842105,813.0,2280
532922,2015,0.35350877192982455,806.0,2280
532922,2016,0.2565789473684211,585.0,2280
532922,2017,0.5614035087719298,1280.0,2280
532922,2018,0.5521929824561403,1259.0,2280
532922,2019,0.6236842105263158,1422.0,2280
532922,2020,0.7741228070175439,1765.0,2280
532923,2000,1.5325216276834348,4783.0,3121
532923,2001,1.4226209548221724,4440.0,3121
532923,2002,1.4988785645626401,4678.0,3121
532923,2003,1.6568407561678948,5171.0,3121
532923,2004,1.9602691445049663,6118.0,3121
532923,2005,1.8715155398910606,5841.0,3121
532923,2006,1.8039090035245113,5630.0,3121
532923,2007,2.2912528035885935,7151.0,3121
532923,2008,2.260813841717398,7056.0,3121
532923,2009,2.2784363985901956,7111.0,3121
532923,2010,2.668695930791413,8329.0,3121
532923,2011,2.735661646908042,8538.0,3121
532923,2012,2.960909964754886,9241.0,3121
532923,2013,3.5850688881768664,11189.0,3121
532923,2014,2.0153796859980777,6290.0,3121
532923,2015,2.117590515860301,6609.0,3121
532923,2016,1.8929830182633771,5908.0,3121
532923,2017,2.5671259211791093,8012.0,3121
532923,2018,2.6783082345402116,8359.0,3121
532923,2019,2.905799423261775,9069.0,3121
532923,2020,3.710669657161166,11581.0,3121
532924,2000,0.8341013824884793,2896.0,3472
532924,2001,0.915610599078341,3179.0,3472
532924,2002,1.2903225806451613,4480.0,3472
532924,2003,1.5106566820276497,5245.0,3472
532924,2004,1.082373271889401,3758.0,3472
532924,2005,1.4320276497695852,4972.0,3472
532924,2006,1.3418778801843319,4659.0,3472
532924,2007,1.912442396313364,6640.0,3472
532924,2008,1.8487903225806452,6419.0,3472
532924,2009,2.0259216589861753,7034.0,3472
532924,2010,2.6972926267281108,9365.0,3472
532924,2011,2.8191244239631335,9788.0,3472
532924,2012,2.6431451612903225,9177.0,3472
532924,2013,3.292626728110599,11432.0,3472
532924,2014,1.0809331797235022,3753.0,3472
532924,2015,1.2309907834101383,4274.0,3472
532924,2016,1.308179723502304,4542.0,3472
532924,2017,1.8153801843317972,6303.0,3472
532924,2018,1.722926267281106,5982.0,3472
532924,2019,1.620679723502304,5627.0,3472
532924,2020,2.038306451612903,7077.0,3472
532925,2000,1.1127744510978044,2230.0,2004
532925,2001,1.0548902195608783,2114.0,2004
532925,2002,1.4226546906187625,2851.0,2004
532925,2003,1.3672654690618762,2740.0,2004
532925,2004,1.3692614770459082,2744.0,2004
532925,2005,1.3967065868263473,2799.0,2004
532925,2006,1.4900199600798403,2986.0,2004
532925,2007,1.8912175648702594,3790.0,2004
532925,2008,1.6716566866267466,3350.0,2004
532925,2009,2.18562874251497,4380.0,2004
532925,2010,2.5154690618762476,5041.0,2004
532925,2011,2.5164670658682633,5043.0,2004
532925,2012,3.0074850299401197,6027.0,2004
532925,2013,3.465069860279441,6944.0,2004
532925,2014,1.120259481037924,2245.0,2004
532925,2015,1.2405189620758483,2486.0,2004
532925,2016,1.0543912175648702,2113.0,2004
532925,2017,1.5224550898203593,3051.0,2004
532925,2018,1.7999001996007984,3607.0,2004
532925,2019,1.781936127744511,3571.0,2004
532925,2020,1.9201596806387227,3848.0,2004
532926,2000,0.684861407249467,1606.0,2345
532926,2001,0.9628997867803838,2258.0,2345
532926,2002,1.763326226012793,4135.0,2345
532926,2003,1.6085287846481877,3772.0,2345
532926,2004,1.6170575692963753,3792.0,2345
532926,2005,1.7181236673773987,4029.0,2345
532926,2006,1.6618336886993603,3897.0,2345
532926,2007,1.8746268656716418,4396.0,2345
532926,2008,1.3168443496801705,3088.0,2345
532926,2009,1.0763326226012793,2524.0,2345
532926,2010,1.4844349680170577,3481.0,2345
532926,2011,1.2486140724946695,2928.0,2345
532926,2012,1.3266524520255865,3111.0,2345
532926,2013,1.7616204690831556,4131.0,2345
532926,2014,0.4191897654584222,983.0,2345
532926,2015,0.5812366737739872,1363.0,2345
532926,2016,0.6221748400852879,1459.0,2345
532926,2017,1.0823027718550107,2538.0,2345
532926,2018,1.261407249466951,2958.0,2345
532926,2019,1.1078891257995735,2598.0,2345
532926,2020,1.4362473347547975,3368.0,2345
532927,2000,0.7059019673224408,2117.0,2999
532927,2001,0.6095365121707236,1828.0,2999
532927,2002,0.8372790930310103,2511.0,2999
532927,2003,0.8336112037345782,2500.0,2999
532927,2004,0.8566188729576526,2569.0,2999
532927,2005,0.8006002000666889,2401.0,2999
532927,2006,0.8959653217739246,2687.0,2999
532927,2007,1.1597199066355453,3478.0,2999
532927,2008,0.9459819939979993,2837.0,2999
532927,2009,0.8929643214404802,2678.0,2999
532927,2010,1.1477159053017671,3442.0,2999
532927,2011,1.2967655885295097,3889.0,2999
532927,2012,1.424808269423141,4273.0,2999
532927,2013,1.9846615538512837,5952.0,2999
532927,2014,0.4754918306102034,1426.0,2999
532927,2015,0.5568522840946982,1670.0,2999
532927,2016,0.47382460820273425,1421.0,2999
532927,2017,0.837945981993998,2513.0,2999
532927,2018,0.9059686562187396,2717.0,2999
532927,2019,0.9546515505168389,2863.0,2999
532927,2020,1.3377792597532512,4012.0,2999
532928,2000,1.3413513513513513,4963.0,3700
532928,2001,1.3194594594594595,4882.0,3700
532928,2002,1.0716216216216217,3965.0,3700
532928,2003,0.44594594594594594,1650.0,3700
532928,2004,0.47162162162162163,1745.0,3700
532928,2005,0.6154054054054054,2277.0,3700
532928,2006,0.4427027027027027,1638.0,3700
532928,2007,0.8313513513513513,3076.0,3700
532928,2008,0.7224324324324324,2673.0,3700
532928,2009,0.9102702702702703,3368.0,3700
532928,2010,2.0627027027027025,7632.0,3700
532928,2011,1.1497297297297298,4254.0,3700
532928,2012,1.1310810810810812,4185.0,3700
532928,2013,1.5283783783783784,5655.0,3700
532928,2014,0.4151351351351351,1536.0,3700
532928,2015,0.4281081081081081,1584.0,3700
532928,2016,0.3894594594594595,1441.0,3700
532928,2017,0.7748648648648648,2867.0,3700
532928,2018,0.9186486486486487,3399.0,3700
532928,2019,1.085135135135135,4015.0,3700
532928,2020,1.1737837837837837,4343.0,3700
532929,2000,0.0688360450563204,385.0,5593
532929,2001,0.06794207044519936,380.0,5593
532929,2002,0.19899874843554444,1113.0,5593
532929,2003,0.1435723225460397,803.0,5593
532929,2004,0.10995887716788844,615.0,5593
532929,2005,0.1821920257464688,1019.0,5593
532929,2006,0.2453066332916145,1372.0,5593
532929,2007,0.4841766493831575,2708.0,5593
532929,2008,0.5156445556946183,2884.0,5593
532929,2009,0.7884856070087609,4410.0,5593
532929,2010,1.341498301448239,7503.0,5593
532929,2011,0.9864115859109601,5517.0,5593
532929,2012,0.9141784373323798,5113.0,5593
532929,2013,1.2596102270695513,7045.0,5593
532929,2014,0.3470409440371893,1941.0,5593
532929,2015,0.29215090291435725,1634.0,5593
532929,2016,0.12855354907920616,719.0,5593
532929,2017,0.22581798676917575,1263.0,5593
532929,2018,0.24924012158054712,1394.0,5593
532929,2019,0.19166815662435188,1072.0,5593
532929,2020,0.32880386197032,1839.0,5593
532930,2000,0.637816646562123,2115.0,3316
532930,2001,0.7319059107358263,2427.0,3316
532930,2002,0.7653799758745476,2538.0,3316
532930,2003,0.9074185765983113,3009.0,3316
532930,2004,0.8075995174909529,2678.0,3316
532930,2005,1.2919179734620023,4284.0,3316
532930,2006,1.0386007237635706,3444.0,3316
532930,2007,1.3118214716525936,4350.0,3316
532930,2008,1.3006634499396863,4313.0,3316
532930,2009,1.4469240048250904,4798.0,3316
532930,2010,1.697828709288299,5630.0,3316
532930,2011,1.905006031363088,6317.0,3316
532930,2012,1.859167671893848,6165.0,3316
532930,2013,2.3293124246079615,7724.0,3316
532930,2014,0.3784680337756333,1255.0,3316
532930,2015,0.44330518697225574,1470.0,3316
532930,2016,0.5530759951749096,1834.0,3316
532930,2017,0.8718335343787696,2891.0,3316
532930,2018,0.9303377563329313,3085.0,3316
532930,2019,0.9647165259348612,3199.0,3316
532930,2020,0.9556694813027744,3169.0,3316
532931,2000,0.42174352070010096,1253.0,2971
532931,2001,0.3786603837091888,1125.0,2971
532931,2002,0.30932346011443956,919.0,2971
532931,2003,0.38539212386401883,1145.0,2971
532931,2004,0.21440592393133626,637.0,2971
532931,2005,0.4469875462807136,1328.0,2971
532931,2006,0.3702457085156513,1100.0,2971
532931,2007,0.7825647929989903,2325.0,2971
532931,2008,0.8017502524402558,2382.0,2971
532931,2009,0.9612924941097274,2856.0,2971
532931,2010,1.2810501514641535,3806.0,2971
532931,2011,1.5913833726018176,4728.0,2971
532931,2012,1.713227869404241,5090.0,2971
532931,2013,1.895321440592393,5631.0,2971
532931,2014,0.7744867048131943,2301.0,2971
532931,2015,0.9212386401884888,2737.0,2971
532931,2016,0.8660383709188826,2573.0,2971
532931,2017,1.2770111073712556,3794.0,2971
532931,2018,1.5429148434870414,4584.0,2971
532931,2019,1.3487041400201951,4007.0,2971
532931,2020,1.5405587344328509,4577.0,2971
532932,2000,0.5675099055166107,1862.0,3281
532932,2001,0.5653764096312099,1855.0,3281
532932,2002,0.6299908564462054,2067.0,3281
532932,2003,0.7189881133800671,2359.0,3281
532932,2004,0.644925327644011,2116.0,3281
532932,2005,1.019506248095093,3345.0,3281
532932,2006,1.2688204815604998,4163.0,3281
532932,2007,1.5797013105760438,5183.0,3281
532932,2008,1.643401402011582,5392.0,3281
532932,2009,1.8625419079548917,6111.0,3281
532932,2010,2.39591587930509,7861.0,3281
532932,2011,2.768058518744285,9082.0,3281
532932,2012,2.427918317586102,7966.0,3281
532932,2013,2.7519049070405366,9029.0,3281
532932,2014,0.7229503200243829,2372.0,3281
532932,2015,0.7537336177994514,2473.0,3281
532932,2016,0.9756171898811338,3201.0,3281
532932,2017,1.6123133191100274,5290.0,3281
532932,2018,2.012496190185919,6603.0,3281
532932,2019,2.151782992989942,7060.0,3281
532932,2020,2.5595854922279795,8398.0,3281
533102,2000,3.1667977970102283,4025.0,1271
533102,2001,3.4775767112509834,4420.0,1271
533102,2002,4.081038552321007,5187.0,1271
533102,2003,4.46420141620771,5674.0,1271
533102,2004,5.383949645948072,6843.0,1271
533102,2005,5.880409126671912,7474.0,1271
533102,2006,4.676632572777341,5944.0,1271
533102,2007,5.840283241542092,7423.0,1271
533102,2008,5.57513768686074,7086.0,1271
533102,2009,5.55940204563336,7066.0,1271
533102,2010,7.162077104642014,9103.0,1271
533102,2011,7.760818253343824,9864.0,1271
533102,2012,9.297403619197482,11817.0,1271
533102,2013,9.782061369000786,12433.0,1271
533102,2014,6.55153422501967,8327.0,1271
533102,2015,6.288749016522424,7993.0,1271
533102,2016,5.754523996852872,7314.0,1271
533102,2017,7.412273800157356,9421.0,1271
533102,2018,7.821400472069237,9941.0,1271
533102,2019,8.447678992918961,10737.0,1271
533102,2020,9.721479150275373,12356.0,1271
533103,2000,1.1445974576271187,4322.0,3776
533103,2001,1.1753177966101696,4438.0,3776
533103,2002,1.4875529661016949,5617.0,3776
533103,2003,1.5527012711864407,5863.0,3776
533103,2004,1.6978283898305084,6411.0,3776
533103,2005,1.79051906779661,6761.0,3776
533103,2006,1.5839512711864407,5981.0,3776
533103,2007,2.4859639830508473,9387.0,3776
533103,2008,2.5415783898305087,9597.0,3776
533103,2009,2.2020656779661016,8315.0,3776
533103,2010,2.872616525423729,10847.0,3776
533103,2011,3.3403072033898304,12613.0,3776
533103,2012,3.796080508474576,14334.0,3776
533103,2013,4.622086864406779,17453.0,3776
533103,2014,2.2221927966101696,8391.0,3776
533103,2015,2.1379766949152543,8073.0,3776
533103,2016,1.8458686440677967,6970.0,3776
533103,2017,2.543697033898305,9605.0,3776
533103,2018,2.898834745762712,10946.0,3776
533103,2019,2.80958686440678,10609.0,3776
533103,2020,3.3196504237288136,12535.0,3776
533122,2000,0.6845637583892618,1020.0,1490
533122,2001,0.7315436241610739,1090.0,1490
533122,2002,0.8161073825503355,1216.0,1490
533122,2003,1.0503355704697988,1565.0,1490
533122,2004,0.9906040268456375,1476.0,1490
533122,2005,1.0946308724832214,1631.0,1490
533122,2006,1.0348993288590604,1542.0,1490
533122,2007,2.0677852348993286,3081.0,1490
533122,2008,2.3087248322147653,3440.0,1490
533122,2009,1.5624161073825504,2328.0,1490
533122,2010,2.908724832214765,4334.0,1490
533122,2011,2.6778523489932886,3990.0,1490
533122,2012,2.6791946308724834,3992.0,1490
533122,2013,2.829530201342282,4216.0,1490
533122,2014,0.46375838926174495,691.0,1490
533122,2015,0.4375838926174497,652.0,1490
533122,2016,0.3939597315436242,587.0,1490
533122,2017,0.7597315436241611,1132.0,1490
533122,2018,0.9221476510067114,1374.0,1490
533122,2019,0.7677852348993288,1144.0,1490
533122,2020,1.2067114093959732,1798.0,1490
533123,2000,0.5739221504625589,3288.0,5729
533123,2001,0.5716529935416303,3275.0,5729
533123,2002,0.7699423983243149,4411.0,5729
533123,2003,0.9026008029324489,5171.0,5729
533123,2004,0.8779891778669925,5030.0,5729
533123,2005,1.118345260953046,6407.0,5729
533123,2006,0.974515622272648,5583.0,5729
533123,2007,1.593820911153779,9131.0,5729
533123,2008,1.593820911153779,9131.0,5729
533123,2009,1.4835049746901727,8499.0,5729
533123,2010,1.818118345260953,10416.0,5729
533123,2011,1.7540582998778147,10049.0,5729
533123,2012,1.7921103159364635,10267.0,5729
533123,2013,1.9975562925466923,11444.0,5729
533123,2014,0.4534822831209635,2598.0,5729
533123,2015,0.46186070867516144,2646.0,5729
533123,2016,0.38296386803979754,2194.0,5729
533123,2017,0.7421888636760342,4252.0,5729
533123,2018,0.8244021644266015,4723.0,5729
533123,2019,0.757374759993018,4339.0,5729
533123,2020,1.0403211729795776,5960.0,5729
533124,2000,1.0292397660818713,2640.0,2565
533124,2001,1.019103313840156,2614.0,2565
533124,2002,1.5590643274853802,3999.0,2565
533124,2003,2.0884990253411306,5357.0,2565
533124,2004,2.1157894736842104,5427.0,2565
533124,2005,1.979337231968811,5077.0,2565
533124,2006,1.7871345029239767,4584.0,2565
533124,2007,2.530214424951267,6490.0,2565
533124,2008,3.0265107212475635,7763.0,2565
533124,2009,3.3376218323586744,8561.0,2565
533124,2010,3.4062378167641327,8737.0,2565
533124,2011,3.6198830409356724,9285.0,2565
533124,2012,3.438206627680312,8819.0,2565
533124,2013,3.943859649122807,10116.0,2565
533124,2014,0.7855750487329435,2015.0,2565
533124,2015,1.0105263157894737,2592.0,2565
533124,2016,0.8292397660818713,2127.0,2565
533124,2017,1.8062378167641326,4633.0,2565
533124,2018,1.8962962962962964,4864.0,2565
533124,2019,1.6323586744639376,4187.0,2565
533124,2020,2.2093567251461987,5667.0,2565
533301,2000,0.2833572453371593,1185.0,4182
533301,2001,0.3240076518412243,1355.0,4182
533301,2002,0.46604495456719275,1949.0,4182
533301,2003,0.4347202295552367,1818.0,4182
533301,2004,0.5497369679579148,2299.0,4182
533301,2005,0.6848397895743663,2864.0,4182
533301,2006,0.7254901960784313,3034.0,4182
533301,2007,0.9638928742228599,4031.0,4182
533301,2008,0.9069823051171688,3793.0,4182
533301,2009,0.9677187948350072,4047.0,4182
533301,2010,1.1929698708751793,4989.0,4182
533301,2011,1.1121472979435676,4651.0,4182
533301,2012,1.0722142515542803,4484.0,4182
533301,2013,1.2589670014347203,5265.0,4182
533301,2014,0.5322812051649928,2226.0,4182
533301,2015,0.46413199426111906,1941.0,4182
533301,2016,0.36250597800095646,1516.0,4182
533301,2017,0.6384505021520803,2670.0,4182
533301,2018,0.9619799139167863,4023.0,4182
533301,2019,1.1109516977522715,4646.0,4182
533301,2020,1.502391200382592,6283.0,4182
533323,2000,0.046935394809497516,170.0,3622
533323,2001,0.0353395913859746,128.0,3622
533323,2002,0.02981778023191607,108.0,3622
533323,2003,0.07813362782992822,283.0,3622
533323,2004,0.1195472114853672,433.0,3622
533323,2005,0.16675869685256764,604.0,3622
533323,2006,0.0966316951960243,350.0,3622
533323,2007,0.21369409166206516,774.0,3622
533323,2008,0.14522363335173938,526.0,3622
533323,2009,0.08089453340695749,293.0,3622
533323,2010,0.13445610160132523,487.0,3622
533323,2011,0.12865819988956378,466.0,3622
533323,2012,0.08503589177250138,308.0,3622
533323,2013,0.14605190502484816,529.0,3622
533323,2014,0.09414688017669795,341.0,3622
533323,2015,0.06902263942573164,250.0,3622
533323,2016,0.0447266703478741,162.0,3622
533323,2017,0.13914964108227498,504.0,3622
533323,2018,0.13583655438983988,492.0,3622
533323,2019,0.21452236333517394,777.0,3622
533323,2020,0.5635008282716731,2041.0,3622
533324,2000,0.01417243124683651,84.0,5927
533324,2001,0.04049266070524717,240.0,5927
533324,2002,0.027163826556436645,161.0,5927
533324,2003,0.035599797536696474,211.0,5927
533324,2004,0.04572296271300827,271.0,5927
533324,2005,0.05567740846971486,330.0,5927
533324,2006,0.043192171418930315,256.0,5927
533324,2007,0.04572296271300827,271.0,5927
533324,2008,0.032562847983802934,193.0,5927
533324,2009,0.05027838704234858,298.0,5927
533324,2010,0.05803948034418761,344.0,5927
533324,2011,0.0641133794499747,380.0,5927
533324,2012,0.07440526404589168,441.0,5927
533324,2013,0.08520330690062426,505.0,5927
533324,2014,0.05078454530116416,301.0,5927
533324,2015,0.029525898430909397,175.0,5927
533324,2016,0.03205668972498735,190.0,5927
533324,2017,0.06563185422642145,389.0,5927
533324,2018,0.07086215623418256,420.0,5927
533324,2019,0.0588830774422136,349.0,5927
533324,2020,0.07592373882233845,450.0,5927
533325,2000,0.29777397260273974,1739.0,5840
533325,2001,0.43904109589041096,2564.0,5840
533325,2002,0.39606164383561643,2313.0,5840
533325,2003,0.45821917808219176,2676.0,5840
533325,2004,0.4032534246575342,2355.0,5840
533325,2005,0.47465753424657536,2772.0,5840
533325,2006,0.4594178082191781,2683.0,5840
533325,2007,0.6570205479452055,3837.0,5840
533325,2008,0.675513698630137,3945.0,5840
533325,2009,0.7349315068493151,4292.0,5840
533325,2010,1.1303082191780822,6601.0,5840
533325,2011,1.225513698630137,7157.0,5840
533325,2012,1.1039383561643836,6447.0,5840
533325,2013,1.2652397260273973,7389.0,5840
533325,2014,0.5953767123287671,3477.0,5840
533325,2015,0.6030821917808219,3522.0,5840
533325,2016,0.4457191780821918,2603.0,5840
533325,2017,0.7530821917808219,4398.0,5840
533325,2018,0.8027397260273973,4688.0,5840
533325,2019,0.825,4818.0,5840
533325,2020,0.9291095890410959,5426.0,5840
533401,2000,0.136113092536152,2099.0,15421
533401,2001,0.12787756954801893,1972.0,15421
533401,2002,0.1464237079307438,2258.0,15421
533401,2003,0.2182089358666753,3365.0,15421
533401,2004,0.21483691070617988,3313.0,15421
533401,2005,0.30789183580831336,4748.0,15421
533401,2006,0.2849361260618637,4394.0,15421
533401,2007,0.35879644640425395,5533.0,15421
533401,2008,0.33558135010699697,5175.0,15421
533401,2009,0.40120614746125416,6187.0,15421
533401,2010,0.5226638998767914,8060.0,15421
533401,2011,0.5591725569029246,8623.0,15421
533401,2012,0.539329485766163,8317.0,15421
533401,2013,0.5310291161403281,8189.0,15421
533401,2014,0.2881136113092536,4443.0,15421
533401,2015,0.31385772647688215,4840.0,15421
533401,2016,0.2732637312755334,4214.0,15421
533401,2017,0.6249270475325854,9637.0,15421
533401,2018,0.713637247908696,11005.0,15421
533401,2019,0.7819856040464301,12059.0,15421
533401,2020,0.7936579988327606,12239.0,15421
533422,2000,0.011578735400724929,115.0,9932
533422,2001,0.010068465565847765,100.0,9932
533422,2002,0.005638340716874748,56.0,9932
533422,2003,0.012082158679017317,120.0,9932
533422,2004,0.01842529198550141,183.0,9932
533422,2005,0.011780104712041885,117.0,9932
533422,2006,0.01842529198550141,183.0,9932
533422,2007,0.0342327829238824,340.0,9932
533422,2008,0.03886427708417237,386.0,9932
533422,2009,0.06806282722513089,676.0,9932
533422,2010,0.1707611759967781,1696.0,9932
533422,2011,0.23227950060410793,2307.0,9932
533422,2012,0.18888441401530406,1876.0,9932
533422,2013,0.1459927507047926,1450.0,9932
533422,2014,0.043395086588803866,431.0,9932
533422,2015,0.06182037857430528,614.0,9932
533422,2016,0.042790978654853,425.0,9932
533422,2017,0.12555376560612164,1247.0,9932
533422,2018,0.12706403544099878,1262.0,9932
533422,2019,0.12001610954490535,1192.0,9932
533422,2020,0.12706403544099878,1262.0,9932
533423,2000,0.02652306703102395,165.0,6221
533423,2001,0.040186465198521135,250.0,6221
533423,2002,0.06526281948239833,406.0,6221
533423,2003,0.13968815303005946,869.0,6221
533423,2004,0.08969619032309918,558.0,6221
533423,2005,0.12104163317794567,753.0,6221
533423,2006,0.11059315222633018,688.0,6221
533423,2007,0.1165407490757113,725.0,6221
533423,2008,0.1195949204307989,744.0,6221
533423,2009,0.209130364893104,1301.0,6221
533423,2010,0.452499598135348,2815.0,6221
533423,2011,0.4957402346889568,3084.0,6221
533423,2012,0.3560520816588973,2215.0,6221
533423,2013,0.4553930236296415,2833.0,6221
533423,2014,0.20237903873975246,1259.0,6221
533423,2015,0.23436746503777528,1458.0,6221
533423,2016,0.19466323742163638,1211.0,6221
533423,2017,0.3415849541874297,2125.0,6221
533423,2018,0.3746986015110111,2331.0,6221
533423,2019,0.40974119916412155,2549.0,6221
533423,2020,0.5161549590098055,3211.0,6221
