adcode,elev_mean,elev_std,elev_min,elev_max,relief,slope_mean,slope_std,slope_max,roughness,dem_n
310101,5.178083061505842,3.676491811753545,-0.1769249588251114,35.76102066040039,35.9379456192255,1.335739324969208,1.1792740816201162,11.008916854858398,0.7409241125773217,2774
310104,5.252561554165877,2.6467001615138606,0.0,21.898914337158203,21.898914337158203,0.9912950157861259,0.7118380582217531,6.747848033905029,0.5094204222975508,7510
310105,5.899232902905838,2.4306193594705894,-4.398454189300537,21.170597076416016,25.569051265716553,1.0739194639965775,0.7212139521767277,6.1997199058532715,0.5122039460181992,5080
310106,5.94424171794843,2.4909878062272557,0.0,32.692508697509766,32.692508697509766,1.1976672388286862,0.8649614329806661,8.954020500183105,0.5781326882724805,5011
310107,5.687053075701632,2.3123365436427443,0.0,21.856367111206055,21.856367111206055,1.1117775915074946,0.7550476882692939,6.474026203155518,0.5329996425687803,7571
310109,5.865571477726994,2.6113720253889965,-0.2909521460533142,18.207555770874023,18.498507916927338,1.13937262417769,0.7743588674179154,9.624248504638672,0.5520469008840669,3189
310110,4.932857541933676,2.8253692256771212,-5.636457443237305,21.17333221435547,26.809789657592773,1.0464177654554403,0.819507278261703,7.216596603393555,0.5402255543853172,8253
310112,4.665597694874612,2.353030822442905,-2.1522302627563477,39.40858459472656,41.56081485748291,0.862404995864628,0.7149362911779372,11.687799453735352,0.44066863842080495,50727
310113,4.755315952219553,3.004588363436855,0.0,49.17662811279297,49.17662811279297,0.9521042500885463,0.9971804247925776,16.882049560546875,0.5006391087482815,43179
310114,4.0782826889685495,1.8948405059145965,-0.5,22.75752830505371,23.25752830505371,0.7924664821279148,0.6176176935115791,6.5994720458984375,0.3988098117369321,63112
310115,2.9389081467686258,2.2665355893464505,-3.7779407501220703,37.62610626220703,41.4040470123291,0.5510671941037044,0.6342270246903852,11.767632484436035,0.28689783101647126,231054
310116,2.828218635906584,1.8245284035170444,-7.0,62.290733337402344,69.29073333740234,0.5079284953031997,0.5520047606945292,26.568391799926758,0.2613991125725836,90642
310117,3.375413611397179,2.834092680742992,-29.581043243408203,94.12184143066406,123.70288467407227,0.7585781701434476,1.0016298733928235,23.14261817932129,0.40073009042313174,82544
310118,2.8000113909109445,1.9933690244173494,-3.013908863067627,33.90748596191406,36.92139482498169,0.651990842689215,0.5860579819877748,9.865372657775879,0.341648173511509,90963
310120,2.897562209440138,1.8988281513637664,-4.1774582862854,19.928897857666016,24.106356143951416,0.4949856685114089,0.502122914278508,5.98362398147583,0.25342921786718514,109421
310151,2.0051105130641593,1.6316886230227372,-3.0,32.8486442565918,35.8486442565918,0.33678037956309886,0.4430994106665062,14.2403564453125,0.18249834794515385,287703
320102,51.49600720254056,61.05518118447119,2.9271717071533203,436.5942077636719,433.66703605651855,4.453183252324131,5.429422402667359,30.437213897705078,1.5872424850425089,10385
320104,11.926101215623826,4.679833337225357,2.7690885066986084,40.95143127441406,38.182342767715454,1.3884042472396205,0.9970071668245701,8.787223815917969,0.6710532276698908,6738
320105,6.735933301146922,3.61309075462928,-0.011752103455364704,43.60963439941406,43.62138650286943,1.0103455316913579,0.9604304830022354,11.007533073425293,0.5869232134289922,10886
320106,17.37302853402027,14.406019238403042,1.0,160.32199096679688,159.32199096679688,2.3411404278454127,2.8868145697585383,37.75188446044922,1.159148504590971,7553
320111,27.840479374300475,42.06510447361827,0.0,427.30511474609375,427.30511474609375,2.571926824339178,4.530135405635499,44.389041900634766,1.021318285612577,124840
320113,17.080665601481083,21.16958329694558,-3.0,266.36798095703125,269.36798095703125,2.117339358032401,3.4893763207198045,36.96083068847656,1.031063065204272,53749
320114,22.497776114299274,19.581756565681687,-77.42449188232422,178.93545532226562,256.35994720458984,2.575964645122255,3.217998552816997,28.350736618041992,1.1741583570242493,17978
320115,31.698925265713136,37.31881204790544,-26.0,376.85888671875,402.85888671875,2.886104674483887,4.322826183406728,39.83675765991211,1.2129704736958347,214753
320116,23.345020583530914,21.18355326007761,-3.0,230.00987243652344,233.00987243652344,1.5382487822326274,2.07949539447022,30.901891708374023,0.67249227492092,203980
320117,27.981158940187086,26.320621448992114,-5.551423072814941,286.14019775390625,291.6916208267212,2.3962430553598972,3.3536777455377953,33.98625946044922,1.0273638830374674,145367
320118,13.758843897626766,13.475916372938142,-3.5,183.85000610351562,187.35000610351562,1.1074733212085797,1.6815969982739127,29.059249877929688,0.5154047866931076,108180
320205,5.606932248228687,4.67084455055365,-5.435572147369385,119.65815734863281,125.0937294960022,0.8510269281099818,1.4260384080981838,26.84433937072754,0.4474647001420335,54262
320206,5.480585306462195,10.719398005287518,-1.5121140480041504,218.7880401611328,220.30015420913696,1.1266085008741284,2.279603737514131,35.380516052246094,0.5458426528403753,43849
320211,8.52063422604539,22.997198004794807,-4.3981804847717285,321.6523132324219,326.0504937171936,1.791310358268578,4.478440555444172,36.47636413574219,0.8016223077007083,85842
320213,8.12616154073829,18.756017883677018,0.0,298.3514404296875,298.3514404296875,1.5029165233554609,2.9915649959112787,32.24772262573242,0.6518618655989752,10076
320214,5.031529365059849,2.589767536003618,-1.0,53.61674499511719,54.61674499511719,0.8081921985625734,0.7856931751540357,15.038771629333496,0.4178973711837064,31835
320281,6.526798855701947,10.44907241352949,-28.0,249.4993438720703,277.4993438720703,1.1392733574486416,2.338973290470195,39.319488525390625,0.5614205423229295,136167
320282,34.43978570008969,75.4305823649501,-68.28607177734375,595.0281982421875,663.3142700195312,3.218180485082305,6.40704822336784,40.125274658203125,1.1522662523991443,277818
320302,42.31343042677515,11.88663289743702,21.29121208190918,171.30731201171875,150.01609992980957,2.160748055073899,3.064146806490965,34.491546630859375,1.1130967099984639,13025
320303,37.836452104376995,7.7321126821859485,26.203840255737305,145.71253967285156,119.50869941711426,1.4046121081877845,2.045223914636065,25.18740463256836,0.7378979471438233,16007
320305,41.749448512249984,23.951271056319147,20.0,357.1071472167969,337.1071472167969,1.5634454113991172,2.966932827319688,37.12783432006836,0.6961127966033372,105802
320311,43.82692524151462,17.733332275110612,26.5,233.7527618408203,207.2527618408203,2.2186458139907814,3.7392759382415033,31.836278915405273,1.0960137703437154,14386
320312,41.76056491959797,18.79522710136344,11.0,234.88243103027344,223.88243103027344,1.6591196328357358,2.8053865596722907,35.26932907104492,0.7749907344451842,273552
320321,41.289913682275696,3.448131189509905,28.5,61.05314254760742,32.55314254760742,0.677993901532763,0.7106764527515491,8.07997989654541,0.37818930020847846,205624
320322,38.58000993084914,3.1742992709603293,26.0,58.614845275878906,32.614845275878906,0.8431245298442948,0.8778302546103103,10.13264274597168,0.4752148248372421,177261
320324,26.36554587806058,6.389981294313256,13.0,147.1811065673828,134.1811065673828,0.9821013064024154,1.1719945835573369,24.17151641845703,0.5209004586190769,248657
320381,27.89264708960044,8.868715606526582,5.0,91.62004089355469,86.62004089355469,0.7468472492242331,0.8702976614373584,12.327021598815918,0.3975927843782355,224043
320382,28.40747394793368,7.054102741479026,14.5,196.0077362060547,181.5077362060547,0.7970816713058638,1.1932192344358492,25.452377319335938,0.4093962140633271,293431
320402,5.165266875870626,3.9489670147170157,-5.5,103.75713348388672,109.25713348388672,0.9837292065033078,1.3617406919766284,24.459508895874023,0.504023681370785,21126
320404,6.58134824371347,2.164892121234726,-15.73517894744873,32.39817810058594,48.13335704803467,0.8685561723457234,0.7630546747280864,10.616147994995117,0.43377782279157406,18312
320411,6.210232158381195,2.7009012122373344,-6.733386039733887,73.7174301147461,80.45081615447998,0.7475749309599614,0.8638898868479787,19.900888442993164,0.39477830819236953,69540
320412,4.964652010603859,7.309046479575685,-3.5,172.33563232421875,175.83563232421875,0.8081935929347288,1.6515172350170904,33.38376998901367,0.40681895484095754,145420
320413,10.278817343508896,17.261912658709317,-12.0,278.29791259765625,290.29791259765625,1.0465942842906326,1.9687492066622425,31.607696533203125,0.48193820727678555,133566
320481,26.936843512855987,46.21461304223987,-99.08526611328125,527.7119140625,626.7971801757812,2.5362655930888267,4.367355448408337,43.25795364379883,1.0560686888030097,209552
320505,7.42368798589159,21.740706178043137,-8.0,320.80419921875,328.80419921875,1.4921854932217098,3.853667352151805,42.5687255859375,0.7012266024888991,46134
320506,5.465834823193984,20.48113325236414,-62.0,329.64056396484375,391.64056396484375,1.0507726779710596,3.476240972881125,38.95927429199219,0.46148430637665044,337082
320507,2.9328686913598876,2.2933770974854997,-4.0,24.56356430053711,28.56356430053711,0.6080663222163507,0.6086005899234804,8.321062088012695,0.3213873511179759,66376
320508,5.944684997338778,2.6366882659497892,-1.0,33.10744857788086,34.10744857788086,1.031045505229291,0.7955337640862311,8.935295104980469,0.49948066514556927,11137
320509,2.421528409737372,2.044463503845418,-10.0,23.647563934326172,33.64756393432617,0.6108713240522642,0.5736419931280671,7.624019145965576,0.3324834850009248,166801
320581,4.272770784024817,11.00566482889575,-28.0,254.3250274658203,282.3250274658203,0.6991930232055582,1.4670157002378463,32.57071304321289,0.34423752646367334,173029
320582,3.610216174099805,3.440449602188457,-8.0,132.8498077392578,140.8498077392578,0.5737711663068003,0.8872060295558059,24.68427085876465,0.3025167299220705,138203
320583,3.039104005660791,2.324608307838618,-9.0,70.49252319335938,79.49252319335938,0.7172025856738408,0.7078636288209216,19.528827667236328,0.3847532970791764,127005
320585,2.819090083502659,1.9629600848180766,-7.910643577575684,48.907127380371094,56.81777095794678,0.46070350150020684,0.54844996611486,18.289960861206055,0.2437583644835919,112395
320602,3.4675034733749426,3.0740028294652593,-3.467703342437744,102.4774398803711,105.94514322280884,0.5028550544014451,0.9087783154370285,30.187307357788086,0.27654298107367337,80089
320612,4.165663711298961,1.4108535438463308,-5.310140132904053,24.295089721679688,29.60522985458374,0.34667736121140796,0.37733404293268125,7.673199653625488,0.17224153909855386,200040
320623,3.902189155045394,1.7378912644445783,-6.574158668518066,58.77334213256836,65.34750080108643,0.31731921582320577,0.5013637596314847,19.954978942871094,0.16745115483431203,314702
320681,2.289434817889924,1.5085788368498976,-3.3568427562713623,36.73108673095703,40.087929487228394,0.24931083016423133,0.3342184463844209,11.37118911743164,0.13219124566138346,231098
320682,5.151036126886067,1.4848140265621161,-1.5,27.45911407470703,28.95911407470703,0.4042549373703417,0.4101843370943199,9.788328170776367,0.20834538873923444,215802
320684,3.5686610404768495,1.5110264088454912,-8.237594604492188,22.568817138671875,30.806411743164062,0.34538110084611573,0.38301080109507774,7.165339469909668,0.17457715350227074,155892
320685,4.359968822004201,1.2725566698259692,-2.682223081588745,24.164281845092773,26.84650492668152,0.33927811089293647,0.3722012727720013,7.635797500610352,0.17334313200795165,160731
320703,24.493696935624232,76.23535419063415,-17.368940353393555,612.6636352539062,630.0325756072998,2.465930062745383,6.106349390284764,43.72786331176758,0.8563441448337014,109220
320706,19.090284597409536,59.23432625440696,-5.314958095550537,556.9833984375,562.2983565330505,2.040291224602387,5.001070609433355,42.8262825012207,0.7722994590104008,103455
320707,19.48281061196128,22.419233827575827,-8.678170204162598,352.73004150390625,361.40821170806885,1.0333325043792603,1.6147690128897236,34.66996765136719,0.482930978696073,208119
320722,28.043127262477352,23.71357508269226,-11.0,232.40664672851562,243.40664672851562,0.7816638518122541,0.9343593262347172,34.35557174682617,0.3850181862017438,287718
320723,3.65406213532105,5.324949658460069,-20.5,219.45877075195312,239.95877075195312,0.458833151906053,1.185543832187581,36.732025146484375,0.2463884875526188,217444
320724,4.228508026498507,2.3442293332777107,-2.5,22.926849365234375,25.426849365234375,0.6993771651413131,0.7412616432100859,10.237187385559082,0.37880933977101106,145915
320803,5.799650543963272,2.7361521347875155,-3.0,29.286426544189453,32.28642654418945,0.6626360603269806,0.6989023263561106,9.484529495239258,0.3568489739747502,205197
320804,12.638691968993252,2.8471665319784485,0.3027413487434387,33.302589416503906,32.99984806776047,0.7086936541400103,0.7528373455725642,10.205024719238281,0.37627608882279284,182534
320812,10.410902917023918,2.9823555807772832,-1.6699515581130981,36.310035705566406,37.979987263679504,0.8191542163594987,0.8167368626625651,9.86092472076416,0.44467505943393765,60771
320813,9.424020918708106,2.3341786275334764,3.0,61.46039962768555,58.46039962768555,0.3577976079511176,0.6372441818039596,14.288267135620117,0.20359827021101023,179300
320826,7.967389318885214,3.2930413210065863,-3.0,31.493993759155273,34.49399375915527,0.9455002744673653,0.8629351732635493,11.035362243652344,0.4925932217013334,234842
320830,37.179060640812054,33.47807985289316,4.0,226.2436065673828,222.2436065673828,1.6940676336700393,2.8162583338644778,37.2518424987793,0.726534197529104,347005
320831,8.075459375141163,4.2358815526174185,2.0,44.561988830566406,42.561988830566406,0.627668076571698,0.8361930118995279,9.602295875549316,0.35336136377232574,193865
320902,2.669919423848709,1.101439867235355,-6.0,23.693729400634766,29.693729400634766,0.3336354497844615,0.44634214939322686,7.469550609588623,0.183405487816287,139939
320903,2.3136152754650046,1.1403324216089605,-5.649848937988281,19.272502899169922,24.922351837158203,0.32677195985178714,0.35836558819806497,7.174826622009277,0.18239668723929917,146185
320904,2.678890142668514,1.3423424643331852,-3.0,21.51941680908203,24.51941680908203,0.2826950083587233,0.41831380490870707,9.11552619934082,0.16400258785884905,400736
320921,3.8731811429600995,2.483805970682822,-7.0,24.551620483398438,31.551620483398438,0.42151890008077303,0.5938329445818675,10.269804000854492,0.23846322477482687,198594
320922,2.5899317326472446,1.9835895843798217,-8.67751693725586,27.94526481628418,36.62278175354004,0.3240896174285346,0.43352799404863773,9.531900405883789,0.17738320625564005,276488
320923,3.2510821614451135,2.18137352502519,-7.3481011390686035,26.403797149658203,33.75189828872681,0.5255094790193371,0.5870158585645754,7.410712242126465,0.27909201911614,201597
320924,1.6839599732887207,0.8377962359432484,-8.0,24.41522789001465,32.41522789001465,0.21793437185461562,0.3140257356934571,7.965672016143799,0.12303354258892421,361098
320925,2.0668099567692964,1.3270639487745743,-9.384981155395508,18.524415969848633,27.90939712524414,0.4157187535945921,0.46150721296813657,6.899435997009277,0.22860799282323532,160817
320981,3.9743100476920166,1.585911124816335,-2.9050133228302,29.389083862304688,32.29409718513489,0.32147560921369434,0.48810048462985384,9.041452407836914,0.17083234946011866,352646
321002,5.485425621028735,3.3341684863773913,-0.5,23.505460739135742,24.005460739135742,0.9432631636336931,0.9537228283300281,10.080385208129883,0.5251083312691458,47089
321003,10.971283875899452,8.010802221490078,-1.9768085479736328,57.56507873535156,59.541887283325195,0.8459787812122921,0.8277969592877223,10.385286331176758,0.42961614979070933,88517
321012,4.598822542084707,2.3156688076858,-4.978231430053711,36.09944152832031,41.07767295837402,0.5554840057398379,0.6001981085637531,12.484578132629395,0.2976160968960538,182712
321023,3.5624132954523136,2.844567125375232,-5.0,31.566999435424805,36.566999435424805,0.6111038185710683,0.7480368338874239,12.14547061920166,0.34000352864616246,204969
321081,23.24828546399435,14.967306866880767,-0.6712827682495117,142.53326416015625,143.20454692840576,1.3111239347546246,1.1462382408042107,23.489896774291992,0.5779850818086999,124477
321084,4.110904811081992,3.4867050247202336,-7.167980194091797,38.381752014160156,45.54973220825195,0.44929458000533395,0.5450045001841903,9.199934005737305,0.24814307948594788,262412
321102,11.728551968613717,13.736474718637496,-4.5,241.2762451171875,245.7762451171875,1.5517325173431193,2.549375391130867,40.365360260009766,0.7681918860715088,47497
321111,23.217701856531793,27.796962964584562,-18.7156925201416,305.6166687011719,324.3323612213135,3.0574925833172433,4.17588573332574,30.839824676513672,1.3481668375132574,16964
321112,21.20617706767918,26.848140232890973,0.0,333.1648864746094,333.1648864746094,1.882089149931628,3.056280559184621,38.15468978881836,0.7896710725910874,83402
321181,8.5671573048957,7.695044767630139,-0.42771872878074646,149.81130981445312,150.23902854323387,0.9051685047722886,1.4197222590490495,34.25083541870117,0.4539449278329082,144071
321182,2.993666504779205,2.242656395800479,-5.392427444458008,37.44272994995117,42.83515739440918,0.6004700852234526,0.65298299535676,11.676630973815918,0.33311668408867584,44116
321183,44.12374327266032,45.0414676067701,-47.890987396240234,427.8318176269531,475.72280502319336,3.057800782592999,4.456075501950641,38.24689865112305,1.1716193060562836,189808
321202,4.5790484388157795,2.5498516743011237,-4.5,26.78097152709961,31.28097152709961,0.6668358434174253,0.6354025217305085,8.714186668395996,0.34209113413123604,53601
321203,4.992751095447226,2.0833461121596786,-4.605366230010986,21.76851463317871,26.373880863189697,0.5577828196269873,0.5407447217532346,6.716572284698486,0.2950870359228895,44541
321204,4.303007935501127,1.7996977540888952,-4.987857341766357,22.619585037231445,27.607442378997803,0.40487694077717706,0.38833291161798156,6.871846675872803,0.21142816235872408,118991
321281,2.2771925540900986,1.2529627130743977,-7.0,22.74365234375,29.74365234375,0.3917934528890914,0.405494369511328,7.359001636505127,0.21643280201602993,332570
321282,3.63932274016693,2.15424989457221,-5.362032890319824,43.93077087402344,49.29280376434326,0.5460863071407261,0.5700611585085532,15.117987632751465,0.2844782505689032,89508
321283,5.129304269489194,1.540670346416981,-8.081131935119629,37.115692138671875,45.196824073791504,0.49276784101174437,0.4356101246493819,11.804271697998047,0.2611418967062006,161928
321302,20.16749846835133,4.790515110567584,4.5,44.36419677734375,39.86419677734375,0.6869621769832247,0.7068991630776473,9.508729934692383,0.3681758811671097,142971
321311,20.398720109174214,5.88368401916617,3.8101072311401367,72.57762145996094,68.7675142288208,0.6279235590654546,0.7189841821589609,11.080759048461914,0.31964163362482345,158078
321322,8.40074881981286,3.7646136415069527,-7.5,45.64680099487305,53.14680099487305,0.8001301241535053,0.863176449322529,10.191083908081055,0.42709886138689307,324552
321323,14.250885717352734,4.308438295368399,2.0,36.7282829284668,34.7282829284668,0.6553864359735431,0.7043720883131878,8.47113037109375,0.3366263529759903,193194
321324,16.75256167232422,7.37856871243645,4.0,60.11890411376953,56.11890411376953,0.509121612744708,0.6673246742079829,11.327811241149902,0.2517657740371552,376941
330102,9.405446855199237,9.866108146260583,0.8331577777862549,151.783935546875,150.95077776908875,1.3312296610720413,2.1062593640281224,25.696853637695312,0.6937132199661207,16227
330105,18.320141377855112,35.434252777446275,0.3960180878639221,353.2658386230469,352.86982053518295,2.877665759126595,5.252645361838165,34.703895568847656,1.1779501955212994,13319
330106,50.37112605887599,74.03981822219436,1.0797287225723267,496.9245910644531,495.8448623418808,6.22005577083127,8.313003712152932,46.60445022583008,2.305161959945132,42007
330108,11.84083309685759,14.48763152684949,0.4822479486465454,196.73208618164062,196.24983823299408,2.2319931228265855,3.793962106839716,31.250350952148438,1.14346095447331,9594
330109,47.3576142989563,89.05787714382905,0.5266707539558411,728.3345947265625,727.8079239726067,5.583751376669618,8.34846852696892,43.33810806274414,2.0693709201282138,134478
330110,85.61176071678533,128.2981457474292,-3.0,1075.865478515625,1078.865478515625,7.626594524107958,8.96354757083385,43.467071533203125,2.6724705877442583,128105
330111,193.24771976978528,166.25004363081666,2.0,1050.7449951171875,1048.7449951171875,15.879257925606156,10.738910169330254,48.54411315917969,4.9837970539906875,245943
330112,407.6304987218846,304.3672150576547,3.0,1606.770263671875,1603.770263671875,18.151379330619267,9.998140320529744,54.29443359375,5.415638484067685,419582
330114,5.472041150444549,3.270092712433011,0.687889039516449,122.73966979980469,122.05178076028824,0.5591246780790645,0.9534197537414748,39.11248016357422,0.31070722031273107,70533
330113,9.016131514040083,19.813645096231664,0.5,312.5653381347656,312.0653381347656,1.6592206905851374,3.6649447611086465,45.28434371948242,0.7694739119140296,38195
330122,303.1034967784327,222.45228904426153,-3.4467573165893555,1229.8509521484375,1233.2977094650269,19.463018401213404,10.937857121397982,50.650020599365234,5.656824286341984,246841
330127,359.25554143298416,231.9700813450735,97.0,1503.789306640625,1406.789306640625,19.25236956206859,10.963248843351641,53.77345657348633,5.719091590675208,593231
330182,270.3748061779201,189.0755798631864,15.5,1083.56494140625,1068.06494140625,17.959593228451652,10.294599789545943,49.17156219482422,5.4541220256411425,311555
330203,161.37549877956243,207.70671663930577,0.0,904.326904296875,904.326904296875,10.518577253696531,10.842184734862316,45.99492645263672,3.3403878590020217,79672
330205,20.769228006517224,46.9192240138373,0.0,367.88427734375,367.88427734375,3.5320828656786327,6.131940360222033,34.61981201171875,1.4524172582107804,28049
330206,55.678740825727594,89.07379833994071,-3.5584945678710938,561.9032592773438,565.4617538452148,7.825829839405671,9.340808136097586,42.81438446044922,2.8415088946670854,90237
330211,13.941526205217189,35.49849086781427,-0.031836945563554764,351.2293395996094,351.26117654517293,2.5223054446659416,5.375285174391714,34.29182434082031,1.0714522092258252,36547
330212,79.74743980436766,118.35991683417217,-1.5,645.8435668945312,647.3435668945312,7.982687893334519,9.475674449311033,40.374019622802734,2.7571548610361254,111738
330213,186.79022684021734,192.99240694680398,-1.5,927.6495361328125,929.1495361328125,12.859513021237097,10.522280930947545,49.00896453857422,4.076773803833105,180076
330225,64.55129942791235,95.76410772175956,-3.0,746.6141357421875,749.6141357421875,9.371457054693547,10.065491313942973,46.12480926513672,3.4432468638553955,202156
330226,166.01469023926995,191.10777110011125,-2.5,903.7763061523438,906.2763061523438,11.726568557202647,10.585875215853873,50.86113357543945,3.839742609229205,254557
330281,149.96250321450216,224.64786621632132,-1.5218275785446167,972.4793090820312,974.0011366605759,8.075297978536632,9.725213516263453,45.60944747924805,2.7420214053502896,207067
330282,17.697817441722844,51.779500505910235,-5.0,432.7626037597656,437.7626037597656,2.14693974219457,5.263490219247365,39.23013687133789,0.8505574142702025,200610
330302,130.4765340159528,174.43811955438053,0.0,845.0045166015625,845.0045166015625,10.657893283552031,10.516287721516765,46.43159103393555,3.354847268477117,38534
330303,32.7099450308081,92.24097568276116,0.0,624.9622192382812,624.9622192382812,3.3982702253140187,7.456062086372572,41.43402862548828,1.2915728254013032,42475
330304,234.23471444670574,241.9701027966882,1.7278351783752441,1045.0523681640625,1043.3245329856873,13.45758673545312,10.68784774402882,46.78134536743164,4.086165019476163,61405
330305,20.25288578385628,48.61855551405478,-2.0,379.5213623046875,381.5213623046875,3.8528722323725204,7.329693501963643,42.43488693237305,1.7342049145294924,46860
330324,411.99011673490423,263.3357293304804,0.0,1263.263671875,1263.263671875,20.489595259780728,10.259181372079677,57.75051498413086,5.8794508667227445,354548
330326,205.9540788874448,220.96815171903128,0.0,1211.4896240234375,1211.4896240234375,13.696587760413017,11.24093862898077,51.558387756347656,4.039160170383348,129146
330327,184.52064664417884,206.95121783579697,0.0,1123.45068359375,1123.45068359375,11.922894810438983,10.686806997387029,52.05354309082031,3.8246514031075898,161615
330328,558.8927905354209,259.16274676895733,22.0,1350.1229248046875,1328.1229248046875,18.938874075691274,10.062023887767623,55.913516998291016,5.686216078633028,170607
330329,603.4753253820932,215.4844764170638,102.35398864746094,1498.595458984375,1396.241470336914,17.63794547269576,9.254647830481932,55.20075607299805,5.4138192599320565,232533
330381,207.20907587514344,240.75174764628838,0.0,1158.6619873046875,1158.6619873046875,13.131048723859514,11.7563844478656,52.233455657958984,3.854207664617386,171785
330382,160.75719302242317,198.28825088871585,0.0,1076.2261962890625,1076.2261962890625,12.26061995630286,11.991843936695439,57.976078033447266,3.9427293976013513,190463
330383,15.551914206519777,48.25891686181134,0.0,383.6431884765625,383.6431884765625,2.27725685521341,5.944485558060973,41.26838302612305,0.8933580049616887,20741
330402,3.349660071776396,1.5124665518100384,-0.9881148934364319,26.643869400024414,27.631984293460846,0.5316045900085719,0.500977275414908,7.889784336090088,0.26999109291731865,59099
330411,2.8207252912876832,1.6695008350663638,-6.0,19.619665145874023,25.619665145874023,0.5355051392125953,0.46674245519036145,5.882523536682129,0.28159781818196783,74536
330421,2.6076926241430898,1.6129793772156047,-4.0,20.446687698364258,24.446687698364258,0.49430552990252774,0.4727339402864548,5.933602809906006,0.2608359558258601,68761
330424,2.7079526806546292,8.41261103939498,-78.06757354736328,183.12881469726562,261.1963882446289,0.5566556775576632,2.01446740008815,32.12489318847656,0.2967473787132598,127539
330481,4.99074277833498,8.789086192491116,-42.306270599365234,240.12582397460938,282.4320945739746,0.7577144371691981,1.8775756401040506,35.54654312133789,0.385332064748132,116693
330482,3.353515082445552,4.991954093616049,-12.0,153.89151000976562,165.89151000976562,0.6259295890625383,1.47780195092746,26.222850799560547,0.32781389204861316,78853
330483,3.756942478153073,1.661804979082764,-2.0,27.988204956054688,29.988204956054688,0.6465948166607051,0.5147479713611015,7.1674394607543945,0.329400626614262,98572
330502,41.68805564590916,72.95919308914068,-11.0,640.4168701171875,651.4168701171875,5.155781730679501,7.186677381279364,44.23051834106445,1.9726400040457475,117080
330503,2.85159736291626,1.8806995851635109,-2.0,81.81861114501953,83.81861114501953,0.6357778989116265,0.6512578234201905,20.79918670654297,0.3353930983287922,95315
330521,68.01857147168286,117.66508669065547,-8.0,728.9154052734375,736.9154052734375,6.1334122727046045,8.260861530105784,40.74633026123047,2.208230948325511,127215
330522,74.57642076833287,103.78551285796563,-51.0,572.8833618164062,623.8833618164062,6.608219154589933,8.712871352999803,41.786346435546875,2.2735387451396014,194922
330523,231.5580928255717,254.4339709534051,-43.0,1576.7056884765625,1619.7056884765625,12.834066745366837,10.379195248627488,50.603519439697266,4.00927399658709,255452
330602,30.488567241038123,65.1121199685483,-13.964181900024414,551.83935546875,565.8035373687744,3.708587181280406,6.833413196845383,39.2028923034668,1.4390667913053754,88681
330603,116.5008171430767,135.10387995047446,0.0,682.7186279296875,682.7186279296875,10.387285644370126,9.953098050357935,46.961883544921875,3.5486547450524166,143993
330604,79.17720457656328,123.39100968152239,-12.0,849.4656982421875,861.4656982421875,7.8077744995811,9.18156025804811,43.18266296386719,2.726663592346878,166283
330624,317.4012441550302,171.73977123446988,27.5,978.4590454101562,950.9590454101562,14.614964035209733,8.97538680957736,50.507896423339844,4.967402536892975,163349
330681,169.35503914775614,173.47822904045213,2.5,1185.304931640625,1182.804931640625,12.21251899332163,9.695825179536197,48.934085845947266,4.1332344494207645,310587
330683,243.9590271172763,206.43931768344055,4.5,1085.708740234375,1081.208740234375,12.85514497361882,9.888475805424253,47.267295837402344,4.134049892094745,238876
330702,292.2607558211929,280.42674056399113,26.0,1325.4853515625,1299.4853515625,13.555344957386199,12.090242592868774,48.053993225097656,3.9581171147188265,185219
330703,136.57748081198582,130.07367371014703,32.5,894.383056640625,861.883056640625,7.535984285195168,8.827916229871354,43.51664733886719,2.6061010539579184,88654
330723,388.3278935567748,257.0575089467548,53.0,1428.01953125,1375.01953125,16.54179012769086,10.769161603907307,51.241905212402344,5.065916423147435,210329
330726,289.3703627650692,181.73599173050198,24.0,968.8199462890625,944.8199462890625,14.803727058476673,10.04217905546353,50.189208984375,4.791840875388831,119492
330727,577.1217466435546,182.08498932778662,151.5,1301.1051025390625,1149.6051025390625,19.46694680882434,9.06233930347645,52.385650634765625,5.887476576891348,158038
330781,166.41719735236714,182.7228625724044,22.0,1298.9569091796875,1276.9569091796875,9.310198701843989,9.755851721462216,48.781795501708984,3.004250153527231,174433
330782,202.63364289595248,175.23152021459208,42.0,908.4559936523438,866.4559936523438,10.293316767801356,10.089221228974482,46.580223083496094,3.346061912069935,148129
330783,288.40427436779163,176.36989176291237,61.5,1114.4595947265625,1052.9595947265625,13.274428456544559,9.832206971426785,51.93088150024414,4.370520848687813,234524
330784,226.7087923274635,136.31944219453834,73.0,923.031494140625,850.031494140625,10.803214344211977,9.444398834045227,46.408748626708984,3.8410726005890803,138857
330802,245.71631693539683,258.7304443821653,58.0,1307.5638427734375,1249.5638427734375,10.107405605162146,11.128287705755051,48.9085578918457,3.0520720077555534,80573
330803,357.15637104699823,286.09045222540175,42.179046630859375,1440.2603759765625,1398.0813293457031,15.53790852570581,12.283395672433521,52.947547912597656,4.417599731486192,233475
330822,267.2010461038116,202.64203682233267,66.0,1371.743408203125,1305.743408203125,14.25201641978638,10.616202590470742,58.71577835083008,4.570364243147642,146359
330824,378.02772242235704,189.05588182299147,97.17274475097656,1426.95361328125,1329.7808685302734,19.42750491392769,9.391310039467342,49.76021194458008,5.783353985260225,297938
330825,215.34516538031835,217.4866128343546,29.0,1357.1104736328125,1328.1104736328125,10.286578955640538,10.321640513926106,48.91849899291992,3.1665091761368886,152459
330881,408.5939086849145,300.27228045784994,72.0,1469.1624755859375,1397.1624755859375,15.351895911907334,11.525215847963974,57.74295425415039,4.588598626157193,267721
330902,56.689285735490955,76.53310163652634,-2.1780943870544434,481.21917724609375,483.3972716331482,9.174629258687474,8.886461404957883,39.441253662109375,3.4265601739112124,82535
330903,40.24945802829251,65.18174138310702,-9.402472496032715,521.3890380859375,530.7915105819702,8.026067981875707,8.704078496259946,39.98377227783203,3.266226037708147,67192
330921,28.377695175921282,44.59519568433161,-1.0,306.4516906738281,307.4516906738281,6.972434148557391,8.070212719658917,44.8487663269043,3.0395506705203643,46929
330922,16.34079854202887,33.21590378971437,0.0,219.52853393554688,219.52853393554688,4.555415353407889,7.324322863955296,37.83076858520508,2.17247219797424,21037
331002,12.75682062193271,36.706053085053476,-0.5,516.6631469726562,517.1631469726562,2.594841122048649,5.982291214448926,42.995418548583984,1.1844745330603166,48533
331003,250.5139853482526,254.34703828697758,0.0,1245.5224609375,1245.5224609375,15.155551193705564,11.403249954124352,50.60633087158203,4.51904561721266,131449
331004,11.080592029249521,31.20423945072912,0.0,382.18743896484375,382.18743896484375,2.361759367049649,5.699546107086899,40.403228759765625,1.101620696133886,47861
331022,105.03220939951247,135.89203655065336,-0.5,866.573974609375,867.073974609375,10.969681477003938,10.777053106304239,45.50314712524414,3.7712217459356983,163994
331023,351.9472487340205,231.44244072215656,26.5,1222.1243896484375,1195.6243896484375,15.859741194587833,10.198804997827162,48.88553237915039,4.900147972378747,190036
331024,420.66597114341425,264.28104320375047,17.0,1375.7373046875,1358.7373046875,19.51357863352927,11.102356527609496,59.928829193115234,5.644671849391846,265972
331081,44.484689577234455,79.11279422351025,-0.5,542.4071655273438,542.9071655273438,6.175179648498846,8.815018325657215,47.958309173583984,2.4771175104983025,145461
331082,194.36884777958912,212.79501202532305,0.0,1362.206787109375,1362.206787109375,14.071089418174347,11.106451981467131,47.408851623535156,4.429052680569454,301714
331083,38.64352435781573,68.22975403331152,-0.5,430.6644287109375,431.1644287109375,5.787553979594687,8.255002937070596,42.6800537109375,2.4800234294446075,84416
331102,386.61689243157736,261.9572417578221,36.0,1380.974853515625,1344.974853515625,18.228171336020893,10.22005791377425,52.89350509643555,5.39266598559323,199357
331121,463.9071740938391,263.43844381854797,0.0,1371.3782958984375,1371.3782958984375,21.990703202495876,9.745939066156817,59.661739349365234,5.987589228002749,327559
331122,508.391211450461,268.9603466676532,99.0,1493.8370361328125,1394.8370361328125,18.337334611615404,9.752572635707795,49.30167007446289,5.448928311298993,199239
331123,709.4875715639834,298.6169985155992,158.5,1709.0601806640625,1550.5601806640625,23.368600536614334,10.027033341163916,63.982818603515625,6.1248552376459084,336329
331124,538.9222078099489,286.11358124105715,69.0,1476.9927978515625,1407.9927978515625,20.509582518963,10.512050459776495,49.550323486328125,5.5092224278754545,186027
331125,562.4884917796387,320.1237481844907,78.0,1576.3388671875,1498.3388671875,20.611761250159727,9.476923997141832,55.5811767578125,5.807643386830508,129140
331126,872.3311219595175,296.45277498243576,232.0,1839.313232421875,1607.313232421875,20.803969904323505,9.369599233491263,56.806884765625,5.700817272511149,249504
331127,728.7719943954913,302.5458629304883,90.42070770263672,1675.992919921875,1585.5722122192383,23.74202473081639,9.431315968567008,58.376060485839844,6.114970706333459,255654
331181,717.0242595410496,335.4812126923809,175.0,1920.74462890625,1745.74462890625,21.91470814936916,9.774699162838353,57.650291442871094,5.766929807245934,401246
340102,34.377888404600476,12.967224600944176,3.2291066646575928,73.75224304199219,70.5231363773346,1.181904669145509,0.7695529195025615,7.979969024658203,0.5354839378234298,30654
340103,31.40924030578613,9.948486589048853,8.0,64.9209976196289,56.920997619628906,1.40434859937815,1.020277101165507,10.78549861907959,0.6635126358278344,18750
340104,45.88556370995635,13.565883145824868,9.0,275.0035095214844,266.0035095214844,1.4886948573592342,1.1779988579121388,27.52684211730957,0.6366600680650648,89082
340111,13.978749829425071,8.336797647952071,3.0,53.67717361450195,50.67717361450195,0.7770056216901997,0.860357799701269,8.740375518798828,0.38915079296199057,42766
340121,48.753527750901604,15.570241209991593,15.0,113.48511505126953,98.48511505126953,1.0697798800049731,0.7556062981933324,12.639945983886719,0.4589223691518889,252964
340122,47.51223269635534,26.625632517477975,2.5,413.6668701171875,411.1668701171875,1.5398168237751033,2.2561798799595016,33.0899543762207,0.6412911296073414,301384
340123,38.0666176581712,24.075535535628976,2.5,280.6000671386719,278.1000671386719,1.6165534892041848,2.0280969076952475,35.30852508544922,0.6949546308431068,232766
340124,37.65727000842854,52.44137413104615,1.0,573.2826538085938,572.2826538085938,2.872348450424515,4.710661092708356,41.312313079833984,1.1246443760311877,321117
340181,37.845023891437435,50.90222013598429,-4.187452793121338,514.5626831054688,518.7501358985901,3.1651609516399524,5.53979365842491,41.8992805480957,1.200803205194503,283042
340202,8.293867148476856,4.591590030172635,-23.0,79.52571105957031,102.52571105957031,0.9719338048649419,1.3599794791835613,18.459749221801758,0.5169139987445096,15818
340207,7.313173588128694,3.2662534604644646,-1.0,123.54993438720703,124.54993438720703,0.5913300510842188,0.8629331071854112,25.53986930847168,0.33496814394361424,120596
340209,13.389987585927654,31.689376403939104,-29.5,423.8398132324219,453.3398132324219,1.5773734613196233,3.409300311767729,33.387020111083984,0.7531956644945923,70482
340210,16.854685477862763,16.46508384155619,0.0,286.26568603515625,286.26568603515625,1.5102851077865418,2.099431580373887,34.548011779785156,0.6953231638658369,88061
340211,59.63216031793567,63.11377857757446,1.0,453.2685852050781,452.2685852050781,6.8523505721257525,7.386775040561614,40.365177154541016,2.606699042083147,77743
340223,58.376341103464355,67.82282552586763,3.0,558.6102905273438,555.6102905273438,3.8481074684928114,5.5040344133344155,45.437923431396484,1.5436349879979427,172113
340281,24.537645068131,49.40598030026066,1.5,645.795166015625,644.295166015625,2.123258842591504,4.381033563515895,41.493282318115234,0.8395006616330666,273620
340302,30.983530217942587,18.04954551718695,11.5,196.04266357421875,184.54266357421875,1.4077031493302452,2.1356490387451883,22.16470718383789,0.6098560155135901,20626
340303,30.756775328005347,12.748097085361117,12.829008102416992,157.43624877929688,144.60724067687988,1.1524403148491187,1.789454553392649,22.112180709838867,0.50955755570517,12495
340304,30.903351936010246,25.440021099231377,11.5,328.4845275878906,316.9845275878906,1.600325952915889,3.2049489955311015,35.44413375854492,0.6641954117014549,44609
340311,18.093888407317074,2.4779728207392973,10.536036491394043,38.67871856689453,28.14268207550049,0.6152644394985145,0.7433262670919715,7.254093170166016,0.36300818020291414,56811
340321,22.050287468609167,4.758292371104649,6.258843898773193,250.96897888183594,244.71013498306274,0.5686630299527864,1.0269543951254616,30.601318359375,0.33015299044397467,307597
340322,19.433411521903242,8.188602990804233,6.332371711730957,95.55401611328125,89.2216444015503,0.6596256623540697,0.8688860746543575,13.832740783691406,0.34846955426044024,198047
340323,20.627877006975424,2.8822850316389435,6.0,40.26564025878906,34.26564025878906,0.7087880390852019,0.9356157388975458,10.025946617126465,0.4377474758629728,190708
340402,31.249373771524557,19.976973363037036,10.5,195.2026824951172,184.7026824951172,1.1239124915228595,1.993906910640619,22.09225082397461,0.52246681463591,43078
340403,42.592997542651155,19.45124579630034,15.0,212.2433624267578,197.2433624267578,1.177215321285627,1.810522543696821,24.89860725402832,0.5079844241198564,34989
340404,29.892707326766825,13.402842885275938,8.809873580932617,186.1813201904297,177.37144660949707,0.9534877990893582,1.482104252283232,30.747573852539062,0.42959414511613336,37441
340405,41.16915984362878,31.55617125984199,-1.5,187.3488311767578,188.8488311767578,2.9719952810222297,3.520096270496178,21.510385513305664,1.2734881717171487,9302
340406,21.72212642389273,2.4337454766805156,13.289393424987793,52.11524963378906,38.82585620880127,0.4268008200346943,0.528770887081506,12.997355461120605,0.24368677697818947,83190
340421,23.618599866244878,6.463405055348182,10.0,168.9566192626953,158.9566192626953,0.599346719568717,1.1617660770940037,28.584768295288086,0.3215366806531499,150568
340422,30.56464840617466,12.212389483567842,10.5,239.453125,228.953125,0.6539676096365815,1.023610503013144,27.219791412353516,0.2974306534548822,405760
340503,33.57410053451347,36.38017452557814,-12.577082633972168,259.1543884277344,271.73147106170654,3.759873204444348,4.745185160268726,34.17534637451172,1.6346343125349057,24479
340504,30.78987111867455,32.729979137591286,-194.5,237.4312286376953,431.9312286376953,4.025418951265311,5.125767632638393,38.68228530883789,1.8016918223998974,23757
340506,24.707769508110307,39.90124681899087,-2.0,442.02923583984375,444.02923583984375,2.235314983712244,4.188193438981537,36.875675201416016,0.893143721364283,50439
340521,9.122083254663524,17.735636854111235,-135.53787231445312,350.1823425292969,485.72021484375,1.012040339145269,2.706050018792948,35.88974380493164,0.47285631516806853,133541
340522,43.869839984952606,52.32703997043651,3.0,474.0978698730469,471.0978698730469,3.9015742360154944,5.506117147546897,37.201778411865234,1.4305218219997315,141677
340523,20.84508971140971,28.9881450679948,-0.7510237097740173,313.53875732421875,314.28978103399277,2.0642383934283064,3.850633533251709,35.9492301940918,0.8827407863055385,180574
340602,44.012266407253165,32.34593912554846,22.5,303.9960021972656,281.4960021972656,2.1887751110949325,4.303230221687869,33.102882385253906,0.9776663437887156,33506
340603,41.01279322376599,30.76579507680248,25.0,333.9237365722656,308.9237365722656,1.816016105134291,4.200671776103786,34.491004943847656,0.789070263207629,19901
340604,49.83051017209325,43.46527056873714,22.5,357.4670715332031,334.9670715332031,3.067038975853723,4.846564627883761,38.095699310302734,1.2878126915915806,54424
340621,27.898680277322597,2.795650650021037,15.5,64.58731079101562,49.087310791015625,0.4414149409263903,0.5660054191012489,13.751704216003418,0.2549321044966201,277110
340705,30.838648106375853,37.84096593803537,-3.633943557739258,458.45855712890625,462.0925006866455,3.2757790325960117,5.14879040734689,44.98702621459961,1.4255639286537438,18019
340706,64.39005504215227,85.29428338724038,-115.3060531616211,548.308349609375,663.6144027709961,6.056973398692995,8.280094361344052,45.68781661987305,2.2761287101803,109585
340711,36.54885622766967,62.759861269799195,-25.02402114868164,572.5210571289062,597.5450782775879,3.666817815033032,6.573662986681716,38.941341400146484,1.4280315889936017,75320
340722,43.68636149604401,70.89892278089152,2.0,645.3095092773438,643.3095092773438,4.035173746079142,5.83223956239102,42.768489837646484,1.5723336790993014,202217
340802,11.168300800189943,4.490154711917284,6.0,50.860355377197266,44.860355377197266,0.8559839234648065,1.0952059207166092,11.346389770507812,0.5097337890230212,27994
340803,20.671310456528033,28.612601232233978,4.0,331.9398498535156,327.9398498535156,1.9360339968883864,3.8861966025804833,33.28165817260742,0.8642063002009643,37202
340811,62.48053311211809,100.0329572412583,3.0,677.2363891601562,674.2363891601562,5.701722396636086,7.8228652396626925,37.11903381347656,2.018239432957934,56792
340822,46.74515752763156,48.17465895354287,3.0,428.2485046386719,425.2485046386719,3.951939079382797,5.207921774775947,39.816734313964844,1.591586570627466,170474
340825,232.13088458355432,199.5386465162066,8.5,1052.346923828125,1043.846923828125,11.197806921561844,9.008222728392976,48.83812713623047,3.5270947171410736,276022
340826,59.2306561690584,116.85517809503133,0.0,952.550537109375,952.550537109375,3.35758856400816,6.178029567966203,46.409912109375,1.1973377336640627,320097
340827,20.205435914678482,20.142492428186785,6.5,418.4905090332031,411.9905090332031,1.3879547408057895,2.1726024991803508,34.45585250854492,0.6335467339740588,178252
340828,650.790600602586,286.84127504209573,60.5,1747.3839111328125,1686.8839111328125,17.154054077426157,8.747591295255877,54.97496032714844,4.930600653525284,321930
340881,99.72038410138538,140.31938469570608,5.6972198486328125,898.89892578125,893.2017059326172,5.485928834566271,7.795483598160299,45.123775482177734,1.8607422913645668,209478
340882,259.0270240102003,248.9345521467851,5.5,1405.5892333984375,1400.0892333984375,10.917250480012225,9.867559707563558,54.749290466308594,3.4083231822240116,228897
341002,158.1812619235618,33.81371618486827,110.5,408.0893249511719,297.5893249511719,5.044054242993163,5.433193760227071,35.54895782470703,2.2641057191964773,26080
341003,404.4140681809943,276.1936610920932,56.9503173828125,1812.8876953125,1755.9373779296875,18.54017605321513,10.686554061001203,59.977943420410156,5.314871264621822,236400
341004,355.7861453752903,199.13140520263283,115.9592056274414,1338.8580322265625,1222.898826599121,16.321306075899592,10.916450196523725,46.85025405883789,5.022403657551097,57345
341021,406.1046378406936,252.24943534882962,99.0,1771.15380859375,1672.15380859375,19.22825916382271,10.296840036856755,55.73248291015625,5.377490402197663,284596
341022,409.6120228294664,230.64907145073445,126.0,1616.7049560546875,1490.7049560546875,17.597613191978898,10.07629013106965,52.52627944946289,5.07508893011587,283693
341023,429.174477685804,206.27358812481512,151.5,1413.5269775390625,1262.0269775390625,18.139035015121063,10.054231765704362,46.660091400146484,5.282243604895862,115281
341024,319.2782266932629,180.0510802242166,58.5,1471.015869140625,1412.515869140625,17.22874142529774,8.598946211580122,55.174007415771484,5.197255981755157,297546
341102,38.28292007835965,29.04695850333267,4.5,297.199951171875,292.699951171875,2.227248816056815,3.1613420375575663,28.181438446044922,0.9439760269552361,36955
341103,68.39300752521174,46.24406297960777,2.0,394.3686218261719,392.3686218261719,3.6971538798650823,4.037606879668702,32.49876022338867,1.4765754907472783,155600
341122,42.728386558538084,39.34960239020306,1.0,222.60084533691406,221.60084533691406,2.175970604118904,3.0505101166092383,26.820064544677734,0.9008914984952102,207422
341124,44.23528377425406,39.31058184765296,3.48557710647583,389.73858642578125,386.2530093193054,2.3433816003604546,3.3071450076720934,34.57663345336914,0.9604086955675626,216763
341125,60.86975534331218,29.163762232490267,12.0,346.47442626953125,334.47442626953125,1.4735360150773578,2.008971673857901,29.594463348388672,0.6086326701278829,415246
341126,51.243405270987466,35.50165220186414,9.0,330.9571838378906,321.9571838378906,1.8871907766465033,2.7555780468171656,40.6356086730957,0.7705076841967479,266384
341181,21.437813097163023,12.879748258127888,-0.6331079602241516,144.137939453125,144.77104741334915,0.833791200145499,0.7458725707003244,19.42274284362793,0.3617199035252023,242942
341182,48.90069213656531,36.8153496270572,7.487281322479248,329.0925598144531,321.6052784919739,2.2174081483285977,2.5676182866572597,26.940937042236328,0.8850394253039742,327322
341202,31.870443763458233,2.070679506947695,23.0,44.33933639526367,21.339336395263672,0.6353691191212032,0.5774723393873683,6.338165283203125,0.35472897270182396,85133
341203,28.500189114878946,1.7002813268920658,21.31229591369629,45.82759094238281,24.515295028686523,0.4488159518178771,0.49170919636691274,6.849026679992676,0.2431382800845464,94158
341204,31.91822952921161,2.338379590431303,19.0,50.10807418823242,31.108074188232422,0.6665494068881888,0.7049661485041323,8.147844314575195,0.37183772842464413,90640
341221,37.92287898593728,3.2698933103379493,20.5,55.71569061279297,35.21569061279297,0.9959237635988515,0.9895254850996095,11.45836353302002,0.5886382680449626,255255
341222,34.48559200426487,2.6488047586902543,22.79839324951172,53.72246170043945,30.924068450927734,0.6305517679013634,0.7469800976568814,10.204087257385254,0.370520206300229,259336
341225,30.762661867023148,4.493310475639215,19.0,57.27884292602539,38.27884292602539,0.8464632630346652,0.9488881693760509,12.1826171875,0.4872473078211708,250612
341226,25.26740656715135,3.130403245755227,12.0,46.53370666503906,34.53370666503906,0.44706800964969545,0.5216977508096466,7.002650737762451,0.24576828922524188,277319
341282,37.05221939556999,2.68419608035723,27.0,54.4960823059082,27.496082305908203,0.8245495685666264,0.8241317358828996,8.273931503295898,0.487282426487312,92510
341302,31.054388053949488,16.859455714122326,0.003467491129413247,303.1436767578125,303.1402092666831,1.446203043364344,2.592382144692596,37.821189880371094,0.7294223969756901,407002
341321,45.9561552918412,3.6796878519642218,33.5,67.55323791503906,34.05323791503906,0.6159479910138308,0.613326441793513,6.510229110717773,0.3463943996067693,169380
341322,48.704314222977516,31.4927936605397,26.909543991088867,386.81597900390625,359.9064350128174,1.9422677686031948,4.064874483959386,39.937034606933594,0.8579603336543953,260316
341323,24.675877097998832,6.666177148268128,5.795285224914551,175.84693908691406,170.0516538619995,0.8231538352365182,1.3415069005069447,26.873756408691406,0.44956571382166105,298372
341324,20.74393836040407,4.094523078567882,-16.94420051574707,149.9466094970703,166.89081001281738,0.5579857354561847,0.9046955564194206,27.54850959777832,0.30069621664640717,258693
341502,64.80519048963002,51.09427026209596,12.0,730.9042358398438,718.9042358398438,2.6659086953021336,3.9544381302757396,40.949432373046875,1.076589267497433,226662
341503,70.8711674675612,56.90416370427817,19.5,638.1945190429688,618.6945190429688,3.094147913210277,4.5798061108969295,41.98149108886719,1.248838357171351,261119
341504,60.00840856828463,15.252534404446017,25.417278289794922,118.7930679321289,93.37578964233398,1.594017283919305,1.1470278591692942,16.224720001220703,0.6903686391114568,77781
341522,33.935319613124975,13.421045835218155,12.5,321.79443359375,309.29443359375,0.850557993838549,1.0463848215863565,28.166229248046875,0.3669307080848538,444702
341523,183.7333068032833,204.42977417841354,3.0,1488.015380859375,1485.015380859375,9.408914254008105,9.544516532647132,51.52989959716797,3.073002339423093,289383
341524,438.47942262931934,267.45066838189064,51.0,1664.5216064453125,1613.5216064453125,15.057935075190725,8.609533907952923,54.543399810791016,4.620363522990352,535457
341525,407.5757652129507,288.55383898627747,51.5,1752.8896484375,1701.3896484375,14.597841758227746,8.828266934946582,53.080535888671875,4.570694119491898,279067
341602,36.87656469641882,2.7327252629164356,27.5,56.54242706298828,29.04242706298828,0.4044065515600018,0.430596703851078,7.034102439880371,0.2227873214074116,317571
341621,31.161662107481945,1.7590608494398925,8.537590026855469,54.44999694824219,45.91240692138672,0.3648932695985711,0.42717124993294825,14.317795753479004,0.20456644057709567,294930
341622,25.9819272631235,2.210508989872239,14.0,83.37167358398438,69.37167358398438,0.45584282814527216,0.5748618577674356,14.29672908782959,0.25976027265432894,298419
341623,28.371514213032402,1.9594808416228635,17.0,42.028892517089844,25.028892517089844,0.3509643672749512,0.4117533267799055,6.2187089920043945,0.19265990379402115,279889
341702,140.10653282024086,171.16815536613285,4.0,1137.6802978515625,1133.6802978515625,10.640277461495332,10.464115432052898,57.58726119995117,3.542023960177798,340324
341721,148.22415724468522,155.62966158563086,6.0,1356.299560546875,1350.299560546875,11.267260673387643,9.815478257866353,46.312591552734375,3.7069808238149204,439466
341722,379.1990920212858,245.8600049469666,25.0,1721.4267578125,1696.4267578125,21.474823203778904,9.891200536732947,53.940040588378906,6.026987432350649,192825
341723,203.73035811014333,218.2844733998406,5.0,1314.4232177734375,1309.4232177734375,12.259800966732758,10.446408337405618,56.17850112915039,3.8534340634107584,161732
341802,80.6814430754665,125.08089216511563,3.0,1057.8800048828125,1054.8800048828125,4.8687349679612675,7.587016842222981,50.19231033325195,1.7074226267443966,357784
341821,42.0383710469142,51.97048887050704,2.0,473.66571044921875,471.66571044921875,2.920488837781808,4.552911138173085,37.22906494140625,1.158049845421636,149942
341823,241.0714319065975,184.80806671858298,19.0,1156.158447265625,1137.158447265625,14.853914601347409,11.260722621460676,53.6506462097168,4.433424082582489,275725
341824,490.42405062812344,267.72689648960824,128.0,1691.62646484375,1563.62646484375,18.700345642981798,10.1969495669439,54.622344970703125,5.399342930212309,149906
341825,376.7044495596928,175.14523300670737,111.5,1256.0281982421875,1144.5281982421875,15.866800095612843,10.153622561460562,46.3430061340332,4.673537345107181,122036
341881,287.965997756196,196.02976854574467,29.0,1548.1717529296875,1519.1717529296875,16.345588489613302,9.895011029472863,50.54793930053711,5.184337604553931,328381
341882,133.80347164108164,115.357980597875,9.5,836.48193359375,826.98193359375,8.143705595023903,8.097072124227001,44.33183670043945,2.836233097796086,286624
360102,20.42439094234367,5.471191610132981,13.0,42.86037826538086,29.86037826538086,1.164975940072899,1.185381746466972,10.296548843383789,0.7120530528368288,7368
360103,22.656964153851266,4.649953022850245,13.0,43.37857437133789,30.37857437133789,1.1714940633594555,0.9638407772826673,8.080528259277344,0.5989055299067072,4620
360104,27.137243687058277,5.088327293465359,12.0,52.07085037231445,40.07085037231445,1.2411313954716003,0.9577808935166962,11.110617637634277,0.6065689529388941,4890
360111,44.88502463947067,58.54813030028307,12.5,525.9620361328125,513.4620361328125,3.0295264420063845,4.967631289750179,37.566307067871094,1.1775995366629657,34922
360112,54.305181588741355,98.75753679342516,10.5,829.9030151367188,819.4030151367188,2.8445894909313068,5.230864055486479,38.857452392578125,1.0827531346887969,292591
360113,29.596843539014905,12.107607951089594,13.0,69.92267608642578,56.92267608642578,1.7147087609814702,1.4677494441500005,13.683090209960938,0.8350909525803971,25989
360121,18.729977099116628,6.3768350396850675,10.5,170.5142822265625,160.0142822265625,0.6939133104349545,1.0117208320101618,29.01446533203125,0.3835572416842131,240210
360123,85.44811259998234,104.92033140951314,17.0,780.7405395507812,763.7405395507812,5.060996136554513,6.662297430268857,39.62577438354492,1.8083273278939833,88508
360124,28.401721359648615,15.001027165084004,-4.5,247.1529998779297,251.6529998779297,1.7400333352156063,2.064877817391658,30.322280883789062,0.8003042521698897,256819
360202,108.55450607220975,103.27237538634085,17.0,637.1151123046875,620.1151123046875,8.638916418498212,7.6803572624026755,42.354373931884766,3.1733536729664604,43359
360203,136.04485749131194,119.65802494922016,22.0,588.4566040039062,566.4566040039062,11.135370583889939,9.229977922024053,40.95545196533203,3.572016235202499,15192
360222,197.58192814797184,149.86305143653732,23.0,1589.569580078125,1566.569580078125,13.397780738784613,8.01445215692846,55.32677459716797,4.421962385273558,379450
360281,74.07950295786122,70.958300480151,6.630102157592773,770.9349365234375,764.3048343658447,5.704157625151309,6.153112937668982,47.33000946044922,2.2965197908486545,263917
360302,174.90268534295194,76.56829089947558,82.0,575.7780151367188,493.77801513671875,7.8514401033188905,6.643149110031835,36.1015739440918,2.9938570192865783,27985
360313,240.2256866767229,178.081878800869,60.0,1137.935791015625,1077.935791015625,11.559744068205827,7.844420118468848,48.737884521484375,3.9020330998419115,112577
360321,410.710303108069,205.43845642307983,147.5,1280.972412109375,1133.472412109375,11.791371261450845,8.155781484158313,47.27895736694336,3.6775691886378756,139671
360322,208.57062251693017,122.90743445301936,74.5,931.2883911132812,856.7883911132812,10.75734652049867,7.971820566825433,45.73738479614258,3.885476661601433,96013
360323,450.8943069822125,321.94781591091953,101.0,1910.41796875,1809.41796875,14.238305288018783,9.686449398390634,58.909149169921875,4.159673126275463,126054
360402,64.45226285245629,81.09180454437383,10.453605651855469,793.719482421875,783.2658767700195,4.565505906640937,6.058820842846375,44.69142150878906,1.7981008495730204,53705
360403,26.296859805836675,8.926851879011469,12.179788589477539,61.16789627075195,48.988107681274414,1.9051498470035864,1.5306627344626644,11.455796241760254,1.0084337957386063,6434
360404,69.85955884543621,82.15874809747646,-67.13563537597656,856.6550903320312,923.7907257080078,5.475466224443782,6.983459657646037,44.58586502075195,2.151187827421739,119131
360423,331.4191992354291,277.45846168677633,58.5,1776.9932861328125,1718.4932861328125,14.969962066772775,10.291861392108817,54.90766525268555,4.494310790483506,471639
360424,382.5313865977678,229.06810979429764,72.0,1717.722900390625,1645.722900390625,15.919260013885202,10.110128250812384,50.84689712524414,4.723457548864384,599766
360425,90.10540593785298,148.63900228343306,11.5,959.8987426757812,948.3987426757812,5.330528719958471,7.763989065563423,45.0706672668457,1.9070442394643166,259792
360426,121.83794477940879,96.31396460160767,13.5,643.845947265625,630.345947265625,9.17867408856638,7.284458942746738,51.17163848876953,3.5108798795862866,114235
360428,46.39353712172922,60.07769611501738,9.5,624.4346923828125,614.9346923828125,4.151336927805118,6.1672701002096995,40.462623596191406,1.5997064962648442,297674
360429,49.97874536362885,67.46215367491241,9.5,660.4779663085938,650.9779663085938,4.243359242439708,5.974723460960473,47.020835876464844,1.6530436747361883,89637
360430,103.10801824808728,104.4705814092445,6.5,799.449951171875,792.949951171875,9.02496350092793,8.699331539973322,43.4552001953125,3.2446328415153256,208110
360481,201.73778455944694,161.60707982495643,-21.185197830200195,899.5571899414062,920.7423877716064,12.176663077280208,9.318876790766952,52.25438690185547,4.10581584072368,191560
360482,28.445267562910235,18.050754062985092,10.5,187.25636291503906,176.75636291503906,2.1655659246612506,2.4412017333144043,25.740184783935547,0.9899990758899878,40724
360483,200.68021796447363,325.0365851571771,11.5,1465.37060546875,1453.87060546875,8.329906040296507,10.68813263940285,58.64145278930664,2.3793581416906093,103101
360502,87.88247204964676,59.569437422756586,24.5,831.18798828125,806.68798828125,4.624951199356247,5.387936290928833,45.57537078857422,1.8570056776621555,236287
360521,163.69261632596394,96.4913087073693,56.0,1007.7628173828125,951.7628173828125,8.932703399134635,7.2419782298111945,51.194889068603516,3.4043915899197392,180973
360602,39.928915740672956,11.050886399137658,23.5,135.27273559570312,111.77273559570312,1.9534319061077645,1.8097080508514267,24.548723220825195,0.9277299806929099,18175
360603,64.4770188173163,48.80157779721079,12.030692100524902,478.4002990722656,466.3696069717407,3.970712095228253,4.899714250465771,36.35005569458008,1.6803898710143306,123121
360681,219.118122760914,246.14907460206223,22.2589168548584,1531.712158203125,1509.4532413482666,10.439354526577777,10.01855515808263,52.81840515136719,3.257773594612938,327846
360702,219.70432000523328,143.14575154152095,92.5,1002.8359985351562,910.3359985351562,7.904088626804447,7.16832703965566,42.604530334472656,2.8518279561584694,76625
360703,241.22515303900988,116.78765165566418,102.0,951.9614868164062,849.9614868164062,8.938008316434045,6.7395224967284,44.607200622558594,3.3001815437224393,225652
360704,276.6399819770564,143.9107170604435,91.0,1160.197021484375,1069.197021484375,11.870759738945788,6.859749615611951,45.24406433105469,4.164248330897802,387484
360722,282.0307923150595,121.50805298213818,111.5,983.6298217773438,872.1298217773438,9.941202079792113,7.180547221658699,42.7823371887207,3.6607307200641714,369980
360723,378.6614388087538,184.11579164911316,125.5,1242.4139404296875,1116.9139404296875,13.457810480081545,8.252873473873663,49.45773696899414,4.416390006641625,173850
360724,437.56686782639724,253.9875034892832,123.5,1858.2135009765625,1734.7135009765625,14.775385987448741,8.429515578439151,54.4497184753418,4.631837776325213,199257
360725,550.040931085886,252.7832024477145,136.5,1755.7261962890625,1619.2261962890625,17.15620513224268,7.977267945141963,51.75823974609375,5.149910084306171,285501
360726,435.20654402618084,169.47812998176158,182.0,1156.495849609375,974.495849609375,12.678449811716007,7.293823688043952,49.037254333496094,4.405445096295348,304936
360728,405.65909465110326,128.2861437125545,159.5,1054.649658203125,895.149658203125,11.762858500199282,6.20748783018052,41.90024185180664,4.1534438936899845,169915
360729,431.5762481165024,144.0483916061117,174.5,1032.864501953125,858.364501953125,13.11048156777883,7.199623283855394,41.2795524597168,4.382596230803074,197271
360730,358.17664216715656,154.36502620902834,154.5,1431.2467041015625,1276.7467041015625,10.669733032717536,7.363258935987501,49.585731506347656,3.6371776166192236,528472
360731,286.7796040280568,159.00179400326675,102.5,1290.1708984375,1187.6708984375,11.092130879505609,7.861530523101319,50.51142883300781,3.7163888202207778,375104
360732,362.2337679788722,161.04951180848195,121.0,1144.0440673828125,1023.0440673828125,12.23320620893734,7.593034930313795,47.0316162109375,4.056492421077319,418696
360733,367.6594978976796,165.17900474450198,131.0,1163.6390380859375,1032.6390380859375,11.684444776681815,6.763010633504495,49.91120147705078,4.088785533995757,349937
360734,487.99572872275513,195.95087400498645,168.0,1506.1580810546875,1338.1580810546875,13.206179645407449,7.251119800248609,46.364585876464844,4.374772040022137,300653
360735,406.90567327046267,185.5411067983129,190.0,1373.01416015625,1183.01416015625,11.123982980422573,7.217228299567027,49.07688522338867,3.839658269051015,204052
360781,336.7101071456944,137.47029192415718,135.0,1188.508544921875,1053.508544921875,10.893603843551341,7.113507345217236,44.71276092529297,3.844323291320301,316446
360783,445.92722096528604,167.33076029399567,198.5,1400.3995361328125,1201.8995361328125,13.44766356330368,7.862152357991557,53.5417594909668,4.478275858868741,211444
360802,71.39150792137924,17.391437239159877,40.5,169.27821350097656,128.77821350097656,2.311470393456842,1.8362144233146576,30.878177642822266,1.0704250136691773,56313
360803,206.58796180150281,159.5060999436238,42.0,1191.7860107421875,1149.7860107421875,9.801557520277798,8.272816525538719,46.592430114746094,3.3109131604256103,119614
360821,125.91311433357492,76.7925682471424,42.0,706.9283447265625,664.9283447265625,5.940166703785165,6.033973169652745,40.00061798095703,2.355046512631455,278263
360822,142.152013480578,94.64100831076345,32.5,882.9152221679688,850.4152221679688,7.843244193392769,7.008937453503897,44.93693161010742,2.899998499201863,329141
360823,112.42640729041128,73.02382763053973,28.0,586.859375,558.859375,7.075302351286712,6.256157757601531,42.806217193603516,2.7148218290757056,170684
360824,146.90093519179652,142.94506058096147,22.0,1076.2452392578125,1054.2452392578125,8.116948681473609,7.884687440537178,44.198341369628906,2.7948064343848613,163725
360825,245.08741879622062,194.50362936431716,51.0,1384.60546875,1333.60546875,9.975747971360022,8.058704229123277,50.93626403808594,3.3607642144655063,353727
360826,180.75203811677542,154.5105969175557,16.951175689697266,1156.7967529296875,1139.8455772399902,7.915696410953952,8.07089083567554,43.33154296875,2.7860937900079437,326993
360827,453.1212908027204,311.5917967892759,75.5,2106.795654296875,2031.295654296875,14.857215336227304,8.410196593856151,55.43865966796875,4.683609813082465,403913
360828,212.83791347878204,149.50138745373002,58.0,1145.3505859375,1087.3505859375,10.182221391579503,7.892757611234793,42.69343566894531,3.5588764180440937,265797
360829,298.22528151558225,240.07206808305608,55.5,1718.028076171875,1662.528076171875,11.647472829777506,8.90988137897964,57.67250061035156,3.6277837091592446,366004
360830,302.76418680542,195.41897607445958,86.0,1375.076416015625,1289.076416015625,11.551658902732232,9.100021689110624,51.7990608215332,3.7655253227046113,285583
360881,558.2532075053412,321.1570241365608,156.5,1829.4130859375,1672.9130859375,15.797280430319345,9.410337622552142,58.820472717285156,4.756316609172562,188429
360902,247.97558307075607,186.38973494558846,66.0,1723.8564453125,1657.8564453125,10.59731124653829,7.830550263782625,56.88430404663086,3.7569653782951375,333895
360921,294.2333966295517,299.5171609872658,27.0,1486.110107421875,1459.110107421875,9.830161623018805,8.869243680096803,46.55341339111328,2.833128629113252,218903
360922,272.935561966256,179.13815943672543,67.5,1201.6876220703125,1134.1876220703125,11.041789870289676,7.698423957703498,47.678016662597656,3.69486276485558,226332
360923,114.90549482807154,103.46076235810405,29.5,999.8511352539062,970.3511352539062,5.917891036452666,6.490205975819842,44.483436584472656,2.354732668536245,178680
360924,224.9536605154036,195.7170708680947,46.0,1411.7725830078125,1365.7725830078125,9.52851079095851,7.772739341551822,46.575809478759766,3.161962826519408,256190
360925,445.3087201063301,309.5351501771385,28.0,1704.77587890625,1676.77587890625,15.783965710025775,9.531352919190741,51.08955383300781,4.299790637359643,183758
360926,490.4229586365137,205.68097625054597,157.5,1453.49169921875,1295.99169921875,17.125880905229145,8.179494632306996,46.09254837036133,5.042315076596631,206539
360981,78.14123636460056,106.27167625171619,-48.865238189697266,1150.7117919921875,1199.5770301818848,4.458342835125198,5.844461337094335,40.6157341003418,1.7024163382798538,373909
360982,65.65294303780142,104.82721951254692,15.5,1151.1910400390625,1135.6910400390625,3.007084128636898,5.1331374088927,42.570106506347656,1.1326488593022448,169802
360983,66.97804069301246,59.5142312782683,6.173624038696289,756.0068359375,749.8332118988037,3.483207815740111,4.4557089936655325,34.98394012451172,1.4524878634068643,323589
361002,81.58916005429319,91.00731070970622,21.5,1094.3382568359375,1072.8382568359375,3.8468134655266435,5.2051737956797695,45.45425033569336,1.54061961209572,279964
361003,76.30570172307887,45.3563684855976,14.5,478.9436340332031,464.4436340332031,5.017585429593137,5.646581197578748,38.55584716796875,2.1119946120116277,166852
361021,190.66682008572747,132.43089779225357,59.0,1039.8228759765625,980.8228759765625,9.284355777114188,7.28147059782695,44.49530792236328,3.3550929319216762,224813
361022,306.9809425657366,219.93676397638032,96.0,1507.0118408203125,1411.0118408203125,11.55331758009434,8.141049149260247,48.139244079589844,3.8581105518231427,224157
361023,250.15732304395854,165.14794305179961,79.0,1666.81201171875,1587.81201171875,9.83632180224068,7.177163936423638,49.38953399658203,3.425040307531113,251942
361024,142.0840263223237,126.21325193018319,36.5,1205.19775390625,1168.69775390625,6.996540527552906,7.153856937383821,49.01420593261719,2.547070155314984,199427
361025,295.375237765196,228.99807969612814,65.5,1352.71875,1287.21875,10.890495644839403,8.364263102567362,47.898902893066406,3.5090534607566637,316659
361026,357.0142514276243,232.69744935534376,56.5,1616.1329345703125,1559.6329345703125,14.219139725764053,8.522982997457728,50.40268325805664,4.322374549780787,255000
361027,131.62337617056608,151.1126674054296,34.5,1355.7144775390625,1321.2144775390625,6.233517048619098,7.138254012016283,49.19007873535156,2.2880138804072163,179259
361028,438.3025765020464,233.3758212107567,74.16053771972656,1337.9713134765625,1263.810775756836,16.549366077948445,9.041353977125983,51.8045539855957,4.96631156167512,165278
361030,318.2492123851876,154.4924612891151,111.0,1237.7193603515625,1126.7193603515625,10.728957437604477,6.889029281284752,43.7651481628418,3.6484290683722977,209427
361102,114.35594722756721,48.96395835116078,64.5,579.5579833984375,515.0579833984375,5.7786557687876074,5.817435484631502,36.93370819091797,2.3829607103838666,41914
361103,321.5263748449433,262.9557157908503,71.5,1529.4287109375,1457.9287109375,12.947753416768098,9.972463351046922,52.07662582397461,4.294259371875374,182243
361104,371.4193564459065,319.0554307382773,50.0,1882.42041015625,1832.42041015625,14.453918940736287,10.45630409631305,55.188194274902344,4.334256560007141,296398
361123,309.9485144377978,237.05371511282607,77.0,1721.294921875,1644.294921875,14.28480842538994,10.864028217821001,60.52765655517578,4.353752840099734,230925
361124,447.84283711333205,408.16266415610653,23.098865509033203,2154.4814453125,2131.382579803467,15.418972814809964,10.966999047767079,53.95481872558594,4.320982398137591,288547
361125,209.05142119941803,185.71618076309704,41.0,1281.0604248046875,1240.0604248046875,11.529181254566888,9.193166255456953,48.75633239746094,3.8477317143392886,86346
361126,150.12275435674218,134.07898456887878,2.063307762145996,1199.7947998046875,1197.7314920425415,8.955303342434394,8.252540116823939,44.24277877807617,3.1227900992609063,210232
361127,29.230964536695595,29.268533135584,5.5,366.90936279296875,361.40936279296875,2.054511279835646,3.209494373308982,32.857704162597656,0.9266315628394789,312734
361128,54.164003420917005,71.24624780775916,9.0,725.995849609375,716.995849609375,4.3010869580901145,5.9909636464193365,45.161067962646484,1.7133760908497568,552284
361129,93.67301760154733,86.18596998299489,10.5,699.1251831054688,688.6251831054688,6.601885657358519,6.255737273541625,41.15979766845703,2.532445060717506,153462
361130,266.6565132997893,201.45979835697884,32.0,1518.0615234375,1486.0615234375,14.845582645446864,8.485536119015121,59.4903450012207,4.776003813315053,397062
361181,250.76042788672078,225.29599090153124,-12.403888702392578,1557.8740234375,1570.2779121398926,14.84137005367747,9.783530885184847,55.77238845825195,4.803466155650185,277422
420102,22.69653625595201,5.50520602108685,6.422725200653076,45.76968765258789,39.346962451934814,1.1178511289775095,1.1109299733803297,8.589900016784668,0.6389806995116716,10971
420103,25.220533496891324,4.512443807684221,12.136180877685547,45.007503509521484,32.87132263183594,1.4220785361121562,1.134556251105076,9.373276710510254,0.7169156072891696,3855
420104,26.979810404760034,4.201011721815315,15.0,43.48262023925781,28.482620239257812,1.4792309500649776,1.2580038335863488,9.620864868164062,0.7468627690696666,5452
420105,23.638123764131244,6.898621079008496,9.5,97.61454772949219,88.11454772949219,1.3309723116466756,1.7741840458165596,20.647159576416016,0.7624034601808973,15233
420106,29.818933737429106,17.614187767356427,3.6507203578948975,213.4070587158203,209.75633835792542,1.9489871109811778,2.958086091442859,28.944664001464844,0.9808298381865584,13568
420107,26.817082792717255,7.447034815656613,13.465170860290527,74.04153442382812,60.5763635635376,1.383325840069075,1.3562802537122922,14.770979881286621,0.7295869337067011,12422
420111,27.016425290001166,13.387139083926224,13.0,167.3987579345703,154.3987579345703,1.6940947940636968,2.4972593781650847,24.855117797851562,0.8404651848451072,69538
420112,22.0997992049512,3.48902599831482,12.5,69.63223266601562,57.132232666015625,0.734597460841138,0.9265870180527094,16.270906448364258,0.41845437899607774,66672
420113,22.091984036887467,3.24113171739588,15.0,58.213871002197266,43.213871002197266,0.5992117809964,0.9451954059909318,12.465362548828125,0.4014826302943209,38980
420114,26.591470062692988,14.187788457592832,7.4914751052856445,248.88107299804688,241.38959789276123,1.5023542093083841,2.5509177088039676,26.64073371887207,0.7352507594812993,147098
420115,29.440569140662873,15.111023478622903,8.837058067321777,264.3122863769531,255.47522830963135,1.8694185825905696,2.311333150093435,28.354202270507812,0.8654055008046133,271229
420116,64.3542469072096,69.64055332407898,10.5,754.0353393554688,743.5353393554688,3.7922044433749758,5.29373794743796,41.269996643066406,1.416211714408448,305375
420117,37.67297507051434,39.140498323049265,11.52692985534668,659.8131103515625,648.2861804962158,1.809962946990397,2.8932581086588702,34.4114875793457,0.7870620361681844,200341
420202,28.238151310334786,21.887866407170268,13.5,190.80491638183594,177.30491638183594,3.1951293175115065,4.627672657095665,29.386255264282227,1.5962956049280865,4336
420203,78.43489274090611,93.26734760794595,13.339616775512695,440.9204406738281,427.58082389831543,8.053769621043099,9.157360622807339,47.90877914428711,3.113984475926174,15239
420204,60.97581147840386,60.116613265885505,13.891267776489258,450.41058349609375,436.5193157196045,6.415109013217035,7.116614169779787,40.9248046875,2.808095589159352,8382
420205,130.28038229178608,97.15829072597363,-143.99557495117188,458.8348388671875,602.8304138183594,13.054787952526077,9.80382741819276,46.17060089111328,4.747052239035556,3818
420222,120.38059514639168,130.93204779839553,-50.07619857788086,846.4239501953125,896.5001487731934,9.243348048168977,9.36763290061015,52.605350494384766,3.161111412796804,372939
420281,99.31914447972707,128.39225091284837,-100.73011016845703,819.992919921875,920.723030090332,7.159711571556783,8.917482658188437,51.96390151977539,2.5123197247676248,209565
420302,641.4125896690695,291.22513424960397,178.7506561279297,1656.0701904296875,1477.3195343017578,19.663608496345685,9.441238385506582,57.92372512817383,5.737175518649381,74655
420303,471.8506797327748,213.4088711298514,149.0,1484.8177490234375,1335.8177490234375,18.513259237542094,8.666023681277979,47.66352081298828,5.989362102539641,91415
420304,523.0836855494878,254.63146138394157,144.0,1753.095947265625,1609.095947265625,18.25850251798065,9.361948424449519,56.19547653198242,5.726367248627247,530510
420322,708.4098266952694,296.87053293343075,151.0,1798.8624267578125,1647.8624267578125,21.881759446851596,9.26599741985691,63.26271057128906,6.372573145679149,488793
420323,831.8121924486086,343.34399788925526,244.0,2499.528076171875,2255.528076171875,22.357976871389848,9.654313892728839,64.09838104248047,5.946032102094445,498041
420324,1037.14991794366,436.9341068922269,329.0,2719.18994140625,2390.18994140625,23.28993247764421,9.796435956223013,63.83909225463867,5.785428943849117,454157
420325,906.4532102373166,331.934965368603,238.36659240722656,2479.453857421875,2241.0872650146484,22.333686448707308,9.795097836744796,61.86514663696289,5.9161122478109425,704936
420381,390.2275899521936,235.27356540988575,85.5,1571.926513671875,1486.426513671875,14.344966185153432,8.993787546086356,57.70915222167969,4.691814585206825,432165
420502,102.90989509570669,40.49570100820302,38.0,263.2213439941406,225.22134399414062,6.169966025354757,4.75977022212847,27.471797943115234,2.8221949704945324,8369
420503,89.87088701341547,31.27173363885914,36.5,189.87364196777344,153.37364196777344,6.2759477026876604,4.849282696332293,31.233230590820312,2.8358217608762106,11173
420504,280.64860406587906,183.7751715642897,36.5,1266.7900390625,1230.2900390625,15.213948911381385,10.354680175845408,59.69117736816406,5.5394903192850204,72288
420505,118.18374701314501,43.13046182698637,35.5,223.83763122558594,188.33763122558594,4.808784352207947,3.728881463116297,30.223995208740234,2.114868484112622,16349
420506,633.2999931394141,390.37721917508804,49.5,1975.298583984375,1925.798583984375,17.619945634075737,10.522471320977806,62.068450927734375,5.328719056996554,466924
420525,454.4159979320395,247.76686797894078,86.5,1313.0028076171875,1226.5028076171875,16.33094871730502,9.941974862769975,58.883487701416016,5.301162429149284,237905
420526,1112.0207520922172,387.61394407282177,152.34559631347656,2377.396728515625,2225.0511322021484,24.98037454870532,10.705979354000371,67.21112060546875,6.151079649185074,315505
420527,837.3336845177728,392.83997622840195,62.5,2012.3543701171875,1949.8543701171875,23.129180411952483,10.98468850010737,71.23382568359375,5.7227743007666545,309304
420528,845.9223048659169,468.80060330728935,75.0,2205.43603515625,2130.43603515625,22.010684953100945,11.230266667075007,71.0852279663086,5.991389478078884,459140
420529,1166.8599318040872,420.9136058571668,154.0,2288.380615234375,2134.380615234375,22.92200230636025,11.15474284944661,70.37531280517578,6.301035544669324,323774
420581,254.78008928529192,195.58315951425112,33.5,1055.8023681640625,1022.3023681640625,11.947816122704635,9.163151864377054,55.21986770629883,4.199186549428104,182127
420582,123.61317125423352,91.00044558750093,34.5,1079.277099609375,1044.777099609375,5.181451251617638,5.959741195348438,45.71318817138672,2.089744046132234,292558
420583,65.68062413874333,31.858214728291372,31.5,203.3029327392578,171.8029327392578,1.6169045208541692,1.9311475189159029,26.950681686401367,0.777903719782284,184987
420602,101.15769775536528,44.722675752238494,52.0,440.9049377441406,388.9049377441406,3.5853922450588773,4.7416039794748475,34.10626983642578,1.4109427006429918,90568
420606,81.25946138321511,16.389302368983977,61.0,163.7779083251953,102.77790832519531,1.2728539262208722,1.4449721904450223,28.81476402282715,0.6343042365969093,75604
420607,100.06279318241305,29.5330111867071,54.0,503.8702087402344,449.8702087402344,1.5942981116892947,2.2986776585199586,32.5703010559082,0.6323370269718134,337976
420624,463.78841515375603,310.98918815540395,57.0,1521.5235595703125,1464.5235595703125,15.220324263122277,10.364575544429334,58.27265548706055,5.006359611218434,525547
420625,368.26554116311115,265.80375453390707,64.0,1562.6519775390625,1498.6519775390625,14.401927079452419,10.444502532452757,57.55835723876953,4.3916695079184525,350798
420626,907.0136668766681,327.38165290019583,192.0,1916.286865234375,1724.286865234375,22.492755779458097,9.9147825038532,66.01954650878906,6.115314198450582,441926
420682,133.03460892243098,40.178941626887784,70.5,436.0276184082031,365.5276184082031,2.208602751220784,2.513372688571446,29.966264724731445,0.9263953314967773,146547
420683,150.99720548935244,61.035936373244986,70.0,765.6692504882812,695.6692504882812,3.0446311179105168,3.897388488239914,40.952205657958984,1.191408579687248,450029
420684,112.01093813882093,66.01349132686373,42.5,577.1336669921875,534.6336669921875,4.122479796450754,5.051770828576019,44.956687927246094,1.6070251794408628,289425
420702,35.88810382919532,38.21361243193279,13.291593551635742,399.9791259765625,386.68753242492676,2.7343072540815725,4.291220478814392,36.978023529052734,1.1604458940675604,66657
420703,20.897046144714714,6.230197230394656,10.0,82.35823059082031,72.35823059082031,1.1026916633297628,1.095743593838541,18.523963928222656,0.541603942571971,67685
420704,36.49068218588346,42.3077110251867,-7.903848171234131,470.1893005371094,478.0931487083435,3.2839823344889956,4.866453354858971,37.81073760986328,1.3914725670875863,80364
420802,190.286826875868,115.6483635194487,46.0,639.0211181640625,593.0211181640625,8.222370161568405,7.367032181972173,49.153038024902344,3.068102056081157,227943
420804,91.44881036311098,22.477200631937716,43.07404327392578,254.46372985839844,211.38968658447266,2.2115801610106156,1.964595093806585,25.03467559814453,0.9280201067046274,78686
420822,50.54250171005471,16.90107152825386,23.668045043945312,133.4863739013672,109.81832885742188,1.2543881305434368,1.0641292200645232,26.64735221862793,0.5496955970672271,290639
420881,104.0131646686987,98.10688419594491,27.77947998046875,1028.850341796875,1001.0708618164062,4.214996644132221,5.964591832904773,49.898929595947266,1.5995984581776932,603667
420882,151.92655528722375,115.62774255394861,22.5,865.006591796875,842.506591796875,7.3945034654344095,7.556390454842638,43.67072296142578,2.6875649694945163,479380
420902,31.4734528065119,11.345728691151619,14.075682640075684,91.32958221435547,77.25389957427979,0.9600726567263467,0.8248983880043093,9.914994239807129,0.44943165629696147,140169
420921,94.34038731758943,99.1973824492046,23.0,857.2709350585938,834.2709350585938,4.500017528200424,6.343274888218325,41.48447799682617,1.6102811455124169,161232
420922,167.961502306586,101.50693833514772,36.5,845.9969482421875,809.4969482421875,8.985612623137463,6.39141035798958,42.20488357543945,3.1393657704708833,270617
420923,32.372049901832575,10.734685220962328,18.0,76.65425109863281,58.65425109863281,0.7717543712542612,0.7294759051965383,7.841643333435059,0.39503566499777276,82865
420981,38.046699174533025,13.564615674692178,14.201035499572754,115.29702758789062,101.09599208831787,1.3064456510917044,1.0818193967658964,15.749103546142578,0.6009712473808331,149100
420982,83.93019836567571,54.21498121326062,22.5,493.0894470214844,470.5894470214844,3.6904829464731814,4.604346046055603,39.926761627197266,1.4997475744943802,184614
420984,24.538751781223475,5.364026776157224,12.509923934936523,230.80548095703125,218.29555702209473,0.7145846011620081,1.1864816474830626,27.312551498413086,0.4156535531461416,223624
421002,29.028678651013152,2.582947983111614,16.46190071105957,50.54983139038086,34.08793067932129,0.42865085272966535,0.5438241788135466,8.62275218963623,0.23212569588549767,70524
421003,40.80637982228935,11.391333386032294,19.139455795288086,99.35796356201172,80.21850776672363,0.8098698426864173,0.9658889520490973,15.483868598937988,0.39256433057025963,140993
421022,34.96566295768438,5.616804992972212,25.97974967956543,255.3233642578125,229.34361457824707,0.6511170192315348,1.0676544964021253,31.435203552246094,0.3493465369584257,306555
421023,26.090245593346516,2.6590034229201898,13.450705528259277,77.30014038085938,63.8494348526001,0.3983989434469086,0.5471829564164017,17.358957290649414,0.23165202264146018,427533
421024,28.942481205827836,2.562749103177192,20.5,44.23716735839844,23.737167358398438,0.3288702837695817,0.4772927156125163,7.879237651824951,0.18713582077477758,140483
421081,35.996170787946554,24.419995803454018,23.5,358.7345275878906,335.2345275878906,1.095188980567808,2.6985799860181894,39.44968032836914,0.5337745679881564,188094
421083,23.450085177009093,2.505228155735375,14.5,49.01192092895508,34.51192092895508,0.4677503801063058,0.6933013597144506,10.361239433288574,0.28155443379131656,328128
421087,112.73031620943928,118.91392059874669,31.0,776.6482543945312,745.6482543945312,4.412417267541824,6.151552333165262,51.95709991455078,1.746042981524181,293538
421102,23.978163175776825,8.589398956279775,13.5,106.19859313964844,92.69859313964844,1.1812010210177601,1.1773934528636774,18.21484375,0.6129976781971571,48584
421121,102.81640278215947,111.70817829711935,14.0,1003.038330078125,989.038330078125,6.269304155853926,6.661378169085202,41.579689025878906,2.245686157630203,110221
421122,106.8317685219719,86.49205666082779,21.0,821.2427368164062,800.2427368164062,6.254296451995857,5.616290653568572,40.673587799072266,2.344426661637331,243110
421123,307.1446047500634,221.40721897905718,43.0,1710.7564697265625,1667.7564697265625,13.064039900861289,8.101414845837896,49.245914459228516,4.065645671246033,289308
421124,406.614809687276,247.8409473317895,95.0,1661.076171875,1566.076171875,14.203524105340676,8.302167879763736,46.24686813354492,4.283154241735175,198100
421125,85.20647755708353,90.47152077311974,12.5,1029.812744140625,1017.312744140625,5.4278134567334515,5.501274470233523,46.716819763183594,2.06670508108912,264619
421126,178.58891730767454,197.51184260345744,12.5,1237.7197265625,1225.2197265625,9.229729054263602,8.546627444101528,50.42754364013672,3.0313441512656154,324773
421127,70.81920557536398,136.94144642680064,7.9385600090026855,1076.009521484375,1068.0709614753723,3.7579208471723975,6.9011124282255,46.45341491699219,1.3240515746052934,229637
421181,217.13751190867413,186.06118924344045,21.5,1329.0401611328125,1307.5401611328125,9.780337840625126,8.161383781161202,49.346378326416016,3.192738913710276,491443
421182,62.816390211728766,91.31764182776027,2.0,927.1729736328125,925.1729736328125,4.617226126406125,6.4240187203375125,47.04948806762695,1.8030430271658293,164894
421202,111.17644042429534,116.9397082549407,16.0,943.6819458007812,927.6819458007812,7.352228042632461,7.772022390812849,49.13429641723633,2.7180322970718547,201553
421221,28.216565293647854,13.214517217217766,-12.0,232.42218017578125,244.42218017578125,1.5910969315442456,2.392666428829076,34.43737030029297,0.7931922101253638,137967
421222,270.58115863430794,205.92367475278172,80.44332885742188,1499.1239013671875,1418.6805725097656,10.148931054252433,8.535594492190189,46.6186637878418,3.251724433531303,149021
421223,252.8025553984674,182.22140312199843,49.0,1209.90380859375,1160.90380859375,13.576964847687567,10.036044832290823,55.21910858154297,4.410323306410975,265102
421224,300.11610003261205,240.39929836880734,46.5,1633.1258544921875,1586.6258544921875,15.818980237425869,9.879627143860969,60.62985610961914,4.80888243181006,323555
421281,97.60474206796366,114.61997157420623,16.5,819.6935424804688,803.1935424804688,6.486849114981216,7.396770155974562,42.716251373291016,2.481056921715426,228975
421303,114.3668749769648,53.703996897282344,36.0,512.9183349609375,476.9183349609375,5.1535778808996975,4.766866073693497,37.242061614990234,2.0610191023273265,196670
421321,219.24900463641885,131.67856285691403,61.0,1126.1353759765625,1065.1353759765625,8.163977769298144,6.713080881856789,47.759063720703125,2.9295980857661035,759256
421381,165.9424960693722,125.522527618682,38.0,885.1519165039062,847.1519165039062,6.950449622789799,6.430698992497985,42.6262321472168,2.510340407634179,362466
422801,1051.9150112380441,380.63985327123146,296.5348815917969,2063.437255859375,1766.9023742675781,19.583771178825,10.745636901712212,75.51749420166016,6.0592792891753104,534209
422802,1222.1452032385332,269.2073723213133,354.5,2033.311279296875,1678.811279296875,17.705848633748353,10.064189940467184,71.37425231933594,5.723339156469871,621493
422822,1131.3920198907401,346.5679934682493,242.68055725097656,2081.637451171875,1838.9568939208984,21.026651317656416,10.773745155497418,70.93780517578125,6.309921747034199,361450
422823,1051.2428892672065,422.7119804679538,105.98802185058594,2892.268310546875,2786.280288696289,23.01285774029731,11.029944131064727,75.11727905273438,6.059944843964828,454123
422825,1041.829769598854,321.7366248605429,362.8348083496094,2010.68603515625,1647.8512268066406,21.44616543203296,10.675974346887687,69.61564636230469,6.267110364253851,369432
422826,958.2393312817628,214.7332299591985,447.0,1895.025146484375,1448.025146484375,19.008462542258354,10.0342204253815,62.07795333862305,6.319278742707317,337141
422827,663.8976186762674,177.54994129324845,338.0,1593.8731689453125,1255.8731689453125,16.46571869932324,9.392193625410394,61.523902893066406,5.5272689301800195,178690
422828,1143.613898952365,350.0919321902789,209.15333557128906,2077.80615234375,1868.652816772461,23.361468736242724,11.11741010871112,71.63833618164062,6.509868490837328,389970
429004,25.516936792514315,3.0615396677214117,13.528690338134766,46.45351791381836,32.924827575683594,0.5773261014845602,0.6541928035095838,8.607135772705078,0.323977185064739,340025
429005,29.54540848951087,2.895712563601382,17.662092208862305,54.01088333129883,36.34879112243652,0.47701530373792494,0.6019211341088408,9.316269874572754,0.26381421182537057,270094
429006,30.316445362528288,5.810120613901188,16.50222396850586,172.23558044433594,155.73335647583008,0.7529108830071773,0.8502570641200722,19.884033203125,0.4070282463959378,355100
429021,1671.2788706935908,469.03267270951255,406.1923522949219,3094.788818359375,2688.596466064453,27.034861543488415,10.06636669509817,66.26811218261719,6.350338014069597,443023
430102,41.02627748412825,7.952704956613344,25.9620361328125,70.19573211669922,44.23369598388672,1.6111894930312831,1.2772304862926493,9.651126861572266,0.7969257906901656,5855
430103,62.67455983430574,23.949742865181463,27.0,184.83685302734375,157.83685302734375,3.218388517774982,3.180447456758948,37.63828659057617,1.5276605046608487,18282
430104,81.84987833044369,50.03213064495959,-46.75389862060547,417.0950012207031,463.8488998413086,6.0210354478756,5.730466062214171,34.57564163208008,2.5054258097487048,71959
430105,51.893730206298706,19.892918799335515,20.104602813720703,234.89865112304688,214.79404830932617,3.199771137401615,2.9231082372344526,29.27193260192871,1.5263329118078797,25134
430111,73.66614548061118,27.939305219171555,23.5,265.83270263671875,242.33270263671875,4.8215986089328515,4.4440634101084076,30.651500701904297,2.12091525397895,38305
430112,66.55941192103681,57.26894216552142,20.0,578.2220458984375,558.2220458984375,4.189274157620026,5.242363476361324,41.87083053588867,1.785447515616486,126031
430121,86.29988504768676,54.75042306865185,27.5,646.9244384765625,619.4244384765625,4.810073091529226,4.8701226148432095,39.09575653076172,1.9911126239541501,232686
430181,251.2064965462455,203.09092173101698,9.0,1598.1566162109375,1589.1566162109375,11.688064475591762,8.48160447513407,50.390594482421875,3.867214370026528,661206
430182,154.88492983597052,120.05946606590517,26.5,950.3178100585938,923.8178100585938,6.743041687511741,6.7064989611580845,46.04001235961914,2.5215432136692626,384660
430202,84.7240554844133,35.72155510156603,14.688462257385254,305.5420227050781,290.85356044769287,6.09443467932082,4.63281422984056,30.07685661315918,2.5970664034775397,20253
430203,96.3137371182286,37.30463511492558,28.0,302.0559387207031,274.0559387207031,6.30860922492325,4.473514866959152,30.03830337524414,2.693795988489121,29094
430204,68.06272557778601,29.66187201383848,17.0,307.2768249511719,290.2768249511719,4.641707190186816,4.468720949859619,32.876033782958984,2.0334022143711206,21832
430211,65.38828801997953,21.16041463139965,28.0,176.53050231933594,148.53050231933594,3.8350677361219496,2.8708823083076362,25.053163528442383,1.7644139466340005,42601
430212,122.35810368087301,102.07605328025623,28.0,836.7176513671875,808.7176513671875,7.619956225629125,6.365014911734244,42.3796501159668,2.9582992771201493,138856
430223,240.0046898759721,201.2080812720269,65.5,1382.9268798828125,1317.4268798828125,8.83112104379659,8.066489692296884,48.953285217285156,3.0547236378594342,349020
430224,305.8094834037621,209.38867758687252,75.0,1347.2696533203125,1272.2696533203125,11.272236968647567,8.806047266150829,49.495487213134766,3.7467708396999164,327550
430225,803.5280681357109,424.25828251021574,166.0,2109.343994140625,1943.343994140625,18.4956351198615,9.001857755174365,53.08603286743164,5.209244081464705,265417
430281,151.51449884044402,121.3607252041416,35.5,799.8080444335938,764.3080444335938,8.403695110110228,7.571274323748931,44.41640853881836,3.0306797300836643,281742
430302,62.69897681301542,25.21292128194855,18.354734420776367,289.89947509765625,271.5447406768799,3.7143790865956623,3.629183586970086,30.624080657958984,1.690725639788291,60106
430304,66.0250331354383,31.99529102832926,9.042401313781738,289.808349609375,280.76594829559326,5.022842372646561,5.3162752505549244,28.999324798583984,2.1913696842533414,27409
430321,90.78423379672687,49.44205694255753,28.0,723.3081665039062,695.3081665039062,5.184499261383222,4.605317663977475,44.40170669555664,2.1833111172931665,281781
430381,142.7326925782744,86.8761724192058,30.5,778.2696533203125,747.7696533203125,7.513361741932806,6.754178303752709,44.34849166870117,2.8618363303027654,258672
430382,133.1720117778454,68.34963404452022,44.37840270996094,498.97979736328125,454.6013946533203,7.94775027581566,6.733299248620266,39.67906951904297,3.0524925476349685,32787
430405,69.59184719659491,13.769076157855874,48.5,126.84114074707031,78.34114074707031,2.9048591567819853,2.532857115230231,27.43220329284668,1.412872818854983,28720
430406,70.30628482748949,13.232300352673022,50.0,119.53546905517578,69.53546905517578,3.1834731164271566,2.663152314979895,18.8316650390625,1.6222994077942472,10789
430407,71.96354560924068,15.835401954776788,49.0,124.8769760131836,75.8769760131836,3.2411526560469204,2.508806900691234,17.50477409362793,1.5661872077589645,13772
430408,75.43618692299326,19.78065328435195,49.85063552856445,286.5262145996094,236.67557907104492,3.1166323827786675,3.0414094925435817,31.85931396484375,1.4027404263910452,14680
430412,459.866185590527,295.1935215335088,68.82048034667969,1277.9669189453125,1209.1464385986328,16.674496135174422,9.566092966182813,48.621788024902344,4.383955776732762,23911
430421,170.57907410340957,115.4200690851998,49.5,1116.7890625,1067.2890625,7.937165081280383,6.83681587035678,47.218502044677734,2.9968899908732674,335676
430422,113.20698480899091,71.6866270439405,49.5,807.5435791015625,758.0435791015625,5.836958475393265,4.9114910355920065,40.87946701049805,2.391432428876841,340770
430423,131.18238149819777,100.47408122879202,41.25434112548828,972.5018310546875,931.2474899291992,7.1462093352512435,6.120982642683577,42.85475540161133,2.820992743053538,122197
430424,128.1220383784831,84.69576301823288,40.5,723.8634643554688,683.3634643554688,7.096967729364995,6.066143808836823,38.96161651611328,2.7766513747642434,252570
430426,208.44082893853846,126.35541822810511,63.5,1020.0037841796875,956.5037841796875,8.241699990910886,7.289208037560045,42.68430709838867,3.0010887131087474,244766
430481,165.00291016958303,94.80774684488209,55.0,829.2886962890625,774.2886962890625,7.474297694501898,5.510117503992456,38.14445495605469,2.94389886537313,345402
430482,192.80172546303604,180.28904126579923,52.0,1245.327880859375,1193.327880859375,8.389706186032775,7.764971051331808,46.48186111450195,3.0469915478311558,266200
430502,245.13117917002197,16.819558143154122,207.0,327.55255126953125,120.55255126953125,4.47888977822311,2.937252080478063,23.989501953125,1.9887875332610558,17560
430503,270.00275651121893,49.728595702822695,207.0,524.3862915039062,317.38629150390625,5.96919176419988,4.023843199934437,29.19978141784668,2.3750497771625056,27946
430511,238.88049768600214,20.8179791897476,207.0,335.80474853515625,128.80474853515625,4.116786972139796,2.6914582721863716,18.370384216308594,1.8883891753570647,11068
430522,424.03771964543614,207.99143618365667,176.0,1501.489013671875,1325.489013671875,13.77052679417008,9.28394968478626,47.09758758544922,4.296989074943659,232287
430523,339.13370719117404,120.05981434171723,209.5,1441.0634765625,1231.5634765625,8.491392038865031,6.211396821785776,46.33292007446289,3.168340710244165,261740
430524,563.224107717461,332.11252809127484,231.5,1757.1719970703125,1525.6719970703125,12.03353930787052,7.894342651654319,47.92137145996094,4.012464872452896,376043
430525,536.9397365652794,273.15365485411036,253.5,1787.7503662109375,1534.2503662109375,12.179592458206894,9.619875187936048,52.0159912109375,3.8701032805497055,284146
430527,666.3455436450523,241.65712219697383,228.5,1895.8350830078125,1667.3350830078125,16.23886231112668,8.186407833900043,54.62334060668945,4.895087881781228,381440
430528,649.2064707921531,352.326457594208,206.53948974609375,1976.7608642578125,1770.2213745117188,14.408049281406617,8.846406367037893,54.38808822631836,4.410275210755399,358831
430529,949.1334293289692,360.3257228012725,340.0,2012.4884033203125,1672.4884033203125,18.854205169334104,8.583240808359218,55.8177490234375,5.232805036180116,339154
430581,441.221976490949,122.36321980157464,257.0,1351.739501953125,1094.739501953125,8.78375159592106,6.789486318362093,49.14305114746094,3.2566166417234053,200445
430582,280.5046681921272,92.32921753861747,118.08892059326172,971.0283203125,852.9393997192383,7.775437931555741,6.149068942273698,41.24375534057617,2.9390991016793477,233527
430602,66.50953583303237,33.04266636231357,21.0,325.8040466308594,304.8040466308594,3.9877064572058183,3.656260041738157,34.04685974121094,1.7292883033705255,54580
430603,64.62994610758726,51.83916250064247,21.0,461.00408935546875,440.00408935546875,5.472616077555701,5.584101781143567,35.30611038208008,2.2437520401998534,51105
430611,29.645640794137933,8.618560230637904,19.0,213.45582580566406,194.45582580566406,0.772207151983842,1.535412054492504,32.12456512451172,0.40245128005402203,83842
430621,95.35963951809713,109.92521409301436,21.0,933.7892456054688,912.7892456054688,4.648623335678645,6.678939602124033,47.957637786865234,1.7620401284149547,375841
430623,38.14286664779641,32.95521280673536,20.913681030273438,368.818115234375,347.90443420410156,1.6470701613059646,3.3744187102662315,37.483821868896484,0.7312747195661781,214589
430624,38.24075359280193,36.788607964390614,19.5,540.6069946289062,521.1069946289062,1.430864217359251,2.8624972076441435,38.5503044128418,0.661854121247188,204354
430626,275.92536580366954,213.2521238875565,27.0,1593.15673828125,1566.15673828125,12.360271320147069,8.546724253092849,52.97687530517578,4.074541187570577,547550
430681,85.3209382039839,89.499137273289,21.0,758.2774047851562,737.2774047851562,4.509868496745529,5.850505988077511,41.644432067871094,1.7557449730097472,221999
430682,145.09945897667646,152.55485278549858,19.0,1236.0142822265625,1217.0142822265625,8.466612946307126,8.06839472299597,44.69874954223633,3.0313282033278646,230374
430702,36.399981470541576,12.153460153525906,25.0,193.53863525390625,168.53863525390625,1.149397992255564,1.7688135451991103,26.063282012939453,0.6044281915919395,39837
430703,68.2447044728033,55.067783407023214,13.095742225646973,620.9412231445312,607.8454809188843,3.3132118000312243,4.459044459777593,45.079837799072266,1.3734744761951607,327052
430721,31.18923705903232,3.149900883117008,21.272918701171875,139.99478149414062,118.72186279296875,0.5684276242852753,0.8478968779980952,22.830135345458984,0.31024611469733,147293
430722,47.05238908076915,32.303919170302926,4.759889125823975,327.6174011230469,322.8575119972229,2.1898736843022677,3.2750741189984636,32.2120475769043,0.9916979473481131,278637
430723,92.25085630872697,90.10613947396041,27.0,847.757080078125,820.757080078125,3.9886508089495174,5.608021314311664,46.170188903808594,1.5486141676036265,278386
430724,86.64513330194816,47.18156287592472,33.5,588.8930053710938,555.3930053710938,4.314254114978781,4.6954973632657815,39.382442474365234,1.7586223010488695,161360
430725,189.99426513294986,169.48658263686528,25.377086639404297,1087.617919921875,1062.2408332824707,9.796093087564985,8.628943710331068,54.47748947143555,3.488176881201951,592251
430726,489.09631769594074,347.03007722563234,40.0,2074.00927734375,2034.00927734375,17.167060003516944,11.318321889018137,67.8106689453125,5.1356656052543315,533979
430781,49.48984427450873,27.48727345745968,27.5,368.08306884765625,340.58306884765625,2.823442179215446,3.093090325477132,30.312515258789062,1.256193719096237,74601
430802,502.1154818461323,216.81962008737983,134.0,1501.512939453125,1367.512939453125,17.719198402924903,10.322730308504637,61.39840316772461,5.595795408637062,291765
430811,676.2041616444527,205.25437067468425,242.56253051757812,1268.067138671875,1025.5046081542969,20.60427433850315,9.928013889461255,60.06612014770508,6.261907780442235,52666
430821,402.61302721574015,238.56971096207377,66.5,1397.8321533203125,1331.3321533203125,15.549942163039107,9.905569000683254,66.89213562011719,4.959949564864692,466833
430822,697.3253872226993,271.83329386307435,183.72805786132812,1841.6029052734375,1657.8748474121094,20.52962419974268,10.665695677569522,67.46891784667969,6.116669340546813,464533
430902,40.13515367907028,20.89629476819306,23.5,246.8051300048828,223.3051300048828,1.7222877984697624,2.454066277955392,26.26051902770996,0.849201684347646,77232
430903,68.60869194322224,47.8202018503297,23.5,484.53558349609375,461.03558349609375,3.9529579222176423,4.914449278193861,36.596435546875,1.6625146307618934,168732
430921,28.432825923391192,2.3335558447783415,18.0,61.692726135253906,43.692726135253906,0.4317776400223075,0.5824942815523313,10.107382774353027,0.23663945257219252,177473
430922,167.6108842133964,128.07936414402553,28.5,894.6712646484375,866.1712646484375,10.441833310351987,8.227246214001337,44.446136474609375,3.6217240474042476,274329
430923,394.6157972652036,211.61952152506058,59.0,1605.2730712890625,1546.2730712890625,18.461888372561404,8.890230040619974,53.138648986816406,5.648363742821682,655821
430981,28.81411227991901,5.997082457796261,17.483020782470703,111.96623229980469,94.48321151733398,0.5872818013166761,0.9444017212038448,15.946409225463867,0.3171234971035089,284331
431002,573.4739462732595,362.7961183886641,133.5,1636.6962890625,1503.1962890625,13.324668367569206,7.993870774563,46.3625602722168,4.172780200816402,106088
431003,450.72808188396885,358.317424039923,110.5,1888.9317626953125,1778.4317626953125,13.062667059203505,9.7969361677897,53.61819076538086,4.022088052773263,173677
431021,353.1324972657906,194.75794624246984,77.5,1407.3948974609375,1329.8948974609375,9.978011561829405,7.417784665084249,55.5679931640625,3.409102553040936,384040
431022,492.0620964209346,316.52582394659413,165.0,1880.86865234375,1715.86865234375,13.149593063870917,9.106829784870197,54.783203125,4.296352293406526,275046
431023,268.33958413861046,178.11517489405256,90.0,1364.0653076171875,1274.0653076171875,9.672353703376968,6.718189228065557,46.10037612915039,3.6258613345957222,256946
431024,274.2741148513041,88.15982837186782,147.5,896.5343627929688,749.0343627929688,7.015178559460191,5.784235751305198,41.32090377807617,2.7178567304536485,89446
431025,550.954250871793,269.94043110769104,213.0,1699.8721923828125,1486.8721923828125,12.827359996313184,8.88503873448549,52.216190338134766,4.166731780668113,177813
431026,708.4658343930607,230.30835485518318,174.7400360107422,1707.55078125,1532.8107452392578,16.52966720349049,8.988458239887605,57.991294860839844,4.869120128260699,310530
431027,1049.1480398598146,278.9069526818216,297.0438537597656,2034.062255859375,1737.0184020996094,18.154470531426753,8.139310357954939,54.06184005737305,5.078635473951807,186151
431028,238.07927399305194,176.62310325058093,72.0,1412.72509765625,1340.72509765625,8.91084098780313,7.818179206449276,53.58245086669922,3.184872624316509,191361
431081,587.8200120086223,301.5905940765068,106.5,2030.7904052734375,1924.2904052734375,15.788607990560626,9.348646348438823,54.71567916870117,4.6475348837864345,353891
431102,285.9202243339942,227.01436607863502,98.0,1605.034912109375,1507.034912109375,10.03969929893184,9.458751749104964,50.658607482910156,3.287819980780489,256370
431103,162.54404239019732,83.4463708610092,88.0,953.7799072265625,865.7799072265625,5.731079049489417,5.333682162372805,44.83261489868164,2.270691434761155,158553
431121,260.2250559716069,226.21604480141897,66.0,1417.5059814453125,1351.5059814453125,10.52686997484202,9.305627944542547,51.27303695678711,3.3671976757075157,331282
431122,330.8919702165276,238.2533326779375,99.0,1680.4935302734375,1581.4935302734375,11.122297597205373,9.491081979991717,53.51113510131836,3.661760685330501,288348
431123,543.3422065382189,253.12355564562685,114.5,1561.0640869140625,1446.5640869140625,19.71517783956501,9.036148136894196,51.83576583862305,5.467265607822267,223447
431124,414.1116928345533,302.3596788221197,164.0,1984.412841796875,1820.412841796875,11.262072018093583,10.680662232115576,56.217681884765625,3.5349664908161125,317202
431125,466.8426979991537,252.45739508059606,186.5,1721.457763671875,1534.957763671875,13.558516415333834,11.384729411630063,57.28704071044922,4.237379648520002,209657
431126,467.00041053358603,278.0161397288255,168.0,1942.5579833984375,1774.5579833984375,13.25152517413511,10.501537618668808,53.89239501953125,4.129705843221575,322197
431127,613.8981871044674,303.41525303451755,189.0,1747.41162109375,1558.41162109375,14.674584730078978,9.461075537590908,47.09650421142578,4.405667006640088,232986
431128,342.6724096412373,155.6075643078956,149.5,963.0302734375,813.5302734375,9.83542707640093,8.455529697438047,44.83204650878906,3.4932734861696493,129941
431129,594.7868758926769,284.313205680629,189.0,1812.268798828125,1623.268798828125,16.678392450943573,10.26091023393675,53.57234191894531,4.921130871083103,419559
431202,326.5424203848941,114.06582706186057,185.0,1156.719970703125,971.719970703125,11.004786217980284,7.358522467431073,51.88088607788086,3.883880579267148,88781
431221,429.4474543129302,203.87308628357155,138.0,1241.7784423828125,1103.7784423828125,14.614649642568256,8.365064587546321,55.458003997802734,4.862191053565153,199515
431222,363.9879472888383,187.30480366587562,51.0,1333.6119384765625,1282.6119384765625,17.247333690815257,9.103393971488826,53.93769836425781,5.505826925585597,771756
431223,332.64575312890764,189.49052464160894,106.0,1356.9835205078125,1250.9835205078125,13.777990971392477,8.580888367766848,53.62150192260742,4.631145601330302,262841
431224,528.8423083438653,294.8570034092831,129.0,1608.3983154296875,1479.3983154296875,16.504443602533865,9.21243654477213,55.415428161621094,5.001008039124478,451804
431225,424.08960186582783,119.0000744959557,172.5,1422.954833984375,1250.454833984375,13.83800614998756,6.909452670554413,43.289485931396484,4.628339883137599,295742
431226,317.1211859759282,160.05680985414332,122.5,1390.7723388671875,1268.2723388671875,12.67089761419299,7.653332084602914,51.64363098144531,4.585334286603948,206773
431227,617.5199980100142,144.70839374943463,298.0,1121.2529296875,823.2529296875,17.73228646305993,8.026805289384377,50.1504020690918,5.737912225487842,196050
431228,413.5264542926252,137.73736204532122,199.31329345703125,1166.4757080078125,967.1624145507812,12.868149880326104,7.53468421716266,48.23564529418945,4.468171771988037,274600
431229,517.9087630156109,151.63474144301205,275.0,1159.1109619140625,884.1109619140625,13.359344531940625,7.0823983433143765,43.10213851928711,4.440857141863261,287819
431230,552.2161649997003,175.5252974486381,173.0,1597.7406005859375,1424.7406005859375,14.895255841339251,7.051288122885674,48.36459732055664,4.895627397144067,287798
431281,465.47106732493756,288.5128792016232,151.0,1925.9080810546875,1774.9080810546875,14.456707278102366,8.174188690024552,51.30926513671875,4.549046538437558,300866
431302,170.82994767442418,87.55850243607942,83.05516052246094,851.9031372070312,768.8479766845703,7.9912296671916145,6.639900958188524,43.999210357666016,3.0274492800350137,82800
431321,183.87449113302125,99.35597463291448,61.38479995727539,800.3914184570312,739.0066184997559,8.912218774127485,6.914506994084319,42.479183197021484,3.2925730751207123,210254
431322,477.4323117887772,266.4653611828496,158.5,1593.7855224609375,1435.2855224609375,14.67141569703327,8.982634722387,58.709022521972656,4.632731464632066,480949
431381,375.56879396041813,176.7438128635596,156.6875457763672,1055.105712890625,898.4181671142578,12.851375656609564,7.523358774757884,46.86958312988281,4.276854529943057,56891
431382,301.74688029760983,177.42570848741562,104.38463592529297,1452.358642578125,1347.974006652832,11.536342285997817,8.025057129015112,57.53948974609375,3.998034948779994,238046
433101,362.8524709859348,127.17170202873095,143.0,924.9493408203125,781.9493408203125,17.95095659702345,9.54972717652425,62.80754089355469,6.280050687245767,142873
433122,312.1374216934793,112.76224461326986,105.0,784.9597778320312,679.9597778320312,14.448559207101752,7.926359971116193,55.138179779052734,5.1942964540599466,207279
433123,553.3567469447146,174.3731582451925,180.5,1034.319580078125,853.819580078125,14.641330534742854,8.819823198806242,59.76136016845703,5.52226503719623,228251
433124,646.675615051309,179.97105813986587,228.0,1233.9385986328125,1005.9385986328125,13.900709743597924,9.295007302265597,66.25472259521484,5.145301092939126,147015
433125,520.25086162765,179.72335909238947,196.82537841796875,1289.11376953125,1092.2883911132812,18.003999437006335,9.385966735260087,60.847015380859375,5.890815394975835,232883
433126,504.2117171568088,162.01583960395334,146.1191864013672,1133.6824951171875,987.5633087158203,19.63537255032476,9.270139217511742,59.400657653808594,6.157043425298506,172395
433127,564.2887377413967,174.3970957913512,118.0,1408.7467041015625,1290.7467041015625,17.755848714429852,9.692741444694255,63.442317962646484,5.792926153610717,510121
433130,706.3742846773963,249.00612595080412,240.0,1728.262939453125,1488.262939453125,18.186389071237105,9.794678480601128,63.715553283691406,5.92006378029747,418744
500101,611.4652095059828,262.6209053526699,157.5,1752.65673828125,1595.15673828125,16.836448609306732,9.21533632257168,53.54305648803711,5.147425525005669,468307
500102,571.5448005423278,304.79771949411446,146.39454650878906,2008.1678466796875,1861.7733001708984,12.891362869453594,8.508088088129645,63.35871124267578,4.3766415951817805,395205
500103,243.02104085095067,61.011037184755004,168.0,390.375732421875,222.375732421875,7.3491385298094505,7.05417094971362,38.11130905151367,3.584136374863072,3189
500104,258.3894398109758,77.52301404966958,169.5,601.3256225585938,431.82562255859375,7.508240980366718,6.588434289159533,40.047828674316406,3.2461539087004865,13886
500105,264.50792418964505,90.49079230333408,168.0,673.4382934570312,505.43829345703125,8.47072754289395,7.379105037112061,47.80935287475586,3.4954685840745277,29666
500106,348.8582457751846,108.88581295726668,168.0,699.2761840820312,531.2761840820312,7.658656351814216,7.13834797044885,39.06407165527344,2.874682221176394,53306
500107,323.8364971595733,89.57895701351026,168.0,687.96240234375,519.96240234375,6.7325917212441535,6.059395772486621,37.56833267211914,2.7587933878744333,57855
500108,309.902548163021,102.76794552173868,168.0,672.038330078125,504.038330078125,9.585330765165187,7.072209734300788,53.389434814453125,3.6033206861561347,35226
500109,416.5129337747637,194.5031580442123,170.0,1293.227294921875,1123.227294921875,11.84846054008255,8.182494315968647,52.0081901550293,4.045826465653425,100815
500110,673.9081876117463,267.67876973358915,197.0,2007.9571533203125,1810.9571533203125,16.26388152482583,9.134295218774776,62.55220031738281,5.12221281339045,365962
500111,395.83387167892005,77.14305215533041,265.0,922.4025268554688,657.4025268554688,6.83488038796132,6.083934951531784,45.96388626098633,2.6857184336946336,192213
500112,396.768841346596,157.22888431340743,168.0,1409.5126953125,1241.5126953125,10.716089650196674,7.2909063610592595,59.09807205200195,3.920655551857065,195818
500113,450.5035978850094,174.37968975905946,168.0,1120.7357177734375,952.7357177734375,12.349436823249706,7.577571847837088,49.57522964477539,4.387544223611851,243383
500114,847.8278774759052,256.60253842293844,344.58197021484375,1934.0177001953125,1589.4357299804688,19.462656811804067,10.197505590139095,67.17598724365234,6.073955301594992,321044
500115,398.59371406190166,126.50841277746629,167.0,995.2215576171875,828.2215576171875,8.51529835632687,7.085593992845084,47.80131912231445,3.3015225752727075,191212
500116,461.32593388426073,295.150999973147,174.0,1631.3050537109375,1457.3050537109375,11.67690359489077,9.31456316323118,60.92653274536133,4.141119029716742,428311
500117,317.8870528437237,100.55258776579211,177.0,1367.9420166015625,1190.9420166015625,8.038366331039356,6.547020138184245,53.99751663208008,3.269127446991957,315223
500118,363.9343843283977,103.23282352154712,194.5,1007.12890625,812.62890625,6.862720563839991,6.271444356443774,47.167877197265625,2.632664885525632,211090
500119,944.3539112241257,329.8632057678049,335.25042724609375,2231.038330078125,1895.7879028320312,16.833058039226923,10.143071266875783,66.17481994628906,5.265623502886192,346440
500120,355.8000468207145,93.6270520271251,205.3021697998047,867.1134033203125,661.8112335205078,7.601973299757239,6.686519066339568,39.703163146972656,2.8729179754617604,122357
500151,324.7098615895736,94.21500812660616,201.0,876.2505493164062,675.2505493164062,7.279629758638426,6.2873157637949335,43.31422805786133,2.860469985604383,180200
500152,294.4028437410571,39.521634527963684,215.5,617.0167236328125,401.5167236328125,6.531229875478054,4.721177471506112,38.414764404296875,2.6930253075136577,213048
500153,369.9712881939399,38.98276880284811,291.0,701.6177368164062,410.61773681640625,4.493258460070871,3.7249267226671505,43.31379699707031,1.8784146352491815,143565
500154,754.0687244004405,476.7262470756786,157.9558868408203,2589.742431640625,2431.7865447998047,19.354043186750378,10.616460933347946,70.74812316894531,5.387562440710161,539703
500155,544.310373036436,150.18896120736977,228.5,1204.0350341796875,975.5350341796875,11.22794564682786,8.598256719146892,50.961727142333984,3.878506607759896,256593
500156,988.5428150944861,420.3269739633762,144.9471435546875,2024.3212890625,1879.3741455078125,20.126336755477137,10.194493775486592,72.77728271484375,5.646695846273271,386478
500229,1552.7636325302383,429.999162942749,497.9095458984375,2676.301513671875,2178.3919677734375,28.646017312193546,9.589453076320815,65.4325180053711,6.429415618770698,451462
500230,755.6979902057551,443.4388828967823,152.59222412109375,1978.0845947265625,1825.4923706054688,16.127279041669066,8.869646830753606,61.287925720214844,4.880387108870439,389820
500231,459.8894083865539,109.69997862461388,308.4753723144531,1149.4952392578125,841.0198669433594,7.756139750832355,6.650798196008375,42.94084930419922,2.9408700488303032,204745
500233,451.4506482866583,169.44933085387177,157.5,1671.864990234375,1514.364990234375,12.50771299489228,8.021910231171638,53.38502502441406,4.387068326078091,294601
500235,653.1374456622254,297.54433921471474,157.5,1786.3868408203125,1628.8868408203125,20.148989957175036,9.348535103486935,64.37553405761719,5.391187811773829,495596
500236,981.0744230282917,427.4272312584617,157.5,2110.5361328125,1953.0361328125,21.668558112309256,9.784687057013226,70.11190795898438,5.896167117573608,557100
500237,985.3701290342038,493.78446932421303,100.50593566894531,2640.467529296875,2539.9615936279297,23.20374010038119,11.183815393069441,69.45112609863281,5.803212959706757,402123
500238,1308.7970453623159,505.6859420882898,168.0,2787.141357421875,2619.141357421875,27.508935854986394,11.621989692821511,70.18060302734375,6.343252246497618,550706
500240,1117.727073571049,365.72010571502153,157.5,1921.3355712890625,1763.8355712890625,18.804867079785694,9.954131637068087,66.21121215820312,5.850749713026576,405957
500241,595.8598493228405,212.03642333748977,246.0,1618.9488525390625,1372.9488525390625,17.333917243544757,9.71422691207235,60.95784378051758,5.676051184192532,325152
500242,784.6245772019289,266.5774489964698,242.10206604003906,1845.5233154296875,1603.4212493896484,18.866246293620183,9.512313986846422,67.24623107910156,5.906503593263938,688961
500243,842.2379288290759,294.6792725924539,189.7349090576172,1746.2857666015625,1556.5508575439453,19.338312387981514,9.684381375285257,68.84988403320312,5.722939087872758,521361
510104,497.8094790248797,11.437677310615262,472.5,542.8024291992188,70.30242919921875,1.830836791619317,1.2044479907059218,10.877344131469727,0.8260769317376415,8288
510105,512.1476296441867,7.258339441473471,488.0010070800781,531.9024658203125,43.901458740234375,1.1662115623828284,0.8936777886946569,13.487054824829102,0.5664506055367858,9031
510106,511.4634756848355,10.664079251603436,488.049560546875,582.2283935546875,94.1788330078125,1.3879723164745938,1.3116534973839835,9.797776222229004,0.6123599189766752,14903
510107,493.1974626348647,8.505230845010011,467.4129943847656,523.3524169921875,55.939422607421875,1.2214554856988005,0.948395982926761,9.709322929382324,0.5996946968192762,17271
510108,504.3121542341107,10.060663026291893,480.7200927734375,590.24169921875,109.5216064453125,1.5027292027111536,1.089543075843989,11.643213272094727,0.6758397447990305,14649
510112,563.2697810998695,93.49125117470709,445.7578430175781,1041.265380859375,595.5075378417969,7.341797473995861,7.818575462653941,41.38821029663086,2.3983961639895113,75839
510113,510.0669167725874,75.53633485935305,444.0,951.8689575195312,507.86895751953125,5.019590222106609,6.67776258922457,36.641990661621094,1.697876007496657,50399
510114,509.0957199130854,21.95304304070691,466.5,589.7481689453125,123.2481689453125,1.0492219911162037,1.0094819358936578,20.472244262695312,0.49606000481991563,67868
510115,551.9586025031807,29.127340343121613,502.0,649.5674438476562,147.56744384765625,0.8801168306268643,0.7246420351362552,8.653280258178711,0.4416048813601703,37531
510116,504.035663416575,58.63157942926197,433.0,968.01318359375,535.01318359375,3.4436573167493556,4.147454618159333,37.133323669433594,1.3610836865803164,144003
510117,568.8055381092435,30.90185142330686,507.7611389160156,648.9819946289062,141.22085571289062,0.8871017738794458,0.6822364927161095,8.433435440063477,0.436201196805414,58914
510118,474.9125601925526,22.15314246619212,437.5,667.1446533203125,229.6446533203125,2.2714907284309693,3.450379689110822,30.315462112426758,1.040580649518343,44686
510121,492.35030584984986,95.35195010442335,385.5,1016.8404541015625,631.3404541015625,7.598121249541234,6.379238351403658,45.405277252197266,2.792377380138345,157145
510129,1286.6860835580276,944.9671202238311,473.5,5257.88818359375,4784.38818359375,16.582083212098876,13.69128580559246,63.329769134521484,4.1349373148879955,173336
510131,578.6241664954573,79.40258318139738,458.0,998.979248046875,540.979248046875,4.755075515075592,5.931845669792336,40.05155944824219,1.879074669990572,78424
510181,1271.3869747191522,770.9289940601611,560.5,4223.52197265625,3663.02197265625,16.57397157587298,14.869166085870601,63.20594024658203,3.630635825424188,163737
510182,1232.7250374167836,887.5983781216021,488.9032287597656,4657.6826171875,4168.779388427734,14.314223479326287,15.233082359719267,64.70939636230469,2.9734204798347164,193609
510183,701.0309312045246,284.39123874547283,454.0,1981.74853515625,1527.74853515625,8.916649194482416,9.628361761914894,63.14638137817383,2.9682006072062435,186139
510184,1032.0961515079964,704.3077046093915,475.1254577636719,3856.756591796875,3381.631134033203,12.1392667075835,14.171883985571997,61.95118713378906,2.924125921706486,147902
510185,446.29713891463797,63.97404652311266,360.0,978.9276123046875,618.9276123046875,6.451172022897573,4.743484988619716,42.763511657714844,2.624780886907797,299490
510302,370.7036724163302,38.4405849405906,271.5,492.7139587402344,221.21395874023438,5.684231881881496,3.99135008562222,31.271343231201172,2.441742170271969,20719
510303,345.00735478405306,20.76655865841222,283.4070739746094,472.6234436035156,189.21636962890625,4.786594138502707,3.25416661727729,32.45834732055664,2.020679305747449,54353
510304,321.6289704679886,23.990166290049082,270.0,436.1123352050781,166.11233520507812,4.956760121859335,3.1345292610882938,26.879060745239258,2.163025631167231,53550
510311,326.9695189383604,36.551841984626435,261.5,449.93634033203125,188.43634033203125,4.422610053807354,2.672369889744129,22.152976989746094,1.892767553870039,62664
510321,441.0444793672026,111.32366734389504,309.0,893.244140625,584.244140625,8.213185898017196,6.038080012273515,45.753387451171875,3.227484409922842,214649
510322,321.96177749918473,43.44240577267005,238.0,590.0578002929688,352.05780029296875,5.32873699998866,4.351616334279714,39.062442779541016,2.313162185465635,178215
510402,1350.4721150936612,256.9590432597476,980.5,2354.875244140625,1374.375244140625,17.8455027836453,9.519297372593456,53.33082962036133,5.078571408346497,21594
510403,1439.849871575217,375.0785717061688,996.5,2538.12060546875,1541.62060546875,17.408545340419824,9.466494970878998,55.13570022583008,4.540717587886468,17341
510411,1640.7014404101983,350.2800777253816,939.0,2913.451416015625,1974.451416015625,17.400012199646437,8.58643920655719,60.78291702270508,4.443010023625753,224234
510421,1846.3201568135269,471.854458571017,994.0,3432.721923828125,2438.721923828125,22.232552640755245,9.827789692118559,62.185829162597656,5.1075226352973715,275621
510422,2016.4661515036312,560.6818190035611,966.5,4085.16748046875,3118.66748046875,22.628706680950824,10.254467830429753,71.60430145263672,5.4511184241362205,427421
510502,309.5351397178519,50.56803263884939,213.5,639.9188232421875,426.4188232421875,5.360792863045829,4.616617446812995,37.3145866394043,2.374331061261561,86506
510503,415.9240375275117,114.1675466533539,228.5,951.64501953125,723.14501953125,9.843457252982125,7.6627611662256765,47.88587951660156,3.802257358306268,153288
510504,304.8646837954535,34.83439800409534,219.5,422.6844177246094,203.18441772460938,4.260587180506701,3.4517531835956223,36.6630744934082,1.9825441150046577,44370
510521,336.998476015683,49.09930051742682,216.0,713.487548828125,497.487548828125,4.748111098753062,4.146756314623257,46.93247604370117,2.0151661153033724,204198
510522,531.6796142764471,294.2596961301027,200.5,1717.07373046875,1516.57373046875,13.961513268992464,10.422216656694609,58.07231521606445,4.79075139010113,321477
510524,919.4590541555444,364.97599162682167,254.0,1836.5858154296875,1582.5858154296875,17.251288070248624,9.743147389102589,63.02793884277344,5.450636118052117,392834
510525,1043.286918274577,261.5159661148194,317.5745544433594,1822.8253173828125,1505.2507629394531,18.74243931594662,9.34067519100217,62.93183135986328,5.9022369861615855,420748
510603,533.3568328564613,45.959280908053515,455.5,758.6970825195312,303.19708251953125,4.231213542594334,5.365654150650877,30.860767364501953,1.671316657660571,88590
510604,532.6673545486761,27.344513799927523,472.5303955078125,720.6094360351562,248.07904052734375,4.202451639513313,3.4358081628730273,24.4480037689209,1.7602455031242918,60706
510623,475.6559661024402,91.4912184330117,309.0,1037.441650390625,728.441650390625,9.540761410601032,6.448017367985435,43.465736389160156,3.7186013291455353,298885
510681,482.6017060962175,24.858252688315748,446.5,735.3818359375,288.8818359375,1.4224155795199325,2.901184517450383,33.74748229980469,0.665256709135287,74559
510682,1308.195994006852,995.044460979126,484.5,4560.22705078125,4075.72705078125,15.382989077507228,15.815196174357553,60.067344665527344,3.2726457059624505,112030
510683,1315.9301064481385,897.8927000881843,491.5,4304.64794921875,3813.14794921875,16.501404152881364,16.487523693582254,66.09706115722656,3.5184748566603425,169760
510703,498.96140452044875,38.530468485930434,423.5,635.6311645507812,212.13116455078125,4.47581012070796,3.3749886400981266,29.42013931274414,1.9755344290713488,76126
510704,514.7293568583198,45.29984233259045,424.5,716.5377807617188,292.03778076171875,6.920167236481957,4.927059612812061,30.83574104309082,2.7519525493966146,138952
510705,942.6945531118477,511.50662861870234,483.0,3070.281982421875,2587.281982421875,13.429303017422345,13.913230265849236,59.150535583496094,3.4680038020679227,162612
510722,450.1429865113801,41.42879098443985,312.5,652.0079956054688,339.50799560546875,9.828030916588501,6.455464592542368,39.4040412902832,3.9155656583157596,362621
510723,466.4240673754912,67.80463605394209,343.5,773.2493286132812,429.74932861328125,13.644518220384487,7.267720043766849,43.599098205566406,4.959244766626314,224089
510725,565.671360093459,76.20419652378934,417.5,904.1902465820312,486.69024658203125,9.810667923331225,6.2213126253511835,33.760921478271484,3.276443132720525,198036
510726,1665.6600442770011,701.2682566959204,524.0,4704.30322265625,4180.30322265625,28.318198794604758,10.230377134663403,70.08036041259766,5.8240805609583175,421847
510727,2123.7924856107097,851.7677982534575,637.0,5030.64453125,4393.64453125,29.356522146051134,9.539036031281835,71.65419006347656,5.902816644961563,821975
510781,852.4997156788479,356.4345340225963,471.0,2326.931640625,1855.931640625,14.467159547897111,12.033602786457832,69.28732299804688,4.146335655980672,373941
510802,870.68680107384,273.18412894623947,454.5,1836.4488525390625,1381.9488525390625,18.537967983582504,9.97480328718099,65.95085144042969,5.020452901742826,211697
510811,749.6365634661433,156.93488328153805,435.6230163574219,1433.8680419921875,998.2450256347656,13.241093519352221,6.686859237561479,50.35348892211914,3.7132269043485358,196782
510812,1075.1860129529625,325.2126784458524,474.0,1979.425537109375,1505.425537109375,21.119262694953957,9.470216304160436,63.57792282104492,5.943044350376198,223603
510821,1065.0661271631243,371.9189008359814,389.0,2275.504638671875,1886.504638671875,22.949992654756624,10.327012118837157,70.07585144042969,5.95263863023834,413172
510822,1236.3087323162247,481.3014238359957,506.0,3806.924072265625,3300.924072265625,24.982003659210122,9.456709108425294,61.88837432861328,6.0192033916901355,444866
510823,666.6797762663996,126.78898981979178,420.0,1207.200439453125,787.200439453125,13.016447783077767,6.156542840703225,58.71407699584961,3.557658101157411,439845
510824,641.1966453926857,169.17348161978668,353.0,1358.783935546875,1005.783935546875,14.965224257225804,8.05901907360647,50.17688751220703,4.707204505670062,320299
510903,324.12455428800405,39.05241812031102,247.0,523.5642700195312,276.56427001953125,7.09310325359948,5.794719904903893,32.58345413208008,3.0748491482391516,81934
510904,330.23419771752197,31.54113607757848,247.0,502.5347900390625,255.5347900390625,6.907327654960926,4.313733742989723,27.59267807006836,2.9800632247854733,171623
510921,366.32669306068084,45.80918935826883,250.0,550.4322509765625,300.4322509765625,8.922794387651782,5.764810095532963,33.93339920043945,3.7122909905777624,170037
510923,357.1992455459849,32.26634635640044,285.5,535.1029663085938,249.60296630859375,8.363015725448289,5.1710596663617965,33.652069091796875,3.600192601891343,95056
510981,404.58969424020074,53.62369115115627,297.0,661.0070190429688,364.00701904296875,12.070281985829665,7.317332579880714,41.9398078918457,4.677622826247419,203732
511002,336.1599929862675,22.10264436676633,273.0,441.4320373535156,168.43203735351562,5.696376381419226,3.374547812173238,29.565080642700195,2.427152855974213,51720
511011,356.7781192604802,27.05587279176486,274.5,517.280517578125,242.780517578125,5.702408081251013,3.456661915404204,28.90478515625,2.4028464356576222,158710
511024,488.51918591340984,138.75116063821062,280.0,897.7967529296875,617.7967529296875,9.965820457107409,7.051648815400712,41.03446960449219,3.7847605798733657,172971
511025,404.77564147931696,58.58210262420775,298.0,734.6488037109375,436.6488037109375,6.85184262847391,4.461311447129472,41.56327438354492,2.879545885700881,233397
511083,364.7196664134729,35.29191392112425,277.4317932128906,652.103759765625,374.6719665527344,4.052425695532224,3.929515029414188,42.318824768066406,1.6983266110098647,106486
511102,409.33481631697697,38.02682626100447,349.0,681.5543212890625,332.5543212890625,6.055491728828527,5.229533751764413,40.690155029296875,2.6610501074937862,112757
511111,682.4341420471388,269.9919220889373,365.5,2015.3238525390625,1649.8238525390625,14.763362373008828,10.580162050720654,70.13642883300781,4.859426883851713,80780
511112,407.12429968492523,65.41592799405659,326.5,724.1422119140625,397.6422119140625,7.007896548176075,6.316385979807034,50.22599792480469,2.989279934226952,62198
511113,1816.6264070655707,567.379523534021,540.413818359375,3370.5078125,2830.093994140625,29.87186460078156,11.49216619819063,70.12078094482422,6.499219650550087,80525
511123,430.6025777258876,91.9915618997264,299.5,1047.989501953125,748.489501953125,9.45369604328929,6.82478086469763,49.40133285522461,3.834145099548335,183372
511124,420.7686628125744,46.17740985415365,344.0,676.1124267578125,332.1124267578125,6.622713004331461,4.345032168355495,40.27667236328125,2.726056909158803,113179
511126,534.2424558098036,171.9528512908788,376.5,1425.903076171875,1049.403076171875,8.316289777738682,8.118597367137362,54.73356246948242,3.006633575841982,99522
511129,742.191201116466,292.2191602710934,308.0,1870.6221923828125,1562.6221923828125,17.923356748355697,9.382082548690217,57.96509552001953,5.520018258348391,189112
511132,1942.3993397435336,744.8559717679948,472.5,4209.771484375,3737.271484375,25.559398429349447,10.605505853387076,66.81993865966797,5.870784224175323,317533
511133,1434.3692736165217,604.0741641857667,455.0,4025.580322265625,3570.580322265625,24.36139696381914,10.170086295559145,66.42164611816406,5.963283880819812,305631
511181,1052.9046775452593,558.0211435693735,381.0,3084.90185546875,2703.90185546875,16.556916947947716,11.972499988658624,64.06515502929688,4.57770893082995,159427
511302,333.2206828632782,42.23051253672538,259.5,499.1064453125,239.6064453125,8.133015812511552,5.83788765871779,37.64851379394531,3.2901545161872634,73489
511303,346.06980390415924,68.03088599760146,249.5,817.2496948242188,567.7496948242188,7.367908137415669,5.94588157227745,38.39997863769531,2.83402735737923,110537
511304,341.2518805705985,56.40553450512334,248.0,536.915283203125,288.915283203125,9.319513266453585,6.072619781315412,37.927879333496094,3.637769534535772,159078
511321,421.3409700457572,73.08786324325246,308.0,814.5120849609375,506.5120849609375,11.00739754979675,6.788609928860219,43.31958770751953,4.039156658727871,302243
511322,419.18156763576917,97.20293524929151,256.979736328125,869.6259765625,612.646240234375,12.212081730134448,8.541769139327577,44.3354377746582,4.0559928480137595,222539
511323,386.4607299452725,78.32305919767359,277.5,825.4191284179688,547.9191284179688,9.333581904545513,6.720421958570318,42.882850646972656,3.4749420768820967,181044
511324,452.18737395374313,76.92433259414639,309.0,773.043701171875,464.043701171875,12.579384416901219,7.991822951461291,42.81996154785156,4.436828494962234,244973
511325,390.65354265040816,41.233678529299496,303.5,595.4878540039062,291.98785400390625,10.068033655695288,6.531169786322362,38.854427337646484,4.014188013920561,150983
511381,471.99966907655573,93.98464007937048,333.0,873.7235107421875,540.7235107421875,13.41028593782279,7.6807701069447845,46.26450729370117,4.43844121821696,257024
511402,465.30396151297344,65.50503577202686,388.0,894.5792846679688,506.57928466796875,3.7452738630095985,4.623225481082071,42.306724548339844,1.5958077387070626,179311
511403,467.837070607052,37.6919133354637,413.0,693.4224853515625,280.4224853515625,4.662009961854721,5.237690810859535,33.50480651855469,1.9915210166654667,62421
511421,454.5777282399167,70.06071596288224,341.0,974.8922119140625,633.8922119140625,6.6237728201564385,5.036315081189008,43.134033203125,2.639916348322681,351892
511423,1305.245011463519,737.9229456683263,428.5,3491.172119140625,3062.672119140625,17.814130683800972,12.294454301740481,65.61090850830078,4.979002492570071,260617
511424,605.2641132145944,131.300314050177,438.5,1124.1492919921875,685.6492919921875,8.206997539310628,7.007850442579832,48.914772033691406,3.012497236841308,61845
511425,432.5623205236645,47.041660003571664,365.5,686.9594116210938,321.45941162109375,6.618820513873075,6.49275864217902,45.975914001464844,2.9003679126537567,52010
511502,358.806436600157,46.60069950467102,253.0,635.5218505859375,382.5218505859375,6.411592697646929,5.288898936898244,43.109107971191406,2.8577107029190354,202929
511503,351.8917481339675,63.23815967300005,244.0,568.2692260742188,324.26922607421875,6.625575351951693,5.825104486251876,46.57051467895508,2.9307755457316302,90159
511504,472.2215096860279,192.7407420186249,256.5,1392.2952880859375,1135.7952880859375,10.71680706584525,8.400385742305442,60.334739685058594,3.923696784440778,342892
511523,370.94720893099316,97.80725569439971,233.5,891.901123046875,658.401123046875,7.6564033710623765,7.063761560565241,54.9058952331543,3.0187898252166674,126045
511524,445.6012354860299,178.7549712367259,243.5,1488.0518798828125,1244.5518798828125,11.075040478092069,8.983034676704348,56.80803298950195,4.001146826713266,125486
511525,512.2145028688383,140.26537372657268,273.0,1186.6319580078125,913.6319580078125,13.720962248368796,8.523898944179548,54.92451858520508,4.7927900891469415,175571
511526,729.9943306504092,219.0475462571078,318.0,1627.6239013671875,1309.6239013671875,17.13534549126225,9.143782776037389,57.13646697998047,5.3100022657639165,151888
511527,831.9556869148345,254.10686231024582,366.0,1749.779052734375,1383.779052734375,17.974064122075124,9.357170232645968,59.915809631347656,5.721258062111004,165531
511528,721.2321771089169,306.8673027849479,281.53106689453125,1764.2266845703125,1482.6956176757812,15.643470238073203,9.486504575014553,62.727779388427734,4.9602734276754985,182581
511529,858.824083548059,325.787340809005,276.0,1995.983154296875,1719.983154296875,19.9355644163658,10.828323131839936,69.6963119506836,5.70714213300485,200738
511602,352.17020261094285,69.20676079449021,211.5,651.9039916992188,440.40399169921875,6.242353697614704,4.989554674946878,34.5146369934082,2.732231488857138,139115
511603,439.5495080036152,219.39087053160196,214.5,1134.869873046875,920.369873046875,7.974543599143906,6.746511383939891,42.61238479614258,3.017678758548054,68200
511621,384.3449339827443,73.91895523092646,202.0,827.4140625,625.4140625,6.465424698306573,5.484787885135765,37.3032112121582,2.595424825475121,200127
511622,297.1199003125201,35.38680255133143,204.0,417.6322021484375,213.6322021484375,5.232324168674377,3.737146875263188,34.90363693237305,2.334633694538072,129327
511623,493.19093580689247,200.78172473806114,187.0,1492.3184814453125,1305.3184814453125,11.598311981765077,8.13040615091175,52.70513916015625,3.9175856738323027,258021
511681,519.0176916579513,309.1686096761347,208.86734008789062,1679.8792724609375,1471.0119323730469,13.077787159826649,10.530976975651484,59.29849624633789,4.19141940733401,62886
511702,511.7407701555501,149.2712050848948,264.5,991.62841796875,727.12841796875,14.830832941464578,8.299368338004042,47.2869758605957,4.809424043375218,119799
511703,453.0519427259324,135.56343699271847,249.0,1060.033203125,811.033203125,11.816896738857261,8.049961156692088,51.72721481323242,4.053458390792167,306642
511722,777.6769718133753,321.66459857476866,291.0,2434.654296875,2143.654296875,18.807904003034434,10.075406771016251,63.80149841308594,5.425703173608154,584055
511723,589.657419955321,160.177298771996,256.291259765625,1255.2791748046875,998.9879150390625,12.039303988613378,8.883308860304215,49.558719635009766,4.0760702279461825,140239
511724,499.6685769466976,184.90547935972998,250.0,1176.0643310546875,926.0643310546875,10.056016787403443,7.641334718595707,45.30332565307617,3.430751330046702,282847
511725,378.3716668669246,148.27331676154455,233.0,1185.898681640625,952.898681640625,8.849097243059244,7.313851467396443,45.602134704589844,3.283448754915331,274340
511781,1021.5403628889986,318.6865408695612,356.0,2402.820068359375,2046.820068359375,23.31967981915944,9.908953550834878,64.74278259277344,6.02469893203155,557169
511802,1032.927028712641,313.5010442794899,529.0,2584.87060546875,2055.87060546875,16.382887546242465,9.593347604093257,62.847415924072266,4.684255451080547,143198
511803,706.9800454715204,97.49720519478706,542.5,1367.3104248046875,824.8104248046875,7.576843669255005,7.016052166353365,49.87936782836914,2.998764889931254,82547
511822,1761.926530490047,569.0114014206669,700.0,3653.239990234375,2953.239990234375,24.061720441382775,10.38515142339674,69.63074493408203,5.836294213826422,238190
511823,1956.0054121630299,602.0093664351408,625.93505859375,3937.293701171875,3311.358642578125,25.83260073897331,11.739990153479775,69.3589859008789,5.674395243777232,291996
511824,2460.7213160482656,867.2600211596836,832.5,5717.52197265625,4885.02197265625,29.960837076918473,10.462656860467478,74.79725646972656,5.726063021959309,356926
511825,2047.6001673264325,857.0760830357148,612.5,5064.7529296875,4452.2529296875,27.808873730529122,11.00379111249861,66.8526611328125,6.027520303895924,320294
511826,1781.3379887869162,825.4311916332376,597.5193481445312,5241.75048828125,4644.231140136719,25.99309911770994,11.396201933284969,68.89356231689453,5.920885744732928,162031
511827,2797.6567495201252,867.0348116113565,717.97021484375,5083.49169921875,4365.521484375,30.20544694275386,9.582852866286437,70.8766098022461,5.732627879680869,422222
511902,564.7476242975845,181.66419409980782,295.0,1350.5628662109375,1055.5628662109375,15.035082285036324,8.062257402278131,49.788822174072266,4.839375249429728,192106
511903,491.92612505427957,110.29779442050624,333.0,1101.6419677734375,768.6419677734375,13.78053044200984,7.716546281862375,49.21977233886719,4.830538918430805,159979
511921,890.8487287687601,308.78378298092576,312.0,1949.9310302734375,1637.9310302734375,20.706211804927506,9.51293465867245,59.13166809082031,5.4799862254715475,564934
511922,1057.2747781035712,401.2272813044121,350.5,2478.216796875,2127.716796875,20.962036366293752,9.916199689662017,64.55064392089844,5.636811093144434,468762
511923,563.376245316731,160.26113614026468,265.0,1333.96826171875,1068.96826171875,15.654837562450926,7.954467400643516,48.55266189575195,5.005881252151548,305048
512002,408.302665160164,25.923207366876404,321.5,544.81494140625,223.31494140625,5.883144337681817,3.6260372662950373,30.978229522705078,2.482599282195616,220500
512021,370.2296433838234,60.147045913749835,250.5,542.7958984375,292.2958984375,7.292571362439185,4.6876229607153705,35.54688262939453,3.0204233382332526,362487
512022,428.00271130330884,36.67840644003212,300.0,589.4124755859375,289.4124755859375,7.322446526996142,4.415542264809211,31.16035270690918,2.975711386181027,192785
513201,3804.1993341744046,493.5852893338966,2167.0,5212.65576171875,3045.65576171875,27.524995857259558,8.987413679699337,65.62713623046875,5.148613721701939,908946
513221,2956.021311396192,980.5785651515627,786.3204345703125,5886.43603515625,5100.1156005859375,32.15038855094822,9.83217826042791,73.00756072998047,5.819391425844883,556248
513222,3664.584508153289,743.5846699778369,1379.9368896484375,5803.88232421875,4423.9454345703125,31.737664318677947,9.614902168277052,73.14520263671875,5.542341960714186,594336
513223,3009.992230175674,778.5571304761771,888.7317504882812,5140.26806640625,4251.536315917969,30.67840346254234,9.653881082954912,70.96087646484375,5.623274370543018,532334
513224,3577.994273879897,543.9314204140245,1041.599609375,5514.58984375,4472.990234375,25.201748140411457,9.945750177514304,71.7359390258789,5.313034848454593,1152153
513225,3181.3714966215,639.1046106383907,1164.04052734375,4740.21923828125,3576.1787109375,30.121980750388182,9.310917360985203,68.74060821533203,5.632474649464414,735787
513226,3797.853903543619,609.16477576907,2013.0,5002.4580078125,2989.4580078125,27.26033109872399,9.461194873452188,64.32987976074219,5.059525362947661,734159
513227,3920.8186991841308,562.4216806236874,1734.46142578125,6024.9228515625,4290.46142578125,28.998398300312495,8.973764811853846,72.55130767822266,5.167941563678472,756835
513228,3567.5535335387435,603.7545962860066,1710.7069091796875,5182.83740234375,3472.1304931640625,28.55287680812379,8.878334431763191,66.75164794921875,5.230999018634398,567847
513230,4077.6458628694104,347.17426415638084,2669.07861328125,5035.0751953125,2365.99658203125,23.452983032563903,9.78371972005603,61.999759674072266,5.0867352529088175,913982
513231,3812.0931955163396,276.7133715793506,2861.301025390625,5029.01513671875,2167.714111328125,18.34188060901931,9.500619377011477,66.0621109008789,4.427677238816991,1404720
513232,3510.582423901914,215.40426031218357,2405.392822265625,4539.91845703125,2134.525634765625,11.007681939701678,11.255679542765414,62.430057525634766,2.9382262192766992,1447754
513233,3747.952621669461,236.06377758539708,3214.16455078125,4942.4443359375,1728.27978515625,12.515655178693635,8.840069002685357,49.851898193359375,3.492522016494432,1155951
513301,4002.7814411210124,663.6153305694091,1372.5,7043.87158203125,5671.37158203125,26.374671619979235,11.661358064915929,73.66339111328125,5.21121934581197,1560635
513322,3120.781203493188,1163.8404721540733,993.5,7430.4912109375,6436.9912109375,31.019763592256197,11.028994164021256,72.21102142333984,5.679056696168013,290200
513323,3778.263815250801,706.9040690079373,1703.7857666015625,5429.55615234375,3725.7703857421875,30.0183865478754,10.105843202718503,71.97101593017578,5.478182877888323,611896
513324,3836.0038291586966,725.0962531458177,1461.81640625,5797.92236328125,4336.10595703125,30.369856112298592,9.681381300668816,73.93588256835938,5.579192296416606,902754
513325,3961.506919631625,521.122962708103,2206.8564453125,5192.22412109375,2985.36767578125,26.155633399331197,10.505307517730364,69.5074234008789,4.929590242418624,1002307
513326,4093.6016656573092,437.6418230939321,2672.51123046875,5438.701171875,2766.18994140625,23.937905979389093,10.1038800510838,62.57615280151367,5.016849712778821,955986
513327,4034.4622424607696,362.4932882090734,3051.0,5425.3466796875,2374.3466796875,22.67204642244514,8.999445749645764,60.21754837036133,4.93002783142359,612762
513328,4275.385870168785,339.79149278693404,3318.5,5900.4619140625,2581.9619140625,20.448965122344145,9.6300686308604,66.50780487060547,4.642922974741794,939890
513329,4294.117479380909,405.7012403931829,2738.31005859375,5901.45361328125,3163.1435546875,22.431850829696515,11.144056356148248,64.5096435546875,4.811325996330175,1276719
513330,4303.9996259981535,375.67697503910483,2973.5,6067.18603515625,3093.68603515625,22.916420295100405,9.816108234426933,64.96815490722656,5.030211520153028,1572408
513331,4279.897206544912,427.06906816937953,2541.677734375,5717.84619140625,3176.16845703125,22.734082016419332,10.614958612036892,68.32711791992188,4.753029142827646,1395693
513332,4496.476819869805,265.2822368166376,3212.5,5294.505859375,2082.005859375,13.341672138356968,9.771829762177378,63.91672897338867,3.0560944954713687,3118550
513333,4238.679917621201,248.63456859456906,3035.690673828125,4987.98828125,1952.297607421875,18.347427992578755,9.1325220327607,53.04323959350586,4.429749885308156,1215407
513334,4334.760643347796,396.6288050685065,2639.5,6116.8896484375,3477.3896484375,19.366104103883956,10.633859498908926,66.70185089111328,4.535821012809216,1887558
513335,4280.2641525405825,607.1360827305413,2255.5,6136.2392578125,3880.7392578125,24.929883529635234,10.703323390216768,70.86064147949219,5.188841930690004,1036553
513336,4061.6172202359453,489.2966740822657,2511.516357421875,5251.43505859375,2739.918701171875,24.00121581657949,9.686726873159694,65.2779541015625,5.058156224231653,654451
513337,4194.287074939462,526.1647045247511,1893.52294921875,5925.13134765625,4031.6083984375,20.424223469590903,11.774423004961266,72.37258911132812,4.525810565174444,942495
513338,3645.2620962335295,664.2981281313996,1985.0,5307.25439453125,3322.25439453125,28.544562526307676,10.014852992120662,69.6441879272461,5.148402254552685,387698
513401,2196.214739758597,578.0340505922445,1194.0,4147.68994140625,2953.68994140625,19.31881959725088,12.022373042706537,72.13172149658203,4.424562622406948,382330
513422,3482.6619190063125,650.9219123403781,1503.5,5679.9306640625,4176.4306640625,26.71921096352433,9.601473353130975,72.88159942626953,5.295802443578007,1750605
513423,2755.6892896943045,542.0648067900835,1179.6353759765625,4349.93408203125,3170.2987060546875,21.97016091545068,11.666239419786903,70.08442687988281,5.160501138414106,1107828
513424,2236.0079004831555,610.8183506431382,1159.5,4275.53759765625,3116.03759765625,24.43093268231391,10.25872659566018,59.87165069580078,5.03443631684277,300313
513425,2061.709674057408,486.75793038035334,843.0,3887.13037109375,3044.13037109375,19.55266808590859,10.090171372265676,64.65779113769531,5.087016578356942,592364
513426,2098.4944277104287,528.739761462245,647.0,3321.0859375,2674.0859375,22.25020265776009,10.367498951479876,66.99578857421875,5.323333119672196,421104
513427,1947.5877221842354,686.321296637823,574.0941162109375,3876.8232421875,3302.7291259765625,24.489206459263272,9.98765852234272,65.54820251464844,5.246861104967924,220476
513428,2506.5425219929557,588.8955388209904,1071.0,4168.81689453125,3097.81689453125,21.854032031905952,9.350190849171916,61.27054214477539,4.965944653095049,250160
513429,2544.103544429142,609.9963522449706,563.7206420898438,3880.318359375,3316.5977172851562,21.607242577372386,11.840176218375207,74.70716857910156,4.983977455660679,222759
513430,2158.53396081051,767.7328578401182,536.9684448242188,4047.196533203125,3510.2280883789062,26.58550427544832,11.355765497427923,73.31070709228516,5.553251721176028,209147
513431,2579.385720115442,399.5749934065858,510.0280456542969,3896.3125,3386.284454345703,17.999564977166038,9.145513417229836,72.72500610351562,4.79970348152419,337689
513432,2606.1157426866,386.55094781247533,1604.31689453125,4320.05712890625,2715.740234375,21.36401823174383,8.998915308231851,61.29530334472656,5.146986692022758,278118
513433,2736.5241949773185,707.3401244050754,1296.7742919921875,5208.11669921875,3911.3424072265625,25.877672593165062,11.917614704289395,74.51557159423828,5.203065912960338,583496
513434,2610.6281748089928,572.0014837963859,1172.772216796875,4507.2646484375,3334.492431640625,21.25483218504527,9.9701660961415,62.270626068115234,4.942028519908323,301670
513435,2224.8700573201904,654.197044805623,599.1454467773438,4268.74951171875,3669.6040649414062,26.66919275669507,10.939586065141201,76.40275573730469,5.517731637587599,285565
513436,2544.9171224520187,520.4481081637482,630.0420532226562,4019.275146484375,3389.2330932617188,20.24624536049827,9.20069705926201,71.2422103881836,4.938426531010355,333644
513437,1808.6097680110765,714.9530124466859,351.9832458496094,3974.137451171875,3622.1542053222656,25.67629809192269,11.575237657559631,70.1706314086914,5.868347013296986,375280
520102,1139.8635876918243,56.631233133972074,1048.3226318359375,1450.531982421875,402.2093505859375,8.768692335974418,6.414117277163903,42.33185958862305,3.7198940673778775,26708
520103,1184.7672749867802,76.6259488218666,1025.0,1423.3138427734375,398.3138427734375,10.764868117399585,7.102798490382059,42.86916732788086,4.208286436803501,11982
520111,1221.1897196599384,109.55953316964857,1010.4436645507812,1695.2530517578125,684.8093872070312,9.821029865460897,7.244834675684048,51.40888977050781,3.9064624078554324,125053
520112,1226.1781680544036,123.0943515655866,882.0420532226562,1631.3460693359375,749.3040161132812,12.822510561710557,7.698606523745029,48.545860290527344,4.774213699104373,89352
520113,1322.1555543306636,71.8280074814504,1151.2574462890625,1609.110107421875,457.8526611328125,8.48568130137586,6.36327950006988,43.69328308105469,3.3886104248348263,35197
520115,1277.5566246153792,58.20779680369508,1108.0,1614.9200439453125,506.9200439453125,9.582271260265435,6.92556044559886,40.32487869262695,3.8027961728909636,40076
520121,1072.283596397277,182.27481297903068,535.5702514648438,1574.6435546875,1039.0733032226562,14.596625439646651,8.641401744155868,60.865997314453125,5.241661161350231,266304
520122,1110.3796941283715,190.878913092027,611.0,1739.6669921875,1128.6669921875,13.717903088621911,7.683418062561445,62.34104537963867,4.877364726100489,134791
520123,1275.6276812506192,116.05630285328812,736.5,1589.1600341796875,852.6600341796875,11.79393970315097,7.55237769300343,62.82198715209961,4.4913424111528055,141796
520181,1287.6258399437943,97.90469875538136,802.7277221679688,1748.601318359375,945.8735961914062,11.159831048929695,7.574255529264823,66.77176666259766,4.3093738584448396,180877
520201,1905.9202738145507,163.2510112237591,1406.5,2889.904296875,1483.404296875,15.491159510591958,8.628657129044182,64.15930938720703,5.362420912102511,139653
520203,1420.0629624742953,206.62034745982396,721.5,2026.4063720703125,1304.9063720703125,16.662982936321463,9.92637691655377,70.86817169189453,5.774176337301284,233976
520221,1702.6898765210726,362.5396550180102,685.84765625,2854.865478515625,2169.017822265625,20.047083969659504,10.65039603113011,71.48739624023438,6.090000985887302,392335
520281,1799.9633873267303,221.23700418365775,757.9783325195312,2854.1396484375,2096.1613159179688,16.20480044775266,8.683629252815031,64.85578918457031,5.359293235649865,522118
520302,934.197299524334,136.6846536359085,678.6643676757812,1648.964599609375,970.3002319335938,12.229553575543484,7.8454100457812475,61.6929817199707,4.546090035210295,184355
520303,1066.4790895626788,178.57568559365293,509.5,1834.3841552734375,1324.8841552734375,17.742316833057494,9.223930521139486,59.38869094848633,5.789314441534117,199798
520304,966.1522186216346,129.41753019826825,566.1441040039062,1584.281494140625,1018.1373901367188,13.090736892608614,7.88263794795659,60.2494010925293,4.791900379646195,325289
520322,1113.5879049240857,298.5462663054692,324.5,2190.14111328125,1865.64111328125,20.24769351904022,9.665782459727088,67.59027862548828,5.916791091970817,425820
520323,1070.739239991462,212.56663683674688,559.5106811523438,1786.35693359375,1226.8462524414062,18.24872971501616,9.635121150882629,62.48303985595703,5.979490618794493,338287
520324,1004.2636945289249,259.7226656880949,460.0,1800.54541015625,1340.54541015625,18.15465309473444,9.21421105617176,61.309173583984375,5.744165530487709,343074
520325,1026.2280579262394,302.6393173807756,305.3627624511719,1921.806640625,1616.4438781738281,19.54044970315597,9.989332938058286,70.87510681152344,5.748195819818616,286787
520326,971.6539945786676,234.12087684333784,322.07867431640625,1693.5977783203125,1371.5191040039062,18.79295274325718,9.689947874872255,67.49824523925781,6.034862436117522,370478
520327,862.4100907396225,146.70131088076124,382.3239440917969,1419.592529296875,1037.2685852050781,14.798350962845003,7.868498840442027,60.399051666259766,5.083560733497064,249959
520328,945.6899715025986,150.01574567424547,589.1828002929688,1548.152587890625,958.9697875976562,14.086947523169055,8.936326256392338,60.31629943847656,4.986195295391365,245529
520329,860.3162593162104,157.51803993017856,407.02685546875,1370.9326171875,963.90576171875,15.07595515497137,8.532829819545197,58.58677673339844,5.198022958601613,212842
520330,1052.4039228823196,279.03142274129806,274.0,1857.239501953125,1583.239501953125,20.146884002503377,9.93366772020892,69.58246612548828,6.032273141579589,405887
520381,795.2332437855025,299.06534994398197,223.0,1689.61083984375,1466.61083984375,21.567585812162317,11.333638151211979,71.31082916259766,6.273035725709285,248216
520382,946.7703023025884,229.90405591103283,343.3238525390625,1666.245849609375,1322.9219970703125,18.15326947878264,8.825921176217271,61.36906051635742,5.590542006228159,235944
520402,1339.7380533177275,78.51684451320645,1104.0,1657.671875,553.671875,9.843123470325477,7.933878656234717,51.74113464355469,4.287977807192997,224102
520403,1316.8334695486533,74.57214790719485,993.2025756835938,1635.2164306640625,642.0138549804688,9.54500155018466,7.890523016030441,52.64695739746094,4.005665289766688,129853
520422,1352.438226939784,119.6035268253008,1064.0,1810.998046875,746.998046875,13.83407252920854,9.088310041059449,58.17557144165039,5.348540567059652,141218
520423,1045.81328829894,249.40263566845803,381.4132080078125,1649.6925048828125,1268.279296875,17.46323003840261,9.289427709393632,58.150856018066406,5.852389846683959,220790
520424,1122.657657151248,275.67574666148573,442.008544921875,1832.6396484375,1390.631103515625,17.807031339996684,10.131380533878314,67.01603698730469,5.880624197177509,190766
520425,1153.9489628178294,164.9820023433968,637.9142456054688,1674.9564208984375,1037.0421752929688,20.130453994698872,10.282238731841483,62.49415969848633,7.091169234234324,293919
520502,1522.5465732120101,272.00483804497816,469.5,2196.744140625,1727.244140625,16.63555420685641,9.146351719407937,65.01317596435547,5.568299037400524,447928
520521,1545.6084089786214,196.62026198321365,743.2138061523438,2302.288818359375,1559.0750122070312,14.690670496877624,8.803271863851496,71.10272979736328,5.244927524264314,459591
520522,1287.6227595406917,142.67917727963234,715.4196166992188,1872.6739501953125,1157.2543334960938,12.435478391692111,8.072617413660458,66.0667953491211,4.649946131444578,336148
520523,1105.9071626692928,208.22422494207387,468.0382385253906,1864.9346923828125,1396.8964538574219,14.745152251494707,8.750139740371345,61.03348922729492,5.078420563842524,330199
520524,1506.4429514959309,210.4234454629875,906.6502075195312,2250.57666015625,1343.9264526367188,15.529196954573488,8.636470826172767,70.22831726074219,5.664610360510172,375208
520525,1690.9188066623203,216.32433196762136,1085.5,2455.843994140625,1370.343994140625,17.794792991081398,9.611548044771347,62.45529556274414,5.812357190189466,319815
520526,2169.0698434312794,231.04698300070297,1211.3695068359375,2871.023193359375,1659.6536865234375,14.843289223348316,8.891616226764848,66.20278930664062,4.641359170420525,824295
520527,1998.3629256979973,231.19192235868323,1241.5,2855.460693359375,1613.960693359375,17.55359078188818,9.131912980894656,64.10979461669922,5.680344749349575,425674
520602,480.4740950169763,148.75534931485595,209.5,1043.652587890625,834.152587890625,17.29728652983696,9.71273681970046,61.92070388793945,5.898975944450268,136215
520603,613.0052562912879,132.2992525865936,243.0,1127.50732421875,884.50732421875,15.799981323690586,9.096733185441847,58.47686004638672,5.581873138935374,108972
520621,765.5896321525261,325.66411370210847,275.0,2549.801025390625,2274.801025390625,19.200834335126594,9.595856209571757,62.958404541015625,5.898102810956101,247130
520622,501.88104329074383,110.8886282897793,313.5,931.42138671875,617.92138671875,10.822238295155307,7.03396422224067,41.45930862426758,4.157827560469725,69451
520623,864.322808124678,191.1665193714847,408.0494079589844,1858.95703125,1450.9076232910156,17.081186667528645,8.586351163778252,63.124473571777344,5.5202171450030315,284084
520624,710.6764788736507,176.6975676881032,348.383544921875,1428.6407470703125,1080.2572021484375,15.740494468897989,8.501713968081203,60.29273986816406,5.23209585713196,291185
520625,920.7202459136878,268.0532119131737,420.0264892578125,2465.305908203125,2045.2794189453125,19.500825663628948,9.110422284271953,61.548622131347656,5.761806686489386,261109
520626,828.5396714034985,220.74181908435253,308.188720703125,1465.239013671875,1157.05029296875,17.334045348199677,8.891480601965771,64.39539337158203,5.687038530544611,274351
520627,749.2580585764395,225.99900555101524,223.80279541015625,1435.3702392578125,1211.5674438476562,19.398095155214055,9.425617256165442,64.83567810058594,5.941183774964397,328458
520628,707.556946300762,219.24535942704208,285.7513427734375,1889.5772705078125,1603.825927734375,16.1248431022797,9.38151628821078,60.324275970458984,5.377638603355435,379165
522301,1324.2470758446461,278.4071177355013,730.4949951171875,2204.943603515625,1474.4486083984375,16.219875253383826,9.806732654039497,65.94283294677734,5.798767355139228,375524
522302,1414.5118858491824,165.51826114616725,502.0,1945.1697998046875,1443.1697998046875,12.947861066520781,7.902526842984569,60.91815948486328,4.788524102995886,230628
522323,1547.4985648848838,215.61647567272826,700.6285400390625,2083.23046875,1382.6019287109375,16.306314433328506,9.88842586170711,64.86064147949219,5.4046705411236475,188263
522324,1232.4485692751098,257.1197531224111,558.5120239257812,1963.3779296875,1404.8659057617188,18.418866869639423,10.228720657037574,66.43060302734375,5.566470009213223,168653
522325,963.8399755717716,306.24546837351727,356.0,1922.2109375,1566.2109375,16.8487185541496,9.237988420509264,72.0202407836914,5.469370237213456,193972
522326,869.8918768093286,271.4040764302896,353.0,1702.7083740234375,1349.7083740234375,21.788766398193022,8.891292874244092,68.7548828125,6.16033653066551,389930
522327,856.0371429619818,244.20484855466668,353.0,1668.578125,1315.578125,20.773420394772835,8.341439513549574,64.55083465576172,5.90552734215216,335858
522328,1281.8283790664416,209.8836777661294,439.0,1937.3631591796875,1498.3631591796875,16.007219618745008,10.084997797197417,65.85430908203125,6.000897240773834,289372
522601,858.0096529412854,140.81511933122695,535.0,1437.7926025390625,902.7926025390625,15.515143911923028,8.26171663976644,57.004520416259766,5.3477156596942175,204181
522622,891.4162625578107,135.12943323856646,519.5,1349.394775390625,829.894775390625,14.500059812393744,7.708539520747707,54.52996063232422,4.952773408876029,216691
522623,872.4164255763683,172.99166211707262,490.5,1747.57470703125,1257.07470703125,15.68993436365002,8.680366098953078,59.21819305419922,5.57446065602731,202575
522624,750.7264848150242,130.29250871261692,445.0766296386719,1453.3770751953125,1008.3004455566406,16.383893571602087,7.785436011424984,45.728580474853516,5.4720875972437995,134847
522625,789.3246741325798,177.67586403488855,366.5,1314.7789306640625,948.2789306640625,16.988417943278368,8.329181700489249,55.64299011230469,5.687327963871667,247989
522626,668.0136866308856,141.89691528962564,328.5,1268.004638671875,939.504638671875,15.57331322472133,8.282524808627759,56.132774353027344,5.494644330833349,193487
522627,546.6606630182406,152.18166705485686,228.0,1099.6070556640625,871.6070556640625,14.556672238858402,7.930647703192493,49.474273681640625,5.017083300793397,288963
522628,621.0886776405526,171.48402817384027,286.5,1264.685791015625,978.185791015625,15.695233045935911,8.593431454902035,51.768028259277344,4.963698339742831,210793
522629,820.2958183320949,201.83125447227346,426.0,1616.907958984375,1190.907958984375,20.92769410492183,9.097127502173503,56.616188049316406,5.985158613925208,281611
522630,916.6010006078195,241.13773564540486,486.0,1966.221923828125,1480.221923828125,19.604228454974297,8.368932486095588,51.8464469909668,5.83556853166112,141207
522631,700.8912157797008,200.42023837912552,148.5,1540.9500732421875,1392.4500732421875,15.900140421834287,7.3589700847482415,49.194602966308594,4.788877292544872,574001
522632,704.9554288215752,215.26524871157932,228.5,1693.1666259765625,1464.6666259765625,19.04212519003017,7.790001434042552,51.801063537597656,5.349376086432937,429691
522633,680.0239355412398,264.59714886470493,147.0,1642.15283203125,1495.15283203125,19.207237018330872,7.7561322196257,56.64369201660156,5.072946060776727,417641
522634,1168.194804745593,272.1783364801543,512.14306640625,2166.25244140625,1654.109375,20.915305134951986,8.011353889289587,56.657901763916016,5.6041158066445345,154823
522635,982.0793207795648,201.13051315609766,615.3031005859375,1852.940673828125,1237.6375732421875,15.764073114602144,8.786914046918104,47.96674346923828,5.504814804069018,124323
522636,878.8513064192515,166.44144738242565,387.4693603515625,1673.3623046875,1285.8929443359375,19.081314559898832,9.324974578680257,53.497520446777344,5.773637090207932,122547
522701,1031.7940295108983,189.2199206013073,526.69677734375,1870.99609375,1344.29931640625,15.875434992360207,8.60400555696376,60.02290725708008,5.313257291745557,298759
522702,1094.074052093033,159.59848076584876,626.0,1674.686279296875,1048.686279296875,13.683281210792796,8.075086750570279,58.469722747802734,4.969815070443076,221665
522722,771.3348730837027,146.5827258187298,293.8153991699219,1467.2728271484375,1173.4574279785156,18.396836076447396,10.57896353545243,67.63458251953125,6.767787074004331,311443
522723,1197.1351682916006,161.6523617354467,722.6774291992188,1929.2607421875,1206.5833129882812,15.711814619708399,8.893244440607248,57.4022331237793,5.366733208648734,211333
522725,1056.4509635748184,164.3199059551042,543.3882446289062,1554.635009765625,1011.2467651367188,13.52791390498407,8.058679798020508,58.34282302856445,4.903880203707659,256697
522726,984.2896328058179,122.79011306614593,503.5,1616.4241943359375,1112.9241943359375,14.917995548584885,9.712688830982186,56.97727584838867,5.711860071153331,314904
522727,975.3999403691292,157.8901481953973,420.1510314941406,1479.98388671875,1059.8328552246094,17.488563142242494,10.172610898114256,70.10725402832031,6.404990609838799,361851
522728,731.9436460815482,202.7692011351219,289.561279296875,1381.35498046875,1091.793701171875,21.44758425386411,9.95795732536177,62.45597839355469,6.6069272657268305,388936
522729,1228.420381343802,122.01186883507971,659.0321044921875,1579.3341064453125,920.302001953125,14.746306212070252,9.40363747045286,60.169593811035156,5.853986112403817,200291
522730,1305.5895632052002,153.81235736449838,771.3450317382812,1758.626953125,987.2819213867188,14.046163266956846,8.398282892871366,55.6338996887207,5.097948462551658,199775
522731,1140.8210446529183,131.2832695718301,660.0,1685.7666015625,1025.7666015625,14.728934044216805,9.541452685208009,56.60833740234375,5.677822067324058,321564
522732,746.5398679741705,182.0101035369405,304.0,1642.820068359375,1338.820068359375,17.968393280510274,9.152402309086385,59.0339241027832,5.51468653637783,308885
530102,2090.5280261315484,154.9545729004911,1730.0220947265625,2583.376220703125,853.3541259765625,12.304635635393888,8.077136841164425,47.127418518066406,3.924493821131899,51116
530103,2202.3524457393655,187.549382500178,1883.1964111328125,2810.145751953125,926.9493408203125,10.93807448224564,6.826242682984867,47.37191390991211,3.718392580382752,109080
530111,2060.8784181500528,155.08505973679033,1879.6102294921875,2714.976318359375,835.3660888671875,6.4163675759332195,6.640863967987851,41.428077697753906,2.2771952394910273,82142
530112,2075.724229533611,169.70838202095774,1717.4490966796875,2619.06982421875,901.6207275390625,11.409630439410932,9.316425078138048,61.142765045166016,3.6507197149405655,115448
530113,2206.9003701469633,724.5681278668042,700.5,4248.91357421875,3548.41357421875,24.534089688105688,11.1344734717345,65.87755584716797,5.358194819315938,242486
530114,2017.4575419091257,138.04062481589852,1765.5,2803.095947265625,1037.595947265625,6.730191258474981,6.835196804240615,43.93741989135742,2.3759695716646685,64123
530115,2064.3247053160394,168.58023308052282,1349.344970703125,2636.03369140625,1286.688720703125,11.25777477442274,8.19296274068355,48.728759765625,3.5978919006670065,171518
530124,2029.0333245076326,233.47658795672655,1477.2471923828125,2809.15576171875,1331.9085693359375,16.274962654978133,8.142660855222172,61.64585494995117,4.6137454111245875,128340
530125,1835.1378906657458,201.31569481515334,1290.923583984375,2663.900390625,1372.976806640625,12.955879005202265,8.465274801428732,56.8692626953125,4.2595047498717005,246263
530126,1914.0335548477615,141.49202061753627,1469.6409912109375,2597.66162109375,1128.0206298828125,7.503110682143745,6.2067474464135275,47.899593353271484,2.8461797112915987,216047
530127,2042.3564344552135,148.88841559949915,1740.2310791015625,2824.5634765625,1084.3323974609375,9.193178470290048,8.256075186499926,48.80974578857422,3.062834905233213,106990
530128,2213.8528352994063,432.6658620869756,759.522216796875,4154.61572265625,3395.093505859375,20.120786700051017,10.544791842021072,74.84064483642578,5.244564846810668,548136
530129,2230.9772633155417,262.0790316433242,1499.752685546875,3290.6875,1790.934814453125,13.371124735897606,8.101860667780652,58.57862854003906,4.122114116797406,465771
530181,2017.9183840013447,138.96641688719234,1723.697509765625,2605.512939453125,881.8154296875,11.732297291922576,8.060817926558512,48.4370231628418,3.699289043841507,167106
530302,2027.2622692847199,138.4224291109699,1850.0,2458.569091796875,608.569091796875,7.116811663630741,5.646201783136445,43.9329948425293,2.506976897241747,199741
530303,2084.718261272348,101.12098866485448,1635.084716796875,2505.5361328125,870.451416015625,7.635121776968124,6.088834980119565,58.52790832519531,2.7727918068144586,364514
530304,2058.346854727323,95.00482257785819,1767.2669677734375,2488.369384765625,721.1024169921875,8.678649519593954,5.790063152821154,39.69350051879883,3.227759790922483,205770
530322,2000.3108489724748,147.6113254927471,1641.0,2669.8779296875,1028.8779296875,6.265304955998565,6.035028545297745,46.894325256347656,2.262985996477661,256568
530323,1668.0785695208804,377.38160958525197,759.0,2397.008544921875,1638.008544921875,13.537010723950976,8.776481786285796,57.79750061035156,4.258474418948567,356001
530324,1657.530827104503,311.8029931271903,750.5,2444.784912109375,1694.284912109375,14.385476171239015,9.455178495999336,62.36574935913086,5.03307256419774,387485
530325,1985.9206883832667,263.4823124622201,1067.7730712890625,2739.397705078125,1671.6246337890625,13.155536209257244,7.972494306712632,56.195350646972656,4.512472276113834,420265
530326,2272.2302162152,378.8325991033663,734.0774536132812,3930.43896484375,3196.3615112304688,17.950267753972682,9.820304015073122,65.31092071533203,4.9848303266592575,766690
530381,2067.3596823000216,182.95437934567246,960.4653930664062,2855.837646484375,1895.3722534179688,13.856069721745774,8.887774691469879,66.6003646850586,4.301635049874978,787592
530402,1909.9010067119168,211.30403984972557,1566.2259521484375,2606.266357421875,1040.0404052734375,13.315694174441063,8.956429347165194,51.96501922607422,4.356839682774832,121105
530403,1893.1029700312486,157.88110730077028,1679.3082275390625,2623.286376953125,943.9781494140625,9.188932318052132,7.775614199481599,52.498374938964844,3.1817821445242362,103571
530423,1897.4268937351196,191.0174004308429,1346.7740478515625,2432.0263671875,1085.2523193359375,11.982081577766035,8.917821710522832,53.12271499633789,3.8873515841326363,94635
530424,1795.0306830584807,318.35698427942776,1112.5,2653.94580078125,1541.44580078125,16.926552415570363,9.001466500562259,57.19824981689453,5.078897458650164,159802
530425,1867.5362344591472,266.43980298283617,1058.5894775390625,2595.46435546875,1536.8748779296875,19.143303359793066,9.277229753608177,63.3754768371582,5.392535094866664,195911
530426,1734.3248943177405,268.0829186702557,809.560302734375,2562.60205078125,1753.041748046875,16.962960099273744,8.490131277784979,60.73550033569336,4.979672206397449,246986
530427,1521.8676084887463,544.5882944821343,415.0,3149.7568359375,2734.7568359375,20.2485302773083,8.894454107395807,57.71881866455078,4.939527687991577,544243
530428,1393.7847732299795,488.830768216084,328.0,2555.972412109375,2227.972412109375,21.14270491049492,9.213141027147916,59.9519157409668,5.228955860933392,345610
530481,1931.4154283353396,237.57641303132183,1348.0,2806.882568359375,1458.882568359375,11.554833640212564,9.656837991678872,52.97889709472656,3.666874804168164,97103
530502,1824.3300511851517,537.6949545094193,653.5,3595.024658203125,2941.524658203125,19.2520076698206,10.911186197739534,60.76811981201172,4.967396059806913,622911
530521,1683.534111676736,422.01114107824515,587.0,2871.57861328125,2284.57861328125,18.885871659806508,9.86435728018166,57.69743347167969,4.921971699827998,248818
530523,1691.5548136960074,471.94994400255865,539.5,2990.28173828125,2450.78173828125,18.79906023112912,9.26191009521213,56.45964813232422,4.931562672517642,361430
530524,1666.3469806388796,411.42286680859644,641.0,2870.07177734375,2229.07177734375,18.783842285946115,8.83414509343721,59.95566177368164,5.0226553505196785,484695
530581,2021.4986454612363,429.7125372752511,959.0,3725.927001953125,2766.927001953125,16.689352173404412,9.476326009384037,58.924537658691406,4.673845972818673,736780
530602,2198.4334670074263,384.82850080156464,562.0072631835938,3363.903076171875,2801.8958129882812,14.118155079701706,10.619276103043699,70.32716369628906,4.1834158244522115,284375
530621,2105.634450076722,414.58310354053083,575.5,3349.31103515625,2773.81103515625,18.482575657019435,11.500316555341833,67.7850112915039,4.944568823018357,194883
530622,2173.9842677999814,651.4633225643861,536.31396484375,4026.7119140625,3490.39794921875,23.554721588807947,11.647998136714024,67.72731018066406,5.356489027278697,419357
530623,1034.5400146205006,309.1577470701511,336.0,2211.159423828125,1875.159423828125,22.862682364174706,10.498725796638773,69.52228546142578,6.357790292360038,267414
530624,1617.3119869536617,415.86328325802333,505.6842346191406,2789.005615234375,2283.3213806152344,23.08569635871212,10.957907751589552,66.51840209960938,6.008476867722909,226735
530625,1860.9347598851346,624.5882820079354,342.6264343261719,3196.79443359375,2854.167999267578,22.806069830413072,11.754799992393398,69.04174041748047,5.587457724626092,366966
530626,1074.8633605000173,367.54894736634844,363.578857421875,2047.0936279296875,1683.5147705078125,22.802024976336263,10.263622165853691,62.2630729675293,5.928213939815443,99763
530627,1596.0794460957086,268.88594771326893,643.0,2401.8037109375,1758.8037109375,18.566475886769414,9.689511268703141,62.43354034423828,5.851336990695907,486812
530628,1653.7900043365505,393.02742110807566,515.0,2766.390625,2251.390625,20.305874158900657,10.083191854207865,65.60262298583984,5.744547173967894,368985
530629,1232.3983145662344,251.14195799052268,497.9184265136719,1899.0677490234375,1401.1493225097656,20.935279360476386,9.386254840058657,62.171260833740234,6.3057356012266075,183999
530681,946.888573079704,360.8797421176216,268.0,1863.77587890625,1595.77587890625,22.15303832678162,11.479518056475712,59.5869026184082,6.367756445812936,58182
530702,2581.308655367993,464.1545884270865,1257.0,3641.232666015625,2384.232666015625,18.93804583121009,12.158280745706602,68.1256103515625,4.596454462060457,165773
530721,2877.558195775187,554.6299172936663,1333.342529296875,5439.25537109375,4105.912841796875,22.130498560849894,11.098006986122488,71.60941314697266,5.061494218472001,811853
530722,2170.744219308156,513.9543915805223,1067.5,3945.068115234375,2877.568115234375,20.27244947502181,10.706333470433615,64.94099426269531,4.784484165216267,642173
530723,1824.0209246972863,388.0184202731854,1008.1840209960938,3175.49072265625,2167.3067016601562,18.696277996589544,8.965438733519296,62.523807525634766,4.87732242067415,279772
530724,2882.035740143603,460.4953386043336,1340.444580078125,4466.443359375,3125.998779296875,21.08949244621597,9.814037545628992,70.92364501953125,5.208753975395667,791359
530802,1274.1581193666493,235.80696600845573,597.5,2146.871337890625,1549.371337890625,16.66989632206663,7.849455684532748,58.14868927001953,4.926120536702271,488868
530821,1445.8309111860572,295.60270142519545,635.0,2755.647216796875,2120.647216796875,20.530830588253803,8.349817683804599,53.5509033203125,5.379241025120125,466816
530822,1372.7362066249289,300.9441788989271,457.0,2332.414306640625,1875.414306640625,21.39086179202135,7.886302247529141,62.93720626831055,5.126420457313093,669069
530823,1739.0197743607569,410.0925739884273,798.0,3328.1689453125,2530.1689453125,21.715944505467103,8.662980325248553,64.42655181884766,5.228760519858173,570011
530824,1382.6242464739814,310.35782793553506,784.5,2888.103515625,2103.603515625,18.361895461254132,8.428695267260409,61.3665771484375,4.994378504730824,957228
530825,1640.7161699574024,375.6224968141115,795.5,3139.5390625,2344.0390625,20.68851010638219,8.013246529740815,58.708675384521484,5.221358150459141,528436
530826,1160.6126960783542,289.1486683593345,329.5,2193.584716796875,1864.084716796875,20.067036317058008,8.419579244859928,58.77309799194336,5.412378029758756,435552
530827,1268.8546408807342,335.7132417397954,486.0,2590.233642578125,2104.233642578125,16.906606053356814,7.75498547842807,54.9665641784668,4.780582389286081,239304
530828,1484.6228916201037,338.94203489655274,597.5,2519.54931640625,1922.04931640625,17.659511544150284,7.558554308343306,61.61138916015625,4.84402221258836,1105805
530829,1307.057560071129,334.98446890091736,602.1038208007812,2215.51611328125,1613.4122924804688,19.34881720137221,7.080940284875123,57.733558654785156,4.582618214264581,159239
530902,1820.4056526633624,431.780736303284,788.0,3382.98974609375,2594.98974609375,17.643057821589014,7.835996285686932,56.346771240234375,4.648869566595899,326989
530921,1850.739352322544,383.0012808500718,956.8052368164062,3087.167236328125,2130.3619995117188,20.528927657569003,8.510941956780721,59.03313064575195,4.896512796838546,424766
530922,1722.5224209904084,426.57731666097084,773.5,3413.977783203125,2640.477783203125,20.116138822762956,8.36563190007078,58.941993713378906,4.951800192330779,472063
530923,1634.8076132269402,525.7209417512206,543.5,3498.204345703125,2954.704345703125,19.785424527513428,8.674337375991273,60.60684585571289,5.028393689632315,412376
530924,1478.0512760903812,410.3416523656653,513.0,2972.155517578125,2459.155517578125,21.670685561352762,9.002875951101842,64.66819763183594,5.475032995968468,322701
530925,1648.4749689946038,444.0261817550797,784.5,3220.89208984375,2436.39208984375,19.10403588035975,8.055138170096967,52.146854400634766,4.912350926325726,275649
530926,1421.2361632978407,498.83330037943773,461.5,3102.251220703125,2640.751220703125,18.568001653841506,9.470371525855317,62.49831771850586,4.801872069694113,471809
530927,1464.3306957858701,391.08862841295644,491.9520568847656,2638.8671875,2146.9151306152344,19.569571929606795,8.135653476085224,59.30710220336914,4.964233570183351,316820
532301,1894.5794179493332,312.9970120112911,694.5,2880.219970703125,2185.719970703125,19.347057081677622,9.601577682956414,62.20793914794922,4.784521593418935,570617
532322,1639.427444233135,421.7879377096761,550.5,2978.272705078125,2427.772705078125,21.094089856444086,8.423215966517219,64.38874053955078,4.937285149665478,498600
532323,1962.9015579689471,204.41870558961904,1173.6875,2769.245849609375,1595.558349609375,14.418536661428618,7.641085359340283,54.28105926513672,4.415023948119232,187034
532324,2069.356335049045,295.41019806036064,976.2373046875,2853.94189453125,1877.70458984375,18.254264502563625,8.6466839066565,65.12504577636719,4.911954665533632,292018
532325,2180.4048915258536,215.09631498522268,1539.1844482421875,2869.29443359375,1330.1099853515625,16.384115833437253,8.459332961573843,47.31840515136719,4.858119704050901,219359
532326,2157.7145126967016,384.9591995280854,1075.0845947265625,3642.4345703125,2567.3499755859375,21.710691634988308,9.63960100214265,59.90958786010742,5.399552000427055,523830
532327,1854.5442180159735,327.1113661736981,932.4673461914062,2878.025146484375,1945.5578002929688,17.090647582710123,9.332850709533204,54.04764175415039,4.546111654690833,278287
532328,1548.7976119907905,406.2995095782599,900.0,2828.240478515625,1928.240478515625,15.149994584056804,9.93336015648676,60.7769660949707,4.3493391580201965,262794
532329,2123.6364599427257,337.97668262774823,898.8585815429688,2944.229736328125,2045.3711547851562,17.012203884280027,8.867046607902694,62.83665084838867,4.785441643435522,380581
532331,1904.5685086220772,237.7224054793418,1289.905517578125,2755.08056640625,1465.175048828125,14.40421713786322,7.903473460565645,61.39085006713867,4.434506148918577,456282
532501,1550.1070311131402,540.1300568020416,130.5,2756.13623046875,2625.63623046875,16.902202440770658,10.049788897177274,58.68437957763672,4.851415859043862,198969
532502,1626.7216226954429,339.0807218642316,949.5,2767.57666015625,1818.07666015625,14.731353854084787,8.518328971273627,60.3339729309082,4.657464662966413,247018
532503,1657.9569983044676,317.57223808240866,213.5,2536.541748046875,2323.041748046875,13.72887700535334,9.517276636379867,61.462100982666016,4.575998418811937,275141
532504,1612.1006791202672,272.53353163324664,879.2254638671875,2303.058837890625,1423.8333740234375,12.693300663875231,8.809431959670846,60.30291748046875,4.102434128507139,500628
532523,1374.5468178102567,455.71092551007376,174.0,2535.6630859375,2361.6630859375,22.777186947743125,9.13029414904417,62.68119430541992,5.9148088834379795,234230
532524,1596.4380914200276,294.60852272605456,215.0,2498.844482421875,2283.844482421875,13.976627825504027,9.095965218449663,61.32838821411133,4.467513642657317,482079
532525,1670.8492861125883,357.1695251336209,266.0,2540.58837890625,2274.58837890625,18.859949152574988,10.140096221004216,60.42844772338867,5.04485096300581,388236
532527,1839.0942280241218,242.69589274829562,822.0,2450.02783203125,1628.02783203125,10.492226045616887,8.735443369185205,63.66317367553711,3.5230460388931637,211261
532528,1316.2878255838377,515.0339632404244,213.5,2950.342529296875,2736.842529296875,22.973310235850406,8.449593205449503,64.65044403076172,5.151306208144756,280791
532529,1573.8743569927483,479.58256205399283,265.5,2734.98486328125,2469.48486328125,21.024940240282433,8.002195454858052,49.41877365112305,5.434175502785197,258501
532530,1235.9761437337838,544.1131161807458,103.0,3053.1943359375,2950.1943359375,22.671952460714753,8.825402830130493,61.87834167480469,5.445175303602454,457405
532531,1350.3233811915054,415.18314170444324,321.0,2631.4306640625,2310.4306640625,24.142728088024988,8.036646147769549,61.31438064575195,5.819307468944833,391522
532532,702.7523798968826,428.02062460385883,76.5,2345.0419921875,2268.5419921875,21.133867622074764,8.737710762869497,57.570430755615234,5.671618973822826,168689
532601,1613.0270674738047,253.7747360036607,642.5,2978.05078125,2335.55078125,14.966143914356797,9.169836378013047,60.8049430847168,5.138057505397813,376379
532622,1563.7539210491768,123.94965743922702,1090.378662109375,2256.6650390625,1166.286376953125,12.526823063898497,8.749008385967976,52.994197845458984,4.6147535886648114,491814
532623,1358.631919047775,178.34971683444053,715.5022583007812,1838.599609375,1123.0973510742188,20.068752005111374,9.107686550579292,57.85434341430664,6.683516289819156,191095
532624,1250.1810261413939,366.4651833370547,114.0,2496.56591796875,2382.56591796875,20.810811715387302,9.236505875207351,63.10845947265625,6.130469159195066,300311
532625,1352.6749855624796,337.5918031128679,152.85415649414062,2550.308349609375,2397.4541931152344,19.238268542924466,9.35733771910598,72.3072280883789,5.911811406929415,338965
532626,1607.5027637709297,257.44941270683154,798.5,2495.049560546875,1696.549560546875,15.59472422250086,9.13900806858906,63.06175994873047,5.054998491322954,645679
532627,1337.2432830703635,246.06588133186068,455.0,2010.8629150390625,1555.8629150390625,18.52838665391572,8.942287570058706,62.352020263671875,6.211282758650114,991636
532628,950.747530810167,345.4909609278555,218.0,1830.881591796875,1612.881591796875,19.788314032986907,8.426000956459093,64.41453552246094,5.950445938359289,671840
532801,1009.866893134332,260.8420899202634,493.0,2166.82373046875,1673.82373046875,15.297074620149512,7.757037328499708,57.83051300048828,4.5872958173360985,865719
532822,1338.0366343144851,291.78561125332493,545.5,2424.298095703125,1878.798095703125,15.574407159487137,7.986391681132094,54.90080642700195,4.336678391052869,675629
532823,1004.9418298309843,257.56151112192146,481.0,2001.36181640625,1520.36181640625,17.565726864535304,8.212634799188955,63.089717864990234,5.095036952012747,858122
532901,2316.950083267733,411.414679130627,1379.4874267578125,4060.342529296875,2680.8551025390625,14.113024004235445,11.220748040334408,54.062503814697266,3.578078957311101,225279
532922,2149.104411498329,455.6286404593734,1225.0,4073.960693359375,2848.960693359375,21.109662475302702,8.050517641766895,60.486328125,4.74271746360992,240889
532923,2133.2405053594744,214.78362315887063,1430.6729736328125,3166.121337890625,1735.4483642578125,14.878788308178425,9.060361985578158,48.95684051513672,4.349977124312679,314336
532924,2076.000342742129,429.02767023218775,1134.0,3287.80908203125,2153.80908203125,17.53133266070895,10.836697626868105,57.714447021484375,4.337111733747235,328197
532925,1994.502526475322,313.6529985802039,1217.8143310546875,3033.769287109375,1815.9549560546875,17.417852513705785,9.377660203837369,52.701446533203125,4.735382490726704,196939
532926,1928.3298320558172,343.4146455296575,989.5,3040.994873046875,2051.494873046875,20.726343350337615,8.07446412979704,63.26985549926758,4.856409505074469,223657
532927,2032.9566868003221,316.3378133464581,1217.0,3029.99462890625,1812.99462890625,17.946250357163244,8.30993700190987,60.23557662963867,4.366207949310457,281413
532928,2018.445158968148,317.8717860678738,1210.0,2970.032470703125,1760.032470703125,20.529199984970504,8.595256264936339,57.111942291259766,5.1773255399693205,360245
532929,2405.2164421667017,444.97303710540336,757.0,3656.45556640625,2899.45556640625,23.61487938364179,9.295064407964857,64.72341918945312,5.191243184013152,566462
532930,2560.570233813211,425.44282282593497,1657.5,3932.200927734375,2274.700927734375,17.046184664816057,9.43622230389159,56.68922805786133,4.34910597595753,328688
532931,2760.063118079801,364.8480296585186,2006.937255859375,4196.06982421875,2189.132568359375,17.304104694706766,8.96254518801743,52.51832580566406,4.65608260234577,291456
532932,2249.823298303484,518.3457368122434,1205.5,3945.074462890625,2739.574462890625,15.92062303069416,9.742345807294546,64.7860336303711,4.144893683611515,307597
533102,1035.1449153957162,248.44800669674916,740.0,1880.0711669921875,1140.0711669921875,10.90256723902918,7.9712611135608435,46.41280746459961,3.385484447243051,120765
533103,1323.6832626995276,399.79398316272784,523.0,2876.012939453125,2353.012939453125,16.25547859144136,9.494085608580885,54.07526779174805,4.492049212579631,371143
533122,1450.8846297149075,346.03031841144934,869.5,2658.848388671875,1789.348388671875,15.997604887715225,8.406068903553699,49.51857376098633,4.6289279915851225,146006
533123,1571.594542665461,496.56204527277305,200.5,3313.842041015625,3113.342041015625,15.910757354398731,8.96901833268926,54.005855560302734,4.282248908175071,555571
533124,1354.4773056062766,338.92753814902926,867.0,2565.8857421875,1698.8857421875,12.286147855843616,8.012990282574275,45.52103042602539,3.47943998865311,239967
533301,2383.184967085287,743.8600630253658,740.5,4133.72021484375,3393.22021484375,29.469891250427047,9.736288055052237,65.94612121582031,5.672380264461407,402568
533323,2686.0509590178835,733.6563826531792,1014.3071899414062,4297.46630859375,3283.1591186523438,32.643813285914014,9.047567516968039,66.57473754882812,5.891212626646002,360419
533324,3081.465049385739,721.416856146764,1175.348388671875,5061.84765625,3886.499267578125,32.62036747696536,9.36256881489386,74.83567810058594,5.7487448234049765,578226
533325,2802.9009845533265,536.3988268354234,1363.0,4402.91796875,3039.91796875,25.002784145638483,9.140928016703702,64.9749526977539,5.242244133868026,570347
533401,3535.277997010787,628.7880545569976,1459.366943359375,5329.783203125,3870.416259765625,23.734155059452366,11.19105942075882,75.42021179199219,5.176116616286013,1508496
533422,3644.3846685320195,738.4374645448876,1822.0,6509.46142578125,4687.46142578125,29.161996218074297,8.986665599914902,65.5525131225586,5.229011381640951,967860
533423,2954.9091813144687,593.8539196513597,1567.0,4709.2763671875,3142.2763671875,26.767277885150197,9.591301243977805,66.38249969482422,5.281849838941935,589055
